{"ndcg_at_1": 0.82643, "ndcg_at_3": 0.8684, "ndcg_at_5": 0.87641, "ndcg_at_10": 0.8828, "ndcg_at_20": 0.88642, "ndcg_at_100": 0.88964, "ndcg_at_200": 0.89044, "ndcg_at_300": 0.89083, "ndcg_at_500": 0.89131, "ndcg_at_1000": 0.89178, "map_at_1": 0.76695, "map_at_3": 0.83806, "map_at_5": 0.84439, "map_at_10": 0.84802, "map_at_20": 0.8494, "map_at_100": 0.85012, "map_at_200": 0.85019, "map_at_300": 0.85022, "map_at_500": 0.85024, "map_at_1000": 0.85025, "recall_at_1": 0.76695, "recall_at_3": 0.90492, "recall_at_5": 0.92589, "recall_at_10": 0.94458, "recall_at_20": 0.95684, "recall_at_100": 0.97037, "recall_at_200": 0.97468, "recall_at_300": 0.97701, "recall_at_500": 0.98018, "recall_at_1000": 0.98359, "precision_at_1": 0.82643, "precision_at_3": 0.33073, "precision_at_5": 0.20447, "precision_at_10": 0.10522, "precision_at_20": 0.05373, "precision_at_100": 0.01107, "precision_at_200": 0.00559, "precision_at_300": 0.00375, "precision_at_500": 0.00227, "precision_at_1000": 0.00114, "mrr_at_1": 0.82643, "mrr_at_3": 0.88736, "mrr_at_5": 0.89127, "mrr_at_10": 0.89319, "mrr_at_20": 0.89373, "mrr_at_100": 0.89386, "mrr_at_200": 0.89386, "mrr_at_300": 0.89386, "mrr_at_500": 0.89386, "mrr_at_1000": 0.89386, "rc_at_1": {"relevant": 0.0, "distractor": 0.0}, "rc_at_3": {"relevant": 0.0, "distractor": 0.0}, "rc_at_5": {"relevant": 0.0, "distractor": 0.0}, "rc_at_10": {"relevant": 0.0, "distractor": 0.0}, "rc_at_20": {"relevant": 0.0, "distractor": 0.0}, "rc_at_100": {"relevant": 0.0, "distractor": 0.0}, "rc_at_200": {"relevant": 0.0, "distractor": 0.0}, "rc_at_300": {"relevant": 0.0, "distractor": 0.0}, "rc_at_500": {"relevant": 0.0, "distractor": 0.0}, "rc_at_1000": {"relevant": 0.0, "distractor": 0.0}}