{"ndcg_at_1": 0.86, "ndcg_at_3": 0.85235, "ndcg_at_5": 0.83506, "ndcg_at_10": 0.808, "ndcg_at_20": 0.77011, "ndcg_at_100": 0.63005, "ndcg_at_200": 0.54725, "ndcg_at_300": 0.51047, "ndcg_at_500": 0.50294, "ndcg_at_1000": 0.55666, "map_at_1": 0.00228, "map_at_3": 0.00664, "map_at_5": 0.0108, "map_at_10": 0.02062, "map_at_20": 0.0373, "map_at_100": 0.12572, "map_at_200": 0.18783, "map_at_300": 0.2231, "map_at_500": 0.26553, "map_at_1000": 0.30643, "recall_at_1": 0.00228, "recall_at_3": 0.00697, "recall_at_5": 0.01148, "recall_at_10": 0.02249, "recall_at_20": 0.04151, "recall_at_100": 0.15614, "recall_at_200": 0.24943, "recall_at_300": 0.31119, "recall_at_500": 0.40126, "recall_at_1000": 0.52123, "precision_at_1": 0.9, "precision_at_3": 0.89333, "precision_at_5": 0.88, "precision_at_10": 0.858, "precision_at_20": 0.805, "precision_at_100": 0.6506, "precision_at_200": 0.5403, "precision_at_300": 0.46313, "precision_at_500": 0.36928, "precision_at_1000": 0.24766, "mrr_at_1": 0.9, "mrr_at_3": 0.94, "mrr_at_5": 0.944, "mrr_at_10": 0.944, "mrr_at_20": 0.944, "mrr_at_100": 0.944, "mrr_at_200": 0.944, "mrr_at_300": 0.944, "mrr_at_500": 0.944, "mrr_at_1000": 0.944, "rc_at_1": {"relevant": 0.0, "distractor": 0.0}, "rc_at_3": {"relevant": 0.0, "distractor": 0.0}, "rc_at_5": {"relevant": 0.0, "distractor": 0.0}, "rc_at_10": {"relevant": 0.0, "distractor": 0.0}, "rc_at_20": {"relevant": 0.0, "distractor": 0.0}, "rc_at_100": {"relevant": 0.0, "distractor": 0.0}, "rc_at_200": {"relevant": 0.0, "distractor": 0.0}, "rc_at_300": {"relevant": 0.0, "distractor": 0.0}, "rc_at_500": {"relevant": 0.0, "distractor": 0.0}, "rc_at_1000": {"relevant": 0.0, "distractor": 0.0}}