{"ndcg_at_1": 0.02845, "ndcg_at_3": 0.16484, "ndcg_at_5": 0.21822, "ndcg_at_10": 0.29191, "ndcg_at_20": 0.33826, "ndcg_at_100": 0.36646, "ndcg_at_200": 0.36978, "ndcg_at_300": 0.37078, "ndcg_at_500": 0.37128, "ndcg_at_1000": 0.37189, "map_at_1": 0.02845, "map_at_3": 0.13028, "map_at_5": 0.15976, "map_at_10": 0.19008, "map_at_20": 0.20307, "map_at_100": 0.20729, "map_at_200": 0.20746, "map_at_300": 0.2075, "map_at_500": 0.20751, "map_at_1000": 0.20752, "recall_at_1": 0.02845, "recall_at_3": 0.26529, "recall_at_5": 0.39545, "recall_at_10": 0.62376, "recall_at_20": 0.80512, "recall_at_100": 0.95235, "recall_at_200": 0.97582, "recall_at_300": 0.98364, "recall_at_500": 0.98791, "recall_at_1000": 0.9936, "precision_at_1": 0.02845, "precision_at_3": 0.08843, "precision_at_5": 0.07909, "precision_at_10": 0.06238, "precision_at_20": 0.04026, "precision_at_100": 0.00952, "precision_at_200": 0.00488, "precision_at_300": 0.00328, "precision_at_500": 0.00198, "precision_at_1000": 0.00099, "mrr_at_1": 0.02845, "mrr_at_3": 0.13039, "mrr_at_5": 0.15991, "mrr_at_10": 0.19037, "mrr_at_20": 0.20322, "mrr_at_100": 0.20745, "mrr_at_200": 0.20763, "mrr_at_300": 0.20767, "mrr_at_500": 0.20768, "mrr_at_1000": 0.20769, "rc_at_1": {"relevant": 0.0, "distractor": 0.0}, "rc_at_3": {"relevant": 0.0, "distractor": 0.0}, "rc_at_5": {"relevant": 0.0, "distractor": 0.0}, "rc_at_10": {"relevant": 0.0, "distractor": 0.0}, "rc_at_20": {"relevant": 0.0, "distractor": 0.0}, "rc_at_100": {"relevant": 0.0, "distractor": 0.0}, "rc_at_200": {"relevant": 0.0, "distractor": 0.0}, "rc_at_300": {"relevant": 0.0, "distractor": 0.0}, "rc_at_500": {"relevant": 0.0, "distractor": 0.0}, "rc_at_1000": {"relevant": 0.0, "distractor": 0.0}}