{"ndcg_at_1": 0.04522, "ndcg_at_3": 0.05646, "ndcg_at_5": 0.06329, "ndcg_at_10": 0.07378, "ndcg_at_20": 0.08579, "ndcg_at_100": 0.11576, "ndcg_at_200": 0.12983, "ndcg_at_300": 0.13822, "ndcg_at_500": 0.14864, "ndcg_at_1000": 0.16219, "map_at_1": 0.03397, "map_at_3": 0.04677, "map_at_5": 0.05084, "map_at_10": 0.05517, "map_at_20": 0.05866, "map_at_100": 0.06278, "map_at_200": 0.06363, "map_at_300": 0.06396, "map_at_500": 0.06427, "map_at_1000": 0.06453, "recall_at_1": 0.03397, "recall_at_3": 0.06242, "recall_at_5": 0.08005, "recall_at_10": 0.11048, "recall_at_20": 0.15449, "recall_at_100": 0.30495, "recall_at_200": 0.39438, "recall_at_300": 0.45242, "recall_at_500": 0.52934, "recall_at_1000": 0.63907, "precision_at_1": 0.04522, "precision_at_3": 0.03015, "precision_at_5": 0.02344, "precision_at_10": 0.01726, "precision_at_20": 0.01252, "precision_at_100": 0.00531, "precision_at_200": 0.00352, "precision_at_300": 0.00277, "precision_at_500": 0.00202, "precision_at_1000": 0.00128, "mrr_at_1": 0.04522, "mrr_at_3": 0.06306, "mrr_at_5": 0.06844, "mrr_at_10": 0.07384, "mrr_at_20": 0.07752, "mrr_at_100": 0.08163, "mrr_at_200": 0.08229, "mrr_at_300": 0.08253, "mrr_at_500": 0.08274, "mrr_at_1000": 0.08288, "rc_at_1": {"relevant": 0.0, "distractor": 0.0}, "rc_at_3": {"relevant": 0.0, "distractor": 0.0}, "rc_at_5": {"relevant": 0.0, "distractor": 0.0}, "rc_at_10": {"relevant": 0.0, "distractor": 0.0}, "rc_at_20": {"relevant": 0.0, "distractor": 0.0}, "rc_at_100": {"relevant": 0.0, "distractor": 0.0}, "rc_at_200": {"relevant": 0.0, "distractor": 0.0}, "rc_at_300": {"relevant": 0.0, "distractor": 0.0}, "rc_at_500": {"relevant": 0.0, "distractor": 0.0}, "rc_at_1000": {"relevant": 0.0, "distractor": 0.0}}