{"ndcg_at_1": 0.3179, "ndcg_at_3": 0.29339, "ndcg_at_5": 0.30382, "ndcg_at_10": 0.323, "ndcg_at_20": 0.34549, "ndcg_at_100": 0.38256, "ndcg_at_200": 0.39446, "ndcg_at_300": 0.40062, "ndcg_at_500": 0.40891, "ndcg_at_1000": 0.41677, "map_at_1": 0.15952, "map_at_3": 0.22572, "map_at_5": 0.24342, "map_at_10": 0.25702, "map_at_20": 0.265, "map_at_100": 0.27182, "map_at_200": 0.27279, "map_at_300": 0.27307, "map_at_500": 0.27338, "map_at_1000": 0.27357, "recall_at_1": 0.15952, "recall_at_3": 0.26252, "recall_at_5": 0.31553, "recall_at_10": 0.37539, "recall_at_20": 0.44639, "recall_at_100": 0.60028, "recall_at_200": 0.66442, "recall_at_300": 0.70366, "recall_at_500": 0.75704, "recall_at_1000": 0.8112, "precision_at_1": 0.3179, "precision_at_3": 0.19496, "precision_at_5": 0.1429, "precision_at_10": 0.08873, "precision_at_20": 0.05347, "precision_at_100": 0.01489, "precision_at_200": 0.00835, "precision_at_300": 0.00588, "precision_at_500": 0.00384, "precision_at_1000": 0.00209, "mrr_at_1": 0.3179, "mrr_at_3": 0.375, "mrr_at_5": 0.38943, "mrr_at_10": 0.39817, "mrr_at_20": 0.40344, "mrr_at_100": 0.40702, "mrr_at_200": 0.40732, "mrr_at_300": 0.40743, "mrr_at_500": 0.40751, "mrr_at_1000": 0.40755, "rc_at_1": {"relevant": 0.0, "distractor": 0.0}, "rc_at_3": {"relevant": 0.0, "distractor": 0.0}, "rc_at_5": {"relevant": 0.0, "distractor": 0.0}, "rc_at_10": {"relevant": 0.0, "distractor": 0.0}, "rc_at_20": {"relevant": 0.0, "distractor": 0.0}, "rc_at_100": {"relevant": 0.0, "distractor": 0.0}, "rc_at_200": {"relevant": 0.0, "distractor": 0.0}, "rc_at_300": {"relevant": 0.0, "distractor": 0.0}, "rc_at_500": {"relevant": 0.0, "distractor": 0.0}, "rc_at_1000": {"relevant": 0.0, "distractor": 0.0}}