{"ndcg_at_1": 0.37926, "ndcg_at_3": 0.34171, "ndcg_at_5": 0.32048, "ndcg_at_10": 0.29346, "ndcg_at_20": 0.27315, "ndcg_at_100": 0.27381, "ndcg_at_200": 0.29417, "ndcg_at_300": 0.30737, "ndcg_at_500": 0.32908, "ndcg_at_1000": 0.36504, "map_at_1": 0.04898, "map_at_3": 0.08084, "map_at_5": 0.09287, "map_at_10": 0.1068, "map_at_20": 0.11754, "map_at_100": 0.132, "map_at_200": 0.1369, "map_at_300": 0.13904, "map_at_500": 0.14164, "map_at_1000": 0.14485, "recall_at_1": 0.04898, "recall_at_3": 0.09202, "recall_at_5": 0.1122, "recall_at_10": 0.14371, "recall_at_20": 0.18152, "recall_at_100": 0.28201, "recall_at_200": 0.35976, "recall_at_300": 0.40611, "recall_at_500": 0.48035, "recall_at_1000": 0.59913, "precision_at_1": 0.39319, "precision_at_3": 0.31889, "precision_at_5": 0.2743, "precision_at_10": 0.21238, "precision_at_20": 0.15511, "precision_at_100": 0.06759, "precision_at_200": 0.04627, "precision_at_300": 0.03665, "precision_at_500": 0.02769, "precision_at_1000": 0.01922, "mrr_at_1": 0.39938, "mrr_at_3": 0.46594, "mrr_at_5": 0.48019, "mrr_at_10": 0.49034, "mrr_at_20": 0.49516, "mrr_at_100": 0.49736, "mrr_at_200": 0.4977, "mrr_at_300": 0.49777, "mrr_at_500": 0.49784, "mrr_at_1000": 0.49787, "rc_at_1": {"relevant": 0.0, "distractor": 0.0}, "rc_at_3": {"relevant": 0.0, "distractor": 0.0}, "rc_at_5": {"relevant": 0.0, "distractor": 0.0}, "rc_at_10": {"relevant": 0.0, "distractor": 0.0}, "rc_at_20": {"relevant": 0.0, "distractor": 0.0}, "rc_at_100": {"relevant": 0.0, "distractor": 0.0}, "rc_at_200": {"relevant": 0.0, "distractor": 0.0}, "rc_at_300": {"relevant": 0.0, "distractor": 0.0}, "rc_at_500": {"relevant": 0.0, "distractor": 0.0}, "rc_at_1000": {"relevant": 0.0, "distractor": 0.0}}