{"ndcg_at_1": 0.40651, "ndcg_at_3": 0.32815, "ndcg_at_5": 0.34271, "ndcg_at_10": 0.37625, "ndcg_at_20": 0.40149, "ndcg_at_100": 0.43902, "ndcg_at_200": 0.44884, "ndcg_at_300": 0.45353, "ndcg_at_500": 0.4589, "ndcg_at_1000": 0.46476, "map_at_1": 0.17827, "map_at_3": 0.24576, "map_at_5": 0.26579, "map_at_10": 0.2847, "map_at_20": 0.29428, "map_at_100": 0.30188, "map_at_200": 0.30272, "map_at_300": 0.30299, "map_at_500": 0.30318, "map_at_1000": 0.30333, "recall_at_1": 0.17827, "recall_at_3": 0.28911, "recall_at_5": 0.34341, "recall_at_10": 0.41617, "recall_at_20": 0.48684, "recall_at_100": 0.62976, "recall_at_200": 0.67855, "recall_at_300": 0.70346, "recall_at_500": 0.73578, "recall_at_1000": 0.77374, "precision_at_1": 0.40651, "precision_at_3": 0.23844, "precision_at_5": 0.17446, "precision_at_10": 0.11003, "precision_at_20": 0.06593, "precision_at_100": 0.01771, "precision_at_200": 0.00965, "precision_at_300": 0.00674, "precision_at_500": 0.00425, "precision_at_1000": 0.00225, "mrr_at_1": 0.40326, "mrr_at_3": 0.48632, "mrr_at_5": 0.5015, "mrr_at_10": 0.51054, "mrr_at_20": 0.51464, "mrr_at_100": 0.51731, "mrr_at_200": 0.51745, "mrr_at_300": 0.5175, "mrr_at_500": 0.51755, "mrr_at_1000": 0.51756, "rc_at_1": {"relevant": 0.0, "distractor": 0.0}, "rc_at_3": {"relevant": 0.0, "distractor": 0.0}, "rc_at_5": {"relevant": 0.0, "distractor": 0.0}, "rc_at_10": {"relevant": 0.0, "distractor": 0.0}, "rc_at_20": {"relevant": 0.0, "distractor": 0.0}, "rc_at_100": {"relevant": 0.0, "distractor": 0.0}, "rc_at_200": {"relevant": 0.0, "distractor": 0.0}, "rc_at_300": {"relevant": 0.0, "distractor": 0.0}, "rc_at_500": {"relevant": 0.0, "distractor": 0.0}, "rc_at_1000": {"relevant": 0.0, "distractor": 0.0}}