{"ndcg_at_1": 0.53639, "ndcg_at_3": 0.43376, "ndcg_at_5": 0.45974, "ndcg_at_10": 0.48235, "ndcg_at_20": 0.50086, "ndcg_at_100": 0.52535, "ndcg_at_200": 0.53211, "ndcg_at_300": 0.53609, "ndcg_at_500": 0.5399, "ndcg_at_1000": 0.54478, "map_at_1": 0.2682, "map_at_3": 0.36756, "map_at_5": 0.38546, "map_at_10": 0.39734, "map_at_20": 0.40385, "map_at_100": 0.40837, "map_at_200": 0.40887, "map_at_300": 0.40904, "map_at_500": 0.40917, "map_at_1000": 0.40927, "recall_at_1": 0.2682, "recall_at_3": 0.41357, "recall_at_5": 0.46496, "recall_at_10": 0.52147, "recall_at_20": 0.58123, "recall_at_100": 0.68933, "recall_at_200": 0.7287, "recall_at_300": 0.75442, "recall_at_500": 0.78109, "recall_at_1000": 0.81877, "precision_at_1": 0.53639, "precision_at_3": 0.27571, "precision_at_5": 0.18598, "precision_at_10": 0.10429, "precision_at_20": 0.05812, "precision_at_100": 0.01379, "precision_at_200": 0.00729, "precision_at_300": 0.00503, "precision_at_500": 0.00312, "precision_at_1000": 0.00164, "mrr_at_1": 0.53639, "mrr_at_3": 0.59721, "mrr_at_5": 0.6083, "mrr_at_10": 0.61507, "mrr_at_20": 0.61869, "mrr_at_100": 0.62056, "mrr_at_200": 0.62072, "mrr_at_300": 0.62079, "mrr_at_500": 0.62082, "mrr_at_1000": 0.62084, "rc_at_1": {"relevant": 0.0, "distractor": 0.0}, "rc_at_3": {"relevant": 0.0, "distractor": 0.0}, "rc_at_5": {"relevant": 0.0, "distractor": 0.0}, "rc_at_10": {"relevant": 0.0, "distractor": 0.0}, "rc_at_20": {"relevant": 0.0, "distractor": 0.0}, "rc_at_100": {"relevant": 0.0, "distractor": 0.0}, "rc_at_200": {"relevant": 0.0, "distractor": 0.0}, "rc_at_300": {"relevant": 0.0, "distractor": 0.0}, "rc_at_500": {"relevant": 0.0, "distractor": 0.0}, "rc_at_1000": {"relevant": 0.0, "distractor": 0.0}}