{"ndcg_at_1": 0.24735, "ndcg_at_3": 0.30519, "ndcg_at_5": 0.32991, "ndcg_at_10": 0.35247, "ndcg_at_20": 0.37629, "ndcg_at_100": 0.4142, "ndcg_at_200": 0.42434, "ndcg_at_300": 0.42905, "ndcg_at_500": 0.43507, "ndcg_at_1000": 0.44092, "map_at_1": 0.20579, "map_at_3": 0.26965, "map_at_5": 0.28582, "map_at_10": 0.29723, "map_at_20": 0.30474, "map_at_100": 0.31112, "map_at_200": 0.31182, "map_at_300": 0.31205, "map_at_500": 0.31225, "map_at_1000": 0.31238, "recall_at_1": 0.20579, "recall_at_3": 0.33833, "recall_at_5": 0.40172, "recall_at_10": 0.46724, "recall_at_20": 0.55094, "recall_at_100": 0.73069, "recall_at_200": 0.79286, "recall_at_300": 0.82439, "recall_at_500": 0.86745, "recall_at_1000": 0.91302, "precision_at_1": 0.24735, "precision_at_3": 0.14854, "precision_at_5": 0.10818, "precision_at_10": 0.0666, "precision_at_20": 0.04081, "precision_at_100": 0.01157, "precision_at_200": 0.00642, "precision_at_300": 0.00453, "precision_at_500": 0.00292, "precision_at_1000": 0.00158, "mrr_at_1": 0.24735, "mrr_at_3": 0.3189, "mrr_at_5": 0.33483, "mrr_at_10": 0.34483, "mrr_at_20": 0.35068, "mrr_at_100": 0.35488, "mrr_at_200": 0.35525, "mrr_at_300": 0.35536, "mrr_at_500": 0.35544, "mrr_at_1000": 0.35549, "rc_at_1": {"relevant": 0.0, "distractor": 0.0}, "rc_at_3": {"relevant": 0.0, "distractor": 0.0}, "rc_at_5": {"relevant": 0.0, "distractor": 0.0}, "rc_at_10": {"relevant": 0.0, "distractor": 0.0}, "rc_at_20": {"relevant": 0.0, "distractor": 0.0}, "rc_at_100": {"relevant": 0.0, "distractor": 0.0}, "rc_at_200": {"relevant": 0.0, "distractor": 0.0}, "rc_at_300": {"relevant": 0.0, "distractor": 0.0}, "rc_at_500": {"relevant": 0.0, "distractor": 0.0}, "rc_at_1000": {"relevant": 0.0, "distractor": 0.0}}