{"ndcg_at_1": 0.02916, "ndcg_at_3": 0.05355, "ndcg_at_5": 0.06552, "ndcg_at_10": 0.08286, "ndcg_at_20": 0.10262, "ndcg_at_100": 0.14876, "ndcg_at_200": 0.16451, "ndcg_at_300": 0.17481, "ndcg_at_500": 0.18509, "ndcg_at_1000": 0.20067, "map_at_1": 0.02916, "map_at_3": 0.04706, "map_at_5": 0.05367, "map_at_10": 0.06088, "map_at_20": 0.06639, "map_at_100": 0.07214, "map_at_200": 0.07293, "map_at_300": 0.07327, "map_at_500": 0.0735, "map_at_1000": 0.07371, "recall_at_1": 0.02916, "recall_at_3": 0.07255, "recall_at_5": 0.10171, "recall_at_10": 0.15505, "recall_at_20": 0.23257, "recall_at_100": 0.49075, "recall_at_200": 0.60384, "recall_at_300": 0.68563, "recall_at_500": 0.77383, "recall_at_1000": 0.92248, "precision_at_1": 0.02916, "precision_at_3": 0.02418, "precision_at_5": 0.02034, "precision_at_10": 0.0155, "precision_at_20": 0.01163, "precision_at_100": 0.00491, "precision_at_200": 0.00302, "precision_at_300": 0.00229, "precision_at_500": 0.00155, "precision_at_1000": 0.00092, "mrr_at_1": 0.02489, "mrr_at_3": 0.05678, "mrr_at_5": 0.06795, "mrr_at_10": 0.07681, "mrr_at_20": 0.08327, "mrr_at_100": 0.09034, "mrr_at_200": 0.09116, "mrr_at_300": 0.09146, "mrr_at_500": 0.09165, "mrr_at_1000": 0.09175, "rc_at_1": {"relevant": 0.0, "distractor": 0.0}, "rc_at_3": {"relevant": 0.0, "distractor": 0.0}, "rc_at_5": {"relevant": 0.0, "distractor": 0.0}, "rc_at_10": {"relevant": 0.0, "distractor": 0.0}, "rc_at_20": {"relevant": 0.0, "distractor": 0.0}, "rc_at_100": {"relevant": 0.0, "distractor": 0.0}, "rc_at_200": {"relevant": 0.0, "distractor": 0.0}, "rc_at_300": {"relevant": 0.0, "distractor": 0.0}, "rc_at_500": {"relevant": 0.0, "distractor": 0.0}, "rc_at_1000": {"relevant": 0.0, "distractor": 0.0}}