{"ndcg_at_1": 0.13846, "ndcg_at_3": 0.13202, "ndcg_at_5": 0.12123, "ndcg_at_10": 0.0962, "ndcg_at_20": 0.12977, "ndcg_at_100": 0.19479, "ndcg_at_200": 0.22331, "ndcg_at_300": 0.23438, "ndcg_at_500": 0.2473, "ndcg_at_1000": 0.26676, "map_at_1": 0.01385, "map_at_3": 0.02769, "map_at_5": 0.035, "map_at_10": 0.04161, "map_at_20": 0.05286, "map_at_100": 0.06788, "map_at_200": 0.07152, "map_at_300": 0.07245, "map_at_500": 0.07316, "map_at_1000": 0.07373, "recall_at_1": 0.01385, "recall_at_3": 0.04, "recall_at_5": 0.05846, "recall_at_10": 0.08308, "recall_at_20": 0.14308, "recall_at_100": 0.30462, "recall_at_200": 0.39692, "recall_at_300": 0.43692, "recall_at_500": 0.48769, "recall_at_1000": 0.57077, "precision_at_1": 0.13846, "precision_at_3": 0.13333, "precision_at_5": 0.11692, "precision_at_10": 0.08308, "precision_at_20": 0.07154, "precision_at_100": 0.03046, "precision_at_200": 0.01985, "precision_at_300": 0.01456, "precision_at_500": 0.00975, "precision_at_1000": 0.00571, "mrr_at_1": 0.13846, "mrr_at_3": 0.21026, "mrr_at_5": 0.22872, "mrr_at_10": 0.2412, "mrr_at_20": 0.25012, "mrr_at_100": 0.25571, "mrr_at_200": 0.25624, "mrr_at_300": 0.25629, "mrr_at_500": 0.25637, "mrr_at_1000": 0.25643, "rc_at_1": {"relevant": 0.13846, "distractor": 0.61538}, "rc_at_3": {"relevant": 0.4, "distractor": 1.63077}, "rc_at_5": {"relevant": 0.58462, "distractor": 2.6}, "rc_at_10": {"relevant": 0.83077, "distractor": 4.86154}, "rc_at_20": {"relevant": 1.44615, "distractor": 8.73846}, "rc_at_100": {"relevant": 3.04615, "distractor": 26.6}, "rc_at_200": {"relevant": 3.96923, "distractor": 35.64615}, "rc_at_300": {"relevant": 4.36923, "distractor": 40.87692}, "rc_at_500": {"relevant": 4.87692, "distractor": 47.35385}, "rc_at_1000": {"relevant": 5.70769, "distractor": 56.76923}}