{"ndcg_at_1": 0.10769, "ndcg_at_3": 0.06137, "ndcg_at_5": 0.04862, "ndcg_at_10": 0.04204, "ndcg_at_20": 0.04516, "ndcg_at_100": 0.05943, "ndcg_at_200": 0.0661, "ndcg_at_300": 0.07339, "ndcg_at_500": 0.07576, "ndcg_at_1000": 0.09079, "map_at_1": 0.01077, "map_at_3": 0.01282, "map_at_5": 0.01459, "map_at_10": 0.01772, "map_at_20": 0.0182, "map_at_100": 0.01985, "map_at_200": 0.0202, "map_at_300": 0.02058, "map_at_500": 0.02068, "map_at_1000": 0.02097, "recall_at_1": 0.01077, "recall_at_3": 0.01538, "recall_at_5": 0.01846, "recall_at_10": 0.03385, "recall_at_20": 0.04, "recall_at_100": 0.07692, "recall_at_200": 0.09846, "recall_at_300": 0.12462, "recall_at_500": 0.13385, "recall_at_1000": 0.19846, "precision_at_1": 0.10769, "precision_at_3": 0.05128, "precision_at_5": 0.03692, "precision_at_10": 0.03385, "precision_at_20": 0.02, "precision_at_100": 0.00769, "precision_at_200": 0.00492, "precision_at_300": 0.00415, "precision_at_500": 0.00268, "precision_at_1000": 0.00198, "mrr_at_1": 0.10769, "mrr_at_3": 0.11795, "mrr_at_5": 0.11795, "mrr_at_10": 0.12872, "mrr_at_20": 0.13034, "mrr_at_100": 0.13391, "mrr_at_200": 0.13457, "mrr_at_300": 0.13463, "mrr_at_500": 0.13468, "mrr_at_1000": 0.1348, "rc_at_1": {"relevant": 0.10769, "distractor": 0.21538}, "rc_at_3": {"relevant": 0.15385, "distractor": 0.55385}, "rc_at_5": {"relevant": 0.18462, "distractor": 0.86154}, "rc_at_10": {"relevant": 0.33846, "distractor": 1.29231}, "rc_at_20": {"relevant": 0.4, "distractor": 2.01538}, "rc_at_100": {"relevant": 0.76923, "distractor": 5.29231}, "rc_at_200": {"relevant": 0.98462, "distractor": 7.72308}, "rc_at_300": {"relevant": 1.24615, "distractor": 9.12308}, "rc_at_500": {"relevant": 1.33846, "distractor": 11.33846}, "rc_at_1000": {"relevant": 1.98462, "distractor": 14.46154}}