{"ndcg_at_1": 0.53, "ndcg_at_3": 0.52642, "ndcg_at_5": 0.4959, "ndcg_at_10": 0.46639, "ndcg_at_20": 0.42933, "ndcg_at_100": 0.31558, "ndcg_at_200": 0.26247, "ndcg_at_300": 0.24259, "ndcg_at_500": 0.23551, "ndcg_at_1000": 0.2687, "map_at_1": 0.00153, "map_at_3": 0.00384, "map_at_5": 0.00576, "map_at_10": 0.00981, "map_at_20": 0.01577, "map_at_100": 0.04198, "map_at_200": 0.05767, "map_at_300": 0.06739, "map_at_500": 0.07829, "map_at_1000": 0.09047, "recall_at_1": 0.00153, "recall_at_3": 0.00427, "recall_at_5": 0.00659, "recall_at_10": 0.01192, "recall_at_20": 0.02081, "recall_at_100": 0.06994, "recall_at_200": 0.10893, "recall_at_300": 0.13888, "recall_at_500": 0.18055, "recall_at_1000": 0.24685, "precision_at_1": 0.58, "precision_at_3": 0.56667, "precision_at_5": 0.524, "precision_at_10": 0.49, "precision_at_20": 0.442, "precision_at_100": 0.3156, "precision_at_200": 0.2525, "precision_at_300": 0.21727, "precision_at_500": 0.17212, "precision_at_1000": 0.1195, "mrr_at_1": 0.56, "mrr_at_3": 0.67333, "mrr_at_5": 0.67733, "mrr_at_10": 0.69025, "mrr_at_20": 0.69025, "mrr_at_100": 0.69172, "mrr_at_200": 0.69172, "mrr_at_300": 0.69172, "mrr_at_500": 0.69172, "mrr_at_1000": 0.69172, "rc_at_1": {"relevant": 0.0, "distractor": 0.0}, "rc_at_3": {"relevant": 0.0, "distractor": 0.0}, "rc_at_5": {"relevant": 0.0, "distractor": 0.0}, "rc_at_10": {"relevant": 0.0, "distractor": 0.0}, "rc_at_20": {"relevant": 0.0, "distractor": 0.0}, "rc_at_100": {"relevant": 0.0, "distractor": 0.0}, "rc_at_200": {"relevant": 0.0, "distractor": 0.0}, "rc_at_300": {"relevant": 0.0, "distractor": 0.0}, "rc_at_500": {"relevant": 0.0, "distractor": 0.0}, "rc_at_1000": {"relevant": 0.0, "distractor": 0.0}}