{"ndcg_at_1": 0.26323, "ndcg_at_3": 0.30869, "ndcg_at_5": 0.32119, "ndcg_at_10": 0.34072, "ndcg_at_20": 0.36019, "ndcg_at_100": 0.39208, "ndcg_at_200": 0.40369, "ndcg_at_300": 0.40752, "ndcg_at_500": 0.41394, "ndcg_at_1000": 0.42156, "map_at_1": 0.22003, "map_at_3": 0.27634, "map_at_5": 0.28647, "map_at_10": 0.29639, "map_at_20": 0.30265, "map_at_100": 0.30753, "map_at_200": 0.30836, "map_at_300": 0.30853, "map_at_500": 0.30874, "map_at_1000": 0.3089, "recall_at_1": 0.22003, "recall_at_3": 0.33515, "recall_at_5": 0.37373, "recall_at_10": 0.43223, "recall_at_20": 0.50164, "recall_at_100": 0.65166, "recall_at_200": 0.72127, "recall_at_300": 0.74697, "recall_at_500": 0.79361, "recall_at_1000": 0.85311, "precision_at_1": 0.26323, "precision_at_3": 0.14306, "precision_at_5": 0.09843, "precision_at_10": 0.0598, "precision_at_20": 0.03634, "precision_at_100": 0.01062, "precision_at_200": 0.00614, "precision_at_300": 0.00427, "precision_at_500": 0.00278, "precision_at_1000": 0.00155, "mrr_at_1": 0.26323, "mrr_at_3": 0.31807, "mrr_at_5": 0.32787, "mrr_at_10": 0.33661, "mrr_at_20": 0.34213, "mrr_at_100": 0.3458, "mrr_at_200": 0.34621, "mrr_at_300": 0.3463, "mrr_at_500": 0.3464, "mrr_at_1000": 0.34647, "rc_at_1": {"relevant": 0.0, "distractor": 0.0}, "rc_at_3": {"relevant": 0.0, "distractor": 0.0}, "rc_at_5": {"relevant": 0.0, "distractor": 0.0}, "rc_at_10": {"relevant": 0.0, "distractor": 0.0}, "rc_at_20": {"relevant": 0.0, "distractor": 0.0}, "rc_at_100": {"relevant": 0.0, "distractor": 0.0}, "rc_at_200": {"relevant": 0.0, "distractor": 0.0}, "rc_at_300": {"relevant": 0.0, "distractor": 0.0}, "rc_at_500": {"relevant": 0.0, "distractor": 0.0}, "rc_at_1000": {"relevant": 0.0, "distractor": 0.0}}