{"ndcg_at_1": 0.38462, "ndcg_at_3": 0.33924, "ndcg_at_5": 0.29301, "ndcg_at_10": 0.23174, "ndcg_at_20": 0.30237, "ndcg_at_100": 0.5041, "ndcg_at_200": 0.55273, "ndcg_at_300": 0.55447, "ndcg_at_500": 0.55447, "ndcg_at_1000": 0.55484, "map_at_1": 0.03846, "map_at_3": 0.08154, "map_at_5": 0.10162, "map_at_10": 0.12719, "map_at_20": 0.16278, "map_at_100": 0.2238, "map_at_200": 0.23535, "map_at_300": 0.23563, "map_at_500": 0.23563, "map_at_1000": 0.23565, "recall_at_1": 0.03846, "recall_at_3": 0.09846, "recall_at_5": 0.13231, "recall_at_10": 0.19077, "recall_at_20": 0.31846, "recall_at_100": 0.84154, "recall_at_200": 0.99231, "recall_at_300": 0.99846, "recall_at_500": 0.99846, "recall_at_1000": 1.0, "precision_at_1": 0.38462, "precision_at_3": 0.32821, "precision_at_5": 0.26462, "precision_at_10": 0.19077, "precision_at_20": 0.15923, "precision_at_100": 0.08415, "precision_at_200": 0.04962, "precision_at_300": 0.03328, "precision_at_500": 0.01997, "precision_at_1000": 0.01, "mrr_at_1": 0.4, "mrr_at_3": 0.5, "mrr_at_5": 0.5, "mrr_at_10": 0.51572, "mrr_at_20": 0.52523, "mrr_at_100": 0.52928, "mrr_at_200": 0.52928, "mrr_at_300": 0.52928, "mrr_at_500": 0.52928, "mrr_at_1000": 0.52928, "rc_at_1": {"relevant": 0.4, "distractor": 0.6}, "rc_at_3": {"relevant": 1.01538, "distractor": 1.98462}, "rc_at_5": {"relevant": 1.33846, "distractor": 3.66154}, "rc_at_10": {"relevant": 1.89231, "distractor": 8.09231}, "rc_at_20": {"relevant": 3.24615, "distractor": 16.69231}, "rc_at_100": {"relevant": 8.41538, "distractor": 88.27692}, "rc_at_200": {"relevant": 9.92308, "distractor": 97.78462}, "rc_at_300": {"relevant": 9.98462, "distractor": 98.44615}, "rc_at_500": {"relevant": 9.98462, "distractor": 98.90769}, "rc_at_1000": {"relevant": 10.0, "distractor": 99.50769}}