{"ndcg_at_1": 0.0202, "ndcg_at_3": 0.01958, "ndcg_at_5": 0.02157, "ndcg_at_10": 0.02457, "ndcg_at_20": 0.02746, "ndcg_at_100": 0.03631, "ndcg_at_200": 0.04079, "ndcg_at_300": 0.0432, "ndcg_at_500": 0.0461, "ndcg_at_1000": 0.05104, "map_at_1": 0.00983, "map_at_3": 0.01422, "map_at_5": 0.0154, "map_at_10": 0.01638, "map_at_20": 0.01704, "map_at_100": 0.01802, "map_at_200": 0.01823, "map_at_300": 0.0183, "map_at_500": 0.01836, "map_at_1000": 0.01843, "recall_at_1": 0.00983, "recall_at_3": 0.01973, "recall_at_5": 0.02461, "recall_at_10": 0.03242, "recall_at_20": 0.04127, "recall_at_100": 0.07812, "recall_at_200": 0.10302, "recall_at_300": 0.11732, "recall_at_500": 0.1357, "recall_at_1000": 0.16925, "precision_at_1": 0.0202, "precision_at_3": 0.01346, "precision_at_5": 0.01068, "precision_at_10": 0.00697, "precision_at_20": 0.00456, "precision_at_100": 0.00192, "precision_at_200": 0.00127, "precision_at_300": 0.00098, "precision_at_500": 0.00069, "precision_at_1000": 0.00045, "mrr_at_1": 0.02215, "mrr_at_3": 0.03008, "mrr_at_5": 0.032, "mrr_at_10": 0.03455, "mrr_at_20": 0.03586, "mrr_at_100": 0.03769, "mrr_at_200": 0.03803, "mrr_at_300": 0.03817, "mrr_at_500": 0.03825, "mrr_at_1000": 0.03834, "rc_at_1": {"relevant": 0.0, "distractor": 0.0}, "rc_at_3": {"relevant": 0.0, "distractor": 0.0}, "rc_at_5": {"relevant": 0.0, "distractor": 0.0}, "rc_at_10": {"relevant": 0.0, "distractor": 0.0}, "rc_at_20": {"relevant": 0.0, "distractor": 0.0}, "rc_at_100": {"relevant": 0.0, "distractor": 0.0}, "rc_at_200": {"relevant": 0.0, "distractor": 0.0}, "rc_at_300": {"relevant": 0.0, "distractor": 0.0}, "rc_at_500": {"relevant": 0.0, "distractor": 0.0}, "rc_at_1000": {"relevant": 0.0, "distractor": 0.0}}