{"ndcg_at_1": 0.31164, "ndcg_at_3": 0.3496, "ndcg_at_5": 0.37123, "ndcg_at_10": 0.39272, "ndcg_at_20": 0.4127, "ndcg_at_100": 0.44927, "ndcg_at_200": 0.45872, "ndcg_at_300": 0.46261, "ndcg_at_500": 0.46642, "ndcg_at_1000": 0.47125, "map_at_1": 0.25067, "map_at_3": 0.31316, "map_at_5": 0.32948, "map_at_10": 0.34045, "map_at_20": 0.3468, "map_at_100": 0.35276, "map_at_200": 0.35343, "map_at_300": 0.35361, "map_at_500": 0.35374, "map_at_1000": 0.35384, "recall_at_1": 0.25067, "recall_at_3": 0.37493, "recall_at_5": 0.43284, "recall_at_10": 0.49639, "recall_at_20": 0.56705, "recall_at_100": 0.74224, "recall_at_200": 0.79898, "recall_at_300": 0.82504, "recall_at_500": 0.85146, "recall_at_1000": 0.89061, "precision_at_1": 0.31164, "precision_at_3": 0.16362, "precision_at_5": 0.11575, "precision_at_10": 0.06861, "precision_at_20": 0.04058, "precision_at_100": 0.01136, "precision_at_200": 0.00631, "precision_at_300": 0.00441, "precision_at_500": 0.00278, "precision_at_1000": 0.00148, "mrr_at_1": 0.31279, "mrr_at_3": 0.37481, "mrr_at_5": 0.3876, "mrr_at_10": 0.39533, "mrr_at_20": 0.4011, "mrr_at_100": 0.40504, "mrr_at_200": 0.40538, "mrr_at_300": 0.40547, "mrr_at_500": 0.40552, "mrr_at_1000": 0.40557, "rc_at_1": {"relevant": 0.0, "distractor": 0.0}, "rc_at_3": {"relevant": 0.0, "distractor": 0.0}, "rc_at_5": {"relevant": 0.0, "distractor": 0.0}, "rc_at_10": {"relevant": 0.0, "distractor": 0.0}, "rc_at_20": {"relevant": 0.0, "distractor": 0.0}, "rc_at_100": {"relevant": 0.0, "distractor": 0.0}, "rc_at_200": {"relevant": 0.0, "distractor": 0.0}, "rc_at_300": {"relevant": 0.0, "distractor": 0.0}, "rc_at_500": {"relevant": 0.0, "distractor": 0.0}, "rc_at_1000": {"relevant": 0.0, "distractor": 0.0}}