{"ndcg_at_1": 0.32308, "ndcg_at_3": 0.28492, "ndcg_at_5": 0.2627, "ndcg_at_10": 0.23407, "ndcg_at_20": 0.28442, "ndcg_at_100": 0.484, "ndcg_at_200": 0.53287, "ndcg_at_300": 0.53546, "ndcg_at_500": 0.5366, "ndcg_at_1000": 0.53809, "map_at_1": 0.03231, "map_at_3": 0.06641, "map_at_5": 0.08749, "map_at_10": 0.12487, "map_at_20": 0.15161, "map_at_100": 0.20985, "map_at_200": 0.22101, "map_at_300": 0.22137, "map_at_500": 0.22147, "map_at_1000": 0.22157, "recall_at_1": 0.03231, "recall_at_3": 0.08308, "recall_at_5": 0.12462, "recall_at_10": 0.21385, "recall_at_20": 0.30308, "recall_at_100": 0.82154, "recall_at_200": 0.97385, "recall_at_300": 0.98308, "recall_at_500": 0.98769, "recall_at_1000": 0.99385, "precision_at_1": 0.32308, "precision_at_3": 0.27692, "precision_at_5": 0.24923, "precision_at_10": 0.21385, "precision_at_20": 0.15154, "precision_at_100": 0.08215, "precision_at_200": 0.04869, "precision_at_300": 0.03277, "precision_at_500": 0.01975, "precision_at_1000": 0.00994, "mrr_at_1": 0.32308, "mrr_at_3": 0.42308, "mrr_at_5": 0.44, "mrr_at_10": 0.4595, "mrr_at_20": 0.46392, "mrr_at_100": 0.469, "mrr_at_200": 0.469, "mrr_at_300": 0.469, "mrr_at_500": 0.469, "mrr_at_1000": 0.469, "rc_at_1": {"relevant": 0.32308, "distractor": 0.67692}, "rc_at_3": {"relevant": 0.83077, "distractor": 2.16923}, "rc_at_5": {"relevant": 1.24615, "distractor": 3.75385}, "rc_at_10": {"relevant": 2.13846, "distractor": 7.84615}, "rc_at_20": {"relevant": 3.03077, "distractor": 16.86154}, "rc_at_100": {"relevant": 8.21538, "distractor": 86.23077}, "rc_at_200": {"relevant": 9.73846, "distractor": 96.8}, "rc_at_300": {"relevant": 9.83077, "distractor": 97.76923}, "rc_at_500": {"relevant": 9.87692, "distractor": 98.38462}, "rc_at_1000": {"relevant": 9.93846, "distractor": 99.03077}}