{"ndcg_at_1": 0.4, "ndcg_at_3": 0.29832, "ndcg_at_5": 0.2554, "ndcg_at_10": 0.19506, "ndcg_at_20": 0.22124, "ndcg_at_100": 0.27197, "ndcg_at_200": 0.295, "ndcg_at_300": 0.30411, "ndcg_at_500": 0.31441, "ndcg_at_1000": 0.32849, "map_at_1": 0.04, "map_at_3": 0.0697, "map_at_5": 0.08552, "map_at_10": 0.10185, "map_at_20": 0.11414, "map_at_100": 0.12568, "map_at_200": 0.12815, "map_at_300": 0.12889, "map_at_500": 0.12955, "map_at_1000": 0.13004, "recall_at_1": 0.04, "recall_at_3": 0.08, "recall_at_5": 0.10909, "recall_at_10": 0.15091, "recall_at_20": 0.19818, "recall_at_100": 0.32545, "recall_at_200": 0.4, "recall_at_300": 0.43273, "recall_at_500": 0.47273, "recall_at_1000": 0.53273, "precision_at_1": 0.4, "precision_at_3": 0.26667, "precision_at_5": 0.21818, "precision_at_10": 0.15091, "precision_at_20": 0.09909, "precision_at_100": 0.03255, "precision_at_200": 0.02, "precision_at_300": 0.01442, "precision_at_500": 0.00945, "precision_at_1000": 0.00533, "mrr_at_1": 0.4, "mrr_at_3": 0.47273, "mrr_at_5": 0.48545, "mrr_at_10": 0.50152, "mrr_at_20": 0.50399, "mrr_at_100": 0.50574, "mrr_at_200": 0.5059, "mrr_at_300": 0.5059, "mrr_at_500": 0.50595, "mrr_at_1000": 0.50598, "rc_at_1": {"relevant": 0.4, "distractor": 0.41818}, "rc_at_3": {"relevant": 0.78182, "distractor": 1.4}, "rc_at_5": {"relevant": 1.09091, "distractor": 2.07273}, "rc_at_10": {"relevant": 1.52727, "distractor": 3.83636}, "rc_at_20": {"relevant": 1.98182, "distractor": 6.65455}, "rc_at_100": {"relevant": 3.25455, "distractor": 16.30909}, "rc_at_200": {"relevant": 4.01818, "distractor": 21.0}, "rc_at_300": {"relevant": 4.32727, "distractor": 24.4}, "rc_at_500": {"relevant": 4.72727, "distractor": 29.23636}, "rc_at_1000": {"relevant": 5.32727, "distractor": 35.70909}}