{"ndcg_at_1": 0.28023, "ndcg_at_3": 0.33701, "ndcg_at_5": 0.36223, "ndcg_at_10": 0.38751, "ndcg_at_20": 0.40948, "ndcg_at_100": 0.4386, "ndcg_at_200": 0.44759, "ndcg_at_300": 0.45237, "ndcg_at_500": 0.45577, "ndcg_at_1000": 0.46084, "map_at_1": 0.2593, "map_at_3": 0.31397, "map_at_5": 0.329, "map_at_10": 0.34027, "map_at_20": 0.34648, "map_at_100": 0.3508, "map_at_200": 0.3513, "map_at_300": 0.35148, "map_at_500": 0.35157, "map_at_1000": 0.35165, "recall_at_1": 0.2593, "recall_at_3": 0.378, "recall_at_5": 0.43786, "recall_at_10": 0.51313, "recall_at_20": 0.59705, "recall_at_100": 0.74662, "recall_at_200": 0.80737, "recall_at_300": 0.8427, "recall_at_500": 0.86989, "recall_at_1000": 0.91429, "precision_at_1": 0.28023, "precision_at_3": 0.14049, "precision_at_5": 0.09944, "precision_at_10": 0.0591, "precision_at_20": 0.03463, "precision_at_100": 0.00885, "precision_at_200": 0.00482, "precision_at_300": 0.00337, "precision_at_500": 0.0021, "precision_at_1000": 0.00111, "mrr_at_1": 0.28023, "mrr_at_3": 0.33785, "mrr_at_5": 0.35102, "mrr_at_10": 0.36111, "mrr_at_20": 0.36702, "mrr_at_100": 0.37064, "mrr_at_200": 0.37106, "mrr_at_300": 0.37119, "mrr_at_500": 0.37127, "mrr_at_1000": 0.37132, "rc_at_1": {"relevant": 0.0, "distractor": 0.0}, "rc_at_3": {"relevant": 0.0, "distractor": 0.0}, "rc_at_5": {"relevant": 0.0, "distractor": 0.0}, "rc_at_10": {"relevant": 0.0, "distractor": 0.0}, "rc_at_20": {"relevant": 0.0, "distractor": 0.0}, "rc_at_100": {"relevant": 0.0, "distractor": 0.0}, "rc_at_200": {"relevant": 0.0, "distractor": 0.0}, "rc_at_300": {"relevant": 0.0, "distractor": 0.0}, "rc_at_500": {"relevant": 0.0, "distractor": 0.0}, "rc_at_1000": {"relevant": 0.0, "distractor": 0.0}}