{"ndcg_at_1": 0.50655, "ndcg_at_3": 0.40828, "ndcg_at_5": 0.43198, "ndcg_at_10": 0.45443, "ndcg_at_20": 0.4695, "ndcg_at_100": 0.49326, "ndcg_at_200": 0.50058, "ndcg_at_300": 0.50415, "ndcg_at_500": 0.50843, "ndcg_at_1000": 0.51342, "map_at_1": 0.25327, "map_at_3": 0.34271, "map_at_5": 0.35863, "map_at_10": 0.36996, "map_at_20": 0.37511, "map_at_100": 0.37927, "map_at_200": 0.37979, "map_at_300": 0.37995, "map_at_500": 0.38009, "map_at_1000": 0.38018, "recall_at_1": 0.25327, "recall_at_3": 0.38852, "recall_at_5": 0.43545, "recall_at_10": 0.49183, "recall_at_20": 0.54051, "recall_at_100": 0.64639, "recall_at_200": 0.68906, "recall_at_300": 0.71215, "recall_at_500": 0.74213, "recall_at_1000": 0.78055, "precision_at_1": 0.50655, "precision_at_3": 0.25901, "precision_at_5": 0.17418, "precision_at_10": 0.09837, "precision_at_20": 0.05405, "precision_at_100": 0.01293, "precision_at_200": 0.00689, "precision_at_300": 0.00475, "precision_at_500": 0.00297, "precision_at_1000": 0.00156, "mrr_at_1": 0.50655, "mrr_at_3": 0.56932, "mrr_at_5": 0.58039, "mrr_at_10": 0.5881, "mrr_at_20": 0.59126, "mrr_at_100": 0.59326, "mrr_at_200": 0.59345, "mrr_at_300": 0.59351, "mrr_at_500": 0.59355, "mrr_at_1000": 0.59358, "rc_at_1": {"relevant": 0.0, "distractor": 0.0}, "rc_at_3": {"relevant": 0.0, "distractor": 0.0}, "rc_at_5": {"relevant": 0.0, "distractor": 0.0}, "rc_at_10": {"relevant": 0.0, "distractor": 0.0}, "rc_at_20": {"relevant": 0.0, "distractor": 0.0}, "rc_at_100": {"relevant": 0.0, "distractor": 0.0}, "rc_at_200": {"relevant": 0.0, "distractor": 0.0}, "rc_at_300": {"relevant": 0.0, "distractor": 0.0}, "rc_at_500": {"relevant": 0.0, "distractor": 0.0}, "rc_at_1000": {"relevant": 0.0, "distractor": 0.0}}