{"ndcg_at_1": 0.46154, "ndcg_at_3": 0.359, "ndcg_at_5": 0.32189, "ndcg_at_10": 0.25155, "ndcg_at_20": 0.28945, "ndcg_at_100": 0.41587, "ndcg_at_200": 0.44417, "ndcg_at_300": 0.45831, "ndcg_at_500": 0.4714, "ndcg_at_1000": 0.48262, "map_at_1": 0.04615, "map_at_3": 0.08872, "map_at_5": 0.1181, "map_at_10": 0.14564, "map_at_20": 0.16252, "map_at_100": 0.1997, "map_at_200": 0.20416, "map_at_300": 0.2058, "map_at_500": 0.20684, "map_at_1000": 0.20737, "recall_at_1": 0.04615, "recall_at_3": 0.1, "recall_at_5": 0.14462, "recall_at_10": 0.20462, "recall_at_20": 0.27385, "recall_at_100": 0.59077, "recall_at_200": 0.68154, "recall_at_300": 0.73231, "recall_at_500": 0.78308, "recall_at_1000": 0.83077, "precision_at_1": 0.46154, "precision_at_3": 0.33333, "precision_at_5": 0.28923, "precision_at_10": 0.20462, "precision_at_20": 0.13692, "precision_at_100": 0.05908, "precision_at_200": 0.03408, "precision_at_300": 0.02441, "precision_at_500": 0.01566, "precision_at_1000": 0.00831, "mrr_at_1": 0.46154, "mrr_at_3": 0.51795, "mrr_at_5": 0.52795, "mrr_at_10": 0.5428, "mrr_at_20": 0.55153, "mrr_at_100": 0.55422, "mrr_at_200": 0.55422, "mrr_at_300": 0.55422, "mrr_at_500": 0.55422, "mrr_at_1000": 0.55422, "rc_at_1": {"relevant": 0.46154, "distractor": 0.53846}, "rc_at_3": {"relevant": 1.0, "distractor": 1.90769}, "rc_at_5": {"relevant": 1.44615, "distractor": 3.29231}, "rc_at_10": {"relevant": 2.04615, "distractor": 7.03077}, "rc_at_20": {"relevant": 2.73846, "distractor": 14.81538}, "rc_at_100": {"relevant": 5.90769, "distractor": 54.07692}, "rc_at_200": {"relevant": 6.81538, "distractor": 68.23077}, "rc_at_300": {"relevant": 7.32308, "distractor": 73.67692}, "rc_at_500": {"relevant": 7.83077, "distractor": 78.61538}, "rc_at_1000": {"relevant": 8.30769, "distractor": 84.13846}}