{"ndcg_at_1": 0.9, "ndcg_at_3": 0.83458, "ndcg_at_5": 0.81492, "ndcg_at_10": 0.77782, "ndcg_at_20": 0.72551, "ndcg_at_100": 0.57682, "ndcg_at_200": 0.50144, "ndcg_at_300": 0.46936, "ndcg_at_500": 0.46845, "ndcg_at_1000": 0.52746, "map_at_1": 0.00251, "map_at_3": 0.00682, "map_at_5": 0.01089, "map_at_10": 0.01957, "map_at_20": 0.03353, "map_at_100": 0.11066, "map_at_200": 0.16238, "map_at_300": 0.1918, "map_at_500": 0.22832, "map_at_1000": 0.2671, "recall_at_1": 0.00251, "recall_at_3": 0.00699, "recall_at_5": 0.01149, "recall_at_10": 0.02126, "recall_at_20": 0.03818, "recall_at_100": 0.1445, "recall_at_200": 0.23237, "recall_at_300": 0.29173, "recall_at_500": 0.37974, "recall_at_1000": 0.50103, "precision_at_1": 0.94, "precision_at_3": 0.88667, "precision_at_5": 0.86, "precision_at_10": 0.812, "precision_at_20": 0.75, "precision_at_100": 0.591, "precision_at_200": 0.4904, "precision_at_300": 0.4214, "precision_at_500": 0.33904, "precision_at_1000": 0.23256, "mrr_at_1": 0.94, "mrr_at_3": 0.95, "mrr_at_5": 0.955, "mrr_at_10": 0.95833, "mrr_at_20": 0.95833, "mrr_at_100": 0.95833, "mrr_at_200": 0.95833, "mrr_at_300": 0.95833, "mrr_at_500": 0.95833, "mrr_at_1000": 0.95833, "rc_at_1": {"relevant": 0.0, "distractor": 0.0}, "rc_at_3": {"relevant": 0.0, "distractor": 0.0}, "rc_at_5": {"relevant": 0.0, "distractor": 0.0}, "rc_at_10": {"relevant": 0.0, "distractor": 0.0}, "rc_at_20": {"relevant": 0.0, "distractor": 0.0}, "rc_at_100": {"relevant": 0.0, "distractor": 0.0}, "rc_at_200": {"relevant": 0.0, "distractor": 0.0}, "rc_at_300": {"relevant": 0.0, "distractor": 0.0}, "rc_at_500": {"relevant": 0.0, "distractor": 0.0}, "rc_at_1000": {"relevant": 0.0, "distractor": 0.0}}