{"ndcg_at_1": 0.29051, "ndcg_at_3": 0.33182, "ndcg_at_5": 0.34658, "ndcg_at_10": 0.37253, "ndcg_at_20": 0.38786, "ndcg_at_100": 0.42215, "ndcg_at_200": 0.43384, "ndcg_at_300": 0.43749, "ndcg_at_500": 0.44367, "ndcg_at_1000": 0.45138, "map_at_1": 0.24636, "map_at_3": 0.29845, "map_at_5": 0.30909, "map_at_10": 0.32179, "map_at_20": 0.32812, "map_at_100": 0.3346, "map_at_200": 0.33566, "map_at_300": 0.33592, "map_at_500": 0.33624, "map_at_1000": 0.33652, "recall_at_1": 0.24636, "recall_at_3": 0.3548, "recall_at_5": 0.39362, "recall_at_10": 0.47158, "recall_at_20": 0.52696, "recall_at_100": 0.69958, "recall_at_200": 0.76706, "recall_at_300": 0.78742, "recall_at_500": 0.82942, "recall_at_1000": 0.88727, "precision_at_1": 0.29051, "precision_at_3": 0.15086, "precision_at_5": 0.10593, "precision_at_10": 0.06779, "precision_at_20": 0.04209, "precision_at_100": 0.01304, "precision_at_200": 0.00785, "precision_at_300": 0.00569, "precision_at_500": 0.00381, "precision_at_1000": 0.00219, "mrr_at_1": 0.29051, "mrr_at_3": 0.34321, "mrr_at_5": 0.35369, "mrr_at_10": 0.36437, "mrr_at_20": 0.36833, "mrr_at_100": 0.37215, "mrr_at_200": 0.37266, "mrr_at_300": 0.37272, "mrr_at_500": 0.3728, "mrr_at_1000": 0.37286, "rc_at_1": {"relevant": 0.0, "distractor": 0.0}, "rc_at_3": {"relevant": 0.0, "distractor": 0.0}, "rc_at_5": {"relevant": 0.0, "distractor": 0.0}, "rc_at_10": {"relevant": 0.0, "distractor": 0.0}, "rc_at_20": {"relevant": 0.0, "distractor": 0.0}, "rc_at_100": {"relevant": 0.0, "distractor": 0.0}, "rc_at_200": {"relevant": 0.0, "distractor": 0.0}, "rc_at_300": {"relevant": 0.0, "distractor": 0.0}, "rc_at_500": {"relevant": 0.0, "distractor": 0.0}, "rc_at_1000": {"relevant": 0.0, "distractor": 0.0}}