{"ndcg_at_1": 0.6, "ndcg_at_3": 0.58358, "ndcg_at_5": 0.55179, "ndcg_at_10": 0.52133, "ndcg_at_20": 0.48422, "ndcg_at_100": 0.34751, "ndcg_at_200": 0.28887, "ndcg_at_300": 0.26343, "ndcg_at_500": 0.25908, "ndcg_at_1000": 0.30029, "map_at_1": 0.00184, "map_at_3": 0.00459, "map_at_5": 0.00641, "map_at_10": 0.01077, "map_at_20": 0.01782, "map_at_100": 0.04731, "map_at_200": 0.06412, "map_at_300": 0.07358, "map_at_500": 0.08554, "map_at_1000": 0.10025, "recall_at_1": 0.00184, "recall_at_3": 0.00506, "recall_at_5": 0.00755, "recall_at_10": 0.01394, "recall_at_20": 0.02511, "recall_at_100": 0.08022, "recall_at_200": 0.12401, "recall_at_300": 0.15339, "recall_at_500": 0.1991, "recall_at_1000": 0.27679, "precision_at_1": 0.64, "precision_at_3": 0.61333, "precision_at_5": 0.576, "precision_at_10": 0.54, "precision_at_20": 0.496, "precision_at_100": 0.3398, "precision_at_200": 0.2696, "precision_at_300": 0.22667, "precision_at_500": 0.18012, "precision_at_1000": 0.129, "mrr_at_1": 0.62, "mrr_at_3": 0.74333, "mrr_at_5": 0.74833, "mrr_at_10": 0.75738, "mrr_at_20": 0.75863, "mrr_at_100": 0.75863, "mrr_at_200": 0.75863, "mrr_at_300": 0.75863, "mrr_at_500": 0.75863, "mrr_at_1000": 0.75863, "rc_at_1": {"relevant": 0.0, "distractor": 0.0}, "rc_at_3": {"relevant": 0.0, "distractor": 0.0}, "rc_at_5": {"relevant": 0.0, "distractor": 0.0}, "rc_at_10": {"relevant": 0.0, "distractor": 0.0}, "rc_at_20": {"relevant": 0.0, "distractor": 0.0}, "rc_at_100": {"relevant": 0.0, "distractor": 0.0}, "rc_at_200": {"relevant": 0.0, "distractor": 0.0}, "rc_at_300": {"relevant": 0.0, "distractor": 0.0}, "rc_at_500": {"relevant": 0.0, "distractor": 0.0}, "rc_at_1000": {"relevant": 0.0, "distractor": 0.0}}