{"ndcg_at_1": 0.18462, "ndcg_at_3": 0.14474, "ndcg_at_5": 0.12795, "ndcg_at_10": 0.11041, "ndcg_at_20": 0.14335, "ndcg_at_100": 0.20665, "ndcg_at_200": 0.23387, "ndcg_at_300": 0.2497, "ndcg_at_500": 0.2654, "ndcg_at_1000": 0.28571, "map_at_1": 0.01846, "map_at_3": 0.03231, "map_at_5": 0.04085, "map_at_10": 0.05231, "map_at_20": 0.06528, "map_at_100": 0.08252, "map_at_200": 0.08542, "map_at_300": 0.08664, "map_at_500": 0.08764, "map_at_1000": 0.08826, "recall_at_1": 0.01846, "recall_at_3": 0.04, "recall_at_5": 0.05692, "recall_at_10": 0.09538, "recall_at_20": 0.15538, "recall_at_100": 0.31231, "recall_at_200": 0.4, "recall_at_300": 0.45692, "recall_at_500": 0.51846, "recall_at_1000": 0.60615, "precision_at_1": 0.18462, "precision_at_3": 0.13333, "precision_at_5": 0.11385, "precision_at_10": 0.09538, "precision_at_20": 0.07769, "precision_at_100": 0.03123, "precision_at_200": 0.02, "precision_at_300": 0.01523, "precision_at_500": 0.01037, "precision_at_1000": 0.00606, "mrr_at_1": 0.18462, "mrr_at_3": 0.2359, "mrr_at_5": 0.24282, "mrr_at_10": 0.26542, "mrr_at_20": 0.27167, "mrr_at_100": 0.27594, "mrr_at_200": 0.27643, "mrr_at_300": 0.2767, "mrr_at_500": 0.27677, "mrr_at_1000": 0.27686, "rc_at_1": {"relevant": 0.18462, "distractor": 0.44615}, "rc_at_3": {"relevant": 0.4, "distractor": 1.29231}, "rc_at_5": {"relevant": 0.56923, "distractor": 2.26154}, "rc_at_10": {"relevant": 0.95385, "distractor": 4.2}, "rc_at_20": {"relevant": 1.55385, "distractor": 7.63077}, "rc_at_100": {"relevant": 3.12308, "distractor": 24.84615}, "rc_at_200": {"relevant": 4.0, "distractor": 33.29231}, "rc_at_300": {"relevant": 4.56923, "distractor": 38.46154}, "rc_at_500": {"relevant": 5.18462, "distractor": 45.26154}, "rc_at_1000": {"relevant": 6.06154, "distractor": 54.35385}}