{"ndcg_at_1": 0.2666, "ndcg_at_3": 0.31079, "ndcg_at_5": 0.33543, "ndcg_at_10": 0.35788, "ndcg_at_20": 0.37923, "ndcg_at_100": 0.40843, "ndcg_at_200": 0.41841, "ndcg_at_300": 0.42435, "ndcg_at_500": 0.43054, "ndcg_at_1000": 0.43548, "map_at_1": 0.21243, "map_at_3": 0.27626, "map_at_5": 0.29304, "map_at_10": 0.30396, "map_at_20": 0.31091, "map_at_100": 0.3158, "map_at_200": 0.31647, "map_at_300": 0.31674, "map_at_500": 0.31693, "map_at_1000": 0.31703, "recall_at_1": 0.21243, "recall_at_3": 0.33844, "recall_at_5": 0.40281, "recall_at_10": 0.47048, "recall_at_20": 0.54509, "recall_at_100": 0.68341, "recall_at_200": 0.74511, "recall_at_300": 0.78578, "recall_at_500": 0.83116, "recall_at_1000": 0.87011, "precision_at_1": 0.2666, "precision_at_3": 0.15047, "precision_at_5": 0.10991, "precision_at_10": 0.06718, "precision_at_20": 0.04013, "precision_at_100": 0.01072, "precision_at_200": 0.00596, "precision_at_300": 0.00424, "precision_at_500": 0.00274, "precision_at_1000": 0.00147, "mrr_at_1": 0.27238, "mrr_at_3": 0.33237, "mrr_at_5": 0.34695, "mrr_at_10": 0.35756, "mrr_at_20": 0.36241, "mrr_at_100": 0.3654, "mrr_at_200": 0.36573, "mrr_at_300": 0.36589, "mrr_at_500": 0.36598, "mrr_at_1000": 0.36603, "rc_at_1": {"relevant": 0.0, "distractor": 0.0}, "rc_at_3": {"relevant": 0.0, "distractor": 0.0}, "rc_at_5": {"relevant": 0.0, "distractor": 0.0}, "rc_at_10": {"relevant": 0.0, "distractor": 0.0}, "rc_at_20": {"relevant": 0.0, "distractor": 0.0}, "rc_at_100": {"relevant": 0.0, "distractor": 0.0}, "rc_at_200": {"relevant": 0.0, "distractor": 0.0}, "rc_at_300": {"relevant": 0.0, "distractor": 0.0}, "rc_at_500": {"relevant": 0.0, "distractor": 0.0}, "rc_at_1000": {"relevant": 0.0, "distractor": 0.0}}