{"ndcg_at_1": 0.0, "ndcg_at_3": 0.0, "ndcg_at_5": 0.0, "ndcg_at_10": 0.00113, "ndcg_at_20": 0.002, "ndcg_at_100": 0.00272, "ndcg_at_200": 0.00321, "ndcg_at_300": 0.00321, "ndcg_at_500": 0.0036, "ndcg_at_1000": 0.00537, "map_at_1": 0.0, "map_at_3": 0.0, "map_at_5": 0.0, "map_at_10": 0.00022, "map_at_20": 0.00033, "map_at_100": 0.00039, "map_at_200": 0.0004, "map_at_300": 0.0004, "map_at_500": 0.00041, "map_at_1000": 0.00043, "recall_at_1": 0.0, "recall_at_3": 0.0, "recall_at_5": 0.0, "recall_at_10": 0.00154, "recall_at_20": 0.00308, "recall_at_100": 0.00462, "recall_at_200": 0.00615, "recall_at_300": 0.00615, "recall_at_500": 0.00769, "recall_at_1000": 0.01538, "precision_at_1": 0.0, "precision_at_3": 0.0, "precision_at_5": 0.0, "precision_at_10": 0.00154, "precision_at_20": 0.00154, "precision_at_100": 0.00046, "precision_at_200": 0.00031, "precision_at_300": 0.00021, "precision_at_500": 0.00015, "precision_at_1000": 0.00015, "mrr_at_1": 0.0, "mrr_at_3": 0.0, "mrr_at_5": 0.0, "mrr_at_10": 0.0022, "mrr_at_20": 0.0033, "mrr_at_100": 0.00391, "mrr_at_200": 0.00405, "mrr_at_300": 0.00405, "mrr_at_500": 0.00409, "mrr_at_1000": 0.00411, "rc_at_1": {"relevant": 0.0, "distractor": 0.0}, "rc_at_3": {"relevant": 0.0, "distractor": 0.01538}, "rc_at_5": {"relevant": 0.0, "distractor": 0.01538}, "rc_at_10": {"relevant": 0.01538, "distractor": 0.04615}, "rc_at_20": {"relevant": 0.03077, "distractor": 0.06154}, "rc_at_100": {"relevant": 0.04615, "distractor": 0.15385}, "rc_at_200": {"relevant": 0.06154, "distractor": 0.27692}, "rc_at_300": {"relevant": 0.06154, "distractor": 0.30769}, "rc_at_500": {"relevant": 0.07692, "distractor": 0.43077}, "rc_at_1000": {"relevant": 0.15385, "distractor": 0.76923}}