{"ndcg_at_1": 0.3242, "ndcg_at_3": 0.36737, "ndcg_at_5": 0.39427, "ndcg_at_10": 0.42714, "ndcg_at_20": 0.44758, "ndcg_at_100": 0.47714, "ndcg_at_200": 0.48726, "ndcg_at_300": 0.49227, "ndcg_at_500": 0.49697, "ndcg_at_1000": 0.50084, "map_at_1": 0.26361, "map_at_3": 0.3307, "map_at_5": 0.35091, "map_at_10": 0.36724, "map_at_20": 0.3741, "map_at_100": 0.37902, "map_at_200": 0.37973, "map_at_300": 0.37996, "map_at_500": 0.38012, "map_at_1000": 0.38021, "recall_at_1": 0.26361, "recall_at_3": 0.39573, "recall_at_5": 0.4646, "recall_at_10": 0.5611, "recall_at_20": 0.63313, "recall_at_100": 0.7732, "recall_at_200": 0.8343, "recall_at_300": 0.86751, "recall_at_500": 0.90065, "recall_at_1000": 0.93052, "precision_at_1": 0.3242, "precision_at_3": 0.17314, "precision_at_5": 0.12626, "precision_at_10": 0.079, "precision_at_20": 0.04583, "precision_at_100": 0.01193, "precision_at_200": 0.00665, "precision_at_300": 0.00468, "precision_at_500": 0.00297, "precision_at_1000": 0.00157, "mrr_at_1": 0.3242, "mrr_at_3": 0.38661, "mrr_at_5": 0.40127, "mrr_at_10": 0.41508, "mrr_at_20": 0.41973, "mrr_at_100": 0.42299, "mrr_at_200": 0.42336, "mrr_at_300": 0.42347, "mrr_at_500": 0.42353, "mrr_at_1000": 0.42356, "rc_at_1": {"relevant": 0.0, "distractor": 0.0}, "rc_at_3": {"relevant": 0.0, "distractor": 0.0}, "rc_at_5": {"relevant": 0.0, "distractor": 0.0}, "rc_at_10": {"relevant": 0.0, "distractor": 0.0}, "rc_at_20": {"relevant": 0.0, "distractor": 0.0}, "rc_at_100": {"relevant": 0.0, "distractor": 0.0}, "rc_at_200": {"relevant": 0.0, "distractor": 0.0}, "rc_at_300": {"relevant": 0.0, "distractor": 0.0}, "rc_at_500": {"relevant": 0.0, "distractor": 0.0}, "rc_at_1000": {"relevant": 0.0, "distractor": 0.0}}