{"ndcg_at_1": 0.16923, "ndcg_at_3": 0.1193, "ndcg_at_5": 0.11181, "ndcg_at_10": 0.10209, "ndcg_at_20": 0.12665, "ndcg_at_100": 0.20403, "ndcg_at_200": 0.23163, "ndcg_at_300": 0.24495, "ndcg_at_500": 0.25988, "ndcg_at_1000": 0.28498, "map_at_1": 0.01692, "map_at_3": 0.02385, "map_at_5": 0.03138, "map_at_10": 0.04416, "map_at_20": 0.05295, "map_at_100": 0.07045, "map_at_200": 0.07374, "map_at_300": 0.07473, "map_at_500": 0.07553, "map_at_1000": 0.07636, "recall_at_1": 0.01692, "recall_at_3": 0.03231, "recall_at_5": 0.05077, "recall_at_10": 0.09231, "recall_at_20": 0.13692, "recall_at_100": 0.33077, "recall_at_200": 0.42, "recall_at_300": 0.46769, "recall_at_500": 0.52615, "recall_at_1000": 0.63538, "precision_at_1": 0.16923, "precision_at_3": 0.10769, "precision_at_5": 0.10154, "precision_at_10": 0.09231, "precision_at_20": 0.06846, "precision_at_100": 0.03308, "precision_at_200": 0.021, "precision_at_300": 0.01559, "precision_at_500": 0.01052, "precision_at_1000": 0.00635, "mrr_at_1": 0.16923, "mrr_at_3": 0.2359, "mrr_at_5": 0.26744, "mrr_at_10": 0.2763, "mrr_at_20": 0.28639, "mrr_at_100": 0.29221, "mrr_at_200": 0.29246, "mrr_at_300": 0.29254, "mrr_at_500": 0.29258, "mrr_at_1000": 0.29263, "rc_at_1": {"relevant": 0.16923, "distractor": 0.67692}, "rc_at_3": {"relevant": 0.35385, "distractor": 2.06154}, "rc_at_5": {"relevant": 0.6, "distractor": 3.13846}, "rc_at_10": {"relevant": 0.92308, "distractor": 5.92308}, "rc_at_20": {"relevant": 1.44615, "distractor": 10.86154}, "rc_at_100": {"relevant": 3.43077, "distractor": 31.38462}, "rc_at_200": {"relevant": 4.49231, "distractor": 41.63077}, "rc_at_300": {"relevant": 4.83077, "distractor": 46.95385}, "rc_at_500": {"relevant": 5.4, "distractor": 53.52308}, "rc_at_1000": {"relevant": 6.36923, "distractor": 62.27692}}