{"ndcg_at_1": 0.09091, "ndcg_at_3": 0.07161, "ndcg_at_5": 0.0568, "ndcg_at_10": 0.04698, "ndcg_at_20": 0.05765, "ndcg_at_100": 0.0759, "ndcg_at_200": 0.08832, "ndcg_at_300": 0.09688, "ndcg_at_500": 0.10568, "ndcg_at_1000": 0.11832, "map_at_1": 0.00909, "map_at_3": 0.01424, "map_at_5": 0.01506, "map_at_10": 0.01758, "map_at_20": 0.02016, "map_at_100": 0.02302, "map_at_200": 0.0239, "map_at_300": 0.02442, "map_at_500": 0.02477, "map_at_1000": 0.02508, "recall_at_1": 0.00909, "recall_at_3": 0.02, "recall_at_5": 0.02364, "recall_at_10": 0.03818, "recall_at_20": 0.05818, "recall_at_100": 0.10364, "recall_at_200": 0.14364, "recall_at_300": 0.17455, "recall_at_500": 0.20909, "recall_at_1000": 0.26364, "precision_at_1": 0.09091, "precision_at_3": 0.06667, "precision_at_5": 0.04727, "precision_at_10": 0.03818, "precision_at_20": 0.02909, "precision_at_100": 0.01036, "precision_at_200": 0.00718, "precision_at_300": 0.00582, "precision_at_500": 0.00418, "precision_at_1000": 0.00264, "mrr_at_1": 0.09091, "mrr_at_3": 0.1303, "mrr_at_5": 0.13848, "mrr_at_10": 0.15002, "mrr_at_20": 0.15381, "mrr_at_100": 0.15563, "mrr_at_200": 0.15645, "mrr_at_300": 0.15659, "mrr_at_500": 0.15669, "mrr_at_1000": 0.1568, "rc_at_1": {"relevant": 0.09091, "distractor": 0.12727}, "rc_at_3": {"relevant": 0.2, "distractor": 0.38182}, "rc_at_5": {"relevant": 0.23636, "distractor": 0.67273}, "rc_at_10": {"relevant": 0.38182, "distractor": 1.14545}, "rc_at_20": {"relevant": 0.58182, "distractor": 2.10909}, "rc_at_100": {"relevant": 1.03636, "distractor": 5.30909}, "rc_at_200": {"relevant": 1.43636, "distractor": 7.85455}, "rc_at_300": {"relevant": 1.74545, "distractor": 9.56364}, "rc_at_500": {"relevant": 2.09091, "distractor": 12.27273}, "rc_at_1000": {"relevant": 2.63636, "distractor": 16.38182}}