{"ndcg_at_1": 0.25613, "ndcg_at_3": 0.30072, "ndcg_at_5": 0.31844, "ndcg_at_10": 0.34136, "ndcg_at_20": 0.3606, "ndcg_at_100": 0.38789, "ndcg_at_200": 0.39816, "ndcg_at_300": 0.40259, "ndcg_at_500": 0.40778, "ndcg_at_1000": 0.41264, "map_at_1": 0.22867, "map_at_3": 0.27683, "map_at_5": 0.28818, "map_at_10": 0.29863, "map_at_20": 0.3046, "map_at_100": 0.30867, "map_at_200": 0.30926, "map_at_300": 0.30944, "map_at_500": 0.30957, "map_at_1000": 0.30966, "recall_at_1": 0.22867, "recall_at_3": 0.33243, "recall_at_5": 0.37655, "recall_at_10": 0.44611, "recall_at_20": 0.51641, "recall_at_100": 0.65453, "recall_at_200": 0.72224, "recall_at_300": 0.75415, "recall_at_500": 0.7953, "recall_at_1000": 0.83651, "precision_at_1": 0.25613, "precision_at_3": 0.12986, "precision_at_5": 0.09049, "precision_at_10": 0.05429, "precision_at_20": 0.03229, "precision_at_100": 0.00837, "precision_at_200": 0.0047, "precision_at_300": 0.0033, "precision_at_500": 0.00211, "precision_at_1000": 0.00112, "mrr_at_1": 0.26227, "mrr_at_3": 0.30777, "mrr_at_5": 0.32111, "mrr_at_10": 0.32929, "mrr_at_20": 0.33431, "mrr_at_100": 0.33788, "mrr_at_200": 0.33834, "mrr_at_300": 0.33843, "mrr_at_500": 0.33853, "mrr_at_1000": 0.33858, "rc_at_1": {"relevant": 0.0, "distractor": 0.0}, "rc_at_3": {"relevant": 0.0, "distractor": 0.0}, "rc_at_5": {"relevant": 0.0, "distractor": 0.0}, "rc_at_10": {"relevant": 0.0, "distractor": 0.0}, "rc_at_20": {"relevant": 0.0, "distractor": 0.0}, "rc_at_100": {"relevant": 0.0, "distractor": 0.0}, "rc_at_200": {"relevant": 0.0, "distractor": 0.0}, "rc_at_300": {"relevant": 0.0, "distractor": 0.0}, "rc_at_500": {"relevant": 0.0, "distractor": 0.0}, "rc_at_1000": {"relevant": 0.0, "distractor": 0.0}}