{"ndcg_at_1": 0.04615, "ndcg_at_3": 0.03343, "ndcg_at_5": 0.02843, "ndcg_at_10": 0.02165, "ndcg_at_20": 0.02593, "ndcg_at_100": 0.03814, "ndcg_at_200": 0.04182, "ndcg_at_300": 0.04436, "ndcg_at_500": 0.05109, "ndcg_at_1000": 0.05864, "map_at_1": 0.00462, "map_at_3": 0.00641, "map_at_5": 0.0071, "map_at_10": 0.00785, "map_at_20": 0.00863, "map_at_100": 0.00954, "map_at_200": 0.0097, "map_at_300": 0.00977, "map_at_500": 0.00996, "map_at_1000": 0.01011, "recall_at_1": 0.00462, "recall_at_3": 0.00923, "recall_at_5": 0.01231, "recall_at_10": 0.01692, "recall_at_20": 0.02462, "recall_at_100": 0.05692, "recall_at_200": 0.06923, "recall_at_300": 0.07846, "recall_at_500": 0.10462, "recall_at_1000": 0.13692, "precision_at_1": 0.04615, "precision_at_3": 0.03077, "precision_at_5": 0.02462, "precision_at_10": 0.01692, "precision_at_20": 0.01231, "precision_at_100": 0.00569, "precision_at_200": 0.00346, "precision_at_300": 0.00262, "precision_at_500": 0.00209, "precision_at_1000": 0.00137, "mrr_at_1": 0.04615, "mrr_at_3": 0.0641, "mrr_at_5": 0.07103, "mrr_at_10": 0.07513, "mrr_at_20": 0.07803, "mrr_at_100": 0.08141, "mrr_at_200": 0.08158, "mrr_at_300": 0.08169, "mrr_at_500": 0.08192, "mrr_at_1000": 0.08203, "rc_at_1": {"relevant": 0.04615, "distractor": 0.13846}, "rc_at_3": {"relevant": 0.09231, "distractor": 0.36923}, "rc_at_5": {"relevant": 0.12308, "distractor": 0.58462}, "rc_at_10": {"relevant": 0.16923, "distractor": 1.03077}, "rc_at_20": {"relevant": 0.24615, "distractor": 1.66154}, "rc_at_100": {"relevant": 0.56923, "distractor": 3.95385}, "rc_at_200": {"relevant": 0.69231, "distractor": 5.43077}, "rc_at_300": {"relevant": 0.78462, "distractor": 6.58462}, "rc_at_500": {"relevant": 1.04615, "distractor": 8.24615}, "rc_at_1000": {"relevant": 1.36923, "distractor": 10.90769}}