{"ndcg_at_1": 0.07692, "ndcg_at_3": 0.05698, "ndcg_at_5": 0.05017, "ndcg_at_10": 0.0447, "ndcg_at_20": 0.0577, "ndcg_at_100": 0.08201, "ndcg_at_200": 0.09956, "ndcg_at_300": 0.10668, "ndcg_at_500": 0.11693, "ndcg_at_1000": 0.13019, "map_at_1": 0.00769, "map_at_3": 0.01154, "map_at_5": 0.01346, "map_at_10": 0.0165, "map_at_20": 0.01901, "map_at_100": 0.02204, "map_at_200": 0.02357, "map_at_300": 0.02391, "map_at_500": 0.02435, "map_at_1000": 0.02471, "recall_at_1": 0.00769, "recall_at_3": 0.01538, "recall_at_5": 0.02154, "recall_at_10": 0.03846, "recall_at_20": 0.06154, "recall_at_100": 0.12308, "recall_at_200": 0.18, "recall_at_300": 0.20615, "recall_at_500": 0.24615, "recall_at_1000": 0.30308, "precision_at_1": 0.07692, "precision_at_3": 0.05128, "precision_at_5": 0.04308, "precision_at_10": 0.03846, "precision_at_20": 0.03077, "precision_at_100": 0.01231, "precision_at_200": 0.009, "precision_at_300": 0.00687, "precision_at_500": 0.00492, "precision_at_1000": 0.00303, "mrr_at_1": 0.07692, "mrr_at_3": 0.10513, "mrr_at_5": 0.11667, "mrr_at_10": 0.13241, "mrr_at_20": 0.14047, "mrr_at_100": 0.14518, "mrr_at_200": 0.14591, "mrr_at_300": 0.14591, "mrr_at_500": 0.14602, "mrr_at_1000": 0.1461, "rc_at_1": {"relevant": 0.07692, "distractor": 0.33846}, "rc_at_3": {"relevant": 0.15385, "distractor": 0.89231}, "rc_at_5": {"relevant": 0.21538, "distractor": 1.41538}, "rc_at_10": {"relevant": 0.38462, "distractor": 2.33846}, "rc_at_20": {"relevant": 0.61538, "distractor": 3.92308}, "rc_at_100": {"relevant": 1.23077, "distractor": 10.23077}, "rc_at_200": {"relevant": 1.8, "distractor": 14.35385}, "rc_at_300": {"relevant": 2.06154, "distractor": 17.36923}, "rc_at_500": {"relevant": 2.46154, "distractor": 21.36923}, "rc_at_1000": {"relevant": 3.03077, "distractor": 27.53846}}