{"ndcg_at_1": 0.35385, "ndcg_at_3": 0.26764, "ndcg_at_5": 0.24733, "ndcg_at_10": 0.21906, "ndcg_at_20": 0.27316, "ndcg_at_100": 0.45292, "ndcg_at_200": 0.50592, "ndcg_at_300": 0.50972, "ndcg_at_500": 0.5133, "ndcg_at_1000": 0.51649, "map_at_1": 0.03538, "map_at_3": 0.06513, "map_at_5": 0.08605, "map_at_10": 0.11796, "map_at_20": 0.13963, "map_at_100": 0.19264, "map_at_200": 0.20383, "map_at_300": 0.20429, "map_at_500": 0.20458, "map_at_1000": 0.20475, "recall_at_1": 0.03538, "recall_at_3": 0.07385, "recall_at_5": 0.11231, "recall_at_10": 0.19538, "recall_at_20": 0.29385, "recall_at_100": 0.75846, "recall_at_200": 0.92615, "recall_at_300": 0.94, "recall_at_500": 0.95385, "recall_at_1000": 0.96769, "precision_at_1": 0.35385, "precision_at_3": 0.24615, "precision_at_5": 0.22462, "precision_at_10": 0.19538, "precision_at_20": 0.14692, "precision_at_100": 0.07585, "precision_at_200": 0.04631, "precision_at_300": 0.03133, "precision_at_500": 0.01908, "precision_at_1000": 0.00968, "mrr_at_1": 0.35385, "mrr_at_3": 0.40256, "mrr_at_5": 0.43179, "mrr_at_10": 0.45232, "mrr_at_20": 0.46075, "mrr_at_100": 0.46495, "mrr_at_200": 0.46495, "mrr_at_300": 0.46495, "mrr_at_500": 0.46495, "mrr_at_1000": 0.46495, "rc_at_1": {"relevant": 0.35385, "distractor": 0.64615}, "rc_at_3": {"relevant": 0.73846, "distractor": 2.24615}, "rc_at_5": {"relevant": 1.13846, "distractor": 3.84615}, "rc_at_10": {"relevant": 1.95385, "distractor": 8.01538}, "rc_at_20": {"relevant": 2.95385, "distractor": 16.84615}, "rc_at_100": {"relevant": 7.58462, "distractor": 83.89231}, "rc_at_200": {"relevant": 9.26154, "distractor": 94.8}, "rc_at_300": {"relevant": 9.4, "distractor": 96.27692}, "rc_at_500": {"relevant": 9.53846, "distractor": 97.23077}, "rc_at_1000": {"relevant": 9.67692, "distractor": 98.2}}