{"ndcg_at_1": 0.38462, "ndcg_at_3": 0.31741, "ndcg_at_5": 0.29136, "ndcg_at_10": 0.24799, "ndcg_at_20": 0.30054, "ndcg_at_100": 0.49848, "ndcg_at_200": 0.54418, "ndcg_at_300": 0.54719, "ndcg_at_500": 0.54913, "ndcg_at_1000": 0.54985, "map_at_1": 0.03846, "map_at_3": 0.07692, "map_at_5": 0.10031, "map_at_10": 0.13545, "map_at_20": 0.16228, "map_at_100": 0.21949, "map_at_200": 0.22979, "map_at_300": 0.23018, "map_at_500": 0.23036, "map_at_1000": 0.2304, "recall_at_1": 0.03846, "recall_at_3": 0.09077, "recall_at_5": 0.13538, "recall_at_10": 0.22, "recall_at_20": 0.31538, "recall_at_100": 0.83385, "recall_at_200": 0.97692, "recall_at_300": 0.98769, "recall_at_500": 0.99538, "recall_at_1000": 0.99846, "precision_at_1": 0.38462, "precision_at_3": 0.30256, "precision_at_5": 0.27077, "precision_at_10": 0.22, "precision_at_20": 0.15769, "precision_at_100": 0.08338, "precision_at_200": 0.04885, "precision_at_300": 0.03292, "precision_at_500": 0.01991, "precision_at_1000": 0.00998, "mrr_at_1": 0.36923, "mrr_at_3": 0.45385, "mrr_at_5": 0.47846, "mrr_at_10": 0.49659, "mrr_at_20": 0.50143, "mrr_at_100": 0.50488, "mrr_at_200": 0.50488, "mrr_at_300": 0.50488, "mrr_at_500": 0.50488, "mrr_at_1000": 0.50488, "rc_at_1": {"relevant": 0.36923, "distractor": 0.63077}, "rc_at_3": {"relevant": 0.92308, "distractor": 2.07692}, "rc_at_5": {"relevant": 1.36923, "distractor": 3.61538}, "rc_at_10": {"relevant": 2.18462, "distractor": 7.75385}, "rc_at_20": {"relevant": 3.15385, "distractor": 16.70769}, "rc_at_100": {"relevant": 8.36923, "distractor": 87.06154}, "rc_at_200": {"relevant": 9.78462, "distractor": 97.36923}, "rc_at_300": {"relevant": 9.87692, "distractor": 98.24615}, "rc_at_500": {"relevant": 9.95385, "distractor": 98.73846}, "rc_at_1000": {"relevant": 9.98462, "distractor": 99.2}}