{"ndcg_at_1": 0.00739, "ndcg_at_3": 0.01464, "ndcg_at_5": 0.01851, "ndcg_at_10": 0.02809, "ndcg_at_20": 0.03698, "ndcg_at_100": 0.05855, "ndcg_at_200": 0.07189, "ndcg_at_300": 0.07883, "ndcg_at_500": 0.08984, "ndcg_at_1000": 0.10319, "map_at_1": 0.00453, "map_at_3": 0.01146, "map_at_5": 0.01396, "map_at_10": 0.01783, "map_at_20": 0.02021, "map_at_100": 0.02302, "map_at_200": 0.02369, "map_at_300": 0.02393, "map_at_500": 0.02419, "map_at_1000": 0.02438, "recall_at_1": 0.00453, "recall_at_3": 0.01932, "recall_at_5": 0.02948, "recall_at_10": 0.05819, "recall_at_20": 0.09214, "recall_at_100": 0.20769, "recall_at_200": 0.3, "recall_at_300": 0.35259, "recall_at_500": 0.44273, "recall_at_1000": 0.56185, "precision_at_1": 0.00739, "precision_at_3": 0.00801, "precision_at_5": 0.00702, "precision_at_10": 0.00684, "precision_at_20": 0.00545, "precision_at_100": 0.00244, "precision_at_200": 0.00177, "precision_at_300": 0.0014, "precision_at_500": 0.00108, "precision_at_1000": 0.00071, "mrr_at_1": 0.00739, "mrr_at_3": 0.0151, "mrr_at_5": 0.01722, "mrr_at_10": 0.02147, "mrr_at_20": 0.02409, "mrr_at_100": 0.02693, "mrr_at_200": 0.02762, "mrr_at_300": 0.02784, "mrr_at_500": 0.02809, "mrr_at_1000": 0.02825, "rc_at_1": {"relevant": 0.0, "distractor": 0.0}, "rc_at_3": {"relevant": 0.0, "distractor": 0.0}, "rc_at_5": {"relevant": 0.0, "distractor": 0.0}, "rc_at_10": {"relevant": 0.0, "distractor": 0.0}, "rc_at_20": {"relevant": 0.0, "distractor": 0.0}, "rc_at_100": {"relevant": 0.0, "distractor": 0.0}, "rc_at_200": {"relevant": 0.0, "distractor": 0.0}, "rc_at_300": {"relevant": 0.0, "distractor": 0.0}, "rc_at_500": {"relevant": 0.0, "distractor": 0.0}, "rc_at_1000": {"relevant": 0.0, "distractor": 0.0}}