{"ndcg_at_1": 0.43077, "ndcg_at_3": 0.32385, "ndcg_at_5": 0.30029, "ndcg_at_10": 0.24564, "ndcg_at_20": 0.31136, "ndcg_at_100": 0.49016, "ndcg_at_200": 0.53199, "ndcg_at_300": 0.53538, "ndcg_at_500": 0.53856, "ndcg_at_1000": 0.54355, "map_at_1": 0.04308, "map_at_3": 0.07769, "map_at_5": 0.10769, "map_at_10": 0.13886, "map_at_20": 0.17244, "map_at_100": 0.22498, "map_at_200": 0.2345, "map_at_300": 0.23494, "map_at_500": 0.23522, "map_at_1000": 0.23547, "recall_at_1": 0.04308, "recall_at_3": 0.08769, "recall_at_5": 0.13538, "recall_at_10": 0.20769, "recall_at_20": 0.32615, "recall_at_100": 0.78923, "recall_at_200": 0.92, "recall_at_300": 0.93231, "recall_at_500": 0.94462, "recall_at_1000": 0.96615, "precision_at_1": 0.43077, "precision_at_3": 0.29231, "precision_at_5": 0.27077, "precision_at_10": 0.20769, "precision_at_20": 0.16308, "precision_at_100": 0.07892, "precision_at_200": 0.046, "precision_at_300": 0.03108, "precision_at_500": 0.01889, "precision_at_1000": 0.00966, "mrr_at_1": 0.43077, "mrr_at_3": 0.49487, "mrr_at_5": 0.51487, "mrr_at_10": 0.52508, "mrr_at_20": 0.53503, "mrr_at_100": 0.53942, "mrr_at_200": 0.53942, "mrr_at_300": 0.53942, "mrr_at_500": 0.53942, "mrr_at_1000": 0.53942, "rc_at_1": {"relevant": 0.43077, "distractor": 0.56923}, "rc_at_3": {"relevant": 0.92308, "distractor": 2.07692}, "rc_at_5": {"relevant": 1.38462, "distractor": 3.6}, "rc_at_10": {"relevant": 2.09231, "distractor": 7.83077}, "rc_at_20": {"relevant": 3.26154, "distractor": 16.36923}, "rc_at_100": {"relevant": 7.96923, "distractor": 83.29231}, "rc_at_200": {"relevant": 9.21538, "distractor": 95.24615}, "rc_at_300": {"relevant": 9.35385, "distractor": 96.26154}, "rc_at_500": {"relevant": 9.44615, "distractor": 97.46154}, "rc_at_1000": {"relevant": 9.66154, "distractor": 98.43077}}