{"ndcg_at_1": 0.27273, "ndcg_at_3": 0.23636, "ndcg_at_5": 0.20189, "ndcg_at_10": 0.17931, "ndcg_at_20": 0.21722, "ndcg_at_100": 0.30825, "ndcg_at_200": 0.33016, "ndcg_at_300": 0.34072, "ndcg_at_500": 0.3519, "ndcg_at_1000": 0.3667, "map_at_1": 0.02727, "map_at_3": 0.05818, "map_at_5": 0.07145, "map_at_10": 0.09499, "map_at_20": 0.10991, "map_at_100": 0.13369, "map_at_200": 0.13674, "map_at_300": 0.13771, "map_at_500": 0.13852, "map_at_1000": 0.13907, "recall_at_1": 0.02727, "recall_at_3": 0.06727, "recall_at_5": 0.08909, "recall_at_10": 0.15636, "recall_at_20": 0.22545, "recall_at_100": 0.45091, "recall_at_200": 0.52182, "recall_at_300": 0.56, "recall_at_500": 0.60364, "recall_at_1000": 0.66727, "precision_at_1": 0.27273, "precision_at_3": 0.22424, "precision_at_5": 0.17818, "precision_at_10": 0.15636, "precision_at_20": 0.11273, "precision_at_100": 0.04509, "precision_at_200": 0.02609, "precision_at_300": 0.01867, "precision_at_500": 0.01207, "precision_at_1000": 0.00667, "mrr_at_1": 0.27273, "mrr_at_3": 0.34848, "mrr_at_5": 0.36576, "mrr_at_10": 0.39833, "mrr_at_20": 0.40414, "mrr_at_100": 0.40691, "mrr_at_200": 0.40691, "mrr_at_300": 0.40704, "mrr_at_500": 0.40709, "mrr_at_1000": 0.40709, "rc_at_1": {"relevant": 0.27273, "distractor": 0.50909}, "rc_at_3": {"relevant": 0.69091, "distractor": 1.61818}, "rc_at_5": {"relevant": 0.90909, "distractor": 2.83636}, "rc_at_10": {"relevant": 1.65455, "distractor": 5.34545}, "rc_at_20": {"relevant": 2.34545, "distractor": 9.85455}, "rc_at_100": {"relevant": 4.6, "distractor": 26.45455}, "rc_at_200": {"relevant": 5.25455, "distractor": 35.32727}, "rc_at_300": {"relevant": 5.61818, "distractor": 39.34545}, "rc_at_500": {"relevant": 6.03636, "distractor": 44.45455}, "rc_at_1000": {"relevant": 6.67273, "distractor": 52.03636}}