{"ndcg_at_1": 0.3209, "ndcg_at_3": 0.3846, "ndcg_at_5": 0.40844, "ndcg_at_10": 0.4356, "ndcg_at_20": 0.45855, "ndcg_at_100": 0.48618, "ndcg_at_200": 0.49347, "ndcg_at_300": 0.49686, "ndcg_at_500": 0.49965, "ndcg_at_1000": 0.50332, "map_at_1": 0.2986, "map_at_3": 0.35927, "map_at_5": 0.37329, "map_at_10": 0.3857, "map_at_20": 0.39246, "map_at_100": 0.39641, "map_at_200": 0.39687, "map_at_300": 0.39699, "map_at_500": 0.39706, "map_at_1000": 0.39713, "recall_at_1": 0.2986, "recall_at_3": 0.43075, "recall_at_5": 0.48872, "recall_at_10": 0.5683, "recall_at_20": 0.65422, "recall_at_100": 0.79754, "recall_at_200": 0.84548, "recall_at_300": 0.87007, "recall_at_500": 0.89252, "recall_at_1000": 0.92401, "precision_at_1": 0.3209, "precision_at_3": 0.16158, "precision_at_5": 0.11073, "precision_at_10": 0.06554, "precision_at_20": 0.03819, "precision_at_100": 0.00948, "precision_at_200": 0.00509, "precision_at_300": 0.00352, "precision_at_500": 0.00217, "precision_at_1000": 0.00113, "mrr_at_1": 0.31977, "mrr_at_3": 0.38211, "mrr_at_5": 0.39556, "mrr_at_10": 0.40607, "mrr_at_20": 0.4122, "mrr_at_100": 0.41555, "mrr_at_200": 0.4159, "mrr_at_300": 0.41599, "mrr_at_500": 0.41605, "mrr_at_1000": 0.41608, "rc_at_1": {"relevant": 0.0, "distractor": 0.0}, "rc_at_3": {"relevant": 0.0, "distractor": 0.0}, "rc_at_5": {"relevant": 0.0, "distractor": 0.0}, "rc_at_10": {"relevant": 0.0, "distractor": 0.0}, "rc_at_20": {"relevant": 0.0, "distractor": 0.0}, "rc_at_100": {"relevant": 0.0, "distractor": 0.0}, "rc_at_200": {"relevant": 0.0, "distractor": 0.0}, "rc_at_300": {"relevant": 0.0, "distractor": 0.0}, "rc_at_500": {"relevant": 0.0, "distractor": 0.0}, "rc_at_1000": {"relevant": 0.0, "distractor": 0.0}}