{"ndcg_at_1": 0.32099, "ndcg_at_3": 0.28383, "ndcg_at_5": 0.29695, "ndcg_at_10": 0.31903, "ndcg_at_20": 0.34165, "ndcg_at_100": 0.38303, "ndcg_at_200": 0.3953, "ndcg_at_300": 0.40116, "ndcg_at_500": 0.40908, "ndcg_at_1000": 0.41689, "map_at_1": 0.15857, "map_at_3": 0.21663, "map_at_5": 0.23682, "map_at_10": 0.25108, "map_at_20": 0.26032, "map_at_100": 0.26789, "map_at_200": 0.26882, "map_at_300": 0.26913, "map_at_500": 0.26943, "map_at_1000": 0.26962, "recall_at_1": 0.15857, "recall_at_3": 0.2509, "recall_at_5": 0.306, "recall_at_10": 0.3758, "recall_at_20": 0.44391, "recall_at_100": 0.61623, "recall_at_200": 0.68247, "recall_at_300": 0.71794, "recall_at_500": 0.76969, "recall_at_1000": 0.8241, "precision_at_1": 0.32099, "precision_at_3": 0.1893, "precision_at_5": 0.14568, "precision_at_10": 0.09059, "precision_at_20": 0.05502, "precision_at_100": 0.01568, "precision_at_200": 0.00877, "precision_at_300": 0.00618, "precision_at_500": 0.00399, "precision_at_1000": 0.00216, "mrr_at_1": 0.32407, "mrr_at_3": 0.37063, "mrr_at_5": 0.38668, "mrr_at_10": 0.39581, "mrr_at_20": 0.39907, "mrr_at_100": 0.4032, "mrr_at_200": 0.40364, "mrr_at_300": 0.40372, "mrr_at_500": 0.4038, "mrr_at_1000": 0.40384, "rc_at_1": {"relevant": 0.0, "distractor": 0.0}, "rc_at_3": {"relevant": 0.0, "distractor": 0.0}, "rc_at_5": {"relevant": 0.0, "distractor": 0.0}, "rc_at_10": {"relevant": 0.0, "distractor": 0.0}, "rc_at_20": {"relevant": 0.0, "distractor": 0.0}, "rc_at_100": {"relevant": 0.0, "distractor": 0.0}, "rc_at_200": {"relevant": 0.0, "distractor": 0.0}, "rc_at_300": {"relevant": 0.0, "distractor": 0.0}, "rc_at_500": {"relevant": 0.0, "distractor": 0.0}, "rc_at_1000": {"relevant": 0.0, "distractor": 0.0}}