{"ndcg_at_1": 0.00955, "ndcg_at_3": 0.01297, "ndcg_at_5": 0.01384, "ndcg_at_10": 0.01636, "ndcg_at_20": 0.01807, "ndcg_at_100": 0.02423, "ndcg_at_200": 0.02824, "ndcg_at_300": 0.03177, "ndcg_at_500": 0.0357, "ndcg_at_1000": 0.04258, "map_at_1": 0.00711, "map_at_3": 0.01064, "map_at_5": 0.01113, "map_at_10": 0.01214, "map_at_20": 0.01259, "map_at_100": 0.01329, "map_at_200": 0.01348, "map_at_300": 0.01359, "map_at_500": 0.01368, "map_at_1000": 0.01377, "recall_at_1": 0.00711, "recall_at_3": 0.01517, "recall_at_5": 0.01709, "recall_at_10": 0.02494, "recall_at_20": 0.03169, "recall_at_100": 0.0631, "recall_at_200": 0.08915, "recall_at_300": 0.11441, "recall_at_500": 0.14478, "recall_at_1000": 0.20278, "precision_at_1": 0.00955, "precision_at_3": 0.00701, "precision_at_5": 0.00522, "precision_at_10": 0.00382, "precision_at_20": 0.00239, "precision_at_100": 0.00102, "precision_at_200": 0.00073, "precision_at_300": 0.00063, "precision_at_500": 0.00049, "precision_at_1000": 0.00036, "mrr_at_1": 0.01083, "mrr_at_3": 0.01444, "mrr_at_5": 0.01558, "mrr_at_10": 0.01667, "mrr_at_20": 0.01745, "mrr_at_100": 0.01851, "mrr_at_200": 0.01874, "mrr_at_300": 0.01886, "mrr_at_500": 0.01897, "mrr_at_1000": 0.01909, "rc_at_1": {"relevant": 0.0, "distractor": 0.0}, "rc_at_3": {"relevant": 0.0, "distractor": 0.0}, "rc_at_5": {"relevant": 0.0, "distractor": 0.0}, "rc_at_10": {"relevant": 0.0, "distractor": 0.0}, "rc_at_20": {"relevant": 0.0, "distractor": 0.0}, "rc_at_100": {"relevant": 0.0, "distractor": 0.0}, "rc_at_200": {"relevant": 0.0, "distractor": 0.0}, "rc_at_300": {"relevant": 0.0, "distractor": 0.0}, "rc_at_500": {"relevant": 0.0, "distractor": 0.0}, "rc_at_1000": {"relevant": 0.0, "distractor": 0.0}}