{"ndcg_at_1": 0.26756, "ndcg_at_3": 0.32736, "ndcg_at_5": 0.3526, "ndcg_at_10": 0.3805, "ndcg_at_20": 0.40409, "ndcg_at_100": 0.43896, "ndcg_at_200": 0.44793, "ndcg_at_300": 0.45231, "ndcg_at_500": 0.45669, "ndcg_at_1000": 0.46192, "map_at_1": 0.22271, "map_at_3": 0.29123, "map_at_5": 0.30838, "map_at_10": 0.32191, "map_at_20": 0.3293, "map_at_100": 0.33547, "map_at_200": 0.33616, "map_at_300": 0.33637, "map_at_500": 0.33652, "map_at_1000": 0.33664, "recall_at_1": 0.22271, "recall_at_3": 0.36214, "recall_at_5": 0.42412, "recall_at_10": 0.50648, "recall_at_20": 0.5906, "recall_at_100": 0.75173, "recall_at_200": 0.80352, "recall_at_300": 0.83177, "recall_at_500": 0.86249, "recall_at_1000": 0.90293, "precision_at_1": 0.26756, "precision_at_3": 0.15656, "precision_at_5": 0.11396, "precision_at_10": 0.07093, "precision_at_20": 0.04249, "precision_at_100": 0.01169, "precision_at_200": 0.00652, "precision_at_300": 0.00458, "precision_at_500": 0.00291, "precision_at_1000": 0.00156, "mrr_at_1": 0.26949, "mrr_at_3": 0.34216, "mrr_at_5": 0.3591, "mrr_at_10": 0.37047, "mrr_at_20": 0.37654, "mrr_at_100": 0.3801, "mrr_at_200": 0.3804, "mrr_at_300": 0.3805, "mrr_at_500": 0.38055, "mrr_at_1000": 0.38059, "rc_at_1": {"relevant": 0.0, "distractor": 0.0}, "rc_at_3": {"relevant": 0.0, "distractor": 0.0}, "rc_at_5": {"relevant": 0.0, "distractor": 0.0}, "rc_at_10": {"relevant": 0.0, "distractor": 0.0}, "rc_at_20": {"relevant": 0.0, "distractor": 0.0}, "rc_at_100": {"relevant": 0.0, "distractor": 0.0}, "rc_at_200": {"relevant": 0.0, "distractor": 0.0}, "rc_at_300": {"relevant": 0.0, "distractor": 0.0}, "rc_at_500": {"relevant": 0.0, "distractor": 0.0}, "rc_at_1000": {"relevant": 0.0, "distractor": 0.0}}