{"ndcg_at_1": 0.3375, "ndcg_at_3": 0.26367, "ndcg_at_5": 0.24397, "ndcg_at_10": 0.22647, "ndcg_at_20": 0.21696, "ndcg_at_100": 0.24018, "ndcg_at_200": 0.25776, "ndcg_at_300": 0.26862, "ndcg_at_500": 0.28366, "ndcg_at_1000": 0.30254, "map_at_1": 0.04873, "map_at_3": 0.0687, "map_at_5": 0.07762, "map_at_10": 0.0884, "map_at_20": 0.09778, "map_at_100": 0.11116, "map_at_200": 0.11446, "map_at_300": 0.11581, "map_at_500": 0.11736, "map_at_1000": 0.11881, "recall_at_1": 0.04873, "recall_at_3": 0.07744, "recall_at_5": 0.097, "recall_at_10": 0.12527, "recall_at_20": 0.16085, "recall_at_100": 0.25942, "recall_at_200": 0.31056, "recall_at_300": 0.34489, "recall_at_500": 0.39783, "recall_at_1000": 0.46432, "precision_at_1": 0.4225, "precision_at_3": 0.27667, "precision_at_5": 0.2255, "precision_at_10": 0.16975, "precision_at_20": 0.12125, "precision_at_100": 0.05057, "precision_at_200": 0.03336, "precision_at_300": 0.02598, "precision_at_500": 0.01903, "precision_at_1000": 0.01221, "mrr_at_1": 0.4225, "mrr_at_3": 0.47458, "mrr_at_5": 0.48996, "mrr_at_10": 0.49992, "mrr_at_20": 0.50426, "mrr_at_100": 0.50739, "mrr_at_200": 0.50755, "mrr_at_300": 0.50763, "mrr_at_500": 0.50767, "mrr_at_1000": 0.5077, "rc_at_1": {"relevant": 0.0, "distractor": 0.0}, "rc_at_3": {"relevant": 0.0, "distractor": 0.0}, "rc_at_5": {"relevant": 0.0, "distractor": 0.0}, "rc_at_10": {"relevant": 0.0, "distractor": 0.0}, "rc_at_20": {"relevant": 0.0, "distractor": 0.0}, "rc_at_100": {"relevant": 0.0, "distractor": 0.0}, "rc_at_200": {"relevant": 0.0, "distractor": 0.0}, "rc_at_300": {"relevant": 0.0, "distractor": 0.0}, "rc_at_500": {"relevant": 0.0, "distractor": 0.0}, "rc_at_1000": {"relevant": 0.0, "distractor": 0.0}}