{"ndcg_at_1": 0.21602, "ndcg_at_3": 0.27232, "ndcg_at_5": 0.28797, "ndcg_at_10": 0.31964, "ndcg_at_20": 0.3415, "ndcg_at_100": 0.38199, "ndcg_at_200": 0.39359, "ndcg_at_300": 0.4008, "ndcg_at_500": 0.40632, "ndcg_at_1000": 0.41233, "map_at_1": 0.17563, "map_at_3": 0.23328, "map_at_5": 0.24501, "map_at_10": 0.26104, "map_at_20": 0.26803, "map_at_100": 0.27494, "map_at_200": 0.27576, "map_at_300": 0.27609, "map_at_500": 0.27629, "map_at_1000": 0.27643, "recall_at_1": 0.17563, "recall_at_3": 0.30433, "recall_at_5": 0.34991, "recall_at_10": 0.44468, "recall_at_20": 0.52344, "recall_at_100": 0.71606, "recall_at_200": 0.78718, "recall_at_300": 0.83587, "recall_at_500": 0.87413, "recall_at_1000": 0.91858, "precision_at_1": 0.21602, "precision_at_3": 0.13591, "precision_at_5": 0.09728, "precision_at_10": 0.06509, "precision_at_20": 0.03991, "precision_at_100": 0.0119, "precision_at_200": 0.00676, "precision_at_300": 0.00488, "precision_at_500": 0.00317, "precision_at_1000": 0.00175, "mrr_at_1": 0.21602, "mrr_at_3": 0.28398, "mrr_at_5": 0.29728, "mrr_at_10": 0.3097, "mrr_at_20": 0.31608, "mrr_at_100": 0.32046, "mrr_at_200": 0.32089, "mrr_at_300": 0.32106, "mrr_at_500": 0.32112, "mrr_at_1000": 0.32118, "rc_at_1": {"relevant": 0.0, "distractor": 0.0}, "rc_at_3": {"relevant": 0.0, "distractor": 0.0}, "rc_at_5": {"relevant": 0.0, "distractor": 0.0}, "rc_at_10": {"relevant": 0.0, "distractor": 0.0}, "rc_at_20": {"relevant": 0.0, "distractor": 0.0}, "rc_at_100": {"relevant": 0.0, "distractor": 0.0}, "rc_at_200": {"relevant": 0.0, "distractor": 0.0}, "rc_at_300": {"relevant": 0.0, "distractor": 0.0}, "rc_at_500": {"relevant": 0.0, "distractor": 0.0}, "rc_at_1000": {"relevant": 0.0, "distractor": 0.0}}