{"ndcg_at_1": 0.29451, "ndcg_at_3": 0.34003, "ndcg_at_5": 0.36436, "ndcg_at_10": 0.39389, "ndcg_at_20": 0.41525, "ndcg_at_100": 0.45069, "ndcg_at_200": 0.46128, "ndcg_at_300": 0.46565, "ndcg_at_500": 0.47052, "ndcg_at_1000": 0.47555, "map_at_1": 0.24084, "map_at_3": 0.3032, "map_at_5": 0.32005, "map_at_10": 0.3345, "map_at_20": 0.34146, "map_at_100": 0.34743, "map_at_200": 0.34821, "map_at_300": 0.34842, "map_at_500": 0.34859, "map_at_1000": 0.34871, "recall_at_1": 0.24084, "recall_at_3": 0.3687, "recall_at_5": 0.43112, "recall_at_10": 0.51828, "recall_at_20": 0.59191, "recall_at_100": 0.75957, "recall_at_200": 0.82302, "recall_at_300": 0.85189, "recall_at_500": 0.88746, "recall_at_1000": 0.92593, "precision_at_1": 0.29451, "precision_at_3": 0.16298, "precision_at_5": 0.11742, "precision_at_10": 0.07363, "precision_at_20": 0.04394, "precision_at_100": 0.0121, "precision_at_200": 0.00676, "precision_at_300": 0.00474, "precision_at_500": 0.00301, "precision_at_1000": 0.00161, "mrr_at_1": 0.29548, "mrr_at_3": 0.36108, "mrr_at_5": 0.37644, "mrr_at_10": 0.38854, "mrr_at_20": 0.39388, "mrr_at_100": 0.39753, "mrr_at_200": 0.39788, "mrr_at_300": 0.39798, "mrr_at_500": 0.39805, "mrr_at_1000": 0.39808, "rc_at_1": {"relevant": 0.0, "distractor": 0.0}, "rc_at_3": {"relevant": 0.0, "distractor": 0.0}, "rc_at_5": {"relevant": 0.0, "distractor": 0.0}, "rc_at_10": {"relevant": 0.0, "distractor": 0.0}, "rc_at_20": {"relevant": 0.0, "distractor": 0.0}, "rc_at_100": {"relevant": 0.0, "distractor": 0.0}, "rc_at_200": {"relevant": 0.0, "distractor": 0.0}, "rc_at_300": {"relevant": 0.0, "distractor": 0.0}, "rc_at_500": {"relevant": 0.0, "distractor": 0.0}, "rc_at_1000": {"relevant": 0.0, "distractor": 0.0}}