{"ndcg_at_1": 0.30909, "ndcg_at_3": 0.23728, "ndcg_at_5": 0.19669, "ndcg_at_10": 0.16594, "ndcg_at_20": 0.21008, "ndcg_at_100": 0.33256, "ndcg_at_200": 0.3528, "ndcg_at_300": 0.36503, "ndcg_at_500": 0.37425, "ndcg_at_1000": 0.38839, "map_at_1": 0.03091, "map_at_3": 0.05818, "map_at_5": 0.06809, "map_at_10": 0.08543, "map_at_20": 0.10399, "map_at_100": 0.13769, "map_at_200": 0.14091, "map_at_300": 0.1422, "map_at_500": 0.14281, "map_at_1000": 0.14334, "recall_at_1": 0.03091, "recall_at_3": 0.06545, "recall_at_5": 0.08364, "recall_at_10": 0.13818, "recall_at_20": 0.21818, "recall_at_100": 0.52, "recall_at_200": 0.58545, "recall_at_300": 0.62909, "recall_at_500": 0.66545, "recall_at_1000": 0.72727, "precision_at_1": 0.30909, "precision_at_3": 0.21818, "precision_at_5": 0.16727, "precision_at_10": 0.13818, "precision_at_20": 0.10909, "precision_at_100": 0.052, "precision_at_200": 0.02927, "precision_at_300": 0.02097, "precision_at_500": 0.01331, "precision_at_1000": 0.00727, "mrr_at_1": 0.30909, "mrr_at_3": 0.33939, "mrr_at_5": 0.37485, "mrr_at_10": 0.38817, "mrr_at_20": 0.39639, "mrr_at_100": 0.402, "mrr_at_200": 0.402, "mrr_at_300": 0.402, "mrr_at_500": 0.40211, "mrr_at_1000": 0.40213, "rc_at_1": {"relevant": 0.30909, "distractor": 0.58182}, "rc_at_3": {"relevant": 0.6, "distractor": 1.96364}, "rc_at_5": {"relevant": 0.90909, "distractor": 3.43636}, "rc_at_10": {"relevant": 1.47273, "distractor": 6.81818}, "rc_at_20": {"relevant": 2.21818, "distractor": 13.14545}, "rc_at_100": {"relevant": 5.27273, "distractor": 37.69091}, "rc_at_200": {"relevant": 6.12727, "distractor": 46.61818}, "rc_at_300": {"relevant": 6.36364, "distractor": 50.78182}, "rc_at_500": {"relevant": 6.74545, "distractor": 56.07273}, "rc_at_1000": {"relevant": 7.27273, "distractor": 62.12727}}