{"ndcg_at_1": 0.48275, "ndcg_at_3": 0.57791, "ndcg_at_5": 0.60275, "ndcg_at_10": 0.62445, "ndcg_at_20": 0.63623, "ndcg_at_100": 0.6509, "ndcg_at_200": 0.65438, "ndcg_at_300": 0.65579, "ndcg_at_500": 0.65723, "ndcg_at_1000": 0.65857, "map_at_1": 0.45119, "map_at_3": 0.54216, "map_at_5": 0.55623, "map_at_10": 0.56556, "map_at_20": 0.56899, "map_at_100": 0.57123, "map_at_200": 0.57143, "map_at_300": 0.57148, "map_at_500": 0.57152, "map_at_1000": 0.57155, "recall_at_1": 0.45119, "recall_at_3": 0.64832, "recall_at_5": 0.7091, "recall_at_10": 0.77413, "recall_at_20": 0.81835, "recall_at_100": 0.89247, "recall_at_200": 0.91577, "recall_at_300": 0.92594, "recall_at_500": 0.93692, "recall_at_1000": 0.94816, "precision_at_1": 0.48275, "precision_at_3": 0.23317, "precision_at_5": 0.1535, "precision_at_10": 0.08434, "precision_at_20": 0.04485, "precision_at_100": 0.0099, "precision_at_200": 0.0051, "precision_at_300": 0.00345, "precision_at_500": 0.00211, "precision_at_1000": 0.00107, "mrr_at_1": 0.48275, "mrr_at_3": 0.57478, "mrr_at_5": 0.5896, "mrr_at_10": 0.59877, "mrr_at_20": 0.60195, "mrr_at_100": 0.6039, "mrr_at_200": 0.60405, "mrr_at_300": 0.60409, "mrr_at_500": 0.60411, "mrr_at_1000": 0.60412, "rc_at_1": {"relevant": 0.0, "distractor": 0.0}, "rc_at_3": {"relevant": 0.0, "distractor": 0.0}, "rc_at_5": {"relevant": 0.0, "distractor": 0.0}, "rc_at_10": {"relevant": 0.0, "distractor": 0.0}, "rc_at_20": {"relevant": 0.0, "distractor": 0.0}, "rc_at_100": {"relevant": 0.0, "distractor": 0.0}, "rc_at_200": {"relevant": 0.0, "distractor": 0.0}, "rc_at_300": {"relevant": 0.0, "distractor": 0.0}, "rc_at_500": {"relevant": 0.0, "distractor": 0.0}, "rc_at_1000": {"relevant": 0.0, "distractor": 0.0}}