{"ndcg_at_1": 0.35385, "ndcg_at_3": 0.30486, "ndcg_at_5": 0.28138, "ndcg_at_10": 0.244, "ndcg_at_20": 0.29513, "ndcg_at_100": 0.47505, "ndcg_at_200": 0.5247, "ndcg_at_300": 0.52976, "ndcg_at_500": 0.5357, "ndcg_at_1000": 0.53856, "map_at_1": 0.03538, "map_at_3": 0.07385, "map_at_5": 0.09769, "map_at_10": 0.13646, "map_at_20": 0.15972, "map_at_100": 0.21307, "map_at_200": 0.22345, "map_at_300": 0.22404, "map_at_500": 0.22455, "map_at_1000": 0.22472, "recall_at_1": 0.03538, "recall_at_3": 0.08769, "recall_at_5": 0.13231, "recall_at_10": 0.21846, "recall_at_20": 0.30923, "recall_at_100": 0.77692, "recall_at_200": 0.93385, "recall_at_300": 0.95231, "recall_at_500": 0.97538, "recall_at_1000": 0.98769, "precision_at_1": 0.35385, "precision_at_3": 0.29231, "precision_at_5": 0.26462, "precision_at_10": 0.21846, "precision_at_20": 0.15462, "precision_at_100": 0.07769, "precision_at_200": 0.04669, "precision_at_300": 0.03174, "precision_at_500": 0.01951, "precision_at_1000": 0.00988, "mrr_at_1": 0.35385, "mrr_at_3": 0.43077, "mrr_at_5": 0.45154, "mrr_at_10": 0.47191, "mrr_at_20": 0.4809, "mrr_at_100": 0.48362, "mrr_at_200": 0.48362, "mrr_at_300": 0.48362, "mrr_at_500": 0.48362, "mrr_at_1000": 0.48362, "rc_at_1": {"relevant": 0.35385, "distractor": 0.64615}, "rc_at_3": {"relevant": 0.87692, "distractor": 2.12308}, "rc_at_5": {"relevant": 1.32308, "distractor": 3.63077}, "rc_at_10": {"relevant": 2.18462, "distractor": 7.67692}, "rc_at_20": {"relevant": 3.09231, "distractor": 16.66154}, "rc_at_100": {"relevant": 7.76923, "distractor": 82.50769}, "rc_at_200": {"relevant": 9.33846, "distractor": 94.06154}, "rc_at_300": {"relevant": 9.52308, "distractor": 95.78462}, "rc_at_500": {"relevant": 9.75385, "distractor": 96.72308}, "rc_at_1000": {"relevant": 9.87692, "distractor": 97.83077}}