{"ndcg_at_1": 0.13225, "ndcg_at_3": 0.1157, "ndcg_at_5": 0.12196, "ndcg_at_10": 0.13728, "ndcg_at_20": 0.15197, "ndcg_at_100": 0.1797, "ndcg_at_200": 0.19222, "ndcg_at_300": 0.1985, "ndcg_at_500": 0.20626, "ndcg_at_1000": 0.21593, "map_at_1": 0.06071, "map_at_3": 0.08351, "map_at_5": 0.08913, "map_at_10": 0.09538, "map_at_20": 0.09965, "map_at_100": 0.10356, "map_at_200": 0.10433, "map_at_300": 0.1046, "map_at_500": 0.10484, "map_at_1000": 0.10503, "recall_at_1": 0.06071, "recall_at_3": 0.10819, "recall_at_5": 0.12852, "recall_at_10": 0.16366, "recall_at_20": 0.20648, "recall_at_100": 0.31848, "recall_at_200": 0.38299, "recall_at_300": 0.41794, "recall_at_500": 0.46484, "recall_at_1000": 0.53027, "precision_at_1": 0.13225, "precision_at_3": 0.08295, "precision_at_5": 0.06046, "precision_at_10": 0.0398, "precision_at_20": 0.02596, "precision_at_100": 0.00841, "precision_at_200": 0.00517, "precision_at_300": 0.00382, "precision_at_500": 0.00259, "precision_at_1000": 0.0015, "mrr_at_1": 0.13225, "mrr_at_3": 0.17676, "mrr_at_5": 0.18598, "mrr_at_10": 0.19507, "mrr_at_20": 0.19974, "mrr_at_100": 0.20389, "mrr_at_200": 0.20447, "mrr_at_300": 0.20465, "mrr_at_500": 0.20476, "mrr_at_1000": 0.20485, "rc_at_1": {"relevant": 0.0, "distractor": 0.0}, "rc_at_3": {"relevant": 0.0, "distractor": 0.0}, "rc_at_5": {"relevant": 0.0, "distractor": 0.0}, "rc_at_10": {"relevant": 0.0, "distractor": 0.0}, "rc_at_20": {"relevant": 0.0, "distractor": 0.0}, "rc_at_100": {"relevant": 0.0, "distractor": 0.0}, "rc_at_200": {"relevant": 0.0, "distractor": 0.0}, "rc_at_300": {"relevant": 0.0, "distractor": 0.0}, "rc_at_500": {"relevant": 0.0, "distractor": 0.0}, "rc_at_1000": {"relevant": 0.0, "distractor": 0.0}}