{"ndcg_at_1": 0.32531, "ndcg_at_3": 0.36831, "ndcg_at_5": 0.39377, "ndcg_at_10": 0.41867, "ndcg_at_20": 0.44224, "ndcg_at_100": 0.4772, "ndcg_at_200": 0.48668, "ndcg_at_300": 0.49053, "ndcg_at_500": 0.49443, "ndcg_at_1000": 0.49976, "map_at_1": 0.26109, "map_at_3": 0.32851, "map_at_5": 0.34615, "map_at_10": 0.3592, "map_at_20": 0.36684, "map_at_100": 0.37294, "map_at_200": 0.37365, "map_at_300": 0.37385, "map_at_500": 0.37399, "map_at_1000": 0.37411, "recall_at_1": 0.26109, "recall_at_3": 0.40068, "recall_at_5": 0.46449, "recall_at_10": 0.53908, "recall_at_20": 0.62061, "recall_at_100": 0.78467, "recall_at_200": 0.84007, "recall_at_300": 0.86566, "recall_at_500": 0.89294, "recall_at_1000": 0.93419, "precision_at_1": 0.32531, "precision_at_3": 0.17421, "precision_at_5": 0.12666, "precision_at_10": 0.07642, "precision_at_20": 0.04601, "precision_at_100": 0.01247, "precision_at_200": 0.00691, "precision_at_300": 0.00482, "precision_at_500": 0.00304, "precision_at_1000": 0.00163, "mrr_at_1": 0.32724, "mrr_at_3": 0.39076, "mrr_at_5": 0.4077, "mrr_at_10": 0.41794, "mrr_at_20": 0.42348, "mrr_at_100": 0.42718, "mrr_at_200": 0.42748, "mrr_at_300": 0.42756, "mrr_at_500": 0.42761, "mrr_at_1000": 0.42765, "rc_at_1": {"relevant": 0.0, "distractor": 0.0}, "rc_at_3": {"relevant": 0.0, "distractor": 0.0}, "rc_at_5": {"relevant": 0.0, "distractor": 0.0}, "rc_at_10": {"relevant": 0.0, "distractor": 0.0}, "rc_at_20": {"relevant": 0.0, "distractor": 0.0}, "rc_at_100": {"relevant": 0.0, "distractor": 0.0}, "rc_at_200": {"relevant": 0.0, "distractor": 0.0}, "rc_at_300": {"relevant": 0.0, "distractor": 0.0}, "rc_at_500": {"relevant": 0.0, "distractor": 0.0}, "rc_at_1000": {"relevant": 0.0, "distractor": 0.0}}