{"ndcg_at_1": 0.0, "ndcg_at_3": 0.28409, "ndcg_at_5": 0.36162, "ndcg_at_10": 0.41814, "ndcg_at_20": 0.44481, "ndcg_at_100": 0.45334, "ndcg_at_200": 0.45396, "ndcg_at_300": 0.45414, "ndcg_at_500": 0.45439, "ndcg_at_1000": 0.45439, "map_at_1": 0.0, "map_at_3": 0.2161, "map_at_5": 0.25923, "map_at_10": 0.28279, "map_at_20": 0.29042, "map_at_100": 0.29173, "map_at_200": 0.29177, "map_at_300": 0.29178, "map_at_500": 0.29178, "map_at_1000": 0.29178, "recall_at_1": 0.0, "recall_at_3": 0.48009, "recall_at_5": 0.66785, "recall_at_10": 0.84139, "recall_at_20": 0.94452, "recall_at_100": 0.98862, "recall_at_200": 0.99289, "recall_at_300": 0.99431, "recall_at_500": 0.99644, "recall_at_1000": 0.99644, "precision_at_1": 0.0, "precision_at_3": 0.16003, "precision_at_5": 0.13357, "precision_at_10": 0.08414, "precision_at_20": 0.04723, "precision_at_100": 0.00989, "precision_at_200": 0.00496, "precision_at_300": 0.00331, "precision_at_500": 0.00199, "precision_at_1000": 0.001, "mrr_at_1": 0.0, "mrr_at_3": 0.2161, "mrr_at_5": 0.25923, "mrr_at_10": 0.28278, "mrr_at_20": 0.29041, "mrr_at_100": 0.29173, "mrr_at_200": 0.29176, "mrr_at_300": 0.29177, "mrr_at_500": 0.29178, "mrr_at_1000": 0.29178, "rc_at_1": {"relevant": 0.0, "distractor": 0.0}, "rc_at_3": {"relevant": 0.0, "distractor": 0.0}, "rc_at_5": {"relevant": 0.0, "distractor": 0.0}, "rc_at_10": {"relevant": 0.0, "distractor": 0.0}, "rc_at_20": {"relevant": 0.0, "distractor": 0.0}, "rc_at_100": {"relevant": 0.0, "distractor": 0.0}, "rc_at_200": {"relevant": 0.0, "distractor": 0.0}, "rc_at_300": {"relevant": 0.0, "distractor": 0.0}, "rc_at_500": {"relevant": 0.0, "distractor": 0.0}, "rc_at_1000": {"relevant": 0.0, "distractor": 0.0}}