{"ndcg_at_1": 0.52333, "ndcg_at_3": 0.58362, "ndcg_at_5": 0.60422, "ndcg_at_10": 0.62289, "ndcg_at_20": 0.64013, "ndcg_at_100": 0.65705, "ndcg_at_200": 0.66124, "ndcg_at_300": 0.66275, "ndcg_at_500": 0.66585, "ndcg_at_1000": 0.66795, "map_at_1": 0.49528, "map_at_3": 0.55794, "map_at_5": 0.574, "map_at_10": 0.58193, "map_at_20": 0.58685, "map_at_100": 0.58961, "map_at_200": 0.58985, "map_at_300": 0.5899, "map_at_500": 0.58997, "map_at_1000": 0.59, "recall_at_1": 0.49528, "recall_at_3": 0.627, "recall_at_5": 0.67622, "recall_at_10": 0.73244, "recall_at_20": 0.79856, "recall_at_100": 0.88533, "recall_at_200": 0.91433, "recall_at_300": 0.926, "recall_at_500": 0.95267, "recall_at_1000": 0.97267, "precision_at_1": 0.52333, "precision_at_3": 0.22889, "precision_at_5": 0.15333, "precision_at_10": 0.08333, "precision_at_20": 0.04533, "precision_at_100": 0.01007, "precision_at_200": 0.0052, "precision_at_300": 0.00351, "precision_at_500": 0.00216, "precision_at_1000": 0.0011, "mrr_at_1": 0.53333, "mrr_at_3": 0.58722, "mrr_at_5": 0.59489, "mrr_at_10": 0.60267, "mrr_at_20": 0.60775, "mrr_at_100": 0.60984, "mrr_at_200": 0.61001, "mrr_at_300": 0.61005, "mrr_at_500": 0.61012, "mrr_at_1000": 0.61015, "rc_at_1": {"relevant": 0.0, "distractor": 0.0}, "rc_at_3": {"relevant": 0.0, "distractor": 0.0}, "rc_at_5": {"relevant": 0.0, "distractor": 0.0}, "rc_at_10": {"relevant": 0.0, "distractor": 0.0}, "rc_at_20": {"relevant": 0.0, "distractor": 0.0}, "rc_at_100": {"relevant": 0.0, "distractor": 0.0}, "rc_at_200": {"relevant": 0.0, "distractor": 0.0}, "rc_at_300": {"relevant": 0.0, "distractor": 0.0}, "rc_at_500": {"relevant": 0.0, "distractor": 0.0}, "rc_at_1000": {"relevant": 0.0, "distractor": 0.0}}