{"ndcg_at_1": 0.32209, "ndcg_at_3": 0.36276, "ndcg_at_5": 0.37939, "ndcg_at_10": 0.40863, "ndcg_at_20": 0.42435, "ndcg_at_100": 0.45318, "ndcg_at_200": 0.46191, "ndcg_at_300": 0.46687, "ndcg_at_500": 0.47178, "ndcg_at_1000": 0.47606, "map_at_1": 0.28673, "map_at_3": 0.33707, "map_at_5": 0.34871, "map_at_10": 0.36204, "map_at_20": 0.36685, "map_at_100": 0.37128, "map_at_200": 0.37185, "map_at_300": 0.37204, "map_at_500": 0.37218, "map_at_1000": 0.37226, "recall_at_1": 0.28673, "recall_at_3": 0.39153, "recall_at_5": 0.43513, "recall_at_10": 0.52296, "recall_at_20": 0.58127, "recall_at_100": 0.72519, "recall_at_200": 0.77955, "recall_at_300": 0.81589, "recall_at_500": 0.85405, "recall_at_1000": 0.88898, "precision_at_1": 0.32209, "precision_at_3": 0.15235, "precision_at_5": 0.10337, "precision_at_10": 0.0638, "precision_at_20": 0.03589, "precision_at_100": 0.00936, "precision_at_200": 0.00515, "precision_at_300": 0.00361, "precision_at_500": 0.00229, "precision_at_1000": 0.00121, "mrr_at_1": 0.32209, "mrr_at_3": 0.37142, "mrr_at_5": 0.38024, "mrr_at_10": 0.39261, "mrr_at_20": 0.39719, "mrr_at_100": 0.40052, "mrr_at_200": 0.40093, "mrr_at_300": 0.40108, "mrr_at_500": 0.40118, "mrr_at_1000": 0.40122, "rc_at_1": {"relevant": 0.0, "distractor": 0.0}, "rc_at_3": {"relevant": 0.0, "distractor": 0.0}, "rc_at_5": {"relevant": 0.0, "distractor": 0.0}, "rc_at_10": {"relevant": 0.0, "distractor": 0.0}, "rc_at_20": {"relevant": 0.0, "distractor": 0.0}, "rc_at_100": {"relevant": 0.0, "distractor": 0.0}, "rc_at_200": {"relevant": 0.0, "distractor": 0.0}, "rc_at_300": {"relevant": 0.0, "distractor": 0.0}, "rc_at_500": {"relevant": 0.0, "distractor": 0.0}, "rc_at_1000": {"relevant": 0.0, "distractor": 0.0}}