{"ndcg_at_1": 0.0, "ndcg_at_3": 0.27553, "ndcg_at_5": 0.34443, "ndcg_at_10": 0.40348, "ndcg_at_20": 0.4342, "ndcg_at_100": 0.44416, "ndcg_at_200": 0.44497, "ndcg_at_300": 0.44497, "ndcg_at_500": 0.44522, "ndcg_at_1000": 0.44529, "map_at_1": 0.0, "map_at_3": 0.20887, "map_at_5": 0.24713, "map_at_10": 0.27161, "map_at_20": 0.28031, "map_at_100": 0.28184, "map_at_200": 0.28189, "map_at_300": 0.28189, "map_at_500": 0.28189, "map_at_1000": 0.28189, "recall_at_1": 0.0, "recall_at_3": 0.46799, "recall_at_5": 0.63514, "recall_at_10": 0.81721, "recall_at_20": 0.9367, "recall_at_100": 0.98791, "recall_at_200": 0.9936, "recall_at_300": 0.9936, "recall_at_500": 0.99573, "recall_at_1000": 0.99644, "precision_at_1": 0.0, "precision_at_3": 0.156, "precision_at_5": 0.12703, "precision_at_10": 0.08172, "precision_at_20": 0.04683, "precision_at_100": 0.00988, "precision_at_200": 0.00497, "precision_at_300": 0.00331, "precision_at_500": 0.00199, "precision_at_1000": 0.001, "mrr_at_1": 0.0, "mrr_at_3": 0.20863, "mrr_at_5": 0.24711, "mrr_at_10": 0.27158, "mrr_at_20": 0.28028, "mrr_at_100": 0.28182, "mrr_at_200": 0.28186, "mrr_at_300": 0.28186, "mrr_at_500": 0.28187, "mrr_at_1000": 0.28187, "rc_at_1": {"relevant": 0.0, "distractor": 0.0}, "rc_at_3": {"relevant": 0.0, "distractor": 0.0}, "rc_at_5": {"relevant": 0.0, "distractor": 0.0}, "rc_at_10": {"relevant": 0.0, "distractor": 0.0}, "rc_at_20": {"relevant": 0.0, "distractor": 0.0}, "rc_at_100": {"relevant": 0.0, "distractor": 0.0}, "rc_at_200": {"relevant": 0.0, "distractor": 0.0}, "rc_at_300": {"relevant": 0.0, "distractor": 0.0}, "rc_at_500": {"relevant": 0.0, "distractor": 0.0}, "rc_at_1000": {"relevant": 0.0, "distractor": 0.0}}