{"ndcg_at_1": 0.1306, "ndcg_at_3": 0.21514, "ndcg_at_5": 0.24486, "ndcg_at_10": 0.27328, "ndcg_at_20": 0.29547, "ndcg_at_100": 0.33595, "ndcg_at_200": 0.34603, "ndcg_at_300": 0.34984, "ndcg_at_500": 0.35608, "ndcg_at_1000": 0.36224, "map_at_1": 0.10854, "map_at_3": 0.18391, "map_at_5": 0.20125, "map_at_10": 0.21325, "map_at_20": 0.21981, "map_at_100": 0.22605, "map_at_200": 0.22672, "map_at_300": 0.22689, "map_at_500": 0.22707, "map_at_1000": 0.22718, "recall_at_1": 0.10854, "recall_at_3": 0.26937, "recall_at_5": 0.33924, "recall_at_10": 0.42169, "recall_at_20": 0.50143, "recall_at_100": 0.69726, "recall_at_200": 0.76019, "recall_at_300": 0.78564, "recall_at_500": 0.83333, "recall_at_1000": 0.88431, "precision_at_1": 0.1306, "precision_at_3": 0.11111, "precision_at_5": 0.08632, "precision_at_10": 0.05535, "precision_at_20": 0.03402, "precision_at_100": 0.01021, "precision_at_200": 0.0057, "precision_at_300": 0.00398, "precision_at_500": 0.00256, "precision_at_1000": 0.00138, "mrr_at_1": 0.1306, "mrr_at_3": 0.21393, "mrr_at_5": 0.23221, "mrr_at_10": 0.24543, "mrr_at_20": 0.25109, "mrr_at_100": 0.25563, "mrr_at_200": 0.25599, "mrr_at_300": 0.25606, "mrr_at_500": 0.25617, "mrr_at_1000": 0.25624, "rc_at_1": {"relevant": 0.0, "distractor": 0.0}, "rc_at_3": {"relevant": 0.0, "distractor": 0.0}, "rc_at_5": {"relevant": 0.0, "distractor": 0.0}, "rc_at_10": {"relevant": 0.0, "distractor": 0.0}, "rc_at_20": {"relevant": 0.0, "distractor": 0.0}, "rc_at_100": {"relevant": 0.0, "distractor": 0.0}, "rc_at_200": {"relevant": 0.0, "distractor": 0.0}, "rc_at_300": {"relevant": 0.0, "distractor": 0.0}, "rc_at_500": {"relevant": 0.0, "distractor": 0.0}, "rc_at_1000": {"relevant": 0.0, "distractor": 0.0}}