{"ndcg_at_1": 0.25311, "ndcg_at_3": 0.30452, "ndcg_at_5": 0.32505, "ndcg_at_10": 0.35003, "ndcg_at_20": 0.36979, "ndcg_at_100": 0.40054, "ndcg_at_200": 0.40941, "ndcg_at_300": 0.41491, "ndcg_at_500": 0.41896, "ndcg_at_1000": 0.42374, "map_at_1": 0.23422, "map_at_3": 0.2841, "map_at_5": 0.29592, "map_at_10": 0.30644, "map_at_20": 0.3121, "map_at_100": 0.31647, "map_at_200": 0.317, "map_at_300": 0.31719, "map_at_500": 0.3173, "map_at_1000": 0.31738, "recall_at_1": 0.23422, "recall_at_3": 0.34176, "recall_at_5": 0.39218, "recall_at_10": 0.46701, "recall_at_20": 0.54124, "recall_at_100": 0.70142, "recall_at_200": 0.76, "recall_at_300": 0.80157, "recall_at_500": 0.83469, "recall_at_1000": 0.87654, "precision_at_1": 0.25311, "precision_at_3": 0.12693, "precision_at_5": 0.08746, "precision_at_10": 0.05299, "precision_at_20": 0.0313, "precision_at_100": 0.00824, "precision_at_200": 0.00455, "precision_at_300": 0.00321, "precision_at_500": 0.00201, "precision_at_1000": 0.00106, "mrr_at_1": 0.25311, "mrr_at_3": 0.30358, "mrr_at_5": 0.31539, "mrr_at_10": 0.3259, "mrr_at_20": 0.33114, "mrr_at_100": 0.33494, "mrr_at_200": 0.33531, "mrr_at_300": 0.33547, "mrr_at_500": 0.33555, "mrr_at_1000": 0.3356, "rc_at_1": {"relevant": 0.0, "distractor": 0.0}, "rc_at_3": {"relevant": 0.0, "distractor": 0.0}, "rc_at_5": {"relevant": 0.0, "distractor": 0.0}, "rc_at_10": {"relevant": 0.0, "distractor": 0.0}, "rc_at_20": {"relevant": 0.0, "distractor": 0.0}, "rc_at_100": {"relevant": 0.0, "distractor": 0.0}, "rc_at_200": {"relevant": 0.0, "distractor": 0.0}, "rc_at_300": {"relevant": 0.0, "distractor": 0.0}, "rc_at_500": {"relevant": 0.0, "distractor": 0.0}, "rc_at_1000": {"relevant": 0.0, "distractor": 0.0}}