{"ndcg_at_1": 0.04011, "ndcg_at_3": 0.05119, "ndcg_at_5": 0.05735, "ndcg_at_10": 0.06548, "ndcg_at_20": 0.07433, "ndcg_at_100": 0.09186, "ndcg_at_200": 0.10101, "ndcg_at_300": 0.10545, "ndcg_at_500": 0.11174, "ndcg_at_1000": 0.12285, "map_at_1": 0.03451, "map_at_3": 0.04494, "map_at_5": 0.04841, "map_at_10": 0.05179, "map_at_20": 0.05417, "map_at_100": 0.0564, "map_at_200": 0.05689, "map_at_300": 0.05704, "map_at_500": 0.05718, "map_at_1000": 0.05734, "recall_at_1": 0.03451, "recall_at_3": 0.0579, "recall_at_5": 0.07405, "recall_at_10": 0.09818, "recall_at_20": 0.132, "recall_at_100": 0.2229, "recall_at_200": 0.28524, "recall_at_300": 0.31705, "recall_at_500": 0.36592, "recall_at_1000": 0.46314, "precision_at_1": 0.04011, "precision_at_3": 0.02456, "precision_at_5": 0.01884, "precision_at_10": 0.0125, "precision_at_20": 0.00826, "precision_at_100": 0.0029, "precision_at_200": 0.00184, "precision_at_300": 0.0014, "precision_at_500": 0.00099, "precision_at_1000": 0.00063, "mrr_at_1": 0.04011, "mrr_at_3": 0.05426, "mrr_at_5": 0.05869, "mrr_at_10": 0.06225, "mrr_at_20": 0.06492, "mrr_at_100": 0.06737, "mrr_at_200": 0.06784, "mrr_at_300": 0.068, "mrr_at_500": 0.06815, "mrr_at_1000": 0.0683, "rc_at_1": {"relevant": 0.0, "distractor": 0.0}, "rc_at_3": {"relevant": 0.0, "distractor": 0.0}, "rc_at_5": {"relevant": 0.0, "distractor": 0.0}, "rc_at_10": {"relevant": 0.0, "distractor": 0.0}, "rc_at_20": {"relevant": 0.0, "distractor": 0.0}, "rc_at_100": {"relevant": 0.0, "distractor": 0.0}, "rc_at_200": {"relevant": 0.0, "distractor": 0.0}, "rc_at_300": {"relevant": 0.0, "distractor": 0.0}, "rc_at_500": {"relevant": 0.0, "distractor": 0.0}, "rc_at_1000": {"relevant": 0.0, "distractor": 0.0}}