{"ndcg_at_1": 0.07507, "ndcg_at_3": 0.09296, "ndcg_at_5": 0.0999, "ndcg_at_10": 0.11406, "ndcg_at_20": 0.12787, "ndcg_at_100": 0.15529, "ndcg_at_200": 0.16707, "ndcg_at_300": 0.17523, "ndcg_at_500": 0.18371, "ndcg_at_1000": 0.19472, "map_at_1": 0.06286, "map_at_3": 0.0819, "map_at_5": 0.08631, "map_at_10": 0.0921, "map_at_20": 0.09588, "map_at_100": 0.09945, "map_at_200": 0.10011, "map_at_300": 0.10042, "map_at_500": 0.10064, "map_at_1000": 0.10084, "recall_at_1": 0.06286, "recall_at_3": 0.10522, "recall_at_5": 0.12282, "recall_at_10": 0.16504, "recall_at_20": 0.21398, "recall_at_100": 0.35169, "recall_at_200": 0.4268, "recall_at_300": 0.48536, "recall_at_500": 0.55057, "recall_at_1000": 0.63995, "precision_at_1": 0.07507, "precision_at_3": 0.04427, "precision_at_5": 0.03176, "precision_at_10": 0.02214, "precision_at_20": 0.01516, "precision_at_100": 0.00537, "precision_at_200": 0.00338, "precision_at_300": 0.00259, "precision_at_500": 0.0018, "precision_at_1000": 0.00109, "mrr_at_1": 0.07507, "mrr_at_3": 0.09737, "mrr_at_5": 0.10237, "mrr_at_10": 0.1096, "mrr_at_20": 0.11416, "mrr_at_100": 0.11779, "mrr_at_200": 0.11834, "mrr_at_300": 0.11857, "mrr_at_500": 0.11873, "mrr_at_1000": 0.11885, "rc_at_1": {"relevant": 0.0, "distractor": 0.0}, "rc_at_3": {"relevant": 0.0, "distractor": 0.0}, "rc_at_5": {"relevant": 0.0, "distractor": 0.0}, "rc_at_10": {"relevant": 0.0, "distractor": 0.0}, "rc_at_20": {"relevant": 0.0, "distractor": 0.0}, "rc_at_100": {"relevant": 0.0, "distractor": 0.0}, "rc_at_200": {"relevant": 0.0, "distractor": 0.0}, "rc_at_300": {"relevant": 0.0, "distractor": 0.0}, "rc_at_500": {"relevant": 0.0, "distractor": 0.0}, "rc_at_1000": {"relevant": 0.0, "distractor": 0.0}}