{"ndcg_at_1": 0.18169, "ndcg_at_3": 0.20906, "ndcg_at_5": 0.22779, "ndcg_at_10": 0.24905, "ndcg_at_20": 0.26706, "ndcg_at_100": 0.29772, "ndcg_at_200": 0.3089, "ndcg_at_300": 0.314, "ndcg_at_500": 0.32141, "ndcg_at_1000": 0.32921, "map_at_1": 0.14757, "map_at_3": 0.1857, "map_at_5": 0.19821, "map_at_10": 0.20761, "map_at_20": 0.21286, "map_at_100": 0.21742, "map_at_200": 0.21811, "map_at_300": 0.21831, "map_at_500": 0.21853, "map_at_1000": 0.21868, "recall_at_1": 0.14757, "recall_at_3": 0.22738, "recall_at_5": 0.27608, "recall_at_10": 0.34006, "recall_at_20": 0.40742, "recall_at_100": 0.55971, "recall_at_200": 0.63088, "recall_at_300": 0.66658, "recall_at_500": 0.72274, "recall_at_1000": 0.78736, "precision_at_1": 0.18169, "precision_at_3": 0.09945, "precision_at_5": 0.07316, "precision_at_10": 0.04597, "precision_at_20": 0.02808, "precision_at_100": 0.00826, "precision_at_200": 0.00477, "precision_at_300": 0.00341, "precision_at_500": 0.00227, "precision_at_1000": 0.00127, "mrr_at_1": 0.18169, "mrr_at_3": 0.22287, "mrr_at_5": 0.235, "mrr_at_10": 0.24379, "mrr_at_20": 0.24879, "mrr_at_100": 0.25251, "mrr_at_200": 0.25302, "mrr_at_300": 0.25316, "mrr_at_500": 0.25328, "mrr_at_1000": 0.25336, "rc_at_1": {"relevant": 0.0, "distractor": 0.0}, "rc_at_3": {"relevant": 0.0, "distractor": 0.0}, "rc_at_5": {"relevant": 0.0, "distractor": 0.0}, "rc_at_10": {"relevant": 0.0, "distractor": 0.0}, "rc_at_20": {"relevant": 0.0, "distractor": 0.0}, "rc_at_100": {"relevant": 0.0, "distractor": 0.0}, "rc_at_200": {"relevant": 0.0, "distractor": 0.0}, "rc_at_300": {"relevant": 0.0, "distractor": 0.0}, "rc_at_500": {"relevant": 0.0, "distractor": 0.0}, "rc_at_1000": {"relevant": 0.0, "distractor": 0.0}}