{"ndcg_at_1": 0.1793, "ndcg_at_3": 0.22371, "ndcg_at_5": 0.23487, "ndcg_at_10": 0.25649, "ndcg_at_20": 0.27223, "ndcg_at_100": 0.30479, "ndcg_at_200": 0.31793, "ndcg_at_300": 0.32406, "ndcg_at_500": 0.33033, "ndcg_at_1000": 0.33752, "map_at_1": 0.16565, "map_at_3": 0.2051, "map_at_5": 0.21195, "map_at_10": 0.22075, "map_at_20": 0.22545, "map_at_100": 0.22977, "map_at_200": 0.23048, "map_at_300": 0.23069, "map_at_500": 0.23086, "map_at_1000": 0.23097, "recall_at_1": 0.16565, "recall_at_3": 0.25595, "recall_at_5": 0.28398, "recall_at_10": 0.34869, "recall_at_20": 0.40673, "recall_at_100": 0.57913, "recall_at_200": 0.66858, "recall_at_300": 0.71494, "recall_at_500": 0.76468, "recall_at_1000": 0.82799, "precision_at_1": 0.1793, "precision_at_3": 0.09673, "precision_at_5": 0.06506, "precision_at_10": 0.04085, "precision_at_20": 0.0244, "precision_at_100": 0.00702, "precision_at_200": 0.0041, "precision_at_300": 0.00294, "precision_at_500": 0.00193, "precision_at_1000": 0.00106, "mrr_at_1": 0.1793, "mrr_at_3": 0.21996, "mrr_at_5": 0.22921, "mrr_at_10": 0.23783, "mrr_at_20": 0.24282, "mrr_at_100": 0.24688, "mrr_at_200": 0.24749, "mrr_at_300": 0.24772, "mrr_at_500": 0.24785, "mrr_at_1000": 0.24793, "rc_at_1": {"relevant": 0.0, "distractor": 0.0}, "rc_at_3": {"relevant": 0.0, "distractor": 0.0}, "rc_at_5": {"relevant": 0.0, "distractor": 0.0}, "rc_at_10": {"relevant": 0.0, "distractor": 0.0}, "rc_at_20": {"relevant": 0.0, "distractor": 0.0}, "rc_at_100": {"relevant": 0.0, "distractor": 0.0}, "rc_at_200": {"relevant": 0.0, "distractor": 0.0}, "rc_at_300": {"relevant": 0.0, "distractor": 0.0}, "rc_at_500": {"relevant": 0.0, "distractor": 0.0}, "rc_at_1000": {"relevant": 0.0, "distractor": 0.0}}