{"ndcg_at_1": 0.30895, "ndcg_at_3": 0.3559, "ndcg_at_5": 0.38262, "ndcg_at_10": 0.40705, "ndcg_at_20": 0.42919, "ndcg_at_100": 0.46473, "ndcg_at_200": 0.47439, "ndcg_at_300": 0.47853, "ndcg_at_500": 0.48303, "ndcg_at_1000": 0.48799, "map_at_1": 0.25159, "map_at_3": 0.31694, "map_at_5": 0.33525, "map_at_10": 0.34728, "map_at_20": 0.35459, "map_at_100": 0.36097, "map_at_200": 0.36165, "map_at_300": 0.36188, "map_at_500": 0.36203, "map_at_1000": 0.36215, "recall_at_1": 0.25159, "recall_at_3": 0.38756, "recall_at_5": 0.45652, "recall_at_10": 0.5305, "recall_at_20": 0.60641, "recall_at_100": 0.76961, "recall_at_200": 0.82843, "recall_at_300": 0.85451, "recall_at_500": 0.8865, "recall_at_1000": 0.92535, "precision_at_1": 0.30895, "precision_at_3": 0.17068, "precision_at_5": 0.12377, "precision_at_10": 0.07421, "precision_at_20": 0.04461, "precision_at_100": 0.0122, "precision_at_200": 0.00673, "precision_at_300": 0.00473, "precision_at_500": 0.003, "precision_at_1000": 0.00161, "mrr_at_1": 0.30895, "mrr_at_3": 0.37568, "mrr_at_5": 0.39296, "mrr_at_10": 0.40331, "mrr_at_20": 0.40849, "mrr_at_100": 0.41239, "mrr_at_200": 0.41273, "mrr_at_300": 0.4128, "mrr_at_500": 0.41286, "mrr_at_1000": 0.4129, "rc_at_1": {"relevant": 0.0, "distractor": 0.0}, "rc_at_3": {"relevant": 0.0, "distractor": 0.0}, "rc_at_5": {"relevant": 0.0, "distractor": 0.0}, "rc_at_10": {"relevant": 0.0, "distractor": 0.0}, "rc_at_20": {"relevant": 0.0, "distractor": 0.0}, "rc_at_100": {"relevant": 0.0, "distractor": 0.0}, "rc_at_200": {"relevant": 0.0, "distractor": 0.0}, "rc_at_300": {"relevant": 0.0, "distractor": 0.0}, "rc_at_500": {"relevant": 0.0, "distractor": 0.0}, "rc_at_1000": {"relevant": 0.0, "distractor": 0.0}}