{"ndcg_at_1": 0.38462, "ndcg_at_3": 0.32385, "ndcg_at_5": 0.29557, "ndcg_at_10": 0.25798, "ndcg_at_20": 0.30336, "ndcg_at_100": 0.49827, "ndcg_at_200": 0.54784, "ndcg_at_300": 0.55257, "ndcg_at_500": 0.55257, "ndcg_at_1000": 0.5533, "map_at_1": 0.03846, "map_at_3": 0.08026, "map_at_5": 0.10149, "map_at_10": 0.14369, "map_at_20": 0.1644, "map_at_100": 0.22219, "map_at_200": 0.2338, "map_at_300": 0.23445, "map_at_500": 0.23445, "map_at_1000": 0.2345, "recall_at_1": 0.03846, "recall_at_3": 0.09231, "recall_at_5": 0.13692, "recall_at_10": 0.23077, "recall_at_20": 0.31231, "recall_at_100": 0.82462, "recall_at_200": 0.97846, "recall_at_300": 0.99538, "recall_at_500": 0.99538, "recall_at_1000": 0.99846, "precision_at_1": 0.38462, "precision_at_3": 0.30769, "precision_at_5": 0.27385, "precision_at_10": 0.23077, "precision_at_20": 0.15615, "precision_at_100": 0.08246, "precision_at_200": 0.04892, "precision_at_300": 0.03318, "precision_at_500": 0.01991, "precision_at_1000": 0.00998, "mrr_at_1": 0.38462, "mrr_at_3": 0.44872, "mrr_at_5": 0.48564, "mrr_at_10": 0.50322, "mrr_at_20": 0.5076, "mrr_at_100": 0.50972, "mrr_at_200": 0.50972, "mrr_at_300": 0.50972, "mrr_at_500": 0.50972, "mrr_at_1000": 0.50972, "rc_at_1": {"relevant": 0.38462, "distractor": 0.61538}, "rc_at_3": {"relevant": 0.92308, "distractor": 2.07692}, "rc_at_5": {"relevant": 1.36923, "distractor": 3.63077}, "rc_at_10": {"relevant": 2.30769, "distractor": 7.66154}, "rc_at_20": {"relevant": 3.12308, "distractor": 16.73846}, "rc_at_100": {"relevant": 8.24615, "distractor": 87.43077}, "rc_at_200": {"relevant": 9.78462, "distractor": 97.58462}, "rc_at_300": {"relevant": 9.95385, "distractor": 98.41538}, "rc_at_500": {"relevant": 9.95385, "distractor": 98.84615}, "rc_at_1000": {"relevant": 9.98462, "distractor": 99.32308}}