{"ndcg_at_1": 0.04644, "ndcg_at_3": 0.03947, "ndcg_at_5": 0.03681, "ndcg_at_10": 0.03595, "ndcg_at_20": 0.03532, "ndcg_at_100": 0.05308, "ndcg_at_200": 0.0708, "ndcg_at_300": 0.0839, "ndcg_at_500": 0.10642, "ndcg_at_1000": 0.14839, "map_at_1": 0.00098, "map_at_3": 0.00314, "map_at_5": 0.00406, "map_at_10": 0.00508, "map_at_20": 0.00592, "map_at_100": 0.00852, "map_at_200": 0.00999, "map_at_300": 0.01096, "map_at_500": 0.01238, "map_at_1000": 0.0148, "recall_at_1": 0.00098, "recall_at_3": 0.00658, "recall_at_5": 0.01038, "recall_at_10": 0.01622, "recall_at_20": 0.02366, "recall_at_100": 0.08678, "recall_at_200": 0.14144, "recall_at_300": 0.18128, "recall_at_500": 0.2584, "recall_at_1000": 0.40803, "precision_at_1": 0.04954, "precision_at_3": 0.03818, "precision_at_5": 0.03406, "precision_at_10": 0.03158, "precision_at_20": 0.02663, "precision_at_100": 0.02096, "precision_at_200": 0.01885, "precision_at_300": 0.01745, "precision_at_500": 0.01576, "precision_at_1000": 0.01347, "mrr_at_1": 0.04954, "mrr_at_3": 0.07069, "mrr_at_5": 0.08385, "mrr_at_10": 0.09537, "mrr_at_20": 0.10025, "mrr_at_100": 0.10675, "mrr_at_200": 0.10768, "mrr_at_300": 0.10788, "mrr_at_500": 0.10806, "mrr_at_1000": 0.10815, "rc_at_1": {"relevant": 0.0, "distractor": 0.0}, "rc_at_3": {"relevant": 0.0, "distractor": 0.0}, "rc_at_5": {"relevant": 0.0, "distractor": 0.0}, "rc_at_10": {"relevant": 0.0, "distractor": 0.0}, "rc_at_20": {"relevant": 0.0, "distractor": 0.0}, "rc_at_100": {"relevant": 0.0, "distractor": 0.0}, "rc_at_200": {"relevant": 0.0, "distractor": 0.0}, "rc_at_300": {"relevant": 0.0, "distractor": 0.0}, "rc_at_500": {"relevant": 0.0, "distractor": 0.0}, "rc_at_1000": {"relevant": 0.0, "distractor": 0.0}}