{"ndcg_at_1": 0.18333, "ndcg_at_3": 0.2238, "ndcg_at_5": 0.23859, "ndcg_at_10": 0.27417, "ndcg_at_20": 0.2934, "ndcg_at_100": 0.32333, "ndcg_at_200": 0.33485, "ndcg_at_300": 0.34101, "ndcg_at_500": 0.34985, "ndcg_at_1000": 0.35758, "map_at_1": 0.16722, "map_at_3": 0.20736, "map_at_5": 0.21614, "map_at_10": 0.23129, "map_at_20": 0.23719, "map_at_100": 0.24135, "map_at_200": 0.24194, "map_at_300": 0.24215, "map_at_500": 0.24235, "map_at_1000": 0.24246, "recall_at_1": 0.16722, "recall_at_3": 0.25278, "recall_at_5": 0.29056, "recall_at_10": 0.39872, "recall_at_20": 0.47117, "recall_at_100": 0.63033, "recall_at_200": 0.712, "recall_at_300": 0.76033, "recall_at_500": 0.83433, "recall_at_1000": 0.90533, "precision_at_1": 0.18333, "precision_at_3": 0.09444, "precision_at_5": 0.066, "precision_at_10": 0.04567, "precision_at_20": 0.027, "precision_at_100": 0.0072, "precision_at_200": 0.00403, "precision_at_300": 0.00286, "precision_at_500": 0.00189, "precision_at_1000": 0.00103, "mrr_at_1": 0.18667, "mrr_at_3": 0.22389, "mrr_at_5": 0.23272, "mrr_at_10": 0.2468, "mrr_at_20": 0.25136, "mrr_at_100": 0.25535, "mrr_at_200": 0.25591, "mrr_at_300": 0.25612, "mrr_at_500": 0.25629, "mrr_at_1000": 0.25639, "rc_at_1": {"relevant": 0.0, "distractor": 0.0}, "rc_at_3": {"relevant": 0.0, "distractor": 0.0}, "rc_at_5": {"relevant": 0.0, "distractor": 0.0}, "rc_at_10": {"relevant": 0.0, "distractor": 0.0}, "rc_at_20": {"relevant": 0.0, "distractor": 0.0}, "rc_at_100": {"relevant": 0.0, "distractor": 0.0}, "rc_at_200": {"relevant": 0.0, "distractor": 0.0}, "rc_at_300": {"relevant": 0.0, "distractor": 0.0}, "rc_at_500": {"relevant": 0.0, "distractor": 0.0}, "rc_at_1000": {"relevant": 0.0, "distractor": 0.0}}