{"ndcg_at_1": 0.43667, "ndcg_at_3": 0.47179, "ndcg_at_5": 0.4896, "ndcg_at_10": 0.51109, "ndcg_at_20": 0.52518, "ndcg_at_100": 0.55352, "ndcg_at_200": 0.56124, "ndcg_at_300": 0.56279, "ndcg_at_500": 0.56654, "ndcg_at_1000": 0.57239, "map_at_1": 0.41206, "map_at_3": 0.45378, "map_at_5": 0.46615, "map_at_10": 0.47583, "map_at_20": 0.48018, "map_at_100": 0.48419, "map_at_200": 0.48459, "map_at_300": 0.48464, "map_at_500": 0.48474, "map_at_1000": 0.48482, "recall_at_1": 0.41206, "recall_at_3": 0.49617, "recall_at_5": 0.54061, "recall_at_10": 0.604, "recall_at_20": 0.65678, "recall_at_100": 0.80856, "recall_at_200": 0.86367, "recall_at_300": 0.87533, "recall_at_500": 0.906, "recall_at_1000": 0.961, "precision_at_1": 0.43667, "precision_at_3": 0.18111, "precision_at_5": 0.12133, "precision_at_10": 0.069, "precision_at_20": 0.03767, "precision_at_100": 0.0092, "precision_at_200": 0.0049, "precision_at_300": 0.00331, "precision_at_500": 0.00206, "precision_at_1000": 0.00109, "mrr_at_1": 0.43, "mrr_at_3": 0.47278, "mrr_at_5": 0.48111, "mrr_at_10": 0.48958, "mrr_at_20": 0.49363, "mrr_at_100": 0.49721, "mrr_at_200": 0.49756, "mrr_at_300": 0.49762, "mrr_at_500": 0.49769, "mrr_at_1000": 0.49777, "rc_at_1": {"relevant": 0.0, "distractor": 0.0}, "rc_at_3": {"relevant": 0.0, "distractor": 0.0}, "rc_at_5": {"relevant": 0.0, "distractor": 0.0}, "rc_at_10": {"relevant": 0.0, "distractor": 0.0}, "rc_at_20": {"relevant": 0.0, "distractor": 0.0}, "rc_at_100": {"relevant": 0.0, "distractor": 0.0}, "rc_at_200": {"relevant": 0.0, "distractor": 0.0}, "rc_at_300": {"relevant": 0.0, "distractor": 0.0}, "rc_at_500": {"relevant": 0.0, "distractor": 0.0}, "rc_at_1000": {"relevant": 0.0, "distractor": 0.0}}