{"ndcg_at_1": 0.26119, "ndcg_at_3": 0.31138, "ndcg_at_5": 0.33814, "ndcg_at_10": 0.36566, "ndcg_at_20": 0.39204, "ndcg_at_100": 0.4281, "ndcg_at_200": 0.43762, "ndcg_at_300": 0.44249, "ndcg_at_500": 0.44753, "ndcg_at_1000": 0.4522, "map_at_1": 0.22599, "map_at_3": 0.2814, "map_at_5": 0.29979, "map_at_10": 0.31236, "map_at_20": 0.32037, "map_at_100": 0.32603, "map_at_200": 0.32669, "map_at_300": 0.3269, "map_at_500": 0.32704, "map_at_1000": 0.32713, "recall_at_1": 0.22599, "recall_at_3": 0.34537, "recall_at_5": 0.41368, "recall_at_10": 0.49333, "recall_at_20": 0.58772, "recall_at_100": 0.7635, "recall_at_200": 0.82101, "recall_at_300": 0.85415, "recall_at_500": 0.89326, "recall_at_1000": 0.9312, "precision_at_1": 0.26119, "precision_at_3": 0.14303, "precision_at_5": 0.10429, "precision_at_10": 0.06427, "precision_at_20": 0.03923, "precision_at_100": 0.01069, "precision_at_200": 0.00593, "precision_at_300": 0.00417, "precision_at_500": 0.00263, "precision_at_1000": 0.00139, "mrr_at_1": 0.26026, "mrr_at_3": 0.31996, "mrr_at_5": 0.33526, "mrr_at_10": 0.34653, "mrr_at_20": 0.35341, "mrr_at_100": 0.35766, "mrr_at_200": 0.35804, "mrr_at_300": 0.35815, "mrr_at_500": 0.35824, "mrr_at_1000": 0.35829, "rc_at_1": {"relevant": 0.0, "distractor": 0.0}, "rc_at_3": {"relevant": 0.0, "distractor": 0.0}, "rc_at_5": {"relevant": 0.0, "distractor": 0.0}, "rc_at_10": {"relevant": 0.0, "distractor": 0.0}, "rc_at_20": {"relevant": 0.0, "distractor": 0.0}, "rc_at_100": {"relevant": 0.0, "distractor": 0.0}, "rc_at_200": {"relevant": 0.0, "distractor": 0.0}, "rc_at_300": {"relevant": 0.0, "distractor": 0.0}, "rc_at_500": {"relevant": 0.0, "distractor": 0.0}, "rc_at_1000": {"relevant": 0.0, "distractor": 0.0}}