{"ndcg_at_1": 0.0, "ndcg_at_3": 0.22385, "ndcg_at_5": 0.2857, "ndcg_at_10": 0.35109, "ndcg_at_20": 0.3819, "ndcg_at_100": 0.40106, "ndcg_at_200": 0.40367, "ndcg_at_300": 0.40466, "ndcg_at_500": 0.40507, "ndcg_at_1000": 0.40566, "map_at_1": 0.0, "map_at_3": 0.16809, "map_at_5": 0.20226, "map_at_10": 0.22942, "map_at_20": 0.23801, "map_at_100": 0.24087, "map_at_200": 0.24101, "map_at_300": 0.24104, "map_at_500": 0.24105, "map_at_1000": 0.24106, "recall_at_1": 0.0, "recall_at_3": 0.38549, "recall_at_5": 0.53627, "recall_at_10": 0.73755, "recall_at_20": 0.85846, "recall_at_100": 0.95875, "recall_at_200": 0.97724, "recall_at_300": 0.98506, "recall_at_500": 0.98862, "recall_at_1000": 0.99431, "precision_at_1": 0.0, "precision_at_3": 0.1285, "precision_at_5": 0.10725, "precision_at_10": 0.07376, "precision_at_20": 0.04292, "precision_at_100": 0.00959, "precision_at_200": 0.00489, "precision_at_300": 0.00328, "precision_at_500": 0.00198, "precision_at_1000": 0.00099, "mrr_at_1": 0.0, "mrr_at_3": 0.16761, "mrr_at_5": 0.20399, "mrr_at_10": 0.23089, "mrr_at_20": 0.2391, "mrr_at_100": 0.24198, "mrr_at_200": 0.2421, "mrr_at_300": 0.24212, "mrr_at_500": 0.24213, "mrr_at_1000": 0.24214, "rc_at_1": {"relevant": 0.0, "distractor": 0.0}, "rc_at_3": {"relevant": 0.0, "distractor": 0.0}, "rc_at_5": {"relevant": 0.0, "distractor": 0.0}, "rc_at_10": {"relevant": 0.0, "distractor": 0.0}, "rc_at_20": {"relevant": 0.0, "distractor": 0.0}, "rc_at_100": {"relevant": 0.0, "distractor": 0.0}, "rc_at_200": {"relevant": 0.0, "distractor": 0.0}, "rc_at_300": {"relevant": 0.0, "distractor": 0.0}, "rc_at_500": {"relevant": 0.0, "distractor": 0.0}, "rc_at_1000": {"relevant": 0.0, "distractor": 0.0}}