{"ndcg_at_1": 0.10821, "ndcg_at_3": 0.14093, "ndcg_at_5": 0.15971, "ndcg_at_10": 0.17646, "ndcg_at_20": 0.19392, "ndcg_at_100": 0.22619, "ndcg_at_200": 0.2372, "ndcg_at_300": 0.2429, "ndcg_at_500": 0.25041, "ndcg_at_1000": 0.2609, "map_at_1": 0.08187, "map_at_3": 0.11974, "map_at_5": 0.13132, "map_at_10": 0.13854, "map_at_20": 0.14347, "map_at_100": 0.14788, "map_at_200": 0.14855, "map_at_300": 0.14877, "map_at_500": 0.14896, "map_at_1000": 0.14914, "recall_at_1": 0.08187, "recall_at_3": 0.16491, "recall_at_5": 0.21166, "recall_at_10": 0.26219, "recall_at_20": 0.32576, "recall_at_100": 0.48787, "recall_at_200": 0.55846, "recall_at_300": 0.59852, "recall_at_500": 0.65547, "recall_at_1000": 0.74177, "precision_at_1": 0.10821, "precision_at_3": 0.07131, "precision_at_5": 0.05522, "precision_at_10": 0.03408, "precision_at_20": 0.02183, "precision_at_100": 0.00698, "precision_at_200": 0.00408, "precision_at_300": 0.00295, "precision_at_500": 0.00197, "precision_at_1000": 0.00115, "mrr_at_1": 0.10572, "mrr_at_3": 0.14967, "mrr_at_5": 0.16298, "mrr_at_10": 0.17068, "mrr_at_20": 0.17516, "mrr_at_100": 0.17927, "mrr_at_200": 0.17972, "mrr_at_300": 0.1799, "mrr_at_500": 0.18004, "mrr_at_1000": 0.18015, "rc_at_1": {"relevant": 0.0, "distractor": 0.0}, "rc_at_3": {"relevant": 0.0, "distractor": 0.0}, "rc_at_5": {"relevant": 0.0, "distractor": 0.0}, "rc_at_10": {"relevant": 0.0, "distractor": 0.0}, "rc_at_20": {"relevant": 0.0, "distractor": 0.0}, "rc_at_100": {"relevant": 0.0, "distractor": 0.0}, "rc_at_200": {"relevant": 0.0, "distractor": 0.0}, "rc_at_300": {"relevant": 0.0, "distractor": 0.0}, "rc_at_500": {"relevant": 0.0, "distractor": 0.0}, "rc_at_1000": {"relevant": 0.0, "distractor": 0.0}}