{"ndcg_at_1": 0.61053, "ndcg_at_3": 0.46281, "ndcg_at_5": 0.48103, "ndcg_at_10": 0.49955, "ndcg_at_20": 0.51241, "ndcg_at_100": 0.53384, "ndcg_at_200": 0.5402, "ndcg_at_300": 0.54328, "ndcg_at_500": 0.54699, "ndcg_at_1000": 0.55143, "map_at_1": 0.30527, "map_at_3": 0.38901, "map_at_5": 0.40147, "map_at_10": 0.4113, "map_at_20": 0.41585, "map_at_100": 0.4196, "map_at_200": 0.42005, "map_at_300": 0.42019, "map_at_500": 0.42031, "map_at_1000": 0.4204, "recall_at_1": 0.30527, "recall_at_3": 0.42735, "recall_at_5": 0.46347, "recall_at_10": 0.51013, "recall_at_20": 0.55152, "recall_at_100": 0.64666, "recall_at_200": 0.68386, "recall_at_300": 0.70378, "recall_at_500": 0.72978, "recall_at_1000": 0.76408, "precision_at_1": 0.61053, "precision_at_3": 0.2849, "precision_at_5": 0.18539, "precision_at_10": 0.10203, "precision_at_20": 0.05515, "precision_at_100": 0.01293, "precision_at_200": 0.00684, "precision_at_300": 0.00469, "precision_at_500": 0.00292, "precision_at_1000": 0.00153, "mrr_at_1": 0.61053, "mrr_at_3": 0.66232, "mrr_at_5": 0.67032, "mrr_at_10": 0.67566, "mrr_at_20": 0.67809, "mrr_at_100": 0.68, "mrr_at_200": 0.68016, "mrr_at_300": 0.68021, "mrr_at_500": 0.68024, "mrr_at_1000": 0.68026, "rc_at_1": {"relevant": 0.0, "distractor": 0.0}, "rc_at_3": {"relevant": 0.0, "distractor": 0.0}, "rc_at_5": {"relevant": 0.0, "distractor": 0.0}, "rc_at_10": {"relevant": 0.0, "distractor": 0.0}, "rc_at_20": {"relevant": 0.0, "distractor": 0.0}, "rc_at_100": {"relevant": 0.0, "distractor": 0.0}, "rc_at_200": {"relevant": 0.0, "distractor": 0.0}, "rc_at_300": {"relevant": 0.0, "distractor": 0.0}, "rc_at_500": {"relevant": 0.0, "distractor": 0.0}, "rc_at_1000": {"relevant": 0.0, "distractor": 0.0}}