{"ndcg_at_1": 0.30805, "ndcg_at_3": 0.28399, "ndcg_at_5": 0.26861, "ndcg_at_10": 0.24625, "ndcg_at_20": 0.22632, "ndcg_at_100": 0.22323, "ndcg_at_200": 0.23838, "ndcg_at_300": 0.25159, "ndcg_at_500": 0.27337, "ndcg_at_1000": 0.31242, "map_at_1": 0.0339, "map_at_3": 0.05663, "map_at_5": 0.06647, "map_at_10": 0.07927, "map_at_20": 0.08713, "map_at_100": 0.098, "map_at_200": 0.10154, "map_at_300": 0.10341, "map_at_500": 0.10566, "map_at_1000": 0.10876, "recall_at_1": 0.0339, "recall_at_3": 0.06727, "recall_at_5": 0.08632, "recall_at_10": 0.11854, "recall_at_20": 0.1508, "recall_at_100": 0.24368, "recall_at_200": 0.29816, "recall_at_300": 0.34293, "recall_at_500": 0.41985, "recall_at_1000": 0.55669, "precision_at_1": 0.32198, "precision_at_3": 0.27141, "precision_at_5": 0.23839, "precision_at_10": 0.19009, "precision_at_20": 0.13607, "precision_at_100": 0.05839, "precision_at_200": 0.04043, "precision_at_300": 0.03259, "precision_at_500": 0.02509, "precision_at_1000": 0.01801, "mrr_at_1": 0.32198, "mrr_at_3": 0.38596, "mrr_at_5": 0.40299, "mrr_at_10": 0.41203, "mrr_at_20": 0.41524, "mrr_at_100": 0.41878, "mrr_at_200": 0.41901, "mrr_at_300": 0.41914, "mrr_at_500": 0.41926, "mrr_at_1000": 0.41932, "rc_at_1": {"relevant": 0.0, "distractor": 0.0}, "rc_at_3": {"relevant": 0.0, "distractor": 0.0}, "rc_at_5": {"relevant": 0.0, "distractor": 0.0}, "rc_at_10": {"relevant": 0.0, "distractor": 0.0}, "rc_at_20": {"relevant": 0.0, "distractor": 0.0}, "rc_at_100": {"relevant": 0.0, "distractor": 0.0}, "rc_at_200": {"relevant": 0.0, "distractor": 0.0}, "rc_at_300": {"relevant": 0.0, "distractor": 0.0}, "rc_at_500": {"relevant": 0.0, "distractor": 0.0}, "rc_at_1000": {"relevant": 0.0, "distractor": 0.0}}