{"ndcg_at_1": 0.83723, "ndcg_at_3": 0.87095, "ndcg_at_5": 0.87831, "ndcg_at_10": 0.88441, "ndcg_at_20": 0.88809, "ndcg_at_100": 0.89148, "ndcg_at_200": 0.89231, "ndcg_at_300": 0.89267, "ndcg_at_500": 0.89313, "ndcg_at_1000": 0.89362, "map_at_1": 0.77709, "map_at_3": 0.84186, "map_at_5": 0.84767, "map_at_10": 0.85093, "map_at_20": 0.85227, "map_at_100": 0.85304, "map_at_200": 0.85312, "map_at_300": 0.85314, "map_at_500": 0.85316, "map_at_1000": 0.85317, "recall_at_1": 0.77709, "recall_at_3": 0.90323, "recall_at_5": 0.92303, "recall_at_10": 0.94135, "recall_at_20": 0.95401, "recall_at_100": 0.96817, "recall_at_200": 0.97271, "recall_at_300": 0.97499, "recall_at_500": 0.97796, "recall_at_1000": 0.98154, "precision_at_1": 0.83723, "precision_at_3": 0.32968, "precision_at_5": 0.20333, "precision_at_10": 0.10438, "precision_at_20": 0.05331, "precision_at_100": 0.011, "precision_at_200": 0.00556, "precision_at_300": 0.00372, "precision_at_500": 0.00225, "precision_at_1000": 0.00113, "mrr_at_1": 0.83723, "mrr_at_3": 0.89236, "mrr_at_5": 0.89612, "mrr_at_10": 0.89815, "mrr_at_20": 0.89871, "mrr_at_100": 0.89883, "mrr_at_200": 0.89884, "mrr_at_300": 0.89884, "mrr_at_500": 0.89884, "mrr_at_1000": 0.89884, "rc_at_1": {"relevant": 0.0, "distractor": 0.0}, "rc_at_3": {"relevant": 0.0, "distractor": 0.0}, "rc_at_5": {"relevant": 0.0, "distractor": 0.0}, "rc_at_10": {"relevant": 0.0, "distractor": 0.0}, "rc_at_20": {"relevant": 0.0, "distractor": 0.0}, "rc_at_100": {"relevant": 0.0, "distractor": 0.0}, "rc_at_200": {"relevant": 0.0, "distractor": 0.0}, "rc_at_300": {"relevant": 0.0, "distractor": 0.0}, "rc_at_500": {"relevant": 0.0, "distractor": 0.0}, "rc_at_1000": {"relevant": 0.0, "distractor": 0.0}}