{"ndcg_at_1": 0.00569, "ndcg_at_3": 0.02339, "ndcg_at_5": 0.03446, "ndcg_at_10": 0.04553, "ndcg_at_20": 0.05998, "ndcg_at_100": 0.09308, "ndcg_at_200": 0.10784, "ndcg_at_300": 0.11635, "ndcg_at_500": 0.12503, "ndcg_at_1000": 0.1446, "map_at_1": 0.00569, "map_at_3": 0.01873, "map_at_5": 0.02485, "map_at_10": 0.02943, "map_at_20": 0.03333, "map_at_100": 0.03766, "map_at_200": 0.03841, "map_at_300": 0.03869, "map_at_500": 0.03888, "map_at_1000": 0.03913, "recall_at_1": 0.00569, "recall_at_3": 0.03698, "recall_at_5": 0.06401, "recall_at_10": 0.09815, "recall_at_20": 0.15576, "recall_at_100": 0.33784, "recall_at_200": 0.44381, "recall_at_300": 0.51138, "recall_at_500": 0.58606, "recall_at_1000": 0.77312, "precision_at_1": 0.00569, "precision_at_3": 0.01233, "precision_at_5": 0.0128, "precision_at_10": 0.00982, "precision_at_20": 0.00779, "precision_at_100": 0.00338, "precision_at_200": 0.00222, "precision_at_300": 0.0017, "precision_at_500": 0.00117, "precision_at_1000": 0.00077, "mrr_at_1": 0.00284, "mrr_at_3": 0.02193, "mrr_at_5": 0.02926, "mrr_at_10": 0.03583, "mrr_at_20": 0.04052, "mrr_at_100": 0.04545, "mrr_at_200": 0.0462, "mrr_at_300": 0.04643, "mrr_at_500": 0.04664, "mrr_at_1000": 0.04683, "rc_at_1": {"relevant": 0.0, "distractor": 0.0}, "rc_at_3": {"relevant": 0.0, "distractor": 0.0}, "rc_at_5": {"relevant": 0.0, "distractor": 0.0}, "rc_at_10": {"relevant": 0.0, "distractor": 0.0}, "rc_at_20": {"relevant": 0.0, "distractor": 0.0}, "rc_at_100": {"relevant": 0.0, "distractor": 0.0}, "rc_at_200": {"relevant": 0.0, "distractor": 0.0}, "rc_at_300": {"relevant": 0.0, "distractor": 0.0}, "rc_at_500": {"relevant": 0.0, "distractor": 0.0}, "rc_at_1000": {"relevant": 0.0, "distractor": 0.0}}