{"ndcg_at_1": 0.38182, "ndcg_at_3": 0.28939, "ndcg_at_5": 0.25533, "ndcg_at_10": 0.2009, "ndcg_at_20": 0.22625, "ndcg_at_100": 0.30077, "ndcg_at_200": 0.3244, "ndcg_at_300": 0.33744, "ndcg_at_500": 0.34589, "ndcg_at_1000": 0.35559, "map_at_1": 0.03818, "map_at_3": 0.06333, "map_at_5": 0.08261, "map_at_10": 0.10406, "map_at_20": 0.11354, "map_at_100": 0.13516, "map_at_200": 0.13769, "map_at_300": 0.13893, "map_at_500": 0.13941, "map_at_1000": 0.1398, "recall_at_1": 0.03818, "recall_at_3": 0.08182, "recall_at_5": 0.11455, "recall_at_10": 0.16364, "recall_at_20": 0.20909, "recall_at_100": 0.39455, "recall_at_200": 0.47091, "recall_at_300": 0.51818, "recall_at_500": 0.55091, "recall_at_1000": 0.59273, "precision_at_1": 0.38182, "precision_at_3": 0.27273, "precision_at_5": 0.22909, "precision_at_10": 0.16364, "precision_at_20": 0.10455, "precision_at_100": 0.03945, "precision_at_200": 0.02355, "precision_at_300": 0.01727, "precision_at_500": 0.01102, "precision_at_1000": 0.00593, "mrr_at_1": 0.38182, "mrr_at_3": 0.47576, "mrr_at_5": 0.49303, "mrr_at_10": 0.4999, "mrr_at_20": 0.50307, "mrr_at_100": 0.50503, "mrr_at_200": 0.50534, "mrr_at_300": 0.50534, "mrr_at_500": 0.50534, "mrr_at_1000": 0.50534, "rc_at_1": {"relevant": 0.38182, "distractor": 0.41818}, "rc_at_3": {"relevant": 0.81818, "distractor": 1.50909}, "rc_at_5": {"relevant": 1.14545, "distractor": 2.56364}, "rc_at_10": {"relevant": 1.63636, "distractor": 5.09091}, "rc_at_20": {"relevant": 2.09091, "distractor": 8.76364}, "rc_at_100": {"relevant": 3.94545, "distractor": 23.52727}, "rc_at_200": {"relevant": 4.70909, "distractor": 30.65455}, "rc_at_300": {"relevant": 5.18182, "distractor": 35.07273}, "rc_at_500": {"relevant": 5.50909, "distractor": 39.83636}, "rc_at_1000": {"relevant": 5.92727, "distractor": 45.94545}}