{"ndcg_at_1": 0.16923, "ndcg_at_3": 0.10941, "ndcg_at_5": 0.08536, "ndcg_at_10": 0.06814, "ndcg_at_20": 0.07645, "ndcg_at_100": 0.1094, "ndcg_at_200": 0.12148, "ndcg_at_300": 0.12663, "ndcg_at_500": 0.13722, "ndcg_at_1000": 0.15707, "map_at_1": 0.01692, "map_at_3": 0.02385, "map_at_5": 0.02592, "map_at_10": 0.03064, "map_at_20": 0.03237, "map_at_100": 0.03714, "map_at_200": 0.03814, "map_at_300": 0.03846, "map_at_500": 0.03884, "map_at_1000": 0.03934, "recall_at_1": 0.01692, "recall_at_3": 0.02769, "recall_at_5": 0.03231, "recall_at_10": 0.05077, "recall_at_20": 0.06615, "recall_at_100": 0.14923, "recall_at_200": 0.18769, "recall_at_300": 0.20615, "recall_at_500": 0.24769, "recall_at_1000": 0.33385, "precision_at_1": 0.16923, "precision_at_3": 0.09231, "precision_at_5": 0.06462, "precision_at_10": 0.05077, "precision_at_20": 0.03308, "precision_at_100": 0.01492, "precision_at_200": 0.00938, "precision_at_300": 0.00687, "precision_at_500": 0.00495, "precision_at_1000": 0.00334, "mrr_at_1": 0.18462, "mrr_at_3": 0.22051, "mrr_at_5": 0.22744, "mrr_at_10": 0.23374, "mrr_at_20": 0.24174, "mrr_at_100": 0.24803, "mrr_at_200": 0.24851, "mrr_at_300": 0.24884, "mrr_at_500": 0.24889, "mrr_at_1000": 0.24892, "rc_at_1": {"relevant": 0.18462, "distractor": 0.33846}, "rc_at_3": {"relevant": 0.33846, "distractor": 1.04615}, "rc_at_5": {"relevant": 0.41538, "distractor": 1.83077}, "rc_at_10": {"relevant": 0.52308, "distractor": 3.24615}, "rc_at_20": {"relevant": 0.76923, "distractor": 5.35385}, "rc_at_100": {"relevant": 1.8, "distractor": 13.53846}, "rc_at_200": {"relevant": 2.07692, "distractor": 18.4}, "rc_at_300": {"relevant": 2.46154, "distractor": 21.78462}, "rc_at_500": {"relevant": 2.89231, "distractor": 25.89231}, "rc_at_1000": {"relevant": 3.35385, "distractor": 32.01538}}