{"ndcg_at_1": 0.27273, "ndcg_at_3": 0.20518, "ndcg_at_5": 0.16341, "ndcg_at_10": 0.13772, "ndcg_at_20": 0.1692, "ndcg_at_100": 0.23484, "ndcg_at_200": 0.2527, "ndcg_at_300": 0.26425, "ndcg_at_500": 0.27957, "ndcg_at_1000": 0.29574, "map_at_1": 0.02727, "map_at_3": 0.04788, "map_at_5": 0.05324, "map_at_10": 0.06622, "map_at_20": 0.0788, "map_at_100": 0.0965, "map_at_200": 0.09869, "map_at_300": 0.0994, "map_at_500": 0.10016, "map_at_1000": 0.10078, "recall_at_1": 0.02727, "recall_at_3": 0.05636, "recall_at_5": 0.06727, "recall_at_10": 0.11091, "recall_at_20": 0.16727, "recall_at_100": 0.32909, "recall_at_200": 0.38727, "recall_at_300": 0.42909, "recall_at_500": 0.48909, "recall_at_1000": 0.55818, "precision_at_1": 0.27273, "precision_at_3": 0.18788, "precision_at_5": 0.13455, "precision_at_10": 0.11091, "precision_at_20": 0.08364, "precision_at_100": 0.03291, "precision_at_200": 0.01936, "precision_at_300": 0.0143, "precision_at_500": 0.00978, "precision_at_1000": 0.00558, "mrr_at_1": 0.27273, "mrr_at_3": 0.32727, "mrr_at_5": 0.33182, "mrr_at_10": 0.35366, "mrr_at_20": 0.35876, "mrr_at_100": 0.3618, "mrr_at_200": 0.36214, "mrr_at_300": 0.36236, "mrr_at_500": 0.36236, "mrr_at_1000": 0.36238, "rc_at_1": {"relevant": 0.27273, "distractor": 0.32727}, "rc_at_3": {"relevant": 0.56364, "distractor": 1.23636}, "rc_at_5": {"relevant": 0.67273, "distractor": 2.0}, "rc_at_10": {"relevant": 1.10909, "distractor": 3.69091}, "rc_at_20": {"relevant": 1.67273, "distractor": 6.4}, "rc_at_100": {"relevant": 3.29091, "distractor": 17.89091}, "rc_at_200": {"relevant": 3.87273, "distractor": 24.45455}, "rc_at_300": {"relevant": 4.29091, "distractor": 28.07273}, "rc_at_500": {"relevant": 4.89091, "distractor": 32.29091}, "rc_at_1000": {"relevant": 5.58182, "distractor": 39.18182}}