{"ndcg_at_1": 0.16604, "ndcg_at_3": 0.20156, "ndcg_at_5": 0.22016, "ndcg_at_10": 0.24278, "ndcg_at_20": 0.25903, "ndcg_at_100": 0.29567, "ndcg_at_200": 0.30732, "ndcg_at_300": 0.31146, "ndcg_at_500": 0.3172, "ndcg_at_1000": 0.32482, "map_at_1": 0.14449, "map_at_3": 0.18216, "map_at_5": 0.1935, "map_at_10": 0.20304, "map_at_20": 0.20771, "map_at_100": 0.21325, "map_at_200": 0.21394, "map_at_300": 0.2141, "map_at_500": 0.21425, "map_at_1000": 0.21438, "recall_at_1": 0.14449, "recall_at_3": 0.22631, "recall_at_5": 0.273, "recall_at_10": 0.33883, "recall_at_20": 0.3985, "recall_at_100": 0.57933, "recall_at_200": 0.65473, "recall_at_300": 0.68425, "recall_at_500": 0.72894, "recall_at_1000": 0.79113, "precision_at_1": 0.16604, "precision_at_3": 0.09142, "precision_at_5": 0.06716, "precision_at_10": 0.04356, "precision_at_20": 0.02603, "precision_at_100": 0.008, "precision_at_200": 0.00459, "precision_at_300": 0.00322, "precision_at_500": 0.00207, "precision_at_1000": 0.00116, "mrr_at_1": 0.16604, "mrr_at_3": 0.20647, "mrr_at_5": 0.21841, "mrr_at_10": 0.22864, "mrr_at_20": 0.23311, "mrr_at_100": 0.23772, "mrr_at_200": 0.23824, "mrr_at_300": 0.23836, "mrr_at_500": 0.23848, "mrr_at_1000": 0.23855, "rc_at_1": {"relevant": 0.0, "distractor": 0.0}, "rc_at_3": {"relevant": 0.0, "distractor": 0.0}, "rc_at_5": {"relevant": 0.0, "distractor": 0.0}, "rc_at_10": {"relevant": 0.0, "distractor": 0.0}, "rc_at_20": {"relevant": 0.0, "distractor": 0.0}, "rc_at_100": {"relevant": 0.0, "distractor": 0.0}, "rc_at_200": {"relevant": 0.0, "distractor": 0.0}, "rc_at_300": {"relevant": 0.0, "distractor": 0.0}, "rc_at_500": {"relevant": 0.0, "distractor": 0.0}, "rc_at_1000": {"relevant": 0.0, "distractor": 0.0}}