{"ndcg_at_1": 0.21012, "ndcg_at_3": 0.25052, "ndcg_at_5": 0.26318, "ndcg_at_10": 0.28385, "ndcg_at_20": 0.30108, "ndcg_at_100": 0.3307, "ndcg_at_200": 0.34007, "ndcg_at_300": 0.34415, "ndcg_at_500": 0.3504, "ndcg_at_1000": 0.35691, "map_at_1": 0.19325, "map_at_3": 0.23217, "map_at_5": 0.24016, "map_at_10": 0.24917, "map_at_20": 0.25409, "map_at_100": 0.25845, "map_at_200": 0.25903, "map_at_300": 0.25918, "map_at_500": 0.25934, "map_at_1000": 0.25945, "recall_at_1": 0.19325, "recall_at_3": 0.27663, "recall_at_5": 0.30961, "recall_at_10": 0.37172, "recall_at_20": 0.4362, "recall_at_100": 0.58402, "recall_at_200": 0.64347, "recall_at_300": 0.67345, "recall_at_500": 0.72353, "recall_at_1000": 0.78041, "precision_at_1": 0.21012, "precision_at_3": 0.10532, "precision_at_5": 0.07209, "precision_at_10": 0.04433, "precision_at_20": 0.02669, "precision_at_100": 0.00738, "precision_at_200": 0.00418, "precision_at_300": 0.00293, "precision_at_500": 0.0019, "precision_at_1000": 0.00103, "mrr_at_1": 0.21012, "mrr_at_3": 0.25051, "mrr_at_5": 0.25864, "mrr_at_10": 0.26775, "mrr_at_20": 0.27282, "mrr_at_100": 0.2771, "mrr_at_200": 0.27751, "mrr_at_300": 0.27763, "mrr_at_500": 0.27775, "mrr_at_1000": 0.27782, "rc_at_1": {"relevant": 0.0, "distractor": 0.0}, "rc_at_3": {"relevant": 0.0, "distractor": 0.0}, "rc_at_5": {"relevant": 0.0, "distractor": 0.0}, "rc_at_10": {"relevant": 0.0, "distractor": 0.0}, "rc_at_20": {"relevant": 0.0, "distractor": 0.0}, "rc_at_100": {"relevant": 0.0, "distractor": 0.0}, "rc_at_200": {"relevant": 0.0, "distractor": 0.0}, "rc_at_300": {"relevant": 0.0, "distractor": 0.0}, "rc_at_500": {"relevant": 0.0, "distractor": 0.0}, "rc_at_1000": {"relevant": 0.0, "distractor": 0.0}}