{"ndcg_at_1": 0.13066, "ndcg_at_3": 0.16996, "ndcg_at_5": 0.1874, "ndcg_at_10": 0.20629, "ndcg_at_20": 0.22137, "ndcg_at_100": 0.24698, "ndcg_at_200": 0.25541, "ndcg_at_300": 0.2611, "ndcg_at_500": 0.26614, "ndcg_at_1000": 0.27281, "map_at_1": 0.12034, "map_at_3": 0.15529, "map_at_5": 0.16509, "map_at_10": 0.17284, "map_at_20": 0.17694, "map_at_100": 0.18028, "map_at_200": 0.18072, "map_at_300": 0.18091, "map_at_500": 0.18102, "map_at_1000": 0.18112, "recall_at_1": 0.12034, "recall_at_3": 0.19988, "recall_at_5": 0.24224, "recall_at_10": 0.29987, "recall_at_20": 0.35877, "recall_at_100": 0.49641, "recall_at_200": 0.55483, "recall_at_300": 0.59891, "recall_at_500": 0.64096, "recall_at_1000": 0.70195, "precision_at_1": 0.13066, "precision_at_3": 0.07241, "precision_at_5": 0.05275, "precision_at_10": 0.03278, "precision_at_20": 0.01958, "precision_at_100": 0.00545, "precision_at_200": 0.00306, "precision_at_300": 0.00221, "precision_at_500": 0.00142, "precision_at_1000": 0.00078, "mrr_at_1": 0.13066, "mrr_at_3": 0.16754, "mrr_at_5": 0.17772, "mrr_at_10": 0.18583, "mrr_at_20": 0.19007, "mrr_at_100": 0.19352, "mrr_at_200": 0.19395, "mrr_at_300": 0.19413, "mrr_at_500": 0.19425, "mrr_at_1000": 0.19434, "rc_at_1": {"relevant": 0.0, "distractor": 0.0}, "rc_at_3": {"relevant": 0.0, "distractor": 0.0}, "rc_at_5": {"relevant": 0.0, "distractor": 0.0}, "rc_at_10": {"relevant": 0.0, "distractor": 0.0}, "rc_at_20": {"relevant": 0.0, "distractor": 0.0}, "rc_at_100": {"relevant": 0.0, "distractor": 0.0}, "rc_at_200": {"relevant": 0.0, "distractor": 0.0}, "rc_at_300": {"relevant": 0.0, "distractor": 0.0}, "rc_at_500": {"relevant": 0.0, "distractor": 0.0}, "rc_at_1000": {"relevant": 0.0, "distractor": 0.0}}