{"ndcg_at_1": 0.18854, "ndcg_at_3": 0.26637, "ndcg_at_5": 0.28945, "ndcg_at_10": 0.31388, "ndcg_at_20": 0.32963, "ndcg_at_100": 0.36061, "ndcg_at_200": 0.37432, "ndcg_at_300": 0.37818, "ndcg_at_500": 0.38303, "ndcg_at_1000": 0.39081, "map_at_1": 0.16627, "map_at_3": 0.23642, "map_at_5": 0.25089, "map_at_10": 0.26155, "map_at_20": 0.26589, "map_at_100": 0.27031, "map_at_200": 0.27108, "map_at_300": 0.27125, "map_at_500": 0.27139, "map_at_1000": 0.27153, "recall_at_1": 0.16627, "recall_at_3": 0.32782, "recall_at_5": 0.38216, "recall_at_10": 0.45493, "recall_at_20": 0.51419, "recall_at_100": 0.6732, "recall_at_200": 0.76583, "recall_at_300": 0.79334, "recall_at_500": 0.83047, "recall_at_1000": 0.8973, "precision_at_1": 0.18854, "precision_at_3": 0.12261, "precision_at_5": 0.08725, "precision_at_10": 0.0525, "precision_at_20": 0.03013, "precision_at_100": 0.00828, "precision_at_200": 0.00477, "precision_at_300": 0.00335, "precision_at_500": 0.00216, "precision_at_1000": 0.00119, "mrr_at_1": 0.18854, "mrr_at_3": 0.26124, "mrr_at_5": 0.27335, "mrr_at_10": 0.28282, "mrr_at_20": 0.28723, "mrr_at_100": 0.29118, "mrr_at_200": 0.29188, "mrr_at_300": 0.29197, "mrr_at_500": 0.29206, "mrr_at_1000": 0.29214, "rc_at_1": {"relevant": 0.0, "distractor": 0.0}, "rc_at_3": {"relevant": 0.0, "distractor": 0.0}, "rc_at_5": {"relevant": 0.0, "distractor": 0.0}, "rc_at_10": {"relevant": 0.0, "distractor": 0.0}, "rc_at_20": {"relevant": 0.0, "distractor": 0.0}, "rc_at_100": {"relevant": 0.0, "distractor": 0.0}, "rc_at_200": {"relevant": 0.0, "distractor": 0.0}, "rc_at_300": {"relevant": 0.0, "distractor": 0.0}, "rc_at_500": {"relevant": 0.0, "distractor": 0.0}, "rc_at_1000": {"relevant": 0.0, "distractor": 0.0}}