{"ndcg_at_1": 0.37747, "ndcg_at_3": 0.42178, "ndcg_at_5": 0.43578, "ndcg_at_10": 0.46419, "ndcg_at_20": 0.48654, "ndcg_at_100": 0.52527, "ndcg_at_200": 0.53454, "ndcg_at_300": 0.53719, "ndcg_at_500": 0.54066, "ndcg_at_1000": 0.54442, "map_at_1": 0.32024, "map_at_3": 0.37977, "map_at_5": 0.39224, "map_at_10": 0.40741, "map_at_20": 0.41699, "map_at_100": 0.42537, "map_at_200": 0.42657, "map_at_300": 0.42699, "map_at_500": 0.4273, "map_at_1000": 0.42754, "recall_at_1": 0.32024, "recall_at_3": 0.43988, "recall_at_5": 0.4808, "recall_at_10": 0.56363, "recall_at_20": 0.64468, "recall_at_100": 0.83783, "recall_at_200": 0.89052, "recall_at_300": 0.90271, "recall_at_500": 0.9228, "recall_at_1000": 0.94908, "precision_at_1": 0.37747, "precision_at_3": 0.19368, "precision_at_5": 0.13399, "precision_at_10": 0.08617, "precision_at_20": 0.05455, "precision_at_100": 0.01678, "precision_at_200": 0.00987, "precision_at_300": 0.00713, "precision_at_500": 0.00464, "precision_at_1000": 0.00251, "mrr_at_1": 0.37747, "mrr_at_3": 0.43511, "mrr_at_5": 0.4445, "mrr_at_10": 0.45576, "mrr_at_20": 0.4611, "mrr_at_100": 0.46517, "mrr_at_200": 0.46546, "mrr_at_300": 0.46548, "mrr_at_500": 0.46552, "mrr_at_1000": 0.46554, "rc_at_1": {"relevant": 0.0, "distractor": 0.0}, "rc_at_3": {"relevant": 0.0, "distractor": 0.0}, "rc_at_5": {"relevant": 0.0, "distractor": 0.0}, "rc_at_10": {"relevant": 0.0, "distractor": 0.0}, "rc_at_20": {"relevant": 0.0, "distractor": 0.0}, "rc_at_100": {"relevant": 0.0, "distractor": 0.0}, "rc_at_200": {"relevant": 0.0, "distractor": 0.0}, "rc_at_300": {"relevant": 0.0, "distractor": 0.0}, "rc_at_500": {"relevant": 0.0, "distractor": 0.0}, "rc_at_1000": {"relevant": 0.0, "distractor": 0.0}}