{"ndcg_at_1": 0.34937, "ndcg_at_3": 0.37896, "ndcg_at_5": 0.40497, "ndcg_at_10": 0.43416, "ndcg_at_20": 0.45596, "ndcg_at_100": 0.48676, "ndcg_at_200": 0.49604, "ndcg_at_300": 0.50078, "ndcg_at_500": 0.50463, "ndcg_at_1000": 0.5095, "map_at_1": 0.28375, "map_at_3": 0.3423, "map_at_5": 0.36078, "map_at_10": 0.37614, "map_at_20": 0.38319, "map_at_100": 0.38863, "map_at_200": 0.38932, "map_at_300": 0.38953, "map_at_500": 0.38967, "map_at_1000": 0.3898, "recall_at_1": 0.28375, "recall_at_3": 0.3997, "recall_at_5": 0.46721, "recall_at_10": 0.55544, "recall_at_20": 0.63099, "recall_at_100": 0.77238, "recall_at_200": 0.82792, "recall_at_300": 0.86053, "recall_at_500": 0.88767, "recall_at_1000": 0.9239, "precision_at_1": 0.34937, "precision_at_3": 0.17549, "precision_at_5": 0.12666, "precision_at_10": 0.07757, "precision_at_20": 0.04586, "precision_at_100": 0.01225, "precision_at_200": 0.00677, "precision_at_300": 0.00474, "precision_at_500": 0.00299, "precision_at_1000": 0.00161, "mrr_at_1": 0.34456, "mrr_at_3": 0.40215, "mrr_at_5": 0.41678, "mrr_at_10": 0.42939, "mrr_at_20": 0.43449, "mrr_at_100": 0.43759, "mrr_at_200": 0.43793, "mrr_at_300": 0.43803, "mrr_at_500": 0.43809, "mrr_at_1000": 0.43813, "rc_at_1": {"relevant": 0.0, "distractor": 0.0}, "rc_at_3": {"relevant": 0.0, "distractor": 0.0}, "rc_at_5": {"relevant": 0.0, "distractor": 0.0}, "rc_at_10": {"relevant": 0.0, "distractor": 0.0}, "rc_at_20": {"relevant": 0.0, "distractor": 0.0}, "rc_at_100": {"relevant": 0.0, "distractor": 0.0}, "rc_at_200": {"relevant": 0.0, "distractor": 0.0}, "rc_at_300": {"relevant": 0.0, "distractor": 0.0}, "rc_at_500": {"relevant": 0.0, "distractor": 0.0}, "rc_at_1000": {"relevant": 0.0, "distractor": 0.0}}