{"ndcg_at_1": 0.19886, "ndcg_at_3": 0.24187, "ndcg_at_5": 0.26688, "ndcg_at_10": 0.29434, "ndcg_at_20": 0.31593, "ndcg_at_100": 0.36132, "ndcg_at_200": 0.37144, "ndcg_at_300": 0.37731, "ndcg_at_500": 0.38411, "ndcg_at_1000": 0.38997, "map_at_1": 0.16154, "map_at_3": 0.20982, "map_at_5": 0.22683, "map_at_10": 0.24022, "map_at_20": 0.24728, "map_at_100": 0.25458, "map_at_200": 0.25528, "map_at_300": 0.25556, "map_at_500": 0.25581, "map_at_1000": 0.25594, "recall_at_1": 0.16154, "recall_at_3": 0.26375, "recall_at_5": 0.33033, "recall_at_10": 0.41247, "recall_at_20": 0.48891, "recall_at_100": 0.71125, "recall_at_200": 0.77254, "recall_at_300": 0.81067, "recall_at_500": 0.85859, "recall_at_1000": 0.90123, "precision_at_1": 0.19886, "precision_at_3": 0.11826, "precision_at_5": 0.09041, "precision_at_10": 0.05923, "precision_at_20": 0.03741, "precision_at_100": 0.01155, "precision_at_200": 0.0065, "precision_at_300": 0.00468, "precision_at_500": 0.00306, "precision_at_1000": 0.00169, "mrr_at_1": 0.19886, "mrr_at_3": 0.2556, "mrr_at_5": 0.27256, "mrr_at_10": 0.28482, "mrr_at_20": 0.29043, "mrr_at_100": 0.29564, "mrr_at_200": 0.29601, "mrr_at_300": 0.29616, "mrr_at_500": 0.29625, "mrr_at_1000": 0.29629, "rc_at_1": {"relevant": 0.0, "distractor": 0.0}, "rc_at_3": {"relevant": 0.0, "distractor": 0.0}, "rc_at_5": {"relevant": 0.0, "distractor": 0.0}, "rc_at_10": {"relevant": 0.0, "distractor": 0.0}, "rc_at_20": {"relevant": 0.0, "distractor": 0.0}, "rc_at_100": {"relevant": 0.0, "distractor": 0.0}, "rc_at_200": {"relevant": 0.0, "distractor": 0.0}, "rc_at_300": {"relevant": 0.0, "distractor": 0.0}, "rc_at_500": {"relevant": 0.0, "distractor": 0.0}, "rc_at_1000": {"relevant": 0.0, "distractor": 0.0}}