{"ndcg_at_1": 0.00071, "ndcg_at_3": 0.16519, "ndcg_at_5": 0.22747, "ndcg_at_10": 0.27796, "ndcg_at_20": 0.31314, "ndcg_at_100": 0.34241, "ndcg_at_200": 0.34738, "ndcg_at_300": 0.34961, "ndcg_at_500": 0.35179, "ndcg_at_1000": 0.35436, "map_at_1": 0.00071, "map_at_3": 0.1247, "map_at_5": 0.1592, "map_at_10": 0.1801, "map_at_20": 0.19001, "map_at_100": 0.19419, "map_at_200": 0.19444, "map_at_300": 0.19451, "map_at_500": 0.19457, "map_at_1000": 0.1946, "recall_at_1": 0.00071, "recall_at_3": 0.28236, "recall_at_5": 0.43385, "recall_at_10": 0.58962, "recall_at_20": 0.72688, "recall_at_100": 0.88265, "recall_at_200": 0.91821, "recall_at_300": 0.93599, "recall_at_500": 0.95448, "recall_at_1000": 0.97866, "precision_at_1": 0.00071, "precision_at_3": 0.09412, "precision_at_5": 0.08677, "precision_at_10": 0.05896, "precision_at_20": 0.03634, "precision_at_100": 0.00883, "precision_at_200": 0.00459, "precision_at_300": 0.00312, "precision_at_500": 0.00191, "precision_at_1000": 0.00098, "mrr_at_1": 0.00071, "mrr_at_3": 0.1247, "mrr_at_5": 0.1592, "mrr_at_10": 0.1801, "mrr_at_20": 0.19001, "mrr_at_100": 0.19419, "mrr_at_200": 0.19444, "mrr_at_300": 0.19451, "mrr_at_500": 0.19457, "mrr_at_1000": 0.1946, "rc_at_1": {"relevant": 0.0, "distractor": 0.0}, "rc_at_3": {"relevant": 0.0, "distractor": 0.0}, "rc_at_5": {"relevant": 0.0, "distractor": 0.0}, "rc_at_10": {"relevant": 0.0, "distractor": 0.0}, "rc_at_20": {"relevant": 0.0, "distractor": 0.0}, "rc_at_100": {"relevant": 0.0, "distractor": 0.0}, "rc_at_200": {"relevant": 0.0, "distractor": 0.0}, "rc_at_300": {"relevant": 0.0, "distractor": 0.0}, "rc_at_500": {"relevant": 0.0, "distractor": 0.0}, "rc_at_1000": {"relevant": 0.0, "distractor": 0.0}}