{"ndcg_at_1": 0.23233, "ndcg_at_3": 0.31426, "ndcg_at_5": 0.34658, "ndcg_at_10": 0.37858, "ndcg_at_20": 0.39985, "ndcg_at_100": 0.42811, "ndcg_at_200": 0.43537, "ndcg_at_300": 0.43867, "ndcg_at_500": 0.44214, "ndcg_at_1000": 0.44535, "map_at_1": 0.20758, "map_at_3": 0.28469, "map_at_5": 0.3037, "map_at_10": 0.31803, "map_at_20": 0.3243, "map_at_100": 0.32853, "map_at_200": 0.32895, "map_at_300": 0.32907, "map_at_500": 0.32916, "map_at_1000": 0.32921, "recall_at_1": 0.20758, "recall_at_3": 0.37401, "recall_at_5": 0.44885, "recall_at_10": 0.54251, "recall_at_20": 0.62203, "recall_at_100": 0.76656, "recall_at_200": 0.81518, "recall_at_300": 0.84004, "recall_at_500": 0.868, "recall_at_1000": 0.89668, "precision_at_1": 0.23233, "precision_at_3": 0.14446, "precision_at_5": 0.10533, "precision_at_10": 0.06414, "precision_at_20": 0.03707, "precision_at_100": 0.00922, "precision_at_200": 0.00492, "precision_at_300": 0.00338, "precision_at_500": 0.0021, "precision_at_1000": 0.00109, "mrr_at_1": 0.23262, "mrr_at_3": 0.31064, "mrr_at_5": 0.32767, "mrr_at_10": 0.33981, "mrr_at_20": 0.34533, "mrr_at_100": 0.34887, "mrr_at_200": 0.3492, "mrr_at_300": 0.34929, "mrr_at_500": 0.34936, "mrr_at_1000": 0.3494, "rc_at_1": {"relevant": 0.0, "distractor": 0.0}, "rc_at_3": {"relevant": 0.0, "distractor": 0.0}, "rc_at_5": {"relevant": 0.0, "distractor": 0.0}, "rc_at_10": {"relevant": 0.0, "distractor": 0.0}, "rc_at_20": {"relevant": 0.0, "distractor": 0.0}, "rc_at_100": {"relevant": 0.0, "distractor": 0.0}, "rc_at_200": {"relevant": 0.0, "distractor": 0.0}, "rc_at_300": {"relevant": 0.0, "distractor": 0.0}, "rc_at_500": {"relevant": 0.0, "distractor": 0.0}, "rc_at_1000": {"relevant": 0.0, "distractor": 0.0}}