{"ndcg_at_1": 0.4375, "ndcg_at_3": 0.36004, "ndcg_at_5": 0.33411, "ndcg_at_10": 0.31168, "ndcg_at_20": 0.30035, "ndcg_at_100": 0.33024, "ndcg_at_200": 0.35379, "ndcg_at_300": 0.36715, "ndcg_at_500": 0.38215, "ndcg_at_1000": 0.39979, "map_at_1": 0.06138, "map_at_3": 0.09241, "map_at_5": 0.10684, "map_at_10": 0.12503, "map_at_20": 0.14087, "map_at_100": 0.16435, "map_at_200": 0.16993, "map_at_300": 0.17219, "map_at_500": 0.17426, "map_at_1000": 0.176, "recall_at_1": 0.06138, "recall_at_3": 0.10754, "recall_at_5": 0.13221, "recall_at_10": 0.17938, "recall_at_20": 0.22857, "recall_at_100": 0.36082, "recall_at_200": 0.42847, "recall_at_300": 0.47184, "recall_at_500": 0.52014, "recall_at_1000": 0.58539, "precision_at_1": 0.525, "precision_at_3": 0.37917, "precision_at_5": 0.313, "precision_at_10": 0.23825, "precision_at_20": 0.1755, "precision_at_100": 0.07252, "precision_at_200": 0.04755, "precision_at_300": 0.03656, "precision_at_500": 0.02585, "precision_at_1000": 0.01569, "mrr_at_1": 0.525, "mrr_at_3": 0.60125, "mrr_at_5": 0.61275, "mrr_at_10": 0.62287, "mrr_at_20": 0.6258, "mrr_at_100": 0.62726, "mrr_at_200": 0.62743, "mrr_at_300": 0.62748, "mrr_at_500": 0.62751, "mrr_at_1000": 0.62752, "rc_at_1": {"relevant": 0.0, "distractor": 0.0}, "rc_at_3": {"relevant": 0.0, "distractor": 0.0}, "rc_at_5": {"relevant": 0.0, "distractor": 0.0}, "rc_at_10": {"relevant": 0.0, "distractor": 0.0}, "rc_at_20": {"relevant": 0.0, "distractor": 0.0}, "rc_at_100": {"relevant": 0.0, "distractor": 0.0}, "rc_at_200": {"relevant": 0.0, "distractor": 0.0}, "rc_at_300": {"relevant": 0.0, "distractor": 0.0}, "rc_at_500": {"relevant": 0.0, "distractor": 0.0}, "rc_at_1000": {"relevant": 0.0, "distractor": 0.0}}