{"ndcg_at_1": 0.39771, "ndcg_at_3": 0.45218, "ndcg_at_5": 0.47866, "ndcg_at_10": 0.50066, "ndcg_at_20": 0.52463, "ndcg_at_100": 0.55488, "ndcg_at_200": 0.56406, "ndcg_at_300": 0.56795, "ndcg_at_500": 0.57072, "ndcg_at_1000": 0.57422, "map_at_1": 0.32407, "map_at_3": 0.40358, "map_at_5": 0.42525, "map_at_10": 0.43817, "map_at_20": 0.44728, "map_at_100": 0.45338, "map_at_200": 0.45416, "map_at_300": 0.45439, "map_at_500": 0.45454, "map_at_1000": 0.45468, "recall_at_1": 0.32407, "recall_at_3": 0.47717, "recall_at_5": 0.54945, "recall_at_10": 0.61813, "recall_at_20": 0.70298, "recall_at_100": 0.84196, "recall_at_200": 0.89746, "recall_at_300": 0.92208, "recall_at_500": 0.93866, "recall_at_1000": 0.96121, "precision_at_1": 0.39771, "precision_at_3": 0.2165, "precision_at_5": 0.15708, "precision_at_10": 0.09342, "precision_at_20": 0.05672, "precision_at_100": 0.01512, "precision_at_200": 0.00838, "precision_at_300": 0.0059, "precision_at_500": 0.00371, "precision_at_1000": 0.002, "mrr_at_1": 0.39771, "mrr_at_3": 0.47234, "mrr_at_5": 0.48965, "mrr_at_10": 0.49903, "mrr_at_20": 0.50359, "mrr_at_100": 0.50635, "mrr_at_200": 0.50669, "mrr_at_300": 0.50677, "mrr_at_500": 0.5068, "mrr_at_1000": 0.50682, "rc_at_1": {"relevant": 0.0, "distractor": 0.0}, "rc_at_3": {"relevant": 0.0, "distractor": 0.0}, "rc_at_5": {"relevant": 0.0, "distractor": 0.0}, "rc_at_10": {"relevant": 0.0, "distractor": 0.0}, "rc_at_20": {"relevant": 0.0, "distractor": 0.0}, "rc_at_100": {"relevant": 0.0, "distractor": 0.0}, "rc_at_200": {"relevant": 0.0, "distractor": 0.0}, "rc_at_300": {"relevant": 0.0, "distractor": 0.0}, "rc_at_500": {"relevant": 0.0, "distractor": 0.0}, "rc_at_1000": {"relevant": 0.0, "distractor": 0.0}}