{"ndcg_at_1": 0.01368, "ndcg_at_3": 0.01759, "ndcg_at_5": 0.02074, "ndcg_at_10": 0.02826, "ndcg_at_20": 0.03577, "ndcg_at_100": 0.05047, "ndcg_at_200": 0.05975, "ndcg_at_300": 0.066, "ndcg_at_500": 0.07349, "ndcg_at_1000": 0.08451, "map_at_1": 0.0115, "map_at_3": 0.01544, "map_at_5": 0.01714, "map_at_10": 0.02007, "map_at_20": 0.022, "map_at_100": 0.02382, "map_at_200": 0.0243, "map_at_300": 0.0245, "map_at_500": 0.02468, "map_at_1000": 0.02484, "recall_at_1": 0.0115, "recall_at_3": 0.02083, "recall_at_5": 0.02785, "recall_at_10": 0.04992, "recall_at_20": 0.07767, "recall_at_100": 0.15367, "recall_at_200": 0.21479, "recall_at_300": 0.26016, "recall_at_500": 0.31975, "recall_at_1000": 0.41181, "precision_at_1": 0.01368, "precision_at_3": 0.00829, "precision_at_5": 0.00697, "precision_at_10": 0.00647, "precision_at_20": 0.0051, "precision_at_100": 0.00206, "precision_at_200": 0.00148, "precision_at_300": 0.00122, "precision_at_500": 0.0009, "precision_at_1000": 0.00061, "mrr_at_1": 0.01368, "mrr_at_3": 0.01824, "mrr_at_5": 0.02067, "mrr_at_10": 0.02428, "mrr_at_20": 0.02692, "mrr_at_100": 0.02911, "mrr_at_200": 0.02962, "mrr_at_300": 0.02985, "mrr_at_500": 0.03003, "mrr_at_1000": 0.03017, "rc_at_1": {"relevant": 0.0, "distractor": 0.0}, "rc_at_3": {"relevant": 0.0, "distractor": 0.0}, "rc_at_5": {"relevant": 0.0, "distractor": 0.0}, "rc_at_10": {"relevant": 0.0, "distractor": 0.0}, "rc_at_20": {"relevant": 0.0, "distractor": 0.0}, "rc_at_100": {"relevant": 0.0, "distractor": 0.0}, "rc_at_200": {"relevant": 0.0, "distractor": 0.0}, "rc_at_300": {"relevant": 0.0, "distractor": 0.0}, "rc_at_500": {"relevant": 0.0, "distractor": 0.0}, "rc_at_1000": {"relevant": 0.0, "distractor": 0.0}}