{"ndcg_at_1": 0.45455, "ndcg_at_3": 0.35175, "ndcg_at_5": 0.3126, "ndcg_at_10": 0.24505, "ndcg_at_20": 0.31215, "ndcg_at_100": 0.47262, "ndcg_at_200": 0.4975, "ndcg_at_300": 0.50969, "ndcg_at_500": 0.51711, "ndcg_at_1000": 0.52381, "map_at_1": 0.04545, "map_at_3": 0.08364, "map_at_5": 0.10745, "map_at_10": 0.13287, "map_at_20": 0.16413, "map_at_100": 0.21816, "map_at_200": 0.2226, "map_at_300": 0.22401, "map_at_500": 0.2246, "map_at_1000": 0.22482, "recall_at_1": 0.04545, "recall_at_3": 0.09636, "recall_at_5": 0.13818, "recall_at_10": 0.19818, "recall_at_20": 0.32, "recall_at_100": 0.71818, "recall_at_200": 0.79818, "recall_at_300": 0.84182, "recall_at_500": 0.87091, "recall_at_1000": 0.9, "precision_at_1": 0.45455, "precision_at_3": 0.32121, "precision_at_5": 0.27636, "precision_at_10": 0.19818, "precision_at_20": 0.16, "precision_at_100": 0.07182, "precision_at_200": 0.03991, "precision_at_300": 0.02806, "precision_at_500": 0.01742, "precision_at_1000": 0.009, "mrr_at_1": 0.45455, "mrr_at_3": 0.53939, "mrr_at_5": 0.5603, "mrr_at_10": 0.57081, "mrr_at_20": 0.57838, "mrr_at_100": 0.57887, "mrr_at_200": 0.57899, "mrr_at_300": 0.57916, "mrr_at_500": 0.57916, "mrr_at_1000": 0.57916, "rc_at_1": {"relevant": 0.45455, "distractor": 0.54545}, "rc_at_3": {"relevant": 0.98182, "distractor": 2.01818}, "rc_at_5": {"relevant": 1.38182, "distractor": 3.6}, "rc_at_10": {"relevant": 1.96364, "distractor": 7.87273}, "rc_at_20": {"relevant": 3.2, "distractor": 16.14545}, "rc_at_100": {"relevant": 7.18182, "distractor": 62.29091}, "rc_at_200": {"relevant": 7.98182, "distractor": 73.29091}, "rc_at_300": {"relevant": 8.41818, "distractor": 77.72727}, "rc_at_500": {"relevant": 8.70909, "distractor": 81.56364}, "rc_at_1000": {"relevant": 9.0, "distractor": 86.83636}}