{"ndcg_at_1": 0.5047, "ndcg_at_3": 0.57224, "ndcg_at_5": 0.59993, "ndcg_at_10": 0.62172, "ndcg_at_20": 0.6399, "ndcg_at_100": 0.66088, "ndcg_at_200": 0.66504, "ndcg_at_300": 0.6663, "ndcg_at_500": 0.66818, "ndcg_at_1000": 0.66974, "map_at_1": 0.4419, "map_at_3": 0.53498, "map_at_5": 0.55467, "map_at_10": 0.56659, "map_at_20": 0.57307, "map_at_100": 0.57683, "map_at_200": 0.57714, "map_at_300": 0.5772, "map_at_500": 0.57726, "map_at_1000": 0.57729, "recall_at_1": 0.4419, "recall_at_3": 0.61834, "recall_at_5": 0.6855, "recall_at_10": 0.74764, "recall_at_20": 0.81489, "recall_at_100": 0.91586, "recall_at_200": 0.94135, "recall_at_300": 0.9499, "recall_at_500": 0.96444, "recall_at_1000": 0.97763, "precision_at_1": 0.5047, "precision_at_3": 0.25225, "precision_at_5": 0.17266, "precision_at_10": 0.09755, "precision_at_20": 0.05433, "precision_at_100": 0.01259, "precision_at_200": 0.00655, "precision_at_300": 0.00443, "precision_at_500": 0.0027, "precision_at_1000": 0.00137, "mrr_at_1": 0.5047, "mrr_at_3": 0.58025, "mrr_at_5": 0.59404, "mrr_at_10": 0.6012, "mrr_at_20": 0.60543, "mrr_at_100": 0.60773, "mrr_at_200": 0.60786, "mrr_at_300": 0.60789, "mrr_at_500": 0.60792, "mrr_at_1000": 0.60793, "rc_at_1": {"relevant": 0.0, "distractor": 0.0}, "rc_at_3": {"relevant": 0.0, "distractor": 0.0}, "rc_at_5": {"relevant": 0.0, "distractor": 0.0}, "rc_at_10": {"relevant": 0.0, "distractor": 0.0}, "rc_at_20": {"relevant": 0.0, "distractor": 0.0}, "rc_at_100": {"relevant": 0.0, "distractor": 0.0}, "rc_at_200": {"relevant": 0.0, "distractor": 0.0}, "rc_at_300": {"relevant": 0.0, "distractor": 0.0}, "rc_at_500": {"relevant": 0.0, "distractor": 0.0}, "rc_at_1000": {"relevant": 0.0, "distractor": 0.0}}