{"ndcg_at_1": 0.34783, "ndcg_at_3": 0.40371, "ndcg_at_5": 0.41953, "ndcg_at_10": 0.44402, "ndcg_at_20": 0.46373, "ndcg_at_100": 0.49932, "ndcg_at_200": 0.51006, "ndcg_at_300": 0.51543, "ndcg_at_500": 0.51988, "ndcg_at_1000": 0.52386, "map_at_1": 0.29749, "map_at_3": 0.36252, "map_at_5": 0.37524, "map_at_10": 0.38871, "map_at_20": 0.39724, "map_at_100": 0.40483, "map_at_200": 0.4059, "map_at_300": 0.40636, "map_at_500": 0.40668, "map_at_1000": 0.4069, "recall_at_1": 0.29749, "recall_at_3": 0.4248, "recall_at_5": 0.4674, "recall_at_10": 0.54266, "recall_at_20": 0.61778, "recall_at_100": 0.79234, "recall_at_200": 0.85769, "recall_at_300": 0.89019, "recall_at_500": 0.9163, "recall_at_1000": 0.94361, "precision_at_1": 0.34783, "precision_at_3": 0.18709, "precision_at_5": 0.13162, "precision_at_10": 0.08241, "precision_at_20": 0.05168, "precision_at_100": 0.01569, "precision_at_200": 0.00912, "precision_at_300": 0.00669, "precision_at_500": 0.0044, "precision_at_1000": 0.0024, "mrr_at_1": 0.34783, "mrr_at_3": 0.41041, "mrr_at_5": 0.42197, "mrr_at_10": 0.43243, "mrr_at_20": 0.43669, "mrr_at_100": 0.44078, "mrr_at_200": 0.44117, "mrr_at_300": 0.44129, "mrr_at_500": 0.44132, "mrr_at_1000": 0.44135, "rc_at_1": {"relevant": 0.0, "distractor": 0.0}, "rc_at_3": {"relevant": 0.0, "distractor": 0.0}, "rc_at_5": {"relevant": 0.0, "distractor": 0.0}, "rc_at_10": {"relevant": 0.0, "distractor": 0.0}, "rc_at_20": {"relevant": 0.0, "distractor": 0.0}, "rc_at_100": {"relevant": 0.0, "distractor": 0.0}, "rc_at_200": {"relevant": 0.0, "distractor": 0.0}, "rc_at_300": {"relevant": 0.0, "distractor": 0.0}, "rc_at_500": {"relevant": 0.0, "distractor": 0.0}, "rc_at_1000": {"relevant": 0.0, "distractor": 0.0}}