{"ndcg_at_1": 0.26119, "ndcg_at_3": 0.31135, "ndcg_at_5": 0.34076, "ndcg_at_10": 0.36857, "ndcg_at_20": 0.39385, "ndcg_at_100": 0.42851, "ndcg_at_200": 0.43743, "ndcg_at_300": 0.44229, "ndcg_at_500": 0.44815, "ndcg_at_1000": 0.45368, "map_at_1": 0.22523, "map_at_3": 0.28194, "map_at_5": 0.3009, "map_at_10": 0.3141, "map_at_20": 0.32181, "map_at_100": 0.3272, "map_at_200": 0.32783, "map_at_300": 0.32806, "map_at_500": 0.32823, "map_at_1000": 0.32833, "recall_at_1": 0.22523, "recall_at_3": 0.34364, "recall_at_5": 0.41876, "recall_at_10": 0.4987, "recall_at_20": 0.59004, "recall_at_100": 0.75832, "recall_at_200": 0.81269, "recall_at_300": 0.84543, "recall_at_500": 0.89039, "recall_at_1000": 0.93559, "precision_at_1": 0.26119, "precision_at_3": 0.14272, "precision_at_5": 0.10541, "precision_at_10": 0.06493, "precision_at_20": 0.03937, "precision_at_100": 0.01062, "precision_at_200": 0.00585, "precision_at_300": 0.00412, "precision_at_500": 0.00262, "precision_at_1000": 0.0014, "mrr_at_1": 0.26119, "mrr_at_3": 0.32012, "mrr_at_5": 0.33845, "mrr_at_10": 0.34942, "mrr_at_20": 0.35567, "mrr_at_100": 0.35986, "mrr_at_200": 0.36022, "mrr_at_300": 0.36031, "mrr_at_500": 0.36042, "mrr_at_1000": 0.36047, "rc_at_1": {"relevant": 0.0, "distractor": 0.0}, "rc_at_3": {"relevant": 0.0, "distractor": 0.0}, "rc_at_5": {"relevant": 0.0, "distractor": 0.0}, "rc_at_10": {"relevant": 0.0, "distractor": 0.0}, "rc_at_20": {"relevant": 0.0, "distractor": 0.0}, "rc_at_100": {"relevant": 0.0, "distractor": 0.0}, "rc_at_200": {"relevant": 0.0, "distractor": 0.0}, "rc_at_300": {"relevant": 0.0, "distractor": 0.0}, "rc_at_500": {"relevant": 0.0, "distractor": 0.0}, "rc_at_1000": {"relevant": 0.0, "distractor": 0.0}}