{"ndcg_at_1": 0.31019, "ndcg_at_3": 0.36357, "ndcg_at_5": 0.38354, "ndcg_at_10": 0.41094, "ndcg_at_20": 0.43035, "ndcg_at_100": 0.46312, "ndcg_at_200": 0.47299, "ndcg_at_300": 0.47719, "ndcg_at_500": 0.48175, "ndcg_at_1000": 0.4872, "map_at_1": 0.24467, "map_at_3": 0.31761, "map_at_5": 0.33421, "map_at_10": 0.34857, "map_at_20": 0.35607, "map_at_100": 0.36283, "map_at_200": 0.36376, "map_at_300": 0.36402, "map_at_500": 0.36423, "map_at_1000": 0.3644, "recall_at_1": 0.24467, "recall_at_3": 0.38799, "recall_at_5": 0.44512, "recall_at_10": 0.52836, "recall_at_20": 0.59859, "recall_at_100": 0.75128, "recall_at_200": 0.80809, "recall_at_300": 0.83428, "recall_at_500": 0.8649, "recall_at_1000": 0.90297, "precision_at_1": 0.31019, "precision_at_3": 0.18174, "precision_at_5": 0.12994, "precision_at_10": 0.0828, "precision_at_20": 0.0499, "precision_at_100": 0.01445, "precision_at_200": 0.00815, "precision_at_300": 0.00575, "precision_at_500": 0.00367, "precision_at_1000": 0.002, "mrr_at_1": 0.31019, "mrr_at_3": 0.38153, "mrr_at_5": 0.39525, "mrr_at_10": 0.40619, "mrr_at_20": 0.4108, "mrr_at_100": 0.41404, "mrr_at_200": 0.41439, "mrr_at_300": 0.41447, "mrr_at_500": 0.41453, "mrr_at_1000": 0.41457, "rc_at_1": {"relevant": 0.0, "distractor": 0.0}, "rc_at_3": {"relevant": 0.0, "distractor": 0.0}, "rc_at_5": {"relevant": 0.0, "distractor": 0.0}, "rc_at_10": {"relevant": 0.0, "distractor": 0.0}, "rc_at_20": {"relevant": 0.0, "distractor": 0.0}, "rc_at_100": {"relevant": 0.0, "distractor": 0.0}, "rc_at_200": {"relevant": 0.0, "distractor": 0.0}, "rc_at_300": {"relevant": 0.0, "distractor": 0.0}, "rc_at_500": {"relevant": 0.0, "distractor": 0.0}, "rc_at_1000": {"relevant": 0.0, "distractor": 0.0}}