{"ndcg_at_1": 0.00875, "ndcg_at_3": 0.0102, "ndcg_at_5": 0.00811, "ndcg_at_10": 0.00725, "ndcg_at_20": 0.00669, "ndcg_at_100": 0.00875, "ndcg_at_200": 0.0107, "ndcg_at_300": 0.0122, "ndcg_at_500": 0.01429, "ndcg_at_1000": 0.01705, "map_at_1": 0.00067, "map_at_3": 0.00114, "map_at_5": 0.00121, "map_at_10": 0.00134, "map_at_20": 0.00147, "map_at_100": 0.00163, "map_at_200": 0.0017, "map_at_300": 0.00173, "map_at_500": 0.00177, "map_at_1000": 0.00181, "recall_at_1": 0.00067, "recall_at_3": 0.00183, "recall_at_5": 0.00208, "recall_at_10": 0.00313, "recall_at_20": 0.0052, "recall_at_100": 0.01297, "recall_at_200": 0.01861, "recall_at_300": 0.0226, "recall_at_500": 0.02986, "recall_at_1000": 0.03967, "precision_at_1": 0.01, "precision_at_3": 0.01167, "precision_at_5": 0.008, "precision_at_10": 0.0055, "precision_at_20": 0.00375, "precision_at_100": 0.00225, "precision_at_200": 0.0018, "precision_at_300": 0.0016, "precision_at_500": 0.0013, "precision_at_1000": 0.00096, "mrr_at_1": 0.01, "mrr_at_3": 0.02125, "mrr_at_5": 0.02175, "mrr_at_10": 0.02369, "mrr_at_20": 0.02471, "mrr_at_100": 0.02674, "mrr_at_200": 0.02725, "mrr_at_300": 0.02743, "mrr_at_500": 0.02758, "mrr_at_1000": 0.02768, "rc_at_1": {"relevant": 0.0, "distractor": 0.0}, "rc_at_3": {"relevant": 0.0, "distractor": 0.0}, "rc_at_5": {"relevant": 0.0, "distractor": 0.0}, "rc_at_10": {"relevant": 0.0, "distractor": 0.0}, "rc_at_20": {"relevant": 0.0, "distractor": 0.0}, "rc_at_100": {"relevant": 0.0, "distractor": 0.0}, "rc_at_200": {"relevant": 0.0, "distractor": 0.0}, "rc_at_300": {"relevant": 0.0, "distractor": 0.0}, "rc_at_500": {"relevant": 0.0, "distractor": 0.0}, "rc_at_1000": {"relevant": 0.0, "distractor": 0.0}}