{"ndcg_at_1": 0.0172, "ndcg_at_3": 0.02108, "ndcg_at_5": 0.0225, "ndcg_at_10": 0.02688, "ndcg_at_20": 0.03182, "ndcg_at_100": 0.04684, "ndcg_at_200": 0.05368, "ndcg_at_300": 0.0577, "ndcg_at_500": 0.06367, "ndcg_at_1000": 0.07361, "map_at_1": 0.01276, "map_at_3": 0.01714, "map_at_5": 0.01808, "map_at_10": 0.01989, "map_at_20": 0.02133, "map_at_100": 0.02318, "map_at_200": 0.02354, "map_at_300": 0.02368, "map_at_500": 0.02383, "map_at_1000": 0.02398, "recall_at_1": 0.01276, "recall_at_3": 0.02278, "recall_at_5": 0.02679, "recall_at_10": 0.04038, "recall_at_20": 0.0594, "recall_at_100": 0.13541, "recall_at_200": 0.17756, "recall_at_300": 0.20535, "recall_at_500": 0.24958, "recall_at_1000": 0.33117, "precision_at_1": 0.0172, "precision_at_3": 0.01146, "precision_at_5": 0.00828, "precision_at_10": 0.00656, "precision_at_20": 0.0049, "precision_at_100": 0.00236, "precision_at_200": 0.00165, "precision_at_300": 0.0013, "precision_at_500": 0.00098, "precision_at_1000": 0.00068, "mrr_at_1": 0.0172, "mrr_at_3": 0.02325, "mrr_at_5": 0.02484, "mrr_at_10": 0.02741, "mrr_at_20": 0.02901, "mrr_at_100": 0.03126, "mrr_at_200": 0.03167, "mrr_at_300": 0.03179, "mrr_at_500": 0.03193, "mrr_at_1000": 0.03206, "rc_at_1": {"relevant": 0.0, "distractor": 0.0}, "rc_at_3": {"relevant": 0.0, "distractor": 0.0}, "rc_at_5": {"relevant": 0.0, "distractor": 0.0}, "rc_at_10": {"relevant": 0.0, "distractor": 0.0}, "rc_at_20": {"relevant": 0.0, "distractor": 0.0}, "rc_at_100": {"relevant": 0.0, "distractor": 0.0}, "rc_at_200": {"relevant": 0.0, "distractor": 0.0}, "rc_at_300": {"relevant": 0.0, "distractor": 0.0}, "rc_at_500": {"relevant": 0.0, "distractor": 0.0}, "rc_at_1000": {"relevant": 0.0, "distractor": 0.0}}