{"ndcg_at_1": 0.0795, "ndcg_at_3": 0.11237, "ndcg_at_5": 0.12784, "ndcg_at_10": 0.14676, "ndcg_at_20": 0.16276, "ndcg_at_100": 0.19511, "ndcg_at_200": 0.20696, "ndcg_at_300": 0.21306, "ndcg_at_500": 0.22048, "ndcg_at_1000": 0.22885, "map_at_1": 0.06976, "map_at_3": 0.09976, "map_at_5": 0.10899, "map_at_10": 0.11731, "map_at_20": 0.12199, "map_at_100": 0.12666, "map_at_200": 0.12735, "map_at_300": 0.12758, "map_at_500": 0.12778, "map_at_1000": 0.12792, "recall_at_1": 0.06976, "recall_at_3": 0.13471, "recall_at_5": 0.17167, "recall_at_10": 0.22743, "recall_at_20": 0.28689, "recall_at_100": 0.44997, "recall_at_200": 0.52741, "recall_at_300": 0.57148, "recall_at_500": 0.62936, "recall_at_1000": 0.70077, "precision_at_1": 0.0795, "precision_at_3": 0.05367, "precision_at_5": 0.042, "precision_at_10": 0.02874, "precision_at_20": 0.01871, "precision_at_100": 0.0062, "precision_at_200": 0.00371, "precision_at_300": 0.00271, "precision_at_500": 0.00181, "precision_at_1000": 0.00102, "mrr_at_1": 0.0795, "mrr_at_3": 0.10962, "mrr_at_5": 0.11876, "mrr_at_10": 0.12678, "mrr_at_20": 0.13122, "mrr_at_100": 0.13538, "mrr_at_200": 0.13595, "mrr_at_300": 0.13613, "mrr_at_500": 0.13628, "mrr_at_1000": 0.13638, "rc_at_1": {"relevant": 0.0, "distractor": 0.0}, "rc_at_3": {"relevant": 0.0, "distractor": 0.0}, "rc_at_5": {"relevant": 0.0, "distractor": 0.0}, "rc_at_10": {"relevant": 0.0, "distractor": 0.0}, "rc_at_20": {"relevant": 0.0, "distractor": 0.0}, "rc_at_100": {"relevant": 0.0, "distractor": 0.0}, "rc_at_200": {"relevant": 0.0, "distractor": 0.0}, "rc_at_300": {"relevant": 0.0, "distractor": 0.0}, "rc_at_500": {"relevant": 0.0, "distractor": 0.0}, "rc_at_1000": {"relevant": 0.0, "distractor": 0.0}}