{"ndcg_at_1": 0.0, "ndcg_at_3": 0.28361, "ndcg_at_5": 0.35049, "ndcg_at_10": 0.40714, "ndcg_at_20": 0.43775, "ndcg_at_100": 0.44668, "ndcg_at_200": 0.44809, "ndcg_at_300": 0.44827, "ndcg_at_500": 0.44844, "ndcg_at_1000": 0.44859, "map_at_1": 0.0, "map_at_3": 0.21527, "map_at_5": 0.25243, "map_at_10": 0.27585, "map_at_20": 0.28456, "map_at_100": 0.28598, "map_at_200": 0.28606, "map_at_300": 0.28606, "map_at_500": 0.28607, "map_at_1000": 0.28607, "recall_at_1": 0.0, "recall_at_3": 0.4808, "recall_at_5": 0.64296, "recall_at_10": 0.81792, "recall_at_20": 0.9367, "recall_at_100": 0.98222, "recall_at_200": 0.99218, "recall_at_300": 0.9936, "recall_at_500": 0.99502, "recall_at_1000": 0.99644, "precision_at_1": 0.0, "precision_at_3": 0.16027, "precision_at_5": 0.12859, "precision_at_10": 0.08179, "precision_at_20": 0.04683, "precision_at_100": 0.00982, "precision_at_200": 0.00496, "precision_at_300": 0.00331, "precision_at_500": 0.00199, "precision_at_1000": 0.001, "mrr_at_1": 0.0, "mrr_at_3": 0.21527, "mrr_at_5": 0.2525, "mrr_at_10": 0.276, "mrr_at_20": 0.28477, "mrr_at_100": 0.28619, "mrr_at_200": 0.28626, "mrr_at_300": 0.28627, "mrr_at_500": 0.28627, "mrr_at_1000": 0.28628, "rc_at_1": {"relevant": 0.0, "distractor": 0.0}, "rc_at_3": {"relevant": 0.0, "distractor": 0.0}, "rc_at_5": {"relevant": 0.0, "distractor": 0.0}, "rc_at_10": {"relevant": 0.0, "distractor": 0.0}, "rc_at_20": {"relevant": 0.0, "distractor": 0.0}, "rc_at_100": {"relevant": 0.0, "distractor": 0.0}, "rc_at_200": {"relevant": 0.0, "distractor": 0.0}, "rc_at_300": {"relevant": 0.0, "distractor": 0.0}, "rc_at_500": {"relevant": 0.0, "distractor": 0.0}, "rc_at_1000": {"relevant": 0.0, "distractor": 0.0}}