{"ndcg_at_1": 0.20791, "ndcg_at_3": 0.27541, "ndcg_at_5": 0.30226, "ndcg_at_10": 0.32983, "ndcg_at_20": 0.35458, "ndcg_at_100": 0.38868, "ndcg_at_200": 0.3982, "ndcg_at_300": 0.40205, "ndcg_at_500": 0.40668, "ndcg_at_1000": 0.41106, "map_at_1": 0.19606, "map_at_3": 0.25235, "map_at_5": 0.2677, "map_at_10": 0.27977, "map_at_20": 0.28672, "map_at_100": 0.29173, "map_at_200": 0.29228, "map_at_300": 0.29242, "map_at_500": 0.29255, "map_at_1000": 0.29262, "recall_at_1": 0.19606, "recall_at_3": 0.32239, "recall_at_5": 0.38769, "recall_at_10": 0.46859, "recall_at_20": 0.56303, "recall_at_100": 0.73776, "recall_at_200": 0.8017, "recall_at_300": 0.8301, "recall_at_500": 0.86733, "recall_at_1000": 0.90569, "precision_at_1": 0.20791, "precision_at_3": 0.11902, "precision_at_5": 0.08678, "precision_at_10": 0.0539, "precision_at_20": 0.03249, "precision_at_100": 0.0088, "precision_at_200": 0.00482, "precision_at_300": 0.00334, "precision_at_500": 0.00211, "precision_at_1000": 0.00111, "mrr_at_1": 0.20791, "mrr_at_3": 0.26911, "mrr_at_5": 0.28454, "mrr_at_10": 0.29542, "mrr_at_20": 0.30241, "mrr_at_100": 0.3065, "mrr_at_200": 0.30694, "mrr_at_300": 0.30706, "mrr_at_500": 0.30715, "mrr_at_1000": 0.3072, "rc_at_1": {"relevant": 0.0, "distractor": 0.0}, "rc_at_3": {"relevant": 0.0, "distractor": 0.0}, "rc_at_5": {"relevant": 0.0, "distractor": 0.0}, "rc_at_10": {"relevant": 0.0, "distractor": 0.0}, "rc_at_20": {"relevant": 0.0, "distractor": 0.0}, "rc_at_100": {"relevant": 0.0, "distractor": 0.0}, "rc_at_200": {"relevant": 0.0, "distractor": 0.0}, "rc_at_300": {"relevant": 0.0, "distractor": 0.0}, "rc_at_500": {"relevant": 0.0, "distractor": 0.0}, "rc_at_1000": {"relevant": 0.0, "distractor": 0.0}}