{"ndcg_at_1": 0.1996, "ndcg_at_3": 0.26595, "ndcg_at_5": 0.2923, "ndcg_at_10": 0.32937, "ndcg_at_20": 0.3503, "ndcg_at_100": 0.39823, "ndcg_at_200": 0.40756, "ndcg_at_300": 0.41275, "ndcg_at_500": 0.41746, "ndcg_at_1000": 0.42255, "map_at_1": 0.16847, "map_at_3": 0.23106, "map_at_5": 0.24737, "map_at_10": 0.26475, "map_at_20": 0.27246, "map_at_100": 0.28137, "map_at_200": 0.28243, "map_at_300": 0.28283, "map_at_500": 0.28315, "map_at_1000": 0.28343, "recall_at_1": 0.16847, "recall_at_3": 0.30572, "recall_at_5": 0.37096, "recall_at_10": 0.4759, "recall_at_20": 0.55058, "recall_at_100": 0.78503, "recall_at_200": 0.83804, "recall_at_300": 0.86974, "recall_at_500": 0.89979, "recall_at_1000": 0.93297, "precision_at_1": 0.1996, "precision_at_3": 0.12912, "precision_at_5": 0.09842, "precision_at_10": 0.06897, "precision_at_20": 0.04427, "precision_at_100": 0.01482, "precision_at_200": 0.00887, "precision_at_300": 0.00645, "precision_at_500": 0.00424, "precision_at_1000": 0.00238, "mrr_at_1": 0.1996, "mrr_at_3": 0.26614, "mrr_at_5": 0.28333, "mrr_at_10": 0.29925, "mrr_at_20": 0.30506, "mrr_at_100": 0.31042, "mrr_at_200": 0.3107, "mrr_at_300": 0.31083, "mrr_at_500": 0.31089, "mrr_at_1000": 0.31093, "rc_at_1": {"relevant": 0.0, "distractor": 0.0}, "rc_at_3": {"relevant": 0.0, "distractor": 0.0}, "rc_at_5": {"relevant": 0.0, "distractor": 0.0}, "rc_at_10": {"relevant": 0.0, "distractor": 0.0}, "rc_at_20": {"relevant": 0.0, "distractor": 0.0}, "rc_at_100": {"relevant": 0.0, "distractor": 0.0}, "rc_at_200": {"relevant": 0.0, "distractor": 0.0}, "rc_at_300": {"relevant": 0.0, "distractor": 0.0}, "rc_at_500": {"relevant": 0.0, "distractor": 0.0}, "rc_at_1000": {"relevant": 0.0, "distractor": 0.0}}