{"ndcg_at_1": 0.33918, "ndcg_at_3": 0.41432, "ndcg_at_5": 0.44089, "ndcg_at_10": 0.46756, "ndcg_at_20": 0.49208, "ndcg_at_100": 0.51885, "ndcg_at_200": 0.52662, "ndcg_at_300": 0.53005, "ndcg_at_500": 0.53343, "ndcg_at_1000": 0.5361, "map_at_1": 0.29685, "map_at_3": 0.37945, "map_at_5": 0.39662, "map_at_10": 0.4094, "map_at_20": 0.41734, "map_at_100": 0.42167, "map_at_200": 0.42215, "map_at_300": 0.42232, "map_at_500": 0.42242, "map_at_1000": 0.42247, "recall_at_1": 0.29685, "recall_at_3": 0.46631, "recall_at_5": 0.53016, "recall_at_10": 0.60735, "recall_at_20": 0.69889, "recall_at_100": 0.8301, "recall_at_200": 0.88145, "recall_at_300": 0.90482, "recall_at_500": 0.93074, "recall_at_1000": 0.95273, "precision_at_1": 0.33918, "precision_at_3": 0.18621, "precision_at_5": 0.12953, "precision_at_10": 0.0768, "precision_at_20": 0.04505, "precision_at_100": 0.01122, "precision_at_200": 0.00598, "precision_at_300": 0.00414, "precision_at_500": 0.00257, "precision_at_1000": 0.00133, "mrr_at_1": 0.33918, "mrr_at_3": 0.41745, "mrr_at_5": 0.43269, "mrr_at_10": 0.44341, "mrr_at_20": 0.44939, "mrr_at_100": 0.45226, "mrr_at_200": 0.45259, "mrr_at_300": 0.45266, "mrr_at_500": 0.45272, "mrr_at_1000": 0.45275, "rc_at_1": {"relevant": 0.0, "distractor": 0.0}, "rc_at_3": {"relevant": 0.0, "distractor": 0.0}, "rc_at_5": {"relevant": 0.0, "distractor": 0.0}, "rc_at_10": {"relevant": 0.0, "distractor": 0.0}, "rc_at_20": {"relevant": 0.0, "distractor": 0.0}, "rc_at_100": {"relevant": 0.0, "distractor": 0.0}, "rc_at_200": {"relevant": 0.0, "distractor": 0.0}, "rc_at_300": {"relevant": 0.0, "distractor": 0.0}, "rc_at_500": {"relevant": 0.0, "distractor": 0.0}, "rc_at_1000": {"relevant": 0.0, "distractor": 0.0}}