{"ndcg_at_1": 0.32435, "ndcg_at_3": 0.36868, "ndcg_at_5": 0.39434, "ndcg_at_10": 0.42177, "ndcg_at_20": 0.44399, "ndcg_at_100": 0.47919, "ndcg_at_200": 0.48798, "ndcg_at_300": 0.49151, "ndcg_at_500": 0.49578, "ndcg_at_1000": 0.50087, "map_at_1": 0.26186, "map_at_3": 0.32895, "map_at_5": 0.34681, "map_at_10": 0.36088, "map_at_20": 0.36827, "map_at_100": 0.37441, "map_at_200": 0.37508, "map_at_300": 0.37526, "map_at_500": 0.37541, "map_at_1000": 0.37553, "recall_at_1": 0.26186, "recall_at_3": 0.39977, "recall_at_5": 0.46476, "recall_at_10": 0.54628, "recall_at_20": 0.62275, "recall_at_100": 0.78782, "recall_at_200": 0.8388, "recall_at_300": 0.86197, "recall_at_500": 0.89252, "recall_at_1000": 0.93169, "precision_at_1": 0.32435, "precision_at_3": 0.17517, "precision_at_5": 0.12666, "precision_at_10": 0.07748, "precision_at_20": 0.04601, "precision_at_100": 0.01251, "precision_at_200": 0.0069, "precision_at_300": 0.00479, "precision_at_500": 0.00302, "precision_at_1000": 0.00162, "mrr_at_1": 0.32435, "mrr_at_3": 0.39156, "mrr_at_5": 0.40792, "mrr_at_10": 0.41912, "mrr_at_20": 0.42433, "mrr_at_100": 0.42797, "mrr_at_200": 0.42826, "mrr_at_300": 0.42833, "mrr_at_500": 0.42839, "mrr_at_1000": 0.42843, "rc_at_1": {"relevant": 0.0, "distractor": 0.0}, "rc_at_3": {"relevant": 0.0, "distractor": 0.0}, "rc_at_5": {"relevant": 0.0, "distractor": 0.0}, "rc_at_10": {"relevant": 0.0, "distractor": 0.0}, "rc_at_20": {"relevant": 0.0, "distractor": 0.0}, "rc_at_100": {"relevant": 0.0, "distractor": 0.0}, "rc_at_200": {"relevant": 0.0, "distractor": 0.0}, "rc_at_300": {"relevant": 0.0, "distractor": 0.0}, "rc_at_500": {"relevant": 0.0, "distractor": 0.0}, "rc_at_1000": {"relevant": 0.0, "distractor": 0.0}}