{"ndcg_at_1": 0.41818, "ndcg_at_3": 0.30036, "ndcg_at_5": 0.26006, "ndcg_at_10": 0.19057, "ndcg_at_20": 0.20975, "ndcg_at_100": 0.26618, "ndcg_at_200": 0.28876, "ndcg_at_300": 0.30138, "ndcg_at_500": 0.31111, "ndcg_at_1000": 0.32416, "map_at_1": 0.04182, "map_at_3": 0.07121, "map_at_5": 0.0873, "map_at_10": 0.10062, "map_at_20": 0.10876, "map_at_100": 0.12252, "map_at_200": 0.12489, "map_at_300": 0.12591, "map_at_500": 0.12636, "map_at_1000": 0.12674, "recall_at_1": 0.04182, "recall_at_3": 0.08, "recall_at_5": 0.11091, "recall_at_10": 0.14182, "recall_at_20": 0.17636, "recall_at_100": 0.31455, "recall_at_200": 0.38909, "recall_at_300": 0.43455, "recall_at_500": 0.47273, "recall_at_1000": 0.52909, "precision_at_1": 0.41818, "precision_at_3": 0.26667, "precision_at_5": 0.22182, "precision_at_10": 0.14182, "precision_at_20": 0.08818, "precision_at_100": 0.03145, "precision_at_200": 0.01945, "precision_at_300": 0.01448, "precision_at_500": 0.00945, "precision_at_1000": 0.00529, "mrr_at_1": 0.41818, "mrr_at_3": 0.48788, "mrr_at_5": 0.49879, "mrr_at_10": 0.506, "mrr_at_20": 0.51166, "mrr_at_100": 0.51348, "mrr_at_200": 0.51379, "mrr_at_300": 0.51379, "mrr_at_500": 0.51384, "mrr_at_1000": 0.51391, "rc_at_1": {"relevant": 0.41818, "distractor": 0.41818}, "rc_at_3": {"relevant": 0.81818, "distractor": 1.32727}, "rc_at_5": {"relevant": 1.10909, "distractor": 2.03636}, "rc_at_10": {"relevant": 1.4, "distractor": 3.72727}, "rc_at_20": {"relevant": 1.76364, "distractor": 6.43636}, "rc_at_100": {"relevant": 3.14545, "distractor": 15.92727}, "rc_at_200": {"relevant": 3.89091, "distractor": 20.90909}, "rc_at_300": {"relevant": 4.34545, "distractor": 24.2}, "rc_at_500": {"relevant": 4.72727, "distractor": 28.85455}, "rc_at_1000": {"relevant": 5.29091, "distractor": 35.56364}}