{"ndcg_at_1": 0.16358, "ndcg_at_3": 0.15182, "ndcg_at_5": 0.15704, "ndcg_at_10": 0.17013, "ndcg_at_20": 0.18922, "ndcg_at_100": 0.21727, "ndcg_at_200": 0.23054, "ndcg_at_300": 0.23785, "ndcg_at_500": 0.24674, "ndcg_at_1000": 0.25788, "map_at_1": 0.08312, "map_at_3": 0.11429, "map_at_5": 0.12146, "map_at_10": 0.12844, "map_at_20": 0.13444, "map_at_100": 0.13865, "map_at_200": 0.13947, "map_at_300": 0.1398, "map_at_500": 0.14007, "map_at_1000": 0.14031, "recall_at_1": 0.08312, "recall_at_3": 0.14529, "recall_at_5": 0.17135, "recall_at_10": 0.20835, "recall_at_20": 0.27023, "recall_at_100": 0.38943, "recall_at_200": 0.46331, "recall_at_300": 0.50692, "recall_at_500": 0.56622, "recall_at_1000": 0.64271, "precision_at_1": 0.16358, "precision_at_3": 0.09619, "precision_at_5": 0.06944, "precision_at_10": 0.0446, "precision_at_20": 0.02917, "precision_at_100": 0.0089, "precision_at_200": 0.0054, "precision_at_300": 0.00402, "precision_at_500": 0.00272, "precision_at_1000": 0.00159, "mrr_at_1": 0.16358, "mrr_at_3": 0.20242, "mrr_at_5": 0.21067, "mrr_at_10": 0.21858, "mrr_at_20": 0.22397, "mrr_at_100": 0.22791, "mrr_at_200": 0.22857, "mrr_at_300": 0.22875, "mrr_at_500": 0.2289, "mrr_at_1000": 0.22898, "rc_at_1": {"relevant": 0.0, "distractor": 0.0}, "rc_at_3": {"relevant": 0.0, "distractor": 0.0}, "rc_at_5": {"relevant": 0.0, "distractor": 0.0}, "rc_at_10": {"relevant": 0.0, "distractor": 0.0}, "rc_at_20": {"relevant": 0.0, "distractor": 0.0}, "rc_at_100": {"relevant": 0.0, "distractor": 0.0}, "rc_at_200": {"relevant": 0.0, "distractor": 0.0}, "rc_at_300": {"relevant": 0.0, "distractor": 0.0}, "rc_at_500": {"relevant": 0.0, "distractor": 0.0}, "rc_at_1000": {"relevant": 0.0, "distractor": 0.0}}