{"ndcg_at_1": 0.27542, "ndcg_at_3": 0.32227, "ndcg_at_5": 0.3527, "ndcg_at_10": 0.37631, "ndcg_at_20": 0.39943, "ndcg_at_100": 0.42762, "ndcg_at_200": 0.43771, "ndcg_at_300": 0.44243, "ndcg_at_500": 0.44762, "ndcg_at_1000": 0.45235, "map_at_1": 0.25576, "map_at_3": 0.30183, "map_at_5": 0.31974, "map_at_10": 0.33025, "map_at_20": 0.33709, "map_at_100": 0.34118, "map_at_200": 0.34177, "map_at_300": 0.34195, "map_at_500": 0.34212, "map_at_1000": 0.34222, "recall_at_1": 0.25576, "recall_at_3": 0.35781, "recall_at_5": 0.43058, "recall_at_10": 0.50193, "recall_at_20": 0.58849, "recall_at_100": 0.7306, "recall_at_200": 0.79701, "recall_at_300": 0.83059, "recall_at_500": 0.87117, "recall_at_1000": 0.91153, "precision_at_1": 0.27542, "precision_at_3": 0.1337, "precision_at_5": 0.09797, "precision_at_10": 0.05823, "precision_at_20": 0.03447, "precision_at_100": 0.00895, "precision_at_200": 0.00502, "precision_at_300": 0.00355, "precision_at_500": 0.00229, "precision_at_1000": 0.00123, "mrr_at_1": 0.27542, "mrr_at_3": 0.32348, "mrr_at_5": 0.34039, "mrr_at_10": 0.3482, "mrr_at_20": 0.35449, "mrr_at_100": 0.35823, "mrr_at_200": 0.35872, "mrr_at_300": 0.35885, "mrr_at_500": 0.35894, "mrr_at_1000": 0.35899, "rc_at_1": {"relevant": 0.0, "distractor": 0.0}, "rc_at_3": {"relevant": 0.0, "distractor": 0.0}, "rc_at_5": {"relevant": 0.0, "distractor": 0.0}, "rc_at_10": {"relevant": 0.0, "distractor": 0.0}, "rc_at_20": {"relevant": 0.0, "distractor": 0.0}, "rc_at_100": {"relevant": 0.0, "distractor": 0.0}, "rc_at_200": {"relevant": 0.0, "distractor": 0.0}, "rc_at_300": {"relevant": 0.0, "distractor": 0.0}, "rc_at_500": {"relevant": 0.0, "distractor": 0.0}, "rc_at_1000": {"relevant": 0.0, "distractor": 0.0}}