{"ndcg_at_1": 0.09184, "ndcg_at_3": 0.06684, "ndcg_at_5": 0.05154, "ndcg_at_10": 0.05029, "ndcg_at_20": 0.05227, "ndcg_at_100": 0.09126, "ndcg_at_200": 0.11219, "ndcg_at_300": 0.12478, "ndcg_at_500": 0.13492, "ndcg_at_1000": 0.1615, "map_at_1": 0.00982, "map_at_3": 0.01917, "map_at_5": 0.0194, "map_at_10": 0.02245, "map_at_20": 0.02467, "map_at_100": 0.03002, "map_at_200": 0.03145, "map_at_300": 0.03215, "map_at_500": 0.03269, "map_at_1000": 0.03368, "recall_at_1": 0.00982, "recall_at_3": 0.01917, "recall_at_5": 0.02006, "recall_at_10": 0.0314, "recall_at_20": 0.04423, "recall_at_100": 0.12662, "recall_at_200": 0.1809, "recall_at_300": 0.21617, "recall_at_500": 0.24735, "recall_at_1000": 0.33269, "precision_at_1": 0.12245, "precision_at_3": 0.06803, "precision_at_5": 0.0449, "precision_at_10": 0.04082, "precision_at_20": 0.03265, "precision_at_100": 0.02082, "precision_at_200": 0.0152, "precision_at_300": 0.01238, "precision_at_500": 0.00869, "precision_at_1000": 0.0062, "mrr_at_1": 0.12245, "mrr_at_3": 0.12245, "mrr_at_5": 0.12755, "mrr_at_10": 0.14449, "mrr_at_20": 0.1512, "mrr_at_100": 0.16066, "mrr_at_200": 0.16111, "mrr_at_300": 0.16135, "mrr_at_500": 0.16135, "mrr_at_1000": 0.16141, "rc_at_1": {"relevant": 0.0, "distractor": 0.0}, "rc_at_3": {"relevant": 0.0, "distractor": 0.0}, "rc_at_5": {"relevant": 0.0, "distractor": 0.0}, "rc_at_10": {"relevant": 0.0, "distractor": 0.0}, "rc_at_20": {"relevant": 0.0, "distractor": 0.0}, "rc_at_100": {"relevant": 0.0, "distractor": 0.0}, "rc_at_200": {"relevant": 0.0, "distractor": 0.0}, "rc_at_300": {"relevant": 0.0, "distractor": 0.0}, "rc_at_500": {"relevant": 0.0, "distractor": 0.0}, "rc_at_1000": {"relevant": 0.0, "distractor": 0.0}}