{"ndcg_at_1": 0.23, "ndcg_at_3": 0.19202, "ndcg_at_5": 0.16732, "ndcg_at_10": 0.20216, "ndcg_at_20": 0.22977, "ndcg_at_100": 0.27791, "ndcg_at_200": 0.29392, "ndcg_at_300": 0.30326, "ndcg_at_500": 0.31439, "ndcg_at_1000": 0.32818, "map_at_1": 0.04682, "map_at_3": 0.08624, "map_at_5": 0.10188, "map_at_10": 0.11983, "map_at_20": 0.13001, "map_at_100": 0.13945, "map_at_200": 0.14084, "map_at_300": 0.14136, "map_at_500": 0.14182, "map_at_1000": 0.14221, "recall_at_1": 0.04682, "recall_at_3": 0.10992, "recall_at_5": 0.1495, "recall_at_10": 0.21378, "recall_at_20": 0.27855, "recall_at_100": 0.4358, "recall_at_200": 0.50372, "recall_at_300": 0.5478, "recall_at_500": 0.6048, "recall_at_1000": 0.6821, "precision_at_1": 0.23, "precision_at_3": 0.18067, "precision_at_5": 0.1472, "precision_at_10": 0.1051, "precision_at_20": 0.0685, "precision_at_100": 0.02145, "precision_at_200": 0.0124, "precision_at_300": 0.00899, "precision_at_500": 0.00595, "precision_at_1000": 0.00336, "mrr_at_1": 0.23, "mrr_at_3": 0.309, "mrr_at_5": 0.33025, "mrr_at_10": 0.34417, "mrr_at_20": 0.35016, "mrr_at_100": 0.35409, "mrr_at_200": 0.35442, "mrr_at_300": 0.35454, "mrr_at_500": 0.35462, "mrr_at_1000": 0.35464, "rc_at_1": {"relevant": 0.0, "distractor": 0.0}, "rc_at_3": {"relevant": 0.0, "distractor": 0.0}, "rc_at_5": {"relevant": 0.0, "distractor": 0.0}, "rc_at_10": {"relevant": 0.0, "distractor": 0.0}, "rc_at_20": {"relevant": 0.0, "distractor": 0.0}, "rc_at_100": {"relevant": 0.0, "distractor": 0.0}, "rc_at_200": {"relevant": 0.0, "distractor": 0.0}, "rc_at_300": {"relevant": 0.0, "distractor": 0.0}, "rc_at_500": {"relevant": 0.0, "distractor": 0.0}, "rc_at_1000": {"relevant": 0.0, "distractor": 0.0}}