{"ndcg_at_1": 0.14341, "ndcg_at_3": 0.17228, "ndcg_at_5": 0.18471, "ndcg_at_10": 0.19675, "ndcg_at_20": 0.21234, "ndcg_at_100": 0.23971, "ndcg_at_200": 0.25242, "ndcg_at_300": 0.2584, "ndcg_at_500": 0.26689, "ndcg_at_1000": 0.27542, "map_at_1": 0.11724, "map_at_3": 0.15176, "map_at_5": 0.15966, "map_at_10": 0.1649, "map_at_20": 0.16938, "map_at_100": 0.17324, "map_at_200": 0.17398, "map_at_300": 0.17421, "map_at_500": 0.17444, "map_at_1000": 0.17459, "recall_at_1": 0.11724, "recall_at_3": 0.19411, "recall_at_5": 0.22602, "recall_at_10": 0.26133, "recall_at_20": 0.31811, "recall_at_100": 0.45195, "recall_at_200": 0.53466, "recall_at_300": 0.57642, "recall_at_500": 0.64115, "recall_at_1000": 0.70933, "precision_at_1": 0.14341, "precision_at_3": 0.08309, "precision_at_5": 0.0589, "precision_at_10": 0.03551, "precision_at_20": 0.02223, "precision_at_100": 0.00685, "precision_at_200": 0.00408, "precision_at_300": 0.00297, "precision_at_500": 0.00201, "precision_at_1000": 0.00115, "mrr_at_1": 0.14533, "mrr_at_3": 0.18158, "mrr_at_5": 0.18972, "mrr_at_10": 0.19694, "mrr_at_20": 0.20132, "mrr_at_100": 0.20466, "mrr_at_200": 0.20531, "mrr_at_300": 0.20549, "mrr_at_500": 0.20564, "mrr_at_1000": 0.20573, "rc_at_1": {"relevant": 0.0, "distractor": 0.0}, "rc_at_3": {"relevant": 0.0, "distractor": 0.0}, "rc_at_5": {"relevant": 0.0, "distractor": 0.0}, "rc_at_10": {"relevant": 0.0, "distractor": 0.0}, "rc_at_20": {"relevant": 0.0, "distractor": 0.0}, "rc_at_100": {"relevant": 0.0, "distractor": 0.0}, "rc_at_200": {"relevant": 0.0, "distractor": 0.0}, "rc_at_300": {"relevant": 0.0, "distractor": 0.0}, "rc_at_500": {"relevant": 0.0, "distractor": 0.0}, "rc_at_1000": {"relevant": 0.0, "distractor": 0.0}}