{"ndcg_at_1": 0.012, "ndcg_at_3": 0.00923, "ndcg_at_5": 0.00771, "ndcg_at_10": 0.00999, "ndcg_at_20": 0.01317, "ndcg_at_100": 0.02508, "ndcg_at_200": 0.03284, "ndcg_at_300": 0.03908, "ndcg_at_500": 0.04629, "ndcg_at_1000": 0.05941, "map_at_1": 0.00245, "map_at_3": 0.00388, "map_at_5": 0.00427, "map_at_10": 0.00507, "map_at_20": 0.00569, "map_at_100": 0.00686, "map_at_200": 0.00722, "map_at_300": 0.00742, "map_at_500": 0.00758, "map_at_1000": 0.00778, "recall_at_1": 0.00245, "recall_at_3": 0.0051, "recall_at_5": 0.0065, "recall_at_10": 0.0107, "recall_at_20": 0.01815, "recall_at_100": 0.05778, "recall_at_200": 0.09095, "recall_at_300": 0.12043, "recall_at_500": 0.15737, "recall_at_1000": 0.2315, "precision_at_1": 0.012, "precision_at_3": 0.00833, "precision_at_5": 0.0064, "precision_at_10": 0.0053, "precision_at_20": 0.0045, "precision_at_100": 0.00286, "precision_at_200": 0.00224, "precision_at_300": 0.00198, "precision_at_500": 0.00155, "precision_at_1000": 0.00114, "mrr_at_1": 0.012, "mrr_at_3": 0.0165, "mrr_at_5": 0.018, "mrr_at_10": 0.02006, "mrr_at_20": 0.02211, "mrr_at_100": 0.02535, "mrr_at_200": 0.02607, "mrr_at_300": 0.0264, "mrr_at_500": 0.02663, "mrr_at_1000": 0.02685, "rc_at_1": {"relevant": 0.0, "distractor": 0.0}, "rc_at_3": {"relevant": 0.0, "distractor": 0.0}, "rc_at_5": {"relevant": 0.0, "distractor": 0.0}, "rc_at_10": {"relevant": 0.0, "distractor": 0.0}, "rc_at_20": {"relevant": 0.0, "distractor": 0.0}, "rc_at_100": {"relevant": 0.0, "distractor": 0.0}, "rc_at_200": {"relevant": 0.0, "distractor": 0.0}, "rc_at_300": {"relevant": 0.0, "distractor": 0.0}, "rc_at_500": {"relevant": 0.0, "distractor": 0.0}, "rc_at_1000": {"relevant": 0.0, "distractor": 0.0}}