{"ndcg_at_1": 0.0, "ndcg_at_3": 0.29052, "ndcg_at_5": 0.35988, "ndcg_at_10": 0.41782, "ndcg_at_20": 0.44558, "ndcg_at_100": 0.45366, "ndcg_at_200": 0.45467, "ndcg_at_300": 0.45484, "ndcg_at_500": 0.45493, "ndcg_at_1000": 0.45493, "map_at_1": 0.0, "map_at_3": 0.22084, "map_at_5": 0.25946, "map_at_10": 0.28349, "map_at_20": 0.29142, "map_at_100": 0.29265, "map_at_200": 0.29271, "map_at_300": 0.29271, "map_at_500": 0.29271, "map_at_1000": 0.29271, "recall_at_1": 0.0, "recall_at_3": 0.49147, "recall_at_5": 0.65932, "recall_at_10": 0.83784, "recall_at_20": 0.94523, "recall_at_100": 0.9872, "recall_at_200": 0.99431, "recall_at_300": 0.99573, "recall_at_500": 0.99644, "recall_at_1000": 0.99644, "precision_at_1": 0.0, "precision_at_3": 0.16382, "precision_at_5": 0.13186, "precision_at_10": 0.08378, "precision_at_20": 0.04726, "precision_at_100": 0.00987, "precision_at_200": 0.00497, "precision_at_300": 0.00332, "precision_at_500": 0.00199, "precision_at_1000": 0.001, "mrr_at_1": 0.0, "mrr_at_3": 0.22463, "mrr_at_5": 0.26286, "mrr_at_10": 0.28593, "mrr_at_20": 0.29407, "mrr_at_100": 0.2952, "mrr_at_200": 0.29526, "mrr_at_300": 0.29526, "mrr_at_500": 0.29527, "mrr_at_1000": 0.29527, "rc_at_1": {"relevant": 0.0, "distractor": 0.0}, "rc_at_3": {"relevant": 0.0, "distractor": 0.0}, "rc_at_5": {"relevant": 0.0, "distractor": 0.0}, "rc_at_10": {"relevant": 0.0, "distractor": 0.0}, "rc_at_20": {"relevant": 0.0, "distractor": 0.0}, "rc_at_100": {"relevant": 0.0, "distractor": 0.0}, "rc_at_200": {"relevant": 0.0, "distractor": 0.0}, "rc_at_300": {"relevant": 0.0, "distractor": 0.0}, "rc_at_500": {"relevant": 0.0, "distractor": 0.0}, "rc_at_1000": {"relevant": 0.0, "distractor": 0.0}}