{"ndcg_at_1": 0.68332, "ndcg_at_3": 0.73146, "ndcg_at_5": 0.74648, "ndcg_at_10": 0.75829, "ndcg_at_20": 0.76506, "ndcg_at_100": 0.77326, "ndcg_at_200": 0.77544, "ndcg_at_300": 0.77623, "ndcg_at_500": 0.77723, "ndcg_at_1000": 0.77825, "map_at_1": 0.63415, "map_at_3": 0.70067, "map_at_5": 0.70983, "map_at_10": 0.71507, "map_at_20": 0.71709, "map_at_100": 0.71835, "map_at_200": 0.71848, "map_at_300": 0.71851, "map_at_500": 0.71854, "map_at_1000": 0.71856, "recall_at_1": 0.63415, "recall_at_3": 0.77335, "recall_at_5": 0.81179, "recall_at_10": 0.84781, "recall_at_20": 0.87326, "recall_at_100": 0.91502, "recall_at_200": 0.92926, "recall_at_300": 0.93478, "recall_at_500": 0.94249, "recall_at_1000": 0.95067, "precision_at_1": 0.68332, "precision_at_3": 0.27988, "precision_at_5": 0.17657, "precision_at_10": 0.09248, "precision_at_20": 0.04774, "precision_at_100": 0.01008, "precision_at_200": 0.00514, "precision_at_300": 0.00346, "precision_at_500": 0.0021, "precision_at_1000": 0.00107, "mrr_at_1": 0.68407, "mrr_at_3": 0.74965, "mrr_at_5": 0.75719, "mrr_at_10": 0.76274, "mrr_at_20": 0.76455, "mrr_at_100": 0.76548, "mrr_at_200": 0.76556, "mrr_at_300": 0.76557, "mrr_at_500": 0.76558, "mrr_at_1000": 0.76559, "rc_at_1": {"relevant": 0.0, "distractor": 0.0}, "rc_at_3": {"relevant": 0.0, "distractor": 0.0}, "rc_at_5": {"relevant": 0.0, "distractor": 0.0}, "rc_at_10": {"relevant": 0.0, "distractor": 0.0}, "rc_at_20": {"relevant": 0.0, "distractor": 0.0}, "rc_at_100": {"relevant": 0.0, "distractor": 0.0}, "rc_at_200": {"relevant": 0.0, "distractor": 0.0}, "rc_at_300": {"relevant": 0.0, "distractor": 0.0}, "rc_at_500": {"relevant": 0.0, "distractor": 0.0}, "rc_at_1000": {"relevant": 0.0, "distractor": 0.0}}