{"ndcg_at_1": 0.27273, "ndcg_at_3": 0.33014, "ndcg_at_5": 0.35185, "ndcg_at_10": 0.37814, "ndcg_at_20": 0.40016, "ndcg_at_100": 0.43503, "ndcg_at_200": 0.44583, "ndcg_at_300": 0.44993, "ndcg_at_500": 0.45599, "ndcg_at_1000": 0.46166, "map_at_1": 0.23122, "map_at_3": 0.29205, "map_at_5": 0.30708, "map_at_10": 0.32088, "map_at_20": 0.32935, "map_at_100": 0.33588, "map_at_200": 0.33695, "map_at_300": 0.33727, "map_at_500": 0.33766, "map_at_1000": 0.33791, "recall_at_1": 0.23122, "recall_at_3": 0.35616, "recall_at_5": 0.41365, "recall_at_10": 0.49321, "recall_at_20": 0.57735, "recall_at_100": 0.75292, "recall_at_200": 0.81586, "recall_at_300": 0.84117, "recall_at_500": 0.88002, "recall_at_1000": 0.92031, "precision_at_1": 0.27273, "precision_at_3": 0.15613, "precision_at_5": 0.11423, "precision_at_10": 0.07312, "precision_at_20": 0.04634, "precision_at_100": 0.01419, "precision_at_200": 0.00839, "precision_at_300": 0.00605, "precision_at_500": 0.00409, "precision_at_1000": 0.00229, "mrr_at_1": 0.27273, "mrr_at_3": 0.3307, "mrr_at_5": 0.34493, "mrr_at_10": 0.35685, "mrr_at_20": 0.36322, "mrr_at_100": 0.36721, "mrr_at_200": 0.36763, "mrr_at_300": 0.36773, "mrr_at_500": 0.36781, "mrr_at_1000": 0.36785, "rc_at_1": {"relevant": 0.0, "distractor": 0.0}, "rc_at_3": {"relevant": 0.0, "distractor": 0.0}, "rc_at_5": {"relevant": 0.0, "distractor": 0.0}, "rc_at_10": {"relevant": 0.0, "distractor": 0.0}, "rc_at_20": {"relevant": 0.0, "distractor": 0.0}, "rc_at_100": {"relevant": 0.0, "distractor": 0.0}, "rc_at_200": {"relevant": 0.0, "distractor": 0.0}, "rc_at_300": {"relevant": 0.0, "distractor": 0.0}, "rc_at_500": {"relevant": 0.0, "distractor": 0.0}, "rc_at_1000": {"relevant": 0.0, "distractor": 0.0}}