{"ndcg_at_1": 0.50333, "ndcg_at_3": 0.56558, "ndcg_at_5": 0.58266, "ndcg_at_10": 0.60457, "ndcg_at_20": 0.61843, "ndcg_at_100": 0.64165, "ndcg_at_200": 0.64769, "ndcg_at_300": 0.65061, "ndcg_at_500": 0.65255, "ndcg_at_1000": 0.65465, "map_at_1": 0.479, "map_at_3": 0.54067, "map_at_5": 0.55174, "map_at_10": 0.56239, "map_at_20": 0.56655, "map_at_100": 0.57021, "map_at_200": 0.57054, "map_at_300": 0.57064, "map_at_500": 0.57068, "map_at_1000": 0.57071, "recall_at_1": 0.479, "recall_at_3": 0.61372, "recall_at_5": 0.65717, "recall_at_10": 0.71933, "recall_at_20": 0.77167, "recall_at_100": 0.88933, "recall_at_200": 0.93167, "recall_at_300": 0.955, "recall_at_500": 0.97167, "recall_at_1000": 0.99167, "precision_at_1": 0.50333, "precision_at_3": 0.22111, "precision_at_5": 0.14333, "precision_at_10": 0.08067, "precision_at_20": 0.04383, "precision_at_100": 0.01013, "precision_at_200": 0.0053, "precision_at_300": 0.00361, "precision_at_500": 0.0022, "precision_at_1000": 0.00112, "mrr_at_1": 0.50333, "mrr_at_3": 0.56, "mrr_at_5": 0.569, "mrr_at_10": 0.5767, "mrr_at_20": 0.57977, "mrr_at_100": 0.58314, "mrr_at_200": 0.58343, "mrr_at_300": 0.58352, "mrr_at_500": 0.58357, "mrr_at_1000": 0.58359, "rc_at_1": {"relevant": 0.0, "distractor": 0.0}, "rc_at_3": {"relevant": 0.0, "distractor": 0.0}, "rc_at_5": {"relevant": 0.0, "distractor": 0.0}, "rc_at_10": {"relevant": 0.0, "distractor": 0.0}, "rc_at_20": {"relevant": 0.0, "distractor": 0.0}, "rc_at_100": {"relevant": 0.0, "distractor": 0.0}, "rc_at_200": {"relevant": 0.0, "distractor": 0.0}, "rc_at_300": {"relevant": 0.0, "distractor": 0.0}, "rc_at_500": {"relevant": 0.0, "distractor": 0.0}, "rc_at_1000": {"relevant": 0.0, "distractor": 0.0}}