{"ndcg_at_1": 0.387, "ndcg_at_3": 0.35386, "ndcg_at_5": 0.3345, "ndcg_at_10": 0.31467, "ndcg_at_20": 0.29396, "ndcg_at_100": 0.2888, "ndcg_at_200": 0.30522, "ndcg_at_300": 0.31956, "ndcg_at_500": 0.34216, "ndcg_at_1000": 0.37727, "map_at_1": 0.03647, "map_at_3": 0.06803, "map_at_5": 0.08316, "map_at_10": 0.1023, "map_at_20": 0.11679, "map_at_100": 0.13531, "map_at_200": 0.14074, "map_at_300": 0.14352, "map_at_500": 0.14648, "map_at_1000": 0.14992, "recall_at_1": 0.03647, "recall_at_3": 0.08142, "recall_at_5": 0.10607, "recall_at_10": 0.14495, "recall_at_20": 0.1886, "recall_at_100": 0.30838, "recall_at_200": 0.37253, "recall_at_300": 0.42059, "recall_at_500": 0.5045, "recall_at_1000": 0.62066, "precision_at_1": 0.40557, "precision_at_3": 0.34469, "precision_at_5": 0.30279, "precision_at_10": 0.25077, "precision_at_20": 0.18622, "precision_at_100": 0.07916, "precision_at_200": 0.0531, "precision_at_300": 0.04206, "precision_at_500": 0.03106, "precision_at_1000": 0.02077, "mrr_at_1": 0.41486, "mrr_at_3": 0.47884, "mrr_at_5": 0.48689, "mrr_at_10": 0.49571, "mrr_at_20": 0.50053, "mrr_at_100": 0.50356, "mrr_at_200": 0.5037, "mrr_at_300": 0.50377, "mrr_at_500": 0.5039, "mrr_at_1000": 0.50393, "rc_at_1": {"relevant": 0.0, "distractor": 0.0}, "rc_at_3": {"relevant": 0.0, "distractor": 0.0}, "rc_at_5": {"relevant": 0.0, "distractor": 0.0}, "rc_at_10": {"relevant": 0.0, "distractor": 0.0}, "rc_at_20": {"relevant": 0.0, "distractor": 0.0}, "rc_at_100": {"relevant": 0.0, "distractor": 0.0}, "rc_at_200": {"relevant": 0.0, "distractor": 0.0}, "rc_at_300": {"relevant": 0.0, "distractor": 0.0}, "rc_at_500": {"relevant": 0.0, "distractor": 0.0}, "rc_at_1000": {"relevant": 0.0, "distractor": 0.0}}