{"ndcg_at_1": 0.16865, "ndcg_at_3": 0.21662, "ndcg_at_5": 0.23683, "ndcg_at_10": 0.25967, "ndcg_at_20": 0.2808, "ndcg_at_100": 0.31619, "ndcg_at_200": 0.32666, "ndcg_at_300": 0.33214, "ndcg_at_500": 0.33933, "ndcg_at_1000": 0.34641, "map_at_1": 0.14557, "map_at_3": 0.19349, "map_at_5": 0.20586, "map_at_10": 0.21575, "map_at_20": 0.22195, "map_at_100": 0.2273, "map_at_200": 0.22791, "map_at_300": 0.22812, "map_at_500": 0.22831, "map_at_1000": 0.22844, "recall_at_1": 0.14557, "recall_at_3": 0.25051, "recall_at_5": 0.29934, "recall_at_10": 0.36679, "recall_at_20": 0.44724, "recall_at_100": 0.62547, "recall_at_200": 0.69493, "recall_at_300": 0.73448, "recall_at_500": 0.79184, "recall_at_1000": 0.85229, "precision_at_1": 0.16865, "precision_at_3": 0.10052, "precision_at_5": 0.0731, "precision_at_10": 0.04614, "precision_at_20": 0.02859, "precision_at_100": 0.00827, "precision_at_200": 0.00465, "precision_at_300": 0.0033, "precision_at_500": 0.00215, "precision_at_1000": 0.00117, "mrr_at_1": 0.17367, "mrr_at_3": 0.22153, "mrr_at_5": 0.23438, "mrr_at_10": 0.24378, "mrr_at_20": 0.24949, "mrr_at_100": 0.25401, "mrr_at_200": 0.25446, "mrr_at_300": 0.2546, "mrr_at_500": 0.25474, "mrr_at_1000": 0.25482, "rc_at_1": {"relevant": 0.0, "distractor": 0.0}, "rc_at_3": {"relevant": 0.0, "distractor": 0.0}, "rc_at_5": {"relevant": 0.0, "distractor": 0.0}, "rc_at_10": {"relevant": 0.0, "distractor": 0.0}, "rc_at_20": {"relevant": 0.0, "distractor": 0.0}, "rc_at_100": {"relevant": 0.0, "distractor": 0.0}, "rc_at_200": {"relevant": 0.0, "distractor": 0.0}, "rc_at_300": {"relevant": 0.0, "distractor": 0.0}, "rc_at_500": {"relevant": 0.0, "distractor": 0.0}, "rc_at_1000": {"relevant": 0.0, "distractor": 0.0}}