{"ndcg_at_1": 0.27119, "ndcg_at_3": 0.33287, "ndcg_at_5": 0.35552, "ndcg_at_10": 0.38459, "ndcg_at_20": 0.4032, "ndcg_at_100": 0.43382, "ndcg_at_200": 0.44342, "ndcg_at_300": 0.4474, "ndcg_at_500": 0.45296, "ndcg_at_1000": 0.4572, "map_at_1": 0.25073, "map_at_3": 0.30883, "map_at_5": 0.32213, "map_at_10": 0.33498, "map_at_20": 0.34044, "map_at_100": 0.34499, "map_at_200": 0.34554, "map_at_300": 0.34569, "map_at_500": 0.34583, "map_at_1000": 0.3459, "recall_at_1": 0.25073, "recall_at_3": 0.37776, "recall_at_5": 0.43193, "recall_at_10": 0.51859, "recall_at_20": 0.58956, "recall_at_100": 0.74453, "recall_at_200": 0.80923, "recall_at_300": 0.83874, "recall_at_500": 0.8839, "recall_at_1000": 0.92069, "precision_at_1": 0.27119, "precision_at_3": 0.14049, "precision_at_5": 0.09763, "precision_at_10": 0.05932, "precision_at_20": 0.03395, "precision_at_100": 0.00882, "precision_at_200": 0.00484, "precision_at_300": 0.00336, "precision_at_500": 0.00214, "precision_at_1000": 0.00112, "mrr_at_1": 0.27119, "mrr_at_3": 0.33145, "mrr_at_5": 0.34394, "mrr_at_10": 0.35558, "mrr_at_20": 0.36018, "mrr_at_100": 0.36432, "mrr_at_200": 0.36475, "mrr_at_300": 0.36486, "mrr_at_500": 0.36497, "mrr_at_1000": 0.36501, "rc_at_1": {"relevant": 0.0, "distractor": 0.0}, "rc_at_3": {"relevant": 0.0, "distractor": 0.0}, "rc_at_5": {"relevant": 0.0, "distractor": 0.0}, "rc_at_10": {"relevant": 0.0, "distractor": 0.0}, "rc_at_20": {"relevant": 0.0, "distractor": 0.0}, "rc_at_100": {"relevant": 0.0, "distractor": 0.0}, "rc_at_200": {"relevant": 0.0, "distractor": 0.0}, "rc_at_300": {"relevant": 0.0, "distractor": 0.0}, "rc_at_500": {"relevant": 0.0, "distractor": 0.0}, "rc_at_1000": {"relevant": 0.0, "distractor": 0.0}}