{"ndcg_at_1": 0.35802, "ndcg_at_3": 0.33477, "ndcg_at_5": 0.34595, "ndcg_at_10": 0.36659, "ndcg_at_20": 0.39487, "ndcg_at_100": 0.43861, "ndcg_at_200": 0.45217, "ndcg_at_300": 0.45808, "ndcg_at_500": 0.46565, "ndcg_at_1000": 0.473, "map_at_1": 0.18056, "map_at_3": 0.25674, "map_at_5": 0.27697, "map_at_10": 0.29191, "map_at_20": 0.30272, "map_at_100": 0.31108, "map_at_200": 0.31222, "map_at_300": 0.31256, "map_at_500": 0.31285, "map_at_1000": 0.31305, "recall_at_1": 0.18056, "recall_at_3": 0.30448, "recall_at_5": 0.36187, "recall_at_10": 0.42826, "recall_at_20": 0.51587, "recall_at_100": 0.69798, "recall_at_200": 0.7698, "recall_at_300": 0.80493, "recall_at_500": 0.85499, "recall_at_1000": 0.90465, "precision_at_1": 0.35802, "precision_at_3": 0.22325, "precision_at_5": 0.16296, "precision_at_10": 0.10015, "precision_at_20": 0.06173, "precision_at_100": 0.01735, "precision_at_200": 0.00974, "precision_at_300": 0.00683, "precision_at_500": 0.00437, "precision_at_1000": 0.00234, "mrr_at_1": 0.35802, "mrr_at_3": 0.42644, "mrr_at_5": 0.44095, "mrr_at_10": 0.45057, "mrr_at_20": 0.45599, "mrr_at_100": 0.45918, "mrr_at_200": 0.45951, "mrr_at_300": 0.4596, "mrr_at_500": 0.45967, "mrr_at_1000": 0.4597, "rc_at_1": {"relevant": 0.0, "distractor": 0.0}, "rc_at_3": {"relevant": 0.0, "distractor": 0.0}, "rc_at_5": {"relevant": 0.0, "distractor": 0.0}, "rc_at_10": {"relevant": 0.0, "distractor": 0.0}, "rc_at_20": {"relevant": 0.0, "distractor": 0.0}, "rc_at_100": {"relevant": 0.0, "distractor": 0.0}, "rc_at_200": {"relevant": 0.0, "distractor": 0.0}, "rc_at_300": {"relevant": 0.0, "distractor": 0.0}, "rc_at_500": {"relevant": 0.0, "distractor": 0.0}, "rc_at_1000": {"relevant": 0.0, "distractor": 0.0}}