{"ndcg_at_1": 0.36923, "ndcg_at_3": 0.33752, "ndcg_at_5": 0.29063, "ndcg_at_10": 0.23998, "ndcg_at_20": 0.29787, "ndcg_at_100": 0.42356, "ndcg_at_200": 0.46426, "ndcg_at_300": 0.47916, "ndcg_at_500": 0.49028, "ndcg_at_1000": 0.50208, "map_at_1": 0.03692, "map_at_3": 0.08231, "map_at_5": 0.10123, "map_at_10": 0.13175, "map_at_20": 0.16246, "map_at_100": 0.19876, "map_at_200": 0.20564, "map_at_300": 0.20727, "map_at_500": 0.2082, "map_at_1000": 0.20877, "recall_at_1": 0.03692, "recall_at_3": 0.09846, "recall_at_5": 0.13231, "recall_at_10": 0.20462, "recall_at_20": 0.30923, "recall_at_100": 0.62769, "recall_at_200": 0.75846, "recall_at_300": 0.81231, "recall_at_500": 0.85538, "recall_at_1000": 0.90615, "precision_at_1": 0.36923, "precision_at_3": 0.32821, "precision_at_5": 0.26462, "precision_at_10": 0.20462, "precision_at_20": 0.15462, "precision_at_100": 0.06277, "precision_at_200": 0.03792, "precision_at_300": 0.02708, "precision_at_500": 0.01711, "precision_at_1000": 0.00906, "mrr_at_1": 0.41538, "mrr_at_3": 0.51282, "mrr_at_5": 0.53821, "mrr_at_10": 0.54128, "mrr_at_20": 0.55182, "mrr_at_100": 0.5533, "mrr_at_200": 0.5533, "mrr_at_300": 0.5533, "mrr_at_500": 0.5533, "mrr_at_1000": 0.5533, "rc_at_1": {"relevant": 0.41538, "distractor": 0.58462}, "rc_at_3": {"relevant": 1.01538, "distractor": 1.95385}, "rc_at_5": {"relevant": 1.49231, "distractor": 3.46154}, "rc_at_10": {"relevant": 2.18462, "distractor": 7.67692}, "rc_at_20": {"relevant": 3.18462, "distractor": 15.92308}, "rc_at_100": {"relevant": 6.73846, "distractor": 64.07692}, "rc_at_200": {"relevant": 7.90769, "distractor": 78.09231}, "rc_at_300": {"relevant": 8.44615, "distractor": 82.16923}, "rc_at_500": {"relevant": 8.81538, "distractor": 86.52308}, "rc_at_1000": {"relevant": 9.06154, "distractor": 90.69231}}