{"ndcg_at_1": 0.23606, "ndcg_at_3": 0.27613, "ndcg_at_5": 0.29426, "ndcg_at_10": 0.31742, "ndcg_at_20": 0.33745, "ndcg_at_100": 0.37063, "ndcg_at_200": 0.38143, "ndcg_at_300": 0.38632, "ndcg_at_500": 0.39205, "ndcg_at_1000": 0.39866, "map_at_1": 0.19451, "map_at_3": 0.24609, "map_at_5": 0.25876, "map_at_10": 0.26976, "map_at_20": 0.27601, "map_at_100": 0.28111, "map_at_200": 0.28182, "map_at_300": 0.28204, "map_at_500": 0.28222, "map_at_1000": 0.28236, "recall_at_1": 0.19451, "recall_at_3": 0.3033, "recall_at_5": 0.3517, "recall_at_10": 0.42112, "recall_at_20": 0.49512, "recall_at_100": 0.65958, "recall_at_200": 0.72796, "recall_at_300": 0.76119, "recall_at_500": 0.80424, "recall_at_1000": 0.85803, "precision_at_1": 0.23606, "precision_at_3": 0.13065, "precision_at_5": 0.09284, "precision_at_10": 0.05712, "precision_at_20": 0.03441, "precision_at_100": 0.00977, "precision_at_200": 0.00555, "precision_at_300": 0.00395, "precision_at_500": 0.00255, "precision_at_1000": 0.0014, "mrr_at_1": 0.23606, "mrr_at_3": 0.28871, "mrr_at_5": 0.30009, "mrr_at_10": 0.30966, "mrr_at_20": 0.31498, "mrr_at_100": 0.31905, "mrr_at_200": 0.31949, "mrr_at_300": 0.3196, "mrr_at_500": 0.3197, "mrr_at_1000": 0.31977, "rc_at_1": {"relevant": 0.0, "distractor": 0.0}, "rc_at_3": {"relevant": 0.0, "distractor": 0.0}, "rc_at_5": {"relevant": 0.0, "distractor": 0.0}, "rc_at_10": {"relevant": 0.0, "distractor": 0.0}, "rc_at_20": {"relevant": 0.0, "distractor": 0.0}, "rc_at_100": {"relevant": 0.0, "distractor": 0.0}, "rc_at_200": {"relevant": 0.0, "distractor": 0.0}, "rc_at_300": {"relevant": 0.0, "distractor": 0.0}, "rc_at_500": {"relevant": 0.0, "distractor": 0.0}, "rc_at_1000": {"relevant": 0.0, "distractor": 0.0}}