{"ndcg_at_1": 0.00065, "ndcg_at_3": 0.00087, "ndcg_at_5": 0.00087, "ndcg_at_10": 0.00087, "ndcg_at_20": 0.00143, "ndcg_at_100": 0.00192, "ndcg_at_200": 0.00224, "ndcg_at_300": 0.00259, "ndcg_at_500": 0.00311, "ndcg_at_1000": 0.00434, "map_at_1": 0.00022, "map_at_3": 0.00062, "map_at_5": 0.00062, "map_at_10": 0.00062, "map_at_20": 0.00077, "map_at_100": 0.00082, "map_at_200": 0.00083, "map_at_300": 0.00084, "map_at_500": 0.00085, "map_at_1000": 0.00086, "recall_at_1": 0.00022, "recall_at_3": 0.00109, "recall_at_5": 0.00109, "recall_at_10": 0.00109, "recall_at_20": 0.00317, "recall_at_100": 0.00502, "recall_at_200": 0.00692, "recall_at_300": 0.009, "recall_at_500": 0.01258, "recall_at_1000": 0.02128, "precision_at_1": 0.00065, "precision_at_3": 0.00065, "precision_at_5": 0.00039, "precision_at_10": 0.0002, "precision_at_20": 0.00023, "precision_at_100": 0.0001, "precision_at_200": 7e-05, "precision_at_300": 7e-05, "precision_at_500": 6e-05, "precision_at_1000": 5e-05, "mrr_at_1": 0.00065, "mrr_at_3": 0.00098, "mrr_at_5": 0.00127, "mrr_at_10": 0.00146, "mrr_at_20": 0.00155, "mrr_at_100": 0.00172, "mrr_at_200": 0.00175, "mrr_at_300": 0.00178, "mrr_at_500": 0.0018, "mrr_at_1000": 0.00183, "rc_at_1": {"relevant": 0.0, "distractor": 0.0}, "rc_at_3": {"relevant": 0.0, "distractor": 0.0}, "rc_at_5": {"relevant": 0.0, "distractor": 0.0}, "rc_at_10": {"relevant": 0.0, "distractor": 0.0}, "rc_at_20": {"relevant": 0.0, "distractor": 0.0}, "rc_at_100": {"relevant": 0.0, "distractor": 0.0}, "rc_at_200": {"relevant": 0.0, "distractor": 0.0}, "rc_at_300": {"relevant": 0.0, "distractor": 0.0}, "rc_at_500": {"relevant": 0.0, "distractor": 0.0}, "rc_at_1000": {"relevant": 0.0, "distractor": 0.0}}