{"ndcg_at_1": 0.18341, "ndcg_at_3": 0.21712, "ndcg_at_5": 0.23488, "ndcg_at_10": 0.25486, "ndcg_at_20": 0.26957, "ndcg_at_100": 0.29979, "ndcg_at_200": 0.31129, "ndcg_at_300": 0.31735, "ndcg_at_500": 0.32417, "ndcg_at_1000": 0.33131, "map_at_1": 0.14996, "map_at_3": 0.193, "map_at_5": 0.20444, "map_at_10": 0.21333, "map_at_20": 0.2176, "map_at_100": 0.22216, "map_at_200": 0.22285, "map_at_300": 0.22311, "map_at_500": 0.2233, "map_at_1000": 0.22343, "recall_at_1": 0.14996, "recall_at_3": 0.24112, "recall_at_5": 0.28661, "recall_at_10": 0.34584, "recall_at_20": 0.40057, "recall_at_100": 0.55002, "recall_at_200": 0.62367, "recall_at_300": 0.66566, "recall_at_500": 0.71817, "recall_at_1000": 0.77681, "precision_at_1": 0.18341, "precision_at_3": 0.10266, "precision_at_5": 0.07474, "precision_at_10": 0.04642, "precision_at_20": 0.02755, "precision_at_100": 0.0081, "precision_at_200": 0.0047, "precision_at_300": 0.00342, "precision_at_500": 0.00224, "precision_at_1000": 0.00125, "mrr_at_1": 0.17963, "mrr_at_3": 0.22626, "mrr_at_5": 0.2382, "mrr_at_10": 0.24683, "mrr_at_20": 0.25094, "mrr_at_100": 0.25464, "mrr_at_200": 0.25515, "mrr_at_300": 0.25531, "mrr_at_500": 0.25543, "mrr_at_1000": 0.25551, "rc_at_1": {"relevant": 0.0, "distractor": 0.0}, "rc_at_3": {"relevant": 0.0, "distractor": 0.0}, "rc_at_5": {"relevant": 0.0, "distractor": 0.0}, "rc_at_10": {"relevant": 0.0, "distractor": 0.0}, "rc_at_20": {"relevant": 0.0, "distractor": 0.0}, "rc_at_100": {"relevant": 0.0, "distractor": 0.0}, "rc_at_200": {"relevant": 0.0, "distractor": 0.0}, "rc_at_300": {"relevant": 0.0, "distractor": 0.0}, "rc_at_500": {"relevant": 0.0, "distractor": 0.0}, "rc_at_1000": {"relevant": 0.0, "distractor": 0.0}}