{"ndcg_at_1": 0.81, "ndcg_at_3": 0.77939, "ndcg_at_5": 0.78057, "ndcg_at_10": 0.72406, "ndcg_at_20": 0.68805, "ndcg_at_100": 0.53568, "ndcg_at_200": 0.4591, "ndcg_at_300": 0.42803, "ndcg_at_500": 0.4251, "ndcg_at_1000": 0.48028, "map_at_1": 0.00226, "map_at_3": 0.00642, "map_at_5": 0.01026, "map_at_10": 0.01764, "map_at_20": 0.03123, "map_at_100": 0.09668, "map_at_200": 0.1393, "map_at_300": 0.16411, "map_at_500": 0.19424, "map_at_1000": 0.22686, "recall_at_1": 0.00226, "recall_at_3": 0.0067, "recall_at_5": 0.01114, "recall_at_10": 0.0195, "recall_at_20": 0.03653, "recall_at_100": 0.13204, "recall_at_200": 0.2088, "recall_at_300": 0.26205, "recall_at_500": 0.34085, "recall_at_1000": 0.45316, "precision_at_1": 0.84, "precision_at_3": 0.84, "precision_at_5": 0.852, "precision_at_10": 0.758, "precision_at_20": 0.721, "precision_at_100": 0.548, "precision_at_200": 0.4481, "precision_at_300": 0.38353, "precision_at_500": 0.30748, "precision_at_1000": 0.21108, "mrr_at_1": 0.84, "mrr_at_3": 0.89667, "mrr_at_5": 0.90667, "mrr_at_10": 0.90667, "mrr_at_20": 0.90667, "mrr_at_100": 0.90667, "mrr_at_200": 0.90667, "mrr_at_300": 0.90667, "mrr_at_500": 0.90667, "mrr_at_1000": 0.90667, "rc_at_1": {"relevant": 0.0, "distractor": 0.0}, "rc_at_3": {"relevant": 0.0, "distractor": 0.0}, "rc_at_5": {"relevant": 0.0, "distractor": 0.0}, "rc_at_10": {"relevant": 0.0, "distractor": 0.0}, "rc_at_20": {"relevant": 0.0, "distractor": 0.0}, "rc_at_100": {"relevant": 0.0, "distractor": 0.0}, "rc_at_200": {"relevant": 0.0, "distractor": 0.0}, "rc_at_300": {"relevant": 0.0, "distractor": 0.0}, "rc_at_500": {"relevant": 0.0, "distractor": 0.0}, "rc_at_1000": {"relevant": 0.0, "distractor": 0.0}}