{"ndcg_at_1": 0.84518, "ndcg_at_3": 0.87789, "ndcg_at_5": 0.88476, "ndcg_at_10": 0.89092, "ndcg_at_20": 0.89419, "ndcg_at_100": 0.89725, "ndcg_at_200": 0.8981, "ndcg_at_300": 0.8984, "ndcg_at_500": 0.89875, "ndcg_at_1000": 0.89918, "map_at_1": 0.78467, "map_at_3": 0.84927, "map_at_5": 0.85473, "map_at_10": 0.8582, "map_at_20": 0.85945, "map_at_100": 0.86013, "map_at_200": 0.86021, "map_at_300": 0.86023, "map_at_500": 0.86024, "map_at_1000": 0.86025, "recall_at_1": 0.78467, "recall_at_3": 0.90889, "recall_at_5": 0.92765, "recall_at_10": 0.94574, "recall_at_20": 0.95687, "recall_at_100": 0.96983, "recall_at_200": 0.97455, "recall_at_300": 0.97626, "recall_at_500": 0.97845, "recall_at_1000": 0.98152, "precision_at_1": 0.84518, "precision_at_3": 0.33213, "precision_at_5": 0.20447, "precision_at_10": 0.10518, "precision_at_20": 0.05361, "precision_at_100": 0.01103, "precision_at_200": 0.00558, "precision_at_300": 0.00373, "precision_at_500": 0.00225, "precision_at_1000": 0.00114, "mrr_at_1": 0.84293, "mrr_at_3": 0.89769, "mrr_at_5": 0.90149, "mrr_at_10": 0.90331, "mrr_at_20": 0.90374, "mrr_at_100": 0.90384, "mrr_at_200": 0.90384, "mrr_at_300": 0.90384, "mrr_at_500": 0.90384, "mrr_at_1000": 0.90384, "rc_at_1": {"relevant": 0.0, "distractor": 0.0}, "rc_at_3": {"relevant": 0.0, "distractor": 0.0}, "rc_at_5": {"relevant": 0.0, "distractor": 0.0}, "rc_at_10": {"relevant": 0.0, "distractor": 0.0}, "rc_at_20": {"relevant": 0.0, "distractor": 0.0}, "rc_at_100": {"relevant": 0.0, "distractor": 0.0}, "rc_at_200": {"relevant": 0.0, "distractor": 0.0}, "rc_at_300": {"relevant": 0.0, "distractor": 0.0}, "rc_at_500": {"relevant": 0.0, "distractor": 0.0}, "rc_at_1000": {"relevant": 0.0, "distractor": 0.0}}