{"ndcg_at_1": 0.00284, "ndcg_at_3": 0.0823, "ndcg_at_5": 0.11149, "ndcg_at_10": 0.14875, "ndcg_at_20": 0.17589, "ndcg_at_100": 0.22048, "ndcg_at_200": 0.23401, "ndcg_at_300": 0.2392, "ndcg_at_500": 0.24491, "ndcg_at_1000": 0.252, "map_at_1": 0.00284, "map_at_3": 0.06259, "map_at_5": 0.07856, "map_at_10": 0.09407, "map_at_20": 0.10152, "map_at_100": 0.10762, "map_at_200": 0.10832, "map_at_300": 0.10848, "map_at_500": 0.10861, "map_at_1000": 0.10871, "recall_at_1": 0.00284, "recall_at_3": 0.1394, "recall_at_5": 0.21124, "recall_at_10": 0.32575, "recall_at_20": 0.43314, "recall_at_100": 0.67425, "recall_at_200": 0.77098, "recall_at_300": 0.81223, "recall_at_500": 0.86131, "recall_at_1000": 0.92817, "precision_at_1": 0.00284, "precision_at_3": 0.04647, "precision_at_5": 0.04225, "precision_at_10": 0.03257, "precision_at_20": 0.02166, "precision_at_100": 0.00674, "precision_at_200": 0.00385, "precision_at_300": 0.00271, "precision_at_500": 0.00172, "precision_at_1000": 0.00093, "mrr_at_1": 0.00284, "mrr_at_3": 0.06283, "mrr_at_5": 0.07862, "mrr_at_10": 0.09411, "mrr_at_20": 0.10156, "mrr_at_100": 0.10766, "mrr_at_200": 0.10836, "mrr_at_300": 0.10852, "mrr_at_500": 0.10865, "mrr_at_1000": 0.10875, "rc_at_1": {"relevant": 0.0, "distractor": 0.0}, "rc_at_3": {"relevant": 0.0, "distractor": 0.0}, "rc_at_5": {"relevant": 0.0, "distractor": 0.0}, "rc_at_10": {"relevant": 0.0, "distractor": 0.0}, "rc_at_20": {"relevant": 0.0, "distractor": 0.0}, "rc_at_100": {"relevant": 0.0, "distractor": 0.0}, "rc_at_200": {"relevant": 0.0, "distractor": 0.0}, "rc_at_300": {"relevant": 0.0, "distractor": 0.0}, "rc_at_500": {"relevant": 0.0, "distractor": 0.0}, "rc_at_1000": {"relevant": 0.0, "distractor": 0.0}}