{"ndcg_at_1": 0.38054, "ndcg_at_3": 0.43687, "ndcg_at_5": 0.46153, "ndcg_at_10": 0.4942, "ndcg_at_20": 0.51415, "ndcg_at_100": 0.54563, "ndcg_at_200": 0.55443, "ndcg_at_300": 0.55791, "ndcg_at_500": 0.56036, "ndcg_at_1000": 0.56419, "map_at_1": 0.31543, "map_at_3": 0.39144, "map_at_5": 0.41092, "map_at_10": 0.42886, "map_at_20": 0.43653, "map_at_100": 0.44285, "map_at_200": 0.4437, "map_at_300": 0.44394, "map_at_500": 0.44406, "map_at_1000": 0.4442, "recall_at_1": 0.31543, "recall_at_3": 0.45915, "recall_at_5": 0.52808, "recall_at_10": 0.62353, "recall_at_20": 0.69484, "recall_at_100": 0.83952, "recall_at_200": 0.8887, "recall_at_300": 0.91002, "recall_at_500": 0.92659, "recall_at_1000": 0.95207, "precision_at_1": 0.38054, "precision_at_3": 0.20935, "precision_at_5": 0.14993, "precision_at_10": 0.09528, "precision_at_20": 0.05629, "precision_at_100": 0.01498, "precision_at_200": 0.00836, "precision_at_300": 0.00587, "precision_at_500": 0.00367, "precision_at_1000": 0.00199, "mrr_at_1": 0.38054, "mrr_at_3": 0.4566, "mrr_at_5": 0.47227, "mrr_at_10": 0.48454, "mrr_at_20": 0.48858, "mrr_at_100": 0.49172, "mrr_at_200": 0.49198, "mrr_at_300": 0.49204, "mrr_at_500": 0.49207, "mrr_at_1000": 0.4921, "rc_at_1": {"relevant": 0.0, "distractor": 0.0}, "rc_at_3": {"relevant": 0.0, "distractor": 0.0}, "rc_at_5": {"relevant": 0.0, "distractor": 0.0}, "rc_at_10": {"relevant": 0.0, "distractor": 0.0}, "rc_at_20": {"relevant": 0.0, "distractor": 0.0}, "rc_at_100": {"relevant": 0.0, "distractor": 0.0}, "rc_at_200": {"relevant": 0.0, "distractor": 0.0}, "rc_at_300": {"relevant": 0.0, "distractor": 0.0}, "rc_at_500": {"relevant": 0.0, "distractor": 0.0}, "rc_at_1000": {"relevant": 0.0, "distractor": 0.0}}