{"ndcg_at_1": 0.58333, "ndcg_at_3": 0.65673, "ndcg_at_5": 0.67503, "ndcg_at_10": 0.69363, "ndcg_at_20": 0.71232, "ndcg_at_100": 0.72446, "ndcg_at_200": 0.72761, "ndcg_at_300": 0.72887, "ndcg_at_500": 0.73046, "ndcg_at_1000": 0.73153, "map_at_1": 0.55511, "map_at_3": 0.6299, "map_at_5": 0.64315, "map_at_10": 0.6528, "map_at_20": 0.65854, "map_at_100": 0.66047, "map_at_200": 0.66067, "map_at_300": 0.66071, "map_at_500": 0.66075, "map_at_1000": 0.66077, "recall_at_1": 0.55511, "recall_at_3": 0.70322, "recall_at_5": 0.75, "recall_at_10": 0.80122, "recall_at_20": 0.87189, "recall_at_100": 0.93533, "recall_at_200": 0.95667, "recall_at_300": 0.96667, "recall_at_500": 0.98, "recall_at_1000": 0.99, "precision_at_1": 0.58333, "precision_at_3": 0.25556, "precision_at_5": 0.166, "precision_at_10": 0.091, "precision_at_20": 0.0495, "precision_at_100": 0.0106, "precision_at_200": 0.00543, "precision_at_300": 0.00366, "precision_at_500": 0.00222, "precision_at_1000": 0.00112, "mrr_at_1": 0.58333, "mrr_at_3": 0.65056, "mrr_at_5": 0.65972, "mrr_at_10": 0.66605, "mrr_at_20": 0.67071, "mrr_at_100": 0.67224, "mrr_at_200": 0.67239, "mrr_at_300": 0.67243, "mrr_at_500": 0.67247, "mrr_at_1000": 0.67249, "rc_at_1": {"relevant": 0.0, "distractor": 0.0}, "rc_at_3": {"relevant": 0.0, "distractor": 0.0}, "rc_at_5": {"relevant": 0.0, "distractor": 0.0}, "rc_at_10": {"relevant": 0.0, "distractor": 0.0}, "rc_at_20": {"relevant": 0.0, "distractor": 0.0}, "rc_at_100": {"relevant": 0.0, "distractor": 0.0}, "rc_at_200": {"relevant": 0.0, "distractor": 0.0}, "rc_at_300": {"relevant": 0.0, "distractor": 0.0}, "rc_at_500": {"relevant": 0.0, "distractor": 0.0}, "rc_at_1000": {"relevant": 0.0, "distractor": 0.0}}