{"ndcg_at_1": 0.33846, "ndcg_at_3": 0.27409, "ndcg_at_5": 0.23401, "ndcg_at_10": 0.19346, "ndcg_at_20": 0.23434, "ndcg_at_100": 0.29049, "ndcg_at_200": 0.30984, "ndcg_at_300": 0.32055, "ndcg_at_500": 0.33594, "ndcg_at_1000": 0.35452, "map_at_1": 0.03385, "map_at_3": 0.06667, "map_at_5": 0.08205, "map_at_10": 0.10524, "map_at_20": 0.12271, "map_at_100": 0.13663, "map_at_200": 0.13895, "map_at_300": 0.13987, "map_at_500": 0.14074, "map_at_1000": 0.14143, "recall_at_1": 0.03385, "recall_at_3": 0.07692, "recall_at_5": 0.10308, "recall_at_10": 0.16154, "recall_at_20": 0.23538, "recall_at_100": 0.37385, "recall_at_200": 0.43692, "recall_at_300": 0.47538, "recall_at_500": 0.53538, "recall_at_1000": 0.61538, "precision_at_1": 0.33846, "precision_at_3": 0.25641, "precision_at_5": 0.20615, "precision_at_10": 0.16154, "precision_at_20": 0.11769, "precision_at_100": 0.03738, "precision_at_200": 0.02185, "precision_at_300": 0.01585, "precision_at_500": 0.01071, "precision_at_1000": 0.00615, "mrr_at_1": 0.33846, "mrr_at_3": 0.4, "mrr_at_5": 0.41077, "mrr_at_10": 0.4354, "mrr_at_20": 0.43991, "mrr_at_100": 0.44357, "mrr_at_200": 0.44393, "mrr_at_300": 0.44406, "mrr_at_500": 0.44411, "mrr_at_1000": 0.44411, "rc_at_1": {"relevant": 0.33846, "distractor": 0.50769}, "rc_at_3": {"relevant": 0.76923, "distractor": 1.67692}, "rc_at_5": {"relevant": 1.03077, "distractor": 2.78462}, "rc_at_10": {"relevant": 1.61538, "distractor": 5.46154}, "rc_at_20": {"relevant": 2.35385, "distractor": 10.4}, "rc_at_100": {"relevant": 3.73846, "distractor": 30.23077}, "rc_at_200": {"relevant": 4.36923, "distractor": 39.83077}, "rc_at_300": {"relevant": 4.75385, "distractor": 44.96923}, "rc_at_500": {"relevant": 5.35385, "distractor": 50.89231}, "rc_at_1000": {"relevant": 6.15385, "distractor": 58.55385}}