{"ndcg_at_1": 0.21463, "ndcg_at_3": 0.25379, "ndcg_at_5": 0.28042, "ndcg_at_10": 0.3064, "ndcg_at_20": 0.32653, "ndcg_at_100": 0.36963, "ndcg_at_200": 0.3811, "ndcg_at_300": 0.38757, "ndcg_at_500": 0.39339, "ndcg_at_1000": 0.4004, "map_at_1": 0.16882, "map_at_3": 0.22201, "map_at_5": 0.2396, "map_at_10": 0.25227, "map_at_20": 0.25863, "map_at_100": 0.26545, "map_at_200": 0.26628, "map_at_300": 0.26657, "map_at_500": 0.26677, "map_at_1000": 0.26693, "recall_at_1": 0.16882, "recall_at_3": 0.2809, "recall_at_5": 0.34771, "recall_at_10": 0.42487, "recall_at_20": 0.49552, "recall_at_100": 0.70181, "recall_at_200": 0.77149, "recall_at_300": 0.81599, "recall_at_500": 0.85822, "recall_at_1000": 0.91334, "precision_at_1": 0.21463, "precision_at_3": 0.12384, "precision_at_5": 0.09528, "precision_at_10": 0.06073, "precision_at_20": 0.03648, "precision_at_100": 0.01125, "precision_at_200": 0.00639, "precision_at_300": 0.00457, "precision_at_500": 0.00295, "precision_at_1000": 0.00161, "mrr_at_1": 0.21463, "mrr_at_3": 0.26885, "mrr_at_5": 0.28641, "mrr_at_10": 0.29739, "mrr_at_20": 0.30254, "mrr_at_100": 0.3074, "mrr_at_200": 0.30782, "mrr_at_300": 0.30797, "mrr_at_500": 0.30806, "mrr_at_1000": 0.30812, "rc_at_1": {"relevant": 0.0, "distractor": 0.0}, "rc_at_3": {"relevant": 0.0, "distractor": 0.0}, "rc_at_5": {"relevant": 0.0, "distractor": 0.0}, "rc_at_10": {"relevant": 0.0, "distractor": 0.0}, "rc_at_20": {"relevant": 0.0, "distractor": 0.0}, "rc_at_100": {"relevant": 0.0, "distractor": 0.0}, "rc_at_200": {"relevant": 0.0, "distractor": 0.0}, "rc_at_300": {"relevant": 0.0, "distractor": 0.0}, "rc_at_500": {"relevant": 0.0, "distractor": 0.0}, "rc_at_1000": {"relevant": 0.0, "distractor": 0.0}}