{"ndcg_at_1": 0.74, "ndcg_at_3": 0.69246, "ndcg_at_5": 0.69207, "ndcg_at_10": 0.67825, "ndcg_at_20": 0.64712, "ndcg_at_100": 0.48725, "ndcg_at_200": 0.41131, "ndcg_at_300": 0.37993, "ndcg_at_500": 0.37138, "ndcg_at_1000": 0.41935, "map_at_1": 0.00195, "map_at_3": 0.00529, "map_at_5": 0.00868, "map_at_10": 0.01569, "map_at_20": 0.02762, "map_at_100": 0.08233, "map_at_200": 0.11578, "map_at_300": 0.13563, "map_at_500": 0.15841, "map_at_1000": 0.18327, "recall_at_1": 0.00195, "recall_at_3": 0.00575, "recall_at_5": 0.00966, "recall_at_10": 0.01822, "recall_at_20": 0.03361, "recall_at_100": 0.11441, "recall_at_200": 0.17774, "recall_at_300": 0.22373, "recall_at_500": 0.28811, "recall_at_1000": 0.38576, "precision_at_1": 0.8, "precision_at_3": 0.73333, "precision_at_5": 0.728, "precision_at_10": 0.72, "precision_at_20": 0.686, "precision_at_100": 0.4908, "precision_at_200": 0.3973, "precision_at_300": 0.3394, "precision_at_500": 0.26752, "precision_at_1000": 0.18354, "mrr_at_1": 0.8, "mrr_at_3": 0.87333, "mrr_at_5": 0.87333, "mrr_at_10": 0.87619, "mrr_at_20": 0.87619, "mrr_at_100": 0.87693, "mrr_at_200": 0.87693, "mrr_at_300": 0.87693, "mrr_at_500": 0.87693, "mrr_at_1000": 0.87693, "rc_at_1": {"relevant": 0.0, "distractor": 0.0}, "rc_at_3": {"relevant": 0.0, "distractor": 0.0}, "rc_at_5": {"relevant": 0.0, "distractor": 0.0}, "rc_at_10": {"relevant": 0.0, "distractor": 0.0}, "rc_at_20": {"relevant": 0.0, "distractor": 0.0}, "rc_at_100": {"relevant": 0.0, "distractor": 0.0}, "rc_at_200": {"relevant": 0.0, "distractor": 0.0}, "rc_at_300": {"relevant": 0.0, "distractor": 0.0}, "rc_at_500": {"relevant": 0.0, "distractor": 0.0}, "rc_at_1000": {"relevant": 0.0, "distractor": 0.0}}