{"ndcg_at_1": 0.0102, "ndcg_at_3": 0.02987, "ndcg_at_5": 0.02377, "ndcg_at_10": 0.03178, "ndcg_at_20": 0.04275, "ndcg_at_100": 0.07092, "ndcg_at_200": 0.08804, "ndcg_at_300": 0.09857, "ndcg_at_500": 0.10963, "ndcg_at_1000": 0.13176, "map_at_1": 0.0012, "map_at_3": 0.0054, "map_at_5": 0.00685, "map_at_10": 0.01332, "map_at_20": 0.01603, "map_at_100": 0.01995, "map_at_200": 0.02108, "map_at_300": 0.02171, "map_at_500": 0.02215, "map_at_1000": 0.02284, "recall_at_1": 0.0012, "recall_at_3": 0.01094, "recall_at_5": 0.01385, "recall_at_10": 0.03363, "recall_at_20": 0.05588, "recall_at_100": 0.11657, "recall_at_200": 0.16274, "recall_at_300": 0.19561, "recall_at_500": 0.23253, "recall_at_1000": 0.31136, "precision_at_1": 0.02041, "precision_at_3": 0.04082, "precision_at_5": 0.02857, "precision_at_10": 0.03265, "precision_at_20": 0.03469, "precision_at_100": 0.01755, "precision_at_200": 0.01296, "precision_at_300": 0.01068, "precision_at_500": 0.00767, "precision_at_1000": 0.00527, "mrr_at_1": 0.02041, "mrr_at_3": 0.06463, "mrr_at_5": 0.06463, "mrr_at_10": 0.07404, "mrr_at_20": 0.0855, "mrr_at_100": 0.09113, "mrr_at_200": 0.09243, "mrr_at_300": 0.09268, "mrr_at_500": 0.0928, "mrr_at_1000": 0.0929, "rc_at_1": {"relevant": 0.0, "distractor": 0.0}, "rc_at_3": {"relevant": 0.0, "distractor": 0.0}, "rc_at_5": {"relevant": 0.0, "distractor": 0.0}, "rc_at_10": {"relevant": 0.0, "distractor": 0.0}, "rc_at_20": {"relevant": 0.0, "distractor": 0.0}, "rc_at_100": {"relevant": 0.0, "distractor": 0.0}, "rc_at_200": {"relevant": 0.0, "distractor": 0.0}, "rc_at_300": {"relevant": 0.0, "distractor": 0.0}, "rc_at_500": {"relevant": 0.0, "distractor": 0.0}, "rc_at_1000": {"relevant": 0.0, "distractor": 0.0}}