{"ndcg_at_1": 0.0225, "ndcg_at_3": 0.01971, "ndcg_at_5": 0.01686, "ndcg_at_10": 0.01506, "ndcg_at_20": 0.01511, "ndcg_at_100": 0.01804, "ndcg_at_200": 0.02022, "ndcg_at_300": 0.02337, "ndcg_at_500": 0.02659, "ndcg_at_1000": 0.03214, "map_at_1": 0.00115, "map_at_3": 0.00175, "map_at_5": 0.00199, "map_at_10": 0.00258, "map_at_20": 0.00314, "map_at_100": 0.0037, "map_at_200": 0.00382, "map_at_300": 0.00394, "map_at_500": 0.00404, "map_at_1000": 0.00414, "recall_at_1": 0.00115, "recall_at_3": 0.00249, "recall_at_5": 0.00335, "recall_at_10": 0.00733, "recall_at_20": 0.01394, "recall_at_100": 0.02646, "recall_at_200": 0.03188, "recall_at_300": 0.04424, "recall_at_500": 0.05487, "recall_at_1000": 0.07934, "precision_at_1": 0.0275, "precision_at_3": 0.0225, "precision_at_5": 0.018, "precision_at_10": 0.0135, "precision_at_20": 0.01, "precision_at_100": 0.00438, "precision_at_200": 0.00309, "precision_at_300": 0.00268, "precision_at_500": 0.0021, "precision_at_1000": 0.00155, "mrr_at_1": 0.0275, "mrr_at_3": 0.04292, "mrr_at_5": 0.04642, "mrr_at_10": 0.04985, "mrr_at_20": 0.05258, "mrr_at_100": 0.05501, "mrr_at_200": 0.05541, "mrr_at_300": 0.05562, "mrr_at_500": 0.05575, "mrr_at_1000": 0.0559, "rc_at_1": {"relevant": 0.0, "distractor": 0.0}, "rc_at_3": {"relevant": 0.0, "distractor": 0.0}, "rc_at_5": {"relevant": 0.0, "distractor": 0.0}, "rc_at_10": {"relevant": 0.0, "distractor": 0.0}, "rc_at_20": {"relevant": 0.0, "distractor": 0.0}, "rc_at_100": {"relevant": 0.0, "distractor": 0.0}, "rc_at_200": {"relevant": 0.0, "distractor": 0.0}, "rc_at_300": {"relevant": 0.0, "distractor": 0.0}, "rc_at_500": {"relevant": 0.0, "distractor": 0.0}, "rc_at_1000": {"relevant": 0.0, "distractor": 0.0}}