{"ndcg_at_1": 0.52, "ndcg_at_3": 0.48397, "ndcg_at_5": 0.46945, "ndcg_at_10": 0.45201, "ndcg_at_20": 0.41337, "ndcg_at_100": 0.29608, "ndcg_at_200": 0.24932, "ndcg_at_300": 0.23086, "ndcg_at_500": 0.22884, "ndcg_at_1000": 0.26574, "map_at_1": 0.00162, "map_at_3": 0.00355, "map_at_5": 0.00544, "map_at_10": 0.00928, "map_at_20": 0.01536, "map_at_100": 0.04185, "map_at_200": 0.05783, "map_at_300": 0.06648, "map_at_500": 0.07714, "map_at_1000": 0.08915, "recall_at_1": 0.00162, "recall_at_3": 0.00387, "recall_at_5": 0.00645, "recall_at_10": 0.01238, "recall_at_20": 0.02199, "recall_at_100": 0.07204, "recall_at_200": 0.11218, "recall_at_300": 0.13989, "recall_at_500": 0.181, "recall_at_1000": 0.24774, "precision_at_1": 0.58, "precision_at_3": 0.51333, "precision_at_5": 0.496, "precision_at_10": 0.482, "precision_at_20": 0.431, "precision_at_100": 0.2942, "precision_at_200": 0.237, "precision_at_300": 0.2018, "precision_at_500": 0.16032, "precision_at_1000": 0.11214, "mrr_at_1": 0.58, "mrr_at_3": 0.65667, "mrr_at_5": 0.68167, "mrr_at_10": 0.69083, "mrr_at_20": 0.69393, "mrr_at_100": 0.69393, "mrr_at_200": 0.69393, "mrr_at_300": 0.69393, "mrr_at_500": 0.69393, "mrr_at_1000": 0.69393, "rc_at_1": {"relevant": 0.0, "distractor": 0.0}, "rc_at_3": {"relevant": 0.0, "distractor": 0.0}, "rc_at_5": {"relevant": 0.0, "distractor": 0.0}, "rc_at_10": {"relevant": 0.0, "distractor": 0.0}, "rc_at_20": {"relevant": 0.0, "distractor": 0.0}, "rc_at_100": {"relevant": 0.0, "distractor": 0.0}, "rc_at_200": {"relevant": 0.0, "distractor": 0.0}, "rc_at_300": {"relevant": 0.0, "distractor": 0.0}, "rc_at_500": {"relevant": 0.0, "distractor": 0.0}, "rc_at_1000": {"relevant": 0.0, "distractor": 0.0}}