{"ndcg_at_1": 0.52295, "ndcg_at_3": 0.57763, "ndcg_at_5": 0.59571, "ndcg_at_10": 0.61166, "ndcg_at_20": 0.62209, "ndcg_at_100": 0.63745, "ndcg_at_200": 0.64158, "ndcg_at_300": 0.64372, "ndcg_at_500": 0.64542, "ndcg_at_1000": 0.64743, "map_at_1": 0.48545, "map_at_3": 0.54829, "map_at_5": 0.55893, "map_at_10": 0.56575, "map_at_20": 0.56866, "map_at_100": 0.57078, "map_at_200": 0.571, "map_at_300": 0.57108, "map_at_500": 0.57112, "map_at_1000": 0.57115, "recall_at_1": 0.48545, "recall_at_3": 0.62309, "recall_at_5": 0.66863, "recall_at_10": 0.71743, "recall_at_20": 0.75758, "recall_at_100": 0.83891, "recall_at_200": 0.86713, "recall_at_300": 0.88315, "recall_at_500": 0.89703, "recall_at_1000": 0.91463, "precision_at_1": 0.52295, "precision_at_3": 0.22507, "precision_at_5": 0.14494, "precision_at_10": 0.0779, "precision_at_20": 0.04122, "precision_at_100": 0.00917, "precision_at_200": 0.00476, "precision_at_300": 0.00324, "precision_at_500": 0.00198, "precision_at_1000": 0.00101, "mrr_at_1": 0.52295, "mrr_at_3": 0.58783, "mrr_at_5": 0.59863, "mrr_at_10": 0.60536, "mrr_at_20": 0.60826, "mrr_at_100": 0.61026, "mrr_at_200": 0.61046, "mrr_at_300": 0.61052, "mrr_at_500": 0.61055, "mrr_at_1000": 0.61058, "rc_at_1": {"relevant": 0.0, "distractor": 0.0}, "rc_at_3": {"relevant": 0.0, "distractor": 0.0}, "rc_at_5": {"relevant": 0.0, "distractor": 0.0}, "rc_at_10": {"relevant": 0.0, "distractor": 0.0}, "rc_at_20": {"relevant": 0.0, "distractor": 0.0}, "rc_at_100": {"relevant": 0.0, "distractor": 0.0}, "rc_at_200": {"relevant": 0.0, "distractor": 0.0}, "rc_at_300": {"relevant": 0.0, "distractor": 0.0}, "rc_at_500": {"relevant": 0.0, "distractor": 0.0}, "rc_at_1000": {"relevant": 0.0, "distractor": 0.0}}