{"ndcg_at_1": 0.18418, "ndcg_at_3": 0.24884, "ndcg_at_5": 0.2713, "ndcg_at_10": 0.29211, "ndcg_at_20": 0.31002, "ndcg_at_100": 0.34399, "ndcg_at_200": 0.35274, "ndcg_at_300": 0.35607, "ndcg_at_500": 0.36183, "ndcg_at_1000": 0.36697, "map_at_1": 0.16835, "map_at_3": 0.22455, "map_at_5": 0.23746, "map_at_10": 0.24668, "map_at_20": 0.25197, "map_at_100": 0.25682, "map_at_200": 0.2573, "map_at_300": 0.25741, "map_at_500": 0.25756, "map_at_1000": 0.25764, "recall_at_1": 0.16835, "recall_at_3": 0.29542, "recall_at_5": 0.35126, "recall_at_10": 0.41332, "recall_at_20": 0.48016, "recall_at_100": 0.6556, "recall_at_200": 0.71607, "recall_at_300": 0.74055, "recall_at_500": 0.78723, "recall_at_1000": 0.83206, "precision_at_1": 0.18418, "precision_at_3": 0.11111, "precision_at_5": 0.07932, "precision_at_10": 0.04723, "precision_at_20": 0.02774, "precision_at_100": 0.00774, "precision_at_200": 0.00422, "precision_at_300": 0.00293, "precision_at_500": 0.00188, "precision_at_1000": 0.00101, "mrr_at_1": 0.18418, "mrr_at_3": 0.24501, "mrr_at_5": 0.25806, "mrr_at_10": 0.26654, "mrr_at_20": 0.27131, "mrr_at_100": 0.2757, "mrr_at_200": 0.27612, "mrr_at_300": 0.27622, "mrr_at_500": 0.27633, "mrr_at_1000": 0.27639, "rc_at_1": {"relevant": 0.0, "distractor": 0.0}, "rc_at_3": {"relevant": 0.0, "distractor": 0.0}, "rc_at_5": {"relevant": 0.0, "distractor": 0.0}, "rc_at_10": {"relevant": 0.0, "distractor": 0.0}, "rc_at_20": {"relevant": 0.0, "distractor": 0.0}, "rc_at_100": {"relevant": 0.0, "distractor": 0.0}, "rc_at_200": {"relevant": 0.0, "distractor": 0.0}, "rc_at_300": {"relevant": 0.0, "distractor": 0.0}, "rc_at_500": {"relevant": 0.0, "distractor": 0.0}, "rc_at_1000": {"relevant": 0.0, "distractor": 0.0}}