{"ndcg_at_1": 0.207, "ndcg_at_3": 0.17298, "ndcg_at_5": 0.1502, "ndcg_at_10": 0.18059, "ndcg_at_20": 0.21033, "ndcg_at_100": 0.26228, "ndcg_at_200": 0.28021, "ndcg_at_300": 0.28913, "ndcg_at_500": 0.29951, "ndcg_at_1000": 0.31306, "map_at_1": 0.04218, "map_at_3": 0.07649, "map_at_5": 0.09042, "map_at_10": 0.10508, "map_at_20": 0.11579, "map_at_100": 0.12572, "map_at_200": 0.12729, "map_at_300": 0.1278, "map_at_500": 0.12821, "map_at_1000": 0.12859, "recall_at_1": 0.04218, "recall_at_3": 0.09873, "recall_at_5": 0.13337, "recall_at_10": 0.1896, "recall_at_20": 0.25915, "recall_at_100": 0.42815, "recall_at_200": 0.50418, "recall_at_300": 0.54638, "recall_at_500": 0.59932, "recall_at_1000": 0.67552, "precision_at_1": 0.207, "precision_at_3": 0.16233, "precision_at_5": 0.1314, "precision_at_10": 0.0935, "precision_at_20": 0.06395, "precision_at_100": 0.02109, "precision_at_200": 0.01242, "precision_at_300": 0.00897, "precision_at_500": 0.00591, "precision_at_1000": 0.00333, "mrr_at_1": 0.207, "mrr_at_3": 0.28467, "mrr_at_5": 0.30247, "mrr_at_10": 0.31655, "mrr_at_20": 0.32318, "mrr_at_100": 0.32817, "mrr_at_200": 0.32852, "mrr_at_300": 0.32861, "mrr_at_500": 0.3287, "mrr_at_1000": 0.32872, "rc_at_1": {"relevant": 0.0, "distractor": 0.0}, "rc_at_3": {"relevant": 0.0, "distractor": 0.0}, "rc_at_5": {"relevant": 0.0, "distractor": 0.0}, "rc_at_10": {"relevant": 0.0, "distractor": 0.0}, "rc_at_20": {"relevant": 0.0, "distractor": 0.0}, "rc_at_100": {"relevant": 0.0, "distractor": 0.0}, "rc_at_200": {"relevant": 0.0, "distractor": 0.0}, "rc_at_300": {"relevant": 0.0, "distractor": 0.0}, "rc_at_500": {"relevant": 0.0, "distractor": 0.0}, "rc_at_1000": {"relevant": 0.0, "distractor": 0.0}}