{"ndcg_at_1": 0.09231, "ndcg_at_3": 0.0642, "ndcg_at_5": 0.05516, "ndcg_at_10": 0.04352, "ndcg_at_20": 0.05018, "ndcg_at_100": 0.06236, "ndcg_at_200": 0.07043, "ndcg_at_300": 0.07722, "ndcg_at_500": 0.08199, "ndcg_at_1000": 0.0996, "map_at_1": 0.00923, "map_at_3": 0.01333, "map_at_5": 0.01549, "map_at_10": 0.01778, "map_at_20": 0.01941, "map_at_100": 0.02106, "map_at_200": 0.02168, "map_at_300": 0.02202, "map_at_500": 0.02217, "map_at_1000": 0.02249, "recall_at_1": 0.00923, "recall_at_3": 0.01692, "recall_at_5": 0.02308, "recall_at_10": 0.03385, "recall_at_20": 0.04615, "recall_at_100": 0.07692, "recall_at_200": 0.10308, "recall_at_300": 0.12769, "recall_at_500": 0.14615, "recall_at_1000": 0.22308, "precision_at_1": 0.09231, "precision_at_3": 0.05641, "precision_at_5": 0.04615, "precision_at_10": 0.03385, "precision_at_20": 0.02308, "precision_at_100": 0.00769, "precision_at_200": 0.00515, "precision_at_300": 0.00426, "precision_at_500": 0.00292, "precision_at_1000": 0.00223, "mrr_at_1": 0.10769, "mrr_at_3": 0.13333, "mrr_at_5": 0.15103, "mrr_at_10": 0.15876, "mrr_at_20": 0.16302, "mrr_at_100": 0.16529, "mrr_at_200": 0.16576, "mrr_at_300": 0.16589, "mrr_at_500": 0.16601, "mrr_at_1000": 0.16616, "rc_at_1": {"relevant": 0.10769, "distractor": 0.16923}, "rc_at_3": {"relevant": 0.18462, "distractor": 0.55385}, "rc_at_5": {"relevant": 0.30769, "distractor": 0.75385}, "rc_at_10": {"relevant": 0.44615, "distractor": 1.44615}, "rc_at_20": {"relevant": 0.58462, "distractor": 2.49231}, "rc_at_100": {"relevant": 1.10769, "distractor": 6.33846}, "rc_at_200": {"relevant": 1.4, "distractor": 8.12308}, "rc_at_300": {"relevant": 1.56923, "distractor": 10.07692}, "rc_at_500": {"relevant": 1.90769, "distractor": 12.04615}, "rc_at_1000": {"relevant": 2.24615, "distractor": 15.35385}}