{"ndcg_at_1": 0.34204, "ndcg_at_3": 0.39069, "ndcg_at_5": 0.41411, "ndcg_at_10": 0.44134, "ndcg_at_20": 0.4606, "ndcg_at_100": 0.49207, "ndcg_at_200": 0.50107, "ndcg_at_300": 0.50571, "ndcg_at_500": 0.50995, "ndcg_at_1000": 0.51444, "map_at_1": 0.26973, "map_at_3": 0.343, "map_at_5": 0.36124, "map_at_10": 0.37691, "map_at_20": 0.3846, "map_at_100": 0.39164, "map_at_200": 0.39251, "map_at_300": 0.39281, "map_at_500": 0.39301, "map_at_1000": 0.39315, "recall_at_1": 0.26973, "recall_at_3": 0.41333, "recall_at_5": 0.47674, "recall_at_10": 0.56018, "recall_at_20": 0.62968, "recall_at_100": 0.77283, "recall_at_200": 0.82424, "recall_at_300": 0.85353, "recall_at_500": 0.88127, "recall_at_1000": 0.91326, "precision_at_1": 0.34204, "precision_at_3": 0.19278, "precision_at_5": 0.14025, "precision_at_10": 0.08828, "precision_at_20": 0.0528, "precision_at_100": 0.01501, "precision_at_200": 0.00839, "precision_at_300": 0.00592, "precision_at_500": 0.00377, "precision_at_1000": 0.00202, "mrr_at_1": 0.34268, "mrr_at_3": 0.41178, "mrr_at_5": 0.42787, "mrr_at_10": 0.4378, "mrr_at_20": 0.44219, "mrr_at_100": 0.44544, "mrr_at_200": 0.44574, "mrr_at_300": 0.44585, "mrr_at_500": 0.44591, "mrr_at_1000": 0.44594, "rc_at_1": {"relevant": 0.0, "distractor": 0.0}, "rc_at_3": {"relevant": 0.0, "distractor": 0.0}, "rc_at_5": {"relevant": 0.0, "distractor": 0.0}, "rc_at_10": {"relevant": 0.0, "distractor": 0.0}, "rc_at_20": {"relevant": 0.0, "distractor": 0.0}, "rc_at_100": {"relevant": 0.0, "distractor": 0.0}, "rc_at_200": {"relevant": 0.0, "distractor": 0.0}, "rc_at_300": {"relevant": 0.0, "distractor": 0.0}, "rc_at_500": {"relevant": 0.0, "distractor": 0.0}, "rc_at_1000": {"relevant": 0.0, "distractor": 0.0}}