{"ndcg_at_1": 0.20458, "ndcg_at_3": 0.23457, "ndcg_at_5": 0.25398, "ndcg_at_10": 0.26988, "ndcg_at_20": 0.28791, "ndcg_at_100": 0.32365, "ndcg_at_200": 0.33516, "ndcg_at_300": 0.34201, "ndcg_at_500": 0.34975, "ndcg_at_1000": 0.35817, "map_at_1": 0.16311, "map_at_3": 0.20536, "map_at_5": 0.21924, "map_at_10": 0.22717, "map_at_20": 0.23281, "map_at_100": 0.23826, "map_at_200": 0.23899, "map_at_300": 0.2393, "map_at_500": 0.23953, "map_at_1000": 0.2397, "recall_at_1": 0.16311, "recall_at_3": 0.24946, "recall_at_5": 0.30509, "recall_at_10": 0.35607, "recall_at_20": 0.4219, "recall_at_100": 0.59189, "recall_at_200": 0.665, "recall_at_300": 0.71138, "recall_at_500": 0.76803, "recall_at_1000": 0.8353, "precision_at_1": 0.20458, "precision_at_3": 0.11111, "precision_at_5": 0.08269, "precision_at_10": 0.05064, "precision_at_20": 0.03112, "precision_at_100": 0.00976, "precision_at_200": 0.00559, "precision_at_300": 0.00409, "precision_at_500": 0.00272, "precision_at_1000": 0.00154, "mrr_at_1": 0.20029, "mrr_at_3": 0.24773, "mrr_at_5": 0.25768, "mrr_at_10": 0.26829, "mrr_at_20": 0.27315, "mrr_at_100": 0.27713, "mrr_at_200": 0.27763, "mrr_at_300": 0.27779, "mrr_at_500": 0.27791, "mrr_at_1000": 0.278, "rc_at_1": {"relevant": 0.0, "distractor": 0.0}, "rc_at_3": {"relevant": 0.0, "distractor": 0.0}, "rc_at_5": {"relevant": 0.0, "distractor": 0.0}, "rc_at_10": {"relevant": 0.0, "distractor": 0.0}, "rc_at_20": {"relevant": 0.0, "distractor": 0.0}, "rc_at_100": {"relevant": 0.0, "distractor": 0.0}, "rc_at_200": {"relevant": 0.0, "distractor": 0.0}, "rc_at_300": {"relevant": 0.0, "distractor": 0.0}, "rc_at_500": {"relevant": 0.0, "distractor": 0.0}, "rc_at_1000": {"relevant": 0.0, "distractor": 0.0}}