{"ndcg_at_1": 0.30131, "ndcg_at_3": 0.35705, "ndcg_at_5": 0.38055, "ndcg_at_10": 0.40985, "ndcg_at_20": 0.43338, "ndcg_at_100": 0.46574, "ndcg_at_200": 0.47354, "ndcg_at_300": 0.4769, "ndcg_at_500": 0.48099, "ndcg_at_1000": 0.48664, "map_at_1": 0.25784, "map_at_3": 0.32382, "map_at_5": 0.3394, "map_at_10": 0.35363, "map_at_20": 0.36106, "map_at_100": 0.36629, "map_at_200": 0.36683, "map_at_300": 0.36698, "map_at_500": 0.36709, "map_at_1000": 0.3672, "recall_at_1": 0.25784, "recall_at_3": 0.39624, "recall_at_5": 0.45628, "recall_at_10": 0.54073, "recall_at_20": 0.62586, "recall_at_100": 0.78137, "recall_at_200": 0.82893, "recall_at_300": 0.85211, "recall_at_500": 0.88299, "recall_at_1000": 0.92832, "precision_at_1": 0.30131, "precision_at_3": 0.162, "precision_at_5": 0.11493, "precision_at_10": 0.07043, "precision_at_20": 0.04174, "precision_at_100": 0.011, "precision_at_200": 0.00597, "precision_at_300": 0.00412, "precision_at_500": 0.00259, "precision_at_1000": 0.00139, "mrr_at_1": 0.30037, "mrr_at_3": 0.36583, "mrr_at_5": 0.38099, "mrr_at_10": 0.39252, "mrr_at_20": 0.39821, "mrr_at_100": 0.40202, "mrr_at_200": 0.4023, "mrr_at_300": 0.40238, "mrr_at_500": 0.40245, "mrr_at_1000": 0.4025, "rc_at_1": {"relevant": 0.0, "distractor": 0.0}, "rc_at_3": {"relevant": 0.0, "distractor": 0.0}, "rc_at_5": {"relevant": 0.0, "distractor": 0.0}, "rc_at_10": {"relevant": 0.0, "distractor": 0.0}, "rc_at_20": {"relevant": 0.0, "distractor": 0.0}, "rc_at_100": {"relevant": 0.0, "distractor": 0.0}, "rc_at_200": {"relevant": 0.0, "distractor": 0.0}, "rc_at_300": {"relevant": 0.0, "distractor": 0.0}, "rc_at_500": {"relevant": 0.0, "distractor": 0.0}, "rc_at_1000": {"relevant": 0.0, "distractor": 0.0}}