{"ndcg_at_1": 0.2546, "ndcg_at_3": 0.28736, "ndcg_at_5": 0.30412, "ndcg_at_10": 0.31843, "ndcg_at_20": 0.33517, "ndcg_at_100": 0.36283, "ndcg_at_200": 0.37229, "ndcg_at_300": 0.37612, "ndcg_at_500": 0.38245, "ndcg_at_1000": 0.38877, "map_at_1": 0.22628, "map_at_3": 0.26651, "map_at_5": 0.27725, "map_at_10": 0.28384, "map_at_20": 0.28853, "map_at_100": 0.29249, "map_at_200": 0.29304, "map_at_300": 0.29318, "map_at_500": 0.29335, "map_at_1000": 0.29346, "recall_at_1": 0.22628, "recall_at_3": 0.31489, "recall_at_5": 0.35722, "recall_at_10": 0.39887, "recall_at_20": 0.46107, "recall_at_100": 0.60192, "recall_at_200": 0.66517, "recall_at_300": 0.69266, "recall_at_500": 0.7421, "recall_at_1000": 0.79605, "precision_at_1": 0.2546, "precision_at_3": 0.12321, "precision_at_5": 0.08466, "precision_at_10": 0.04831, "precision_at_20": 0.02837, "precision_at_100": 0.00773, "precision_at_200": 0.00429, "precision_at_300": 0.00301, "precision_at_500": 0.00197, "precision_at_1000": 0.00107, "mrr_at_1": 0.2546, "mrr_at_3": 0.29346, "mrr_at_5": 0.30343, "mrr_at_10": 0.30988, "mrr_at_20": 0.31455, "mrr_at_100": 0.31787, "mrr_at_200": 0.31831, "mrr_at_300": 0.31842, "mrr_at_500": 0.31853, "mrr_at_1000": 0.3186, "rc_at_1": {"relevant": 0.0, "distractor": 0.0}, "rc_at_3": {"relevant": 0.0, "distractor": 0.0}, "rc_at_5": {"relevant": 0.0, "distractor": 0.0}, "rc_at_10": {"relevant": 0.0, "distractor": 0.0}, "rc_at_20": {"relevant": 0.0, "distractor": 0.0}, "rc_at_100": {"relevant": 0.0, "distractor": 0.0}, "rc_at_200": {"relevant": 0.0, "distractor": 0.0}, "rc_at_300": {"relevant": 0.0, "distractor": 0.0}, "rc_at_500": {"relevant": 0.0, "distractor": 0.0}, "rc_at_1000": {"relevant": 0.0, "distractor": 0.0}}