{"ndcg_at_1": 0.25228, "ndcg_at_3": 0.29542, "ndcg_at_5": 0.32235, "ndcg_at_10": 0.35238, "ndcg_at_20": 0.37575, "ndcg_at_100": 0.41194, "ndcg_at_200": 0.42265, "ndcg_at_300": 0.42709, "ndcg_at_500": 0.43194, "ndcg_at_1000": 0.43813, "map_at_1": 0.20142, "map_at_3": 0.25968, "map_at_5": 0.27776, "map_at_10": 0.29249, "map_at_20": 0.30028, "map_at_100": 0.30594, "map_at_200": 0.30663, "map_at_300": 0.30685, "map_at_500": 0.30702, "map_at_1000": 0.30716, "recall_at_1": 0.20142, "recall_at_3": 0.32619, "recall_at_5": 0.39454, "recall_at_10": 0.48243, "recall_at_20": 0.56699, "recall_at_100": 0.74386, "recall_at_200": 0.81111, "recall_at_300": 0.83878, "recall_at_500": 0.87222, "recall_at_1000": 0.92089, "precision_at_1": 0.25228, "precision_at_3": 0.14269, "precision_at_5": 0.10708, "precision_at_10": 0.06792, "precision_at_20": 0.04098, "precision_at_100": 0.01148, "precision_at_200": 0.00638, "precision_at_300": 0.00454, "precision_at_500": 0.00292, "precision_at_1000": 0.00158, "mrr_at_1": 0.25228, "mrr_at_3": 0.31183, "mrr_at_5": 0.33107, "mrr_at_10": 0.34334, "mrr_at_20": 0.34855, "mrr_at_100": 0.35237, "mrr_at_200": 0.35282, "mrr_at_300": 0.35291, "mrr_at_500": 0.35297, "mrr_at_1000": 0.35302, "rc_at_1": {"relevant": 0.0, "distractor": 0.0}, "rc_at_3": {"relevant": 0.0, "distractor": 0.0}, "rc_at_5": {"relevant": 0.0, "distractor": 0.0}, "rc_at_10": {"relevant": 0.0, "distractor": 0.0}, "rc_at_20": {"relevant": 0.0, "distractor": 0.0}, "rc_at_100": {"relevant": 0.0, "distractor": 0.0}, "rc_at_200": {"relevant": 0.0, "distractor": 0.0}, "rc_at_300": {"relevant": 0.0, "distractor": 0.0}, "rc_at_500": {"relevant": 0.0, "distractor": 0.0}, "rc_at_1000": {"relevant": 0.0, "distractor": 0.0}}