{"ndcg_at_1": 0.47398, "ndcg_at_3": 0.54386, "ndcg_at_5": 0.57258, "ndcg_at_10": 0.59999, "ndcg_at_20": 0.61629, "ndcg_at_100": 0.63822, "ndcg_at_200": 0.64294, "ndcg_at_300": 0.64464, "ndcg_at_500": 0.64624, "ndcg_at_1000": 0.64813, "map_at_1": 0.4157, "map_at_3": 0.50761, "map_at_5": 0.52694, "map_at_10": 0.54172, "map_at_20": 0.54764, "map_at_100": 0.55147, "map_at_200": 0.5518, "map_at_300": 0.55188, "map_at_500": 0.55194, "map_at_1000": 0.55198, "recall_at_1": 0.4157, "recall_at_3": 0.58991, "recall_at_5": 0.66024, "recall_at_10": 0.7374, "recall_at_20": 0.79767, "recall_at_100": 0.90309, "recall_at_200": 0.93309, "recall_at_300": 0.94476, "recall_at_500": 0.95659, "recall_at_1000": 0.97227, "precision_at_1": 0.47398, "precision_at_3": 0.24075, "precision_at_5": 0.16527, "precision_at_10": 0.09599, "precision_at_20": 0.05307, "precision_at_100": 0.01242, "precision_at_200": 0.00647, "precision_at_300": 0.00439, "precision_at_500": 0.00268, "precision_at_1000": 0.00137, "mrr_at_1": 0.47398, "mrr_at_3": 0.55078, "mrr_at_5": 0.56608, "mrr_at_10": 0.57521, "mrr_at_20": 0.57886, "mrr_at_100": 0.58144, "mrr_at_200": 0.58161, "mrr_at_300": 0.58165, "mrr_at_500": 0.58166, "mrr_at_1000": 0.58168, "rc_at_1": {"relevant": 0.0, "distractor": 0.0}, "rc_at_3": {"relevant": 0.0, "distractor": 0.0}, "rc_at_5": {"relevant": 0.0, "distractor": 0.0}, "rc_at_10": {"relevant": 0.0, "distractor": 0.0}, "rc_at_20": {"relevant": 0.0, "distractor": 0.0}, "rc_at_100": {"relevant": 0.0, "distractor": 0.0}, "rc_at_200": {"relevant": 0.0, "distractor": 0.0}, "rc_at_300": {"relevant": 0.0, "distractor": 0.0}, "rc_at_500": {"relevant": 0.0, "distractor": 0.0}, "rc_at_1000": {"relevant": 0.0, "distractor": 0.0}}