{"ndcg_at_1": 0.01042, "ndcg_at_3": 0.00835, "ndcg_at_5": 0.00941, "ndcg_at_10": 0.01156, "ndcg_at_20": 0.013, "ndcg_at_100": 0.01659, "ndcg_at_200": 0.01859, "ndcg_at_300": 0.01958, "ndcg_at_500": 0.02145, "ndcg_at_1000": 0.0252, "map_at_1": 0.00467, "map_at_3": 0.00611, "map_at_5": 0.00669, "map_at_10": 0.0074, "map_at_20": 0.00775, "map_at_100": 0.00812, "map_at_200": 0.00821, "map_at_300": 0.00823, "map_at_500": 0.00827, "map_at_1000": 0.00831, "recall_at_1": 0.00467, "recall_at_3": 0.00764, "recall_at_5": 0.01014, "recall_at_10": 0.01516, "recall_at_20": 0.01979, "recall_at_100": 0.03571, "recall_at_200": 0.04722, "recall_at_300": 0.05321, "recall_at_500": 0.06581, "recall_at_1000": 0.09231, "precision_at_1": 0.01042, "precision_at_3": 0.00586, "precision_at_5": 0.00469, "precision_at_10": 0.00365, "precision_at_20": 0.00231, "precision_at_100": 0.00083, "precision_at_200": 0.00054, "precision_at_300": 0.00041, "precision_at_500": 0.00031, "precision_at_1000": 0.00023, "mrr_at_1": 0.00912, "mrr_at_3": 0.0126, "mrr_at_5": 0.01351, "mrr_at_10": 0.01518, "mrr_at_20": 0.01606, "mrr_at_100": 0.01684, "mrr_at_200": 0.01701, "mrr_at_300": 0.01706, "mrr_at_500": 0.01713, "mrr_at_1000": 0.01721, "rc_at_1": {"relevant": 0.0, "distractor": 0.0}, "rc_at_3": {"relevant": 0.0, "distractor": 0.0}, "rc_at_5": {"relevant": 0.0, "distractor": 0.0}, "rc_at_10": {"relevant": 0.0, "distractor": 0.0}, "rc_at_20": {"relevant": 0.0, "distractor": 0.0}, "rc_at_100": {"relevant": 0.0, "distractor": 0.0}, "rc_at_200": {"relevant": 0.0, "distractor": 0.0}, "rc_at_300": {"relevant": 0.0, "distractor": 0.0}, "rc_at_500": {"relevant": 0.0, "distractor": 0.0}, "rc_at_1000": {"relevant": 0.0, "distractor": 0.0}}