{"ndcg_at_1": 0.84083, "ndcg_at_3": 0.87467, "ndcg_at_5": 0.88219, "ndcg_at_10": 0.88801, "ndcg_at_20": 0.89148, "ndcg_at_100": 0.89464, "ndcg_at_200": 0.89546, "ndcg_at_300": 0.89578, "ndcg_at_500": 0.89615, "ndcg_at_1000": 0.89658, "map_at_1": 0.78051, "map_at_3": 0.84564, "map_at_5": 0.85158, "map_at_10": 0.85487, "map_at_20": 0.85615, "map_at_100": 0.85685, "map_at_200": 0.85693, "map_at_300": 0.85695, "map_at_500": 0.85696, "map_at_1000": 0.85697, "recall_at_1": 0.78051, "recall_at_3": 0.9068, "recall_at_5": 0.92688, "recall_at_10": 0.94403, "recall_at_20": 0.95601, "recall_at_100": 0.96948, "recall_at_200": 0.97392, "recall_at_300": 0.97588, "recall_at_500": 0.97822, "recall_at_1000": 0.98126, "precision_at_1": 0.84083, "precision_at_3": 0.33128, "precision_at_5": 0.20438, "precision_at_10": 0.10497, "precision_at_20": 0.05353, "precision_at_100": 0.01102, "precision_at_200": 0.00557, "precision_at_300": 0.00373, "precision_at_500": 0.00225, "precision_at_1000": 0.00113, "mrr_at_1": 0.84053, "mrr_at_3": 0.89571, "mrr_at_5": 0.89949, "mrr_at_10": 0.90133, "mrr_at_20": 0.9018, "mrr_at_100": 0.9019, "mrr_at_200": 0.90191, "mrr_at_300": 0.90191, "mrr_at_500": 0.90191, "mrr_at_1000": 0.90191, "rc_at_1": {"relevant": 0.0, "distractor": 0.0}, "rc_at_3": {"relevant": 0.0, "distractor": 0.0}, "rc_at_5": {"relevant": 0.0, "distractor": 0.0}, "rc_at_10": {"relevant": 0.0, "distractor": 0.0}, "rc_at_20": {"relevant": 0.0, "distractor": 0.0}, "rc_at_100": {"relevant": 0.0, "distractor": 0.0}, "rc_at_200": {"relevant": 0.0, "distractor": 0.0}, "rc_at_300": {"relevant": 0.0, "distractor": 0.0}, "rc_at_500": {"relevant": 0.0, "distractor": 0.0}, "rc_at_1000": {"relevant": 0.0, "distractor": 0.0}}