{"ndcg_at_1": 0.11265, "ndcg_at_3": 0.12933, "ndcg_at_5": 0.13508, "ndcg_at_10": 0.14394, "ndcg_at_20": 0.1583, "ndcg_at_100": 0.18653, "ndcg_at_200": 0.19873, "ndcg_at_300": 0.2064, "ndcg_at_500": 0.21394, "ndcg_at_1000": 0.22707, "map_at_1": 0.08946, "map_at_3": 0.11127, "map_at_5": 0.1158, "map_at_10": 0.1204, "map_at_20": 0.12472, "map_at_100": 0.12874, "map_at_200": 0.12956, "map_at_300": 0.1299, "map_at_500": 0.13015, "map_at_1000": 0.13044, "recall_at_1": 0.08946, "recall_at_3": 0.14131, "recall_at_5": 0.15787, "recall_at_10": 0.18738, "recall_at_20": 0.24277, "recall_at_100": 0.38787, "recall_at_200": 0.46477, "recall_at_300": 0.51609, "recall_at_500": 0.57212, "recall_at_1000": 0.67935, "precision_at_1": 0.11265, "precision_at_3": 0.05995, "precision_at_5": 0.04269, "precision_at_10": 0.02688, "precision_at_20": 0.01838, "precision_at_100": 0.00674, "precision_at_200": 0.0044, "precision_at_300": 0.00347, "precision_at_500": 0.00244, "precision_at_1000": 0.00153, "mrr_at_1": 0.11462, "mrr_at_3": 0.13768, "mrr_at_5": 0.14183, "mrr_at_10": 0.14571, "mrr_at_20": 0.15007, "mrr_at_100": 0.15408, "mrr_at_200": 0.15465, "mrr_at_300": 0.15484, "mrr_at_500": 0.15497, "mrr_at_1000": 0.15511, "rc_at_1": {"relevant": 0.0, "distractor": 0.0}, "rc_at_3": {"relevant": 0.0, "distractor": 0.0}, "rc_at_5": {"relevant": 0.0, "distractor": 0.0}, "rc_at_10": {"relevant": 0.0, "distractor": 0.0}, "rc_at_20": {"relevant": 0.0, "distractor": 0.0}, "rc_at_100": {"relevant": 0.0, "distractor": 0.0}, "rc_at_200": {"relevant": 0.0, "distractor": 0.0}, "rc_at_300": {"relevant": 0.0, "distractor": 0.0}, "rc_at_500": {"relevant": 0.0, "distractor": 0.0}, "rc_at_1000": {"relevant": 0.0, "distractor": 0.0}}