{"ndcg_at_1": 0.36497, "ndcg_at_3": 0.4118, "ndcg_at_5": 0.43522, "ndcg_at_10": 0.4583, "ndcg_at_20": 0.47282, "ndcg_at_100": 0.49816, "ndcg_at_200": 0.50658, "ndcg_at_300": 0.51025, "ndcg_at_500": 0.51392, "ndcg_at_1000": 0.51924, "map_at_1": 0.29537, "map_at_3": 0.36775, "map_at_5": 0.38648, "map_at_10": 0.39942, "map_at_20": 0.40508, "map_at_100": 0.41022, "map_at_200": 0.41096, "map_at_300": 0.41116, "map_at_500": 0.41134, "map_at_1000": 0.41148, "recall_at_1": 0.29537, "recall_at_3": 0.43308, "recall_at_5": 0.49765, "recall_at_10": 0.56774, "recall_at_20": 0.6217, "recall_at_100": 0.7353, "recall_at_200": 0.78426, "recall_at_300": 0.80743, "recall_at_500": 0.83069, "recall_at_1000": 0.87079, "precision_at_1": 0.36497, "precision_at_3": 0.19958, "precision_at_5": 0.14242, "precision_at_10": 0.08669, "precision_at_20": 0.04971, "precision_at_100": 0.01355, "precision_at_200": 0.0075, "precision_at_300": 0.00526, "precision_at_500": 0.00337, "precision_at_1000": 0.00183, "mrr_at_1": 0.36242, "mrr_at_3": 0.431, "mrr_at_5": 0.44568, "mrr_at_10": 0.4553, "mrr_at_20": 0.45904, "mrr_at_100": 0.46161, "mrr_at_200": 0.4619, "mrr_at_300": 0.46198, "mrr_at_500": 0.46202, "mrr_at_1000": 0.46207, "rc_at_1": {"relevant": 0.0, "distractor": 0.0}, "rc_at_3": {"relevant": 0.0, "distractor": 0.0}, "rc_at_5": {"relevant": 0.0, "distractor": 0.0}, "rc_at_10": {"relevant": 0.0, "distractor": 0.0}, "rc_at_20": {"relevant": 0.0, "distractor": 0.0}, "rc_at_100": {"relevant": 0.0, "distractor": 0.0}, "rc_at_200": {"relevant": 0.0, "distractor": 0.0}, "rc_at_300": {"relevant": 0.0, "distractor": 0.0}, "rc_at_500": {"relevant": 0.0, "distractor": 0.0}, "rc_at_1000": {"relevant": 0.0, "distractor": 0.0}}