{"ndcg_at_1": 0.46384, "ndcg_at_3": 0.36849, "ndcg_at_5": 0.387, "ndcg_at_10": 0.42042, "ndcg_at_20": 0.44149, "ndcg_at_100": 0.47886, "ndcg_at_200": 0.4898, "ndcg_at_300": 0.49429, "ndcg_at_500": 0.50046, "ndcg_at_1000": 0.50638, "map_at_1": 0.19485, "map_at_3": 0.27562, "map_at_5": 0.30281, "map_at_10": 0.32222, "map_at_20": 0.33043, "map_at_100": 0.33796, "map_at_200": 0.3389, "map_at_300": 0.33916, "map_at_500": 0.33941, "map_at_1000": 0.33956, "recall_at_1": 0.19485, "recall_at_3": 0.31979, "recall_at_5": 0.38883, "recall_at_10": 0.46228, "recall_at_20": 0.52097, "recall_at_100": 0.66397, "recall_at_200": 0.71798, "recall_at_300": 0.7422, "recall_at_500": 0.77845, "recall_at_1000": 0.81625, "precision_at_1": 0.46384, "precision_at_3": 0.27405, "precision_at_5": 0.20313, "precision_at_10": 0.12397, "precision_at_20": 0.07127, "precision_at_100": 0.01886, "precision_at_200": 0.01033, "precision_at_300": 0.00716, "precision_at_500": 0.00455, "precision_at_1000": 0.00241, "mrr_at_1": 0.46384, "mrr_at_3": 0.54278, "mrr_at_5": 0.55861, "mrr_at_10": 0.56669, "mrr_at_20": 0.56989, "mrr_at_100": 0.57227, "mrr_at_200": 0.57246, "mrr_at_300": 0.5725, "mrr_at_500": 0.57254, "mrr_at_1000": 0.57255, "rc_at_1": {"relevant": 0.0, "distractor": 0.0}, "rc_at_3": {"relevant": 0.0, "distractor": 0.0}, "rc_at_5": {"relevant": 0.0, "distractor": 0.0}, "rc_at_10": {"relevant": 0.0, "distractor": 0.0}, "rc_at_20": {"relevant": 0.0, "distractor": 0.0}, "rc_at_100": {"relevant": 0.0, "distractor": 0.0}, "rc_at_200": {"relevant": 0.0, "distractor": 0.0}, "rc_at_300": {"relevant": 0.0, "distractor": 0.0}, "rc_at_500": {"relevant": 0.0, "distractor": 0.0}, "rc_at_1000": {"relevant": 0.0, "distractor": 0.0}}