{"ndcg_at_1": 0.45455, "ndcg_at_3": 0.35175, "ndcg_at_5": 0.30783, "ndcg_at_10": 0.24501, "ndcg_at_20": 0.31022, "ndcg_at_100": 0.47253, "ndcg_at_200": 0.4974, "ndcg_at_300": 0.50959, "ndcg_at_500": 0.51658, "ndcg_at_1000": 0.52373, "map_at_1": 0.04545, "map_at_3": 0.08364, "map_at_5": 0.10491, "map_at_10": 0.13321, "map_at_20": 0.16321, "map_at_100": 0.21835, "map_at_200": 0.22285, "map_at_300": 0.2242, "map_at_500": 0.22476, "map_at_1000": 0.22501, "recall_at_1": 0.04545, "recall_at_3": 0.09636, "recall_at_5": 0.13455, "recall_at_10": 0.19818, "recall_at_20": 0.31636, "recall_at_100": 0.71818, "recall_at_200": 0.79818, "recall_at_300": 0.84182, "recall_at_500": 0.86909, "recall_at_1000": 0.9, "precision_at_1": 0.45455, "precision_at_3": 0.32121, "precision_at_5": 0.26909, "precision_at_10": 0.19818, "precision_at_20": 0.15818, "precision_at_100": 0.07182, "precision_at_200": 0.03991, "precision_at_300": 0.02806, "precision_at_500": 0.01738, "precision_at_1000": 0.009, "mrr_at_1": 0.45455, "mrr_at_3": 0.53939, "mrr_at_5": 0.5603, "mrr_at_10": 0.57101, "mrr_at_20": 0.57858, "mrr_at_100": 0.57906, "mrr_at_200": 0.57917, "mrr_at_300": 0.57934, "mrr_at_500": 0.57934, "mrr_at_1000": 0.57934, "rc_at_1": {"relevant": 0.45455, "distractor": 0.54545}, "rc_at_3": {"relevant": 0.96364, "distractor": 2.03636}, "rc_at_5": {"relevant": 1.34545, "distractor": 3.63636}, "rc_at_10": {"relevant": 1.98182, "distractor": 7.85455}, "rc_at_20": {"relevant": 3.16364, "distractor": 16.18182}, "rc_at_100": {"relevant": 7.18182, "distractor": 62.38182}, "rc_at_200": {"relevant": 7.98182, "distractor": 73.4}, "rc_at_300": {"relevant": 8.41818, "distractor": 77.69091}, "rc_at_500": {"relevant": 8.69091, "distractor": 81.52727}, "rc_at_1000": {"relevant": 9.0, "distractor": 86.78182}}