{"ndcg_at_1": 0.47, "ndcg_at_3": 0.40661, "ndcg_at_5": 0.37723, "ndcg_at_10": 0.35786, "ndcg_at_20": 0.34863, "ndcg_at_100": 0.39046, "ndcg_at_200": 0.41478, "ndcg_at_300": 0.42949, "ndcg_at_500": 0.44366, "ndcg_at_1000": 0.46134, "map_at_1": 0.07129, "map_at_3": 0.11391, "map_at_5": 0.13078, "map_at_10": 0.15419, "map_at_20": 0.17717, "map_at_100": 0.21213, "map_at_200": 0.21924, "map_at_300": 0.22213, "map_at_500": 0.22447, "map_at_1000": 0.22662, "recall_at_1": 0.07129, "recall_at_3": 0.13005, "recall_at_5": 0.15892, "recall_at_10": 0.20842, "recall_at_20": 0.26802, "recall_at_100": 0.43487, "recall_at_200": 0.5064, "recall_at_300": 0.55374, "recall_at_500": 0.60198, "recall_at_1000": 0.66559, "precision_at_1": 0.57, "precision_at_3": 0.435, "precision_at_5": 0.363, "precision_at_10": 0.28025, "precision_at_20": 0.21, "precision_at_100": 0.0889, "precision_at_200": 0.05711, "precision_at_300": 0.04378, "precision_at_500": 0.03047, "precision_at_1000": 0.01846, "mrr_at_1": 0.5725, "mrr_at_3": 0.65333, "mrr_at_5": 0.66683, "mrr_at_10": 0.67303, "mrr_at_20": 0.67576, "mrr_at_100": 0.67712, "mrr_at_200": 0.67721, "mrr_at_300": 0.67724, "mrr_at_500": 0.67724, "mrr_at_1000": 0.67727, "rc_at_1": {"relevant": 0.0, "distractor": 0.0}, "rc_at_3": {"relevant": 0.0, "distractor": 0.0}, "rc_at_5": {"relevant": 0.0, "distractor": 0.0}, "rc_at_10": {"relevant": 0.0, "distractor": 0.0}, "rc_at_20": {"relevant": 0.0, "distractor": 0.0}, "rc_at_100": {"relevant": 0.0, "distractor": 0.0}, "rc_at_200": {"relevant": 0.0, "distractor": 0.0}, "rc_at_300": {"relevant": 0.0, "distractor": 0.0}, "rc_at_500": {"relevant": 0.0, "distractor": 0.0}, "rc_at_1000": {"relevant": 0.0, "distractor": 0.0}}