{"ndcg_at_1": 0.38241, "ndcg_at_3": 0.31106, "ndcg_at_5": 0.32177, "ndcg_at_10": 0.35357, "ndcg_at_20": 0.37369, "ndcg_at_100": 0.40255, "ndcg_at_200": 0.41222, "ndcg_at_300": 0.41743, "ndcg_at_500": 0.4231, "ndcg_at_1000": 0.42958, "map_at_1": 0.16265, "map_at_3": 0.22972, "map_at_5": 0.24781, "map_at_10": 0.26457, "map_at_20": 0.27196, "map_at_100": 0.2774, "map_at_200": 0.27816, "map_at_300": 0.27841, "map_at_500": 0.27862, "map_at_1000": 0.27877, "recall_at_1": 0.16265, "recall_at_3": 0.27464, "recall_at_5": 0.3222, "recall_at_10": 0.39349, "recall_at_20": 0.44995, "recall_at_100": 0.56109, "recall_at_200": 0.60936, "recall_at_300": 0.638, "recall_at_500": 0.67154, "recall_at_1000": 0.71367, "precision_at_1": 0.38241, "precision_at_3": 0.22997, "precision_at_5": 0.16625, "precision_at_10": 0.10371, "precision_at_20": 0.06055, "precision_at_100": 0.01557, "precision_at_200": 0.00856, "precision_at_300": 0.00602, "precision_at_500": 0.00384, "precision_at_1000": 0.00206, "mrr_at_1": 0.38241, "mrr_at_3": 0.46352, "mrr_at_5": 0.47603, "mrr_at_10": 0.486, "mrr_at_20": 0.49006, "mrr_at_100": 0.49255, "mrr_at_200": 0.4928, "mrr_at_300": 0.49288, "mrr_at_500": 0.49294, "mrr_at_1000": 0.49297, "rc_at_1": {"relevant": 0.0, "distractor": 0.0}, "rc_at_3": {"relevant": 0.0, "distractor": 0.0}, "rc_at_5": {"relevant": 0.0, "distractor": 0.0}, "rc_at_10": {"relevant": 0.0, "distractor": 0.0}, "rc_at_20": {"relevant": 0.0, "distractor": 0.0}, "rc_at_100": {"relevant": 0.0, "distractor": 0.0}, "rc_at_200": {"relevant": 0.0, "distractor": 0.0}, "rc_at_300": {"relevant": 0.0, "distractor": 0.0}, "rc_at_500": {"relevant": 0.0, "distractor": 0.0}, "rc_at_1000": {"relevant": 0.0, "distractor": 0.0}}