{"ndcg_at_1": 0.24772, "ndcg_at_3": 0.31048, "ndcg_at_5": 0.33503, "ndcg_at_10": 0.36539, "ndcg_at_20": 0.38923, "ndcg_at_100": 0.42509, "ndcg_at_200": 0.43525, "ndcg_at_300": 0.43975, "ndcg_at_500": 0.44392, "ndcg_at_1000": 0.44969, "map_at_1": 0.19596, "map_at_3": 0.26973, "map_at_5": 0.28722, "map_at_10": 0.30256, "map_at_20": 0.30994, "map_at_100": 0.31583, "map_at_200": 0.31653, "map_at_300": 0.31675, "map_at_500": 0.3169, "map_at_1000": 0.31703, "recall_at_1": 0.19596, "recall_at_3": 0.35396, "recall_at_5": 0.41599, "recall_at_10": 0.50407, "recall_at_20": 0.59052, "recall_at_100": 0.76446, "recall_at_200": 0.82467, "recall_at_300": 0.85422, "recall_at_500": 0.88234, "recall_at_1000": 0.92813, "precision_at_1": 0.24772, "precision_at_3": 0.15373, "precision_at_5": 0.11279, "precision_at_10": 0.07112, "precision_at_20": 0.04264, "precision_at_100": 0.01172, "precision_at_200": 0.00655, "precision_at_300": 0.00463, "precision_at_500": 0.00295, "precision_at_1000": 0.00159, "mrr_at_1": 0.24772, "mrr_at_3": 0.32458, "mrr_at_5": 0.34033, "mrr_at_10": 0.35211, "mrr_at_20": 0.35794, "mrr_at_100": 0.3617, "mrr_at_200": 0.36213, "mrr_at_300": 0.36223, "mrr_at_500": 0.36227, "mrr_at_1000": 0.36232, "rc_at_1": {"relevant": 0.0, "distractor": 0.0}, "rc_at_3": {"relevant": 0.0, "distractor": 0.0}, "rc_at_5": {"relevant": 0.0, "distractor": 0.0}, "rc_at_10": {"relevant": 0.0, "distractor": 0.0}, "rc_at_20": {"relevant": 0.0, "distractor": 0.0}, "rc_at_100": {"relevant": 0.0, "distractor": 0.0}, "rc_at_200": {"relevant": 0.0, "distractor": 0.0}, "rc_at_300": {"relevant": 0.0, "distractor": 0.0}, "rc_at_500": {"relevant": 0.0, "distractor": 0.0}, "rc_at_1000": {"relevant": 0.0, "distractor": 0.0}}