{"ndcg_at_1": 0.45394, "ndcg_at_3": 0.57086, "ndcg_at_5": 0.61356, "ndcg_at_10": 0.64548, "ndcg_at_20": 0.66194, "ndcg_at_100": 0.67472, "ndcg_at_200": 0.67646, "ndcg_at_300": 0.67716, "ndcg_at_500": 0.67757, "ndcg_at_1000": 0.67802, "map_at_1": 0.40542, "map_at_3": 0.52968, "map_at_5": 0.5561, "map_at_10": 0.57101, "map_at_20": 0.57637, "map_at_100": 0.57861, "map_at_200": 0.57873, "map_at_300": 0.57875, "map_at_500": 0.57876, "map_at_1000": 0.57877, "recall_at_1": 0.40542, "recall_at_3": 0.6567, "recall_at_5": 0.75456, "recall_at_10": 0.84613, "recall_at_20": 0.90571, "recall_at_100": 0.96826, "recall_at_200": 0.9797, "recall_at_300": 0.98508, "recall_at_500": 0.98832, "recall_at_1000": 0.99232, "precision_at_1": 0.45394, "precision_at_3": 0.25463, "precision_at_5": 0.17775, "precision_at_10": 0.10101, "precision_at_20": 0.05456, "precision_at_100": 0.01176, "precision_at_200": 0.00596, "precision_at_300": 0.00399, "precision_at_500": 0.0024, "precision_at_1000": 0.00121, "mrr_at_1": 0.45394, "mrr_at_3": 0.56325, "mrr_at_5": 0.58337, "mrr_at_10": 0.59473, "mrr_at_20": 0.59843, "mrr_at_100": 0.59978, "mrr_at_200": 0.59986, "mrr_at_300": 0.59988, "mrr_at_500": 0.59988, "mrr_at_1000": 0.59989, "rc_at_1": {"relevant": 0.0, "distractor": 0.0}, "rc_at_3": {"relevant": 0.0, "distractor": 0.0}, "rc_at_5": {"relevant": 0.0, "distractor": 0.0}, "rc_at_10": {"relevant": 0.0, "distractor": 0.0}, "rc_at_20": {"relevant": 0.0, "distractor": 0.0}, "rc_at_100": {"relevant": 0.0, "distractor": 0.0}, "rc_at_200": {"relevant": 0.0, "distractor": 0.0}, "rc_at_300": {"relevant": 0.0, "distractor": 0.0}, "rc_at_500": {"relevant": 0.0, "distractor": 0.0}, "rc_at_1000": {"relevant": 0.0, "distractor": 0.0}}