{"ndcg_at_1": 0.26154, "ndcg_at_3": 0.2061, "ndcg_at_5": 0.18937, "ndcg_at_10": 0.16431, "ndcg_at_20": 0.22697, "ndcg_at_100": 0.3707, "ndcg_at_200": 0.40861, "ndcg_at_300": 0.41881, "ndcg_at_500": 0.4323, "ndcg_at_1000": 0.4416, "map_at_1": 0.02615, "map_at_3": 0.04564, "map_at_5": 0.06133, "map_at_10": 0.08177, "map_at_20": 0.10759, "map_at_100": 0.14826, "map_at_200": 0.15511, "map_at_300": 0.15616, "map_at_500": 0.15721, "map_at_1000": 0.15768, "recall_at_1": 0.02615, "recall_at_3": 0.05846, "recall_at_5": 0.08769, "recall_at_10": 0.14615, "recall_at_20": 0.26, "recall_at_100": 0.62462, "recall_at_200": 0.74615, "recall_at_300": 0.78308, "recall_at_500": 0.83538, "recall_at_1000": 0.87538, "precision_at_1": 0.26154, "precision_at_3": 0.19487, "precision_at_5": 0.17538, "precision_at_10": 0.14615, "precision_at_20": 0.13, "precision_at_100": 0.06246, "precision_at_200": 0.03731, "precision_at_300": 0.0261, "precision_at_500": 0.01671, "precision_at_1000": 0.00875, "mrr_at_1": 0.26154, "mrr_at_3": 0.32821, "mrr_at_5": 0.34205, "mrr_at_10": 0.36108, "mrr_at_20": 0.37461, "mrr_at_100": 0.37957, "mrr_at_200": 0.37957, "mrr_at_300": 0.37957, "mrr_at_500": 0.37957, "mrr_at_1000": 0.37957, "rc_at_1": {"relevant": 0.26154, "distractor": 0.6}, "rc_at_3": {"relevant": 0.58462, "distractor": 2.01538}, "rc_at_5": {"relevant": 0.87692, "distractor": 3.47692}, "rc_at_10": {"relevant": 1.46154, "distractor": 6.89231}, "rc_at_20": {"relevant": 2.6, "distractor": 13.64615}, "rc_at_100": {"relevant": 6.24615, "distractor": 55.78462}, "rc_at_200": {"relevant": 7.46154, "distractor": 67.21538}, "rc_at_300": {"relevant": 7.83077, "distractor": 71.72308}, "rc_at_500": {"relevant": 8.35385, "distractor": 76.87692}, "rc_at_1000": {"relevant": 8.75385, "distractor": 81.67692}}