{"ndcg_at_1": 0.26154, "ndcg_at_3": 0.21332, "ndcg_at_5": 0.20087, "ndcg_at_10": 0.17904, "ndcg_at_20": 0.24912, "ndcg_at_100": 0.43172, "ndcg_at_200": 0.4723, "ndcg_at_300": 0.47574, "ndcg_at_500": 0.48088, "ndcg_at_1000": 0.48557, "map_at_1": 0.02615, "map_at_3": 0.04667, "map_at_5": 0.06405, "map_at_10": 0.08857, "map_at_20": 0.11682, "map_at_100": 0.17138, "map_at_200": 0.18007, "map_at_300": 0.18051, "map_at_500": 0.18094, "map_at_1000": 0.18118, "recall_at_1": 0.02615, "recall_at_3": 0.06154, "recall_at_5": 0.09538, "recall_at_10": 0.16462, "recall_at_20": 0.29231, "recall_at_100": 0.76154, "recall_at_200": 0.89077, "recall_at_300": 0.90308, "recall_at_500": 0.92308, "recall_at_1000": 0.94308, "precision_at_1": 0.26154, "precision_at_3": 0.20513, "precision_at_5": 0.19077, "precision_at_10": 0.16462, "precision_at_20": 0.14615, "precision_at_100": 0.07615, "precision_at_200": 0.04454, "precision_at_300": 0.0301, "precision_at_500": 0.01846, "precision_at_1000": 0.00943, "mrr_at_1": 0.26154, "mrr_at_3": 0.33846, "mrr_at_5": 0.35538, "mrr_at_10": 0.37968, "mrr_at_20": 0.39254, "mrr_at_100": 0.39431, "mrr_at_200": 0.39431, "mrr_at_300": 0.39438, "mrr_at_500": 0.39438, "mrr_at_1000": 0.39438, "rc_at_1": {"relevant": 0.26154, "distractor": 0.67692}, "rc_at_3": {"relevant": 0.61538, "distractor": 2.16923}, "rc_at_5": {"relevant": 0.95385, "distractor": 3.67692}, "rc_at_10": {"relevant": 1.64615, "distractor": 7.63077}, "rc_at_20": {"relevant": 2.92308, "distractor": 15.4}, "rc_at_100": {"relevant": 7.61538, "distractor": 70.10769}, "rc_at_200": {"relevant": 8.90769, "distractor": 83.26154}, "rc_at_300": {"relevant": 9.03077, "distractor": 87.0}, "rc_at_500": {"relevant": 9.23077, "distractor": 90.03077}, "rc_at_1000": {"relevant": 9.43077, "distractor": 93.64615}}