{"ndcg_at_1": 0.29231, "ndcg_at_3": 0.21977, "ndcg_at_5": 0.20956, "ndcg_at_10": 0.17244, "ndcg_at_20": 0.2052, "ndcg_at_100": 0.28621, "ndcg_at_200": 0.31317, "ndcg_at_300": 0.32559, "ndcg_at_500": 0.33551, "ndcg_at_1000": 0.3477, "map_at_1": 0.02923, "map_at_3": 0.04718, "map_at_5": 0.0641, "map_at_10": 0.08453, "map_at_20": 0.09595, "map_at_100": 0.11601, "map_at_200": 0.11933, "map_at_300": 0.12048, "map_at_500": 0.12108, "map_at_1000": 0.12155, "recall_at_1": 0.02923, "recall_at_3": 0.06, "recall_at_5": 0.09692, "recall_at_10": 0.14769, "recall_at_20": 0.20615, "recall_at_100": 0.40923, "recall_at_200": 0.49692, "recall_at_300": 0.54154, "recall_at_500": 0.58, "recall_at_1000": 0.63231, "precision_at_1": 0.29231, "precision_at_3": 0.2, "precision_at_5": 0.19385, "precision_at_10": 0.14769, "precision_at_20": 0.10308, "precision_at_100": 0.04092, "precision_at_200": 0.02485, "precision_at_300": 0.01805, "precision_at_500": 0.0116, "precision_at_1000": 0.00632, "mrr_at_1": 0.29231, "mrr_at_3": 0.37949, "mrr_at_5": 0.40641, "mrr_at_10": 0.413, "mrr_at_20": 0.42172, "mrr_at_100": 0.42606, "mrr_at_200": 0.4264, "mrr_at_300": 0.4264, "mrr_at_500": 0.4264, "mrr_at_1000": 0.4264, "rc_at_1": {"relevant": 0.29231, "distractor": 0.61538}, "rc_at_3": {"relevant": 0.6, "distractor": 2.01538}, "rc_at_5": {"relevant": 0.96923, "distractor": 3.16923}, "rc_at_10": {"relevant": 1.47692, "distractor": 6.10769}, "rc_at_20": {"relevant": 2.06154, "distractor": 11.12308}, "rc_at_100": {"relevant": 4.09231, "distractor": 32.84615}, "rc_at_200": {"relevant": 4.96923, "distractor": 42.87692}, "rc_at_300": {"relevant": 5.41538, "distractor": 48.07692}, "rc_at_500": {"relevant": 5.8, "distractor": 53.78462}, "rc_at_1000": {"relevant": 6.32308, "distractor": 61.13846}}