{"ndcg_at_1": 0.19279, "ndcg_at_3": 0.23772, "ndcg_at_5": 0.26252, "ndcg_at_10": 0.29227, "ndcg_at_20": 0.31733, "ndcg_at_100": 0.354, "ndcg_at_200": 0.36402, "ndcg_at_300": 0.3689, "ndcg_at_500": 0.37478, "ndcg_at_1000": 0.38211, "map_at_1": 0.15519, "map_at_3": 0.20884, "map_at_5": 0.2243, "map_at_10": 0.23754, "map_at_20": 0.24502, "map_at_100": 0.25068, "map_at_200": 0.25135, "map_at_300": 0.25158, "map_at_500": 0.25175, "map_at_1000": 0.25188, "recall_at_1": 0.15519, "recall_at_3": 0.27078, "recall_at_5": 0.33445, "recall_at_10": 0.42111, "recall_at_20": 0.51024, "recall_at_100": 0.68839, "recall_at_200": 0.74991, "recall_at_300": 0.78248, "recall_at_500": 0.8263, "recall_at_1000": 0.88726, "precision_at_1": 0.19279, "precision_at_3": 0.11526, "precision_at_5": 0.08582, "precision_at_10": 0.05585, "precision_at_20": 0.03501, "precision_at_100": 0.01001, "precision_at_200": 0.00557, "precision_at_300": 0.00395, "precision_at_500": 0.00254, "precision_at_1000": 0.00139, "mrr_at_1": 0.19279, "mrr_at_3": 0.25, "mrr_at_5": 0.26517, "mrr_at_10": 0.27872, "mrr_at_20": 0.28536, "mrr_at_100": 0.28957, "mrr_at_200": 0.28995, "mrr_at_300": 0.29006, "mrr_at_500": 0.29017, "mrr_at_1000": 0.29024, "rc_at_1": {"relevant": 0.0, "distractor": 0.0}, "rc_at_3": {"relevant": 0.0, "distractor": 0.0}, "rc_at_5": {"relevant": 0.0, "distractor": 0.0}, "rc_at_10": {"relevant": 0.0, "distractor": 0.0}, "rc_at_20": {"relevant": 0.0, "distractor": 0.0}, "rc_at_100": {"relevant": 0.0, "distractor": 0.0}, "rc_at_200": {"relevant": 0.0, "distractor": 0.0}, "rc_at_300": {"relevant": 0.0, "distractor": 0.0}, "rc_at_500": {"relevant": 0.0, "distractor": 0.0}, "rc_at_1000": {"relevant": 0.0, "distractor": 0.0}}