{"ndcg_at_1": 0.14428, "ndcg_at_3": 0.22249, "ndcg_at_5": 0.24349, "ndcg_at_10": 0.27264, "ndcg_at_20": 0.30531, "ndcg_at_100": 0.34153, "ndcg_at_200": 0.35242, "ndcg_at_300": 0.35648, "ndcg_at_500": 0.36217, "ndcg_at_1000": 0.36757, "map_at_1": 0.12171, "map_at_3": 0.19177, "map_at_5": 0.20456, "map_at_10": 0.21742, "map_at_20": 0.22728, "map_at_100": 0.23317, "map_at_200": 0.23392, "map_at_300": 0.23409, "map_at_500": 0.23427, "map_at_1000": 0.23437, "recall_at_1": 0.12171, "recall_at_3": 0.27055, "recall_at_5": 0.32094, "recall_at_10": 0.40337, "recall_at_20": 0.52059, "recall_at_100": 0.69139, "recall_at_200": 0.75774, "recall_at_300": 0.78568, "recall_at_500": 0.8282, "recall_at_1000": 0.87312, "precision_at_1": 0.14428, "precision_at_3": 0.11277, "precision_at_5": 0.08209, "precision_at_10": 0.05423, "precision_at_20": 0.03588, "precision_at_100": 0.01015, "precision_at_200": 0.00573, "precision_at_300": 0.004, "precision_at_500": 0.00256, "precision_at_1000": 0.00137, "mrr_at_1": 0.14428, "mrr_at_3": 0.22409, "mrr_at_5": 0.23783, "mrr_at_10": 0.25151, "mrr_at_20": 0.26023, "mrr_at_100": 0.26468, "mrr_at_200": 0.26506, "mrr_at_300": 0.26515, "mrr_at_500": 0.26525, "mrr_at_1000": 0.2653, "rc_at_1": {"relevant": 0.0, "distractor": 0.0}, "rc_at_3": {"relevant": 0.0, "distractor": 0.0}, "rc_at_5": {"relevant": 0.0, "distractor": 0.0}, "rc_at_10": {"relevant": 0.0, "distractor": 0.0}, "rc_at_20": {"relevant": 0.0, "distractor": 0.0}, "rc_at_100": {"relevant": 0.0, "distractor": 0.0}, "rc_at_200": {"relevant": 0.0, "distractor": 0.0}, "rc_at_300": {"relevant": 0.0, "distractor": 0.0}, "rc_at_500": {"relevant": 0.0, "distractor": 0.0}, "rc_at_1000": {"relevant": 0.0, "distractor": 0.0}}