{"ndcg_at_1": 0.40521, "ndcg_at_3": 0.32525, "ndcg_at_5": 0.33932, "ndcg_at_10": 0.37184, "ndcg_at_20": 0.39154, "ndcg_at_100": 0.42837, "ndcg_at_200": 0.43889, "ndcg_at_300": 0.44421, "ndcg_at_500": 0.45092, "ndcg_at_1000": 0.45824, "map_at_1": 0.17258, "map_at_3": 0.24314, "map_at_5": 0.2635, "map_at_10": 0.28094, "map_at_20": 0.28834, "map_at_100": 0.2954, "map_at_200": 0.29629, "map_at_300": 0.29658, "map_at_500": 0.29683, "map_at_1000": 0.29701, "recall_at_1": 0.17258, "recall_at_3": 0.28507, "recall_at_5": 0.33941, "recall_at_10": 0.41154, "recall_at_20": 0.46669, "recall_at_100": 0.60885, "recall_at_200": 0.66012, "recall_at_300": 0.68921, "recall_at_500": 0.72886, "recall_at_1000": 0.77725, "precision_at_1": 0.40521, "precision_at_3": 0.23952, "precision_at_5": 0.17629, "precision_at_10": 0.10971, "precision_at_20": 0.06339, "precision_at_100": 0.01714, "precision_at_200": 0.00945, "precision_at_300": 0.00662, "precision_at_500": 0.00424, "precision_at_1000": 0.00228, "mrr_at_1": 0.40586, "mrr_at_3": 0.48143, "mrr_at_5": 0.49736, "mrr_at_10": 0.50692, "mrr_at_20": 0.51049, "mrr_at_100": 0.51321, "mrr_at_200": 0.51339, "mrr_at_300": 0.51346, "mrr_at_500": 0.51351, "mrr_at_1000": 0.51354, "rc_at_1": {"relevant": 0.0, "distractor": 0.0}, "rc_at_3": {"relevant": 0.0, "distractor": 0.0}, "rc_at_5": {"relevant": 0.0, "distractor": 0.0}, "rc_at_10": {"relevant": 0.0, "distractor": 0.0}, "rc_at_20": {"relevant": 0.0, "distractor": 0.0}, "rc_at_100": {"relevant": 0.0, "distractor": 0.0}, "rc_at_200": {"relevant": 0.0, "distractor": 0.0}, "rc_at_300": {"relevant": 0.0, "distractor": 0.0}, "rc_at_500": {"relevant": 0.0, "distractor": 0.0}, "rc_at_1000": {"relevant": 0.0, "distractor": 0.0}}