{"ndcg_at_1": 0.27692, "ndcg_at_3": 0.18178, "ndcg_at_5": 0.15046, "ndcg_at_10": 0.1075, "ndcg_at_20": 0.13131, "ndcg_at_100": 0.16678, "ndcg_at_200": 0.17778, "ndcg_at_300": 0.18243, "ndcg_at_500": 0.19156, "ndcg_at_1000": 0.20444, "map_at_1": 0.02769, "map_at_3": 0.04308, "map_at_5": 0.04892, "map_at_10": 0.05305, "map_at_20": 0.06343, "map_at_100": 0.07035, "map_at_200": 0.07146, "map_at_300": 0.07168, "map_at_500": 0.07208, "map_at_1000": 0.07241, "recall_at_1": 0.02769, "recall_at_3": 0.04615, "recall_at_5": 0.06, "recall_at_10": 0.07385, "recall_at_20": 0.11692, "recall_at_100": 0.20462, "recall_at_200": 0.24, "recall_at_300": 0.25692, "recall_at_500": 0.29231, "recall_at_1000": 0.34769, "precision_at_1": 0.27692, "precision_at_3": 0.15385, "precision_at_5": 0.12, "precision_at_10": 0.07385, "precision_at_20": 0.05846, "precision_at_100": 0.02046, "precision_at_200": 0.012, "precision_at_300": 0.00856, "precision_at_500": 0.00585, "precision_at_1000": 0.00348, "mrr_at_1": 0.27692, "mrr_at_3": 0.29744, "mrr_at_5": 0.31436, "mrr_at_10": 0.31827, "mrr_at_20": 0.32223, "mrr_at_100": 0.32734, "mrr_at_200": 0.32775, "mrr_at_300": 0.32788, "mrr_at_500": 0.32796, "mrr_at_1000": 0.32801, "rc_at_1": {"relevant": 0.27692, "distractor": 0.23077}, "rc_at_3": {"relevant": 0.46154, "distractor": 0.84615}, "rc_at_5": {"relevant": 0.6, "distractor": 1.35385}, "rc_at_10": {"relevant": 0.73846, "distractor": 2.66154}, "rc_at_20": {"relevant": 1.16923, "distractor": 4.6}, "rc_at_100": {"relevant": 2.04615, "distractor": 12.06154}, "rc_at_200": {"relevant": 2.4, "distractor": 15.93846}, "rc_at_300": {"relevant": 2.56923, "distractor": 18.4}, "rc_at_500": {"relevant": 2.92308, "distractor": 22.12308}, "rc_at_1000": {"relevant": 3.47692, "distractor": 27.4}}