{"ndcg_at_1": 0.46154, "ndcg_at_3": 0.36356, "ndcg_at_5": 0.33146, "ndcg_at_10": 0.27175, "ndcg_at_20": 0.32252, "ndcg_at_100": 0.51393, "ndcg_at_200": 0.56588, "ndcg_at_300": 0.57021, "ndcg_at_500": 0.57102, "ndcg_at_1000": 0.57102, "map_at_1": 0.04615, "map_at_3": 0.09282, "map_at_5": 0.12159, "map_at_10": 0.16059, "map_at_20": 0.18787, "map_at_100": 0.244, "map_at_200": 0.25598, "map_at_300": 0.25661, "map_at_500": 0.25671, "map_at_1000": 0.25671, "recall_at_1": 0.04615, "recall_at_3": 0.10154, "recall_at_5": 0.15077, "recall_at_10": 0.23077, "recall_at_20": 0.32154, "recall_at_100": 0.82, "recall_at_200": 0.98154, "recall_at_300": 0.99692, "recall_at_500": 1.0, "recall_at_1000": 1.0, "precision_at_1": 0.46154, "precision_at_3": 0.33846, "precision_at_5": 0.30154, "precision_at_10": 0.23077, "precision_at_20": 0.16077, "precision_at_100": 0.082, "precision_at_200": 0.04908, "precision_at_300": 0.03323, "precision_at_500": 0.02, "precision_at_1000": 0.01, "mrr_at_1": 0.46154, "mrr_at_3": 0.50769, "mrr_at_5": 0.53615, "mrr_at_10": 0.54714, "mrr_at_20": 0.55213, "mrr_at_100": 0.55634, "mrr_at_200": 0.55634, "mrr_at_300": 0.55634, "mrr_at_500": 0.55634, "mrr_at_1000": 0.55634, "rc_at_1": {"relevant": 0.46154, "distractor": 0.53846}, "rc_at_3": {"relevant": 1.01538, "distractor": 1.98462}, "rc_at_5": {"relevant": 1.50769, "distractor": 3.49231}, "rc_at_10": {"relevant": 2.30769, "distractor": 7.66154}, "rc_at_20": {"relevant": 3.21538, "distractor": 16.67692}, "rc_at_100": {"relevant": 8.2, "distractor": 89.04615}, "rc_at_200": {"relevant": 9.81538, "distractor": 98.69231}, "rc_at_300": {"relevant": 9.96923, "distractor": 99.15385}, "rc_at_500": {"relevant": 10.0, "distractor": 99.46154}, "rc_at_1000": {"relevant": 10.0, "distractor": 99.78462}}