{"ndcg_at_1": 0.33488, "ndcg_at_3": 0.44009, "ndcg_at_5": 0.47813, "ndcg_at_10": 0.51322, "ndcg_at_20": 0.53395, "ndcg_at_100": 0.55444, "ndcg_at_200": 0.55867, "ndcg_at_300": 0.56054, "ndcg_at_500": 0.56245, "ndcg_at_1000": 0.56409, "map_at_1": 0.2999, "map_at_3": 0.40324, "map_at_5": 0.4265, "map_at_10": 0.44227, "map_at_20": 0.44854, "map_at_100": 0.45186, "map_at_200": 0.45212, "map_at_300": 0.45219, "map_at_500": 0.45224, "map_at_1000": 0.45227, "recall_at_1": 0.2999, "recall_at_3": 0.51663, "recall_at_5": 0.60344, "recall_at_10": 0.70623, "recall_at_20": 0.78264, "recall_at_100": 0.88526, "recall_at_200": 0.91326, "recall_at_300": 0.92712, "recall_at_500": 0.94259, "recall_at_1000": 0.95715, "precision_at_1": 0.33488, "precision_at_3": 0.1993, "precision_at_5": 0.14171, "precision_at_10": 0.08369, "precision_at_20": 0.04678, "precision_at_100": 0.01069, "precision_at_200": 0.00554, "precision_at_300": 0.00375, "precision_at_500": 0.00229, "precision_at_1000": 0.00116, "mrr_at_1": 0.33517, "mrr_at_3": 0.43328, "mrr_at_5": 0.45219, "mrr_at_10": 0.4653, "mrr_at_20": 0.4706, "mrr_at_100": 0.47299, "mrr_at_200": 0.47316, "mrr_at_300": 0.47321, "mrr_at_500": 0.47324, "mrr_at_1000": 0.47326, "rc_at_1": {"relevant": 0.0, "distractor": 0.0}, "rc_at_3": {"relevant": 0.0, "distractor": 0.0}, "rc_at_5": {"relevant": 0.0, "distractor": 0.0}, "rc_at_10": {"relevant": 0.0, "distractor": 0.0}, "rc_at_20": {"relevant": 0.0, "distractor": 0.0}, "rc_at_100": {"relevant": 0.0, "distractor": 0.0}, "rc_at_200": {"relevant": 0.0, "distractor": 0.0}, "rc_at_300": {"relevant": 0.0, "distractor": 0.0}, "rc_at_500": {"relevant": 0.0, "distractor": 0.0}, "rc_at_1000": {"relevant": 0.0, "distractor": 0.0}}