{"ndcg_at_1": 0.2044, "ndcg_at_3": 0.24147, "ndcg_at_5": 0.25876, "ndcg_at_10": 0.2796, "ndcg_at_20": 0.29867, "ndcg_at_100": 0.32942, "ndcg_at_200": 0.33907, "ndcg_at_300": 0.34458, "ndcg_at_500": 0.35113, "ndcg_at_1000": 0.3575, "map_at_1": 0.16838, "map_at_3": 0.2143, "map_at_5": 0.22668, "map_at_10": 0.23639, "map_at_20": 0.24223, "map_at_100": 0.24693, "map_at_200": 0.24753, "map_at_300": 0.24776, "map_at_500": 0.24795, "map_at_1000": 0.24807, "recall_at_1": 0.16838, "recall_at_3": 0.26591, "recall_at_5": 0.31071, "recall_at_10": 0.37273, "recall_at_20": 0.44314, "recall_at_100": 0.59586, "recall_at_200": 0.65777, "recall_at_300": 0.69615, "recall_at_500": 0.74644, "recall_at_1000": 0.79907, "precision_at_1": 0.2044, "precision_at_3": 0.11459, "precision_at_5": 0.08286, "precision_at_10": 0.0512, "precision_at_20": 0.03109, "precision_at_100": 0.0088, "precision_at_200": 0.00496, "precision_at_300": 0.00356, "precision_at_500": 0.00232, "precision_at_1000": 0.00128, "mrr_at_1": 0.2044, "mrr_at_3": 0.25241, "mrr_at_5": 0.26308, "mrr_at_10": 0.27239, "mrr_at_20": 0.2777, "mrr_at_100": 0.2815, "mrr_at_200": 0.2819, "mrr_at_300": 0.28204, "mrr_at_500": 0.28216, "mrr_at_1000": 0.28223, "rc_at_1": {"relevant": 0.0, "distractor": 0.0}, "rc_at_3": {"relevant": 0.0, "distractor": 0.0}, "rc_at_5": {"relevant": 0.0, "distractor": 0.0}, "rc_at_10": {"relevant": 0.0, "distractor": 0.0}, "rc_at_20": {"relevant": 0.0, "distractor": 0.0}, "rc_at_100": {"relevant": 0.0, "distractor": 0.0}, "rc_at_200": {"relevant": 0.0, "distractor": 0.0}, "rc_at_300": {"relevant": 0.0, "distractor": 0.0}, "rc_at_500": {"relevant": 0.0, "distractor": 0.0}, "rc_at_1000": {"relevant": 0.0, "distractor": 0.0}}