{"ndcg_at_1": 0.0, "ndcg_at_3": 0.00361, "ndcg_at_5": 0.00486, "ndcg_at_10": 0.00315, "ndcg_at_20": 0.00315, "ndcg_at_100": 0.00533, "ndcg_at_200": 0.00674, "ndcg_at_300": 0.00758, "ndcg_at_500": 0.01034, "ndcg_at_1000": 0.02021, "map_at_1": 0.0, "map_at_3": 0.00051, "map_at_5": 0.0009, "map_at_10": 0.0009, "map_at_20": 0.0009, "map_at_100": 0.00098, "map_at_200": 0.00104, "map_at_300": 0.00106, "map_at_500": 0.0011, "map_at_1000": 0.00123, "recall_at_1": 0.0, "recall_at_3": 0.00154, "recall_at_5": 0.00308, "recall_at_10": 0.00308, "recall_at_20": 0.00308, "recall_at_100": 0.00923, "recall_at_200": 0.01385, "recall_at_300": 0.01692, "recall_at_500": 0.02769, "recall_at_1000": 0.07077, "precision_at_1": 0.0, "precision_at_3": 0.00513, "precision_at_5": 0.00615, "precision_at_10": 0.00308, "precision_at_20": 0.00154, "precision_at_100": 0.00092, "precision_at_200": 0.00069, "precision_at_300": 0.00056, "precision_at_500": 0.00055, "precision_at_1000": 0.00071, "mrr_at_1": 0.01538, "mrr_at_3": 0.02308, "mrr_at_5": 0.02308, "mrr_at_10": 0.02462, "mrr_at_20": 0.02564, "mrr_at_100": 0.02784, "mrr_at_200": 0.0281, "mrr_at_300": 0.02829, "mrr_at_500": 0.02845, "mrr_at_1000": 0.0285, "rc_at_1": {"relevant": 0.01538, "distractor": 0.12308}, "rc_at_3": {"relevant": 0.03077, "distractor": 0.26154}, "rc_at_5": {"relevant": 0.03077, "distractor": 0.29231}, "rc_at_10": {"relevant": 0.04615, "distractor": 0.55385}, "rc_at_20": {"relevant": 0.06154, "distractor": 0.86154}, "rc_at_100": {"relevant": 0.21538, "distractor": 1.81538}, "rc_at_200": {"relevant": 0.32308, "distractor": 2.49231}, "rc_at_300": {"relevant": 0.49231, "distractor": 3.04615}, "rc_at_500": {"relevant": 0.58462, "distractor": 4.03077}, "rc_at_1000": {"relevant": 0.70769, "distractor": 5.12308}}