{"ndcg_at_1": 0.9, "ndcg_at_3": 0.84101, "ndcg_at_5": 0.81765, "ndcg_at_10": 0.77512, "ndcg_at_20": 0.72376, "ndcg_at_100": 0.57724, "ndcg_at_200": 0.50077, "ndcg_at_300": 0.46912, "ndcg_at_500": 0.46844, "ndcg_at_1000": 0.52763, "map_at_1": 0.00251, "map_at_3": 0.00683, "map_at_5": 0.01087, "map_at_10": 0.01945, "map_at_20": 0.03342, "map_at_100": 0.11045, "map_at_200": 0.16208, "map_at_300": 0.19183, "map_at_500": 0.22818, "map_at_1000": 0.26708, "recall_at_1": 0.00251, "recall_at_3": 0.00702, "recall_at_5": 0.01152, "recall_at_10": 0.02116, "recall_at_20": 0.03807, "recall_at_100": 0.14401, "recall_at_200": 0.23186, "recall_at_300": 0.29147, "recall_at_500": 0.37959, "recall_at_1000": 0.5012, "precision_at_1": 0.94, "precision_at_3": 0.89333, "precision_at_5": 0.864, "precision_at_10": 0.806, "precision_at_20": 0.747, "precision_at_100": 0.5912, "precision_at_200": 0.4893, "precision_at_300": 0.42127, "precision_at_500": 0.33872, "precision_at_1000": 0.23252, "mrr_at_1": 0.94, "mrr_at_3": 0.95, "mrr_at_5": 0.955, "mrr_at_10": 0.95786, "mrr_at_20": 0.95786, "mrr_at_100": 0.95786, "mrr_at_200": 0.95786, "mrr_at_300": 0.95786, "mrr_at_500": 0.95786, "mrr_at_1000": 0.95786, "rc_at_1": {"relevant": 0.0, "distractor": 0.0}, "rc_at_3": {"relevant": 0.0, "distractor": 0.0}, "rc_at_5": {"relevant": 0.0, "distractor": 0.0}, "rc_at_10": {"relevant": 0.0, "distractor": 0.0}, "rc_at_20": {"relevant": 0.0, "distractor": 0.0}, "rc_at_100": {"relevant": 0.0, "distractor": 0.0}, "rc_at_200": {"relevant": 0.0, "distractor": 0.0}, "rc_at_300": {"relevant": 0.0, "distractor": 0.0}, "rc_at_500": {"relevant": 0.0, "distractor": 0.0}, "rc_at_1000": {"relevant": 0.0, "distractor": 0.0}}