{"ndcg_at_1": 0.02229, "ndcg_at_3": 0.02881, "ndcg_at_5": 0.03337, "ndcg_at_10": 0.03804, "ndcg_at_20": 0.04503, "ndcg_at_100": 0.06364, "ndcg_at_200": 0.07315, "ndcg_at_300": 0.07823, "ndcg_at_500": 0.0858, "ndcg_at_1000": 0.09675, "map_at_1": 0.01715, "map_at_3": 0.02396, "map_at_5": 0.0267, "map_at_10": 0.02867, "map_at_20": 0.03058, "map_at_100": 0.03306, "map_at_200": 0.0336, "map_at_300": 0.03378, "map_at_500": 0.03397, "map_at_1000": 0.03415, "recall_at_1": 0.01715, "recall_at_3": 0.03172, "recall_at_5": 0.04247, "recall_at_10": 0.05587, "recall_at_20": 0.08156, "recall_at_100": 0.17589, "recall_at_200": 0.23534, "recall_at_300": 0.27143, "recall_at_500": 0.32896, "recall_at_1000": 0.41898, "precision_at_1": 0.02229, "precision_at_3": 0.01529, "precision_at_5": 0.01287, "precision_at_10": 0.0093, "precision_at_20": 0.00704, "precision_at_100": 0.0031, "precision_at_200": 0.00216, "precision_at_300": 0.00168, "precision_at_500": 0.00125, "precision_at_1000": 0.00083, "mrr_at_1": 0.02229, "mrr_at_3": 0.03185, "mrr_at_5": 0.03519, "mrr_at_10": 0.03809, "mrr_at_20": 0.0405, "mrr_at_100": 0.04302, "mrr_at_200": 0.04354, "mrr_at_300": 0.04371, "mrr_at_500": 0.04388, "mrr_at_1000": 0.04401, "rc_at_1": {"relevant": 0.0, "distractor": 0.0}, "rc_at_3": {"relevant": 0.0, "distractor": 0.0}, "rc_at_5": {"relevant": 0.0, "distractor": 0.0}, "rc_at_10": {"relevant": 0.0, "distractor": 0.0}, "rc_at_20": {"relevant": 0.0, "distractor": 0.0}, "rc_at_100": {"relevant": 0.0, "distractor": 0.0}, "rc_at_200": {"relevant": 0.0, "distractor": 0.0}, "rc_at_300": {"relevant": 0.0, "distractor": 0.0}, "rc_at_500": {"relevant": 0.0, "distractor": 0.0}, "rc_at_1000": {"relevant": 0.0, "distractor": 0.0}}