{"ndcg_at_1": 0.03077, "ndcg_at_3": 0.01899, "ndcg_at_5": 0.02047, "ndcg_at_10": 0.01867, "ndcg_at_20": 0.03581, "ndcg_at_100": 0.06142, "ndcg_at_200": 0.0829, "ndcg_at_300": 0.0995, "ndcg_at_500": 0.11881, "ndcg_at_1000": 0.16268, "map_at_1": 0.00308, "map_at_3": 0.00385, "map_at_5": 0.005, "map_at_10": 0.00615, "map_at_20": 0.00886, "map_at_100": 0.01137, "map_at_200": 0.01268, "map_at_300": 0.01355, "map_at_500": 0.01438, "map_at_1000": 0.01564, "recall_at_1": 0.00308, "recall_at_3": 0.00462, "recall_at_5": 0.00923, "recall_at_10": 0.01692, "recall_at_20": 0.04769, "recall_at_100": 0.11385, "recall_at_200": 0.18462, "recall_at_300": 0.24462, "recall_at_500": 0.32, "recall_at_1000": 0.51077, "precision_at_1": 0.03077, "precision_at_3": 0.01538, "precision_at_5": 0.01846, "precision_at_10": 0.01692, "precision_at_20": 0.02385, "precision_at_100": 0.01138, "precision_at_200": 0.00923, "precision_at_300": 0.00815, "precision_at_500": 0.0064, "precision_at_1000": 0.00511, "mrr_at_1": 0.04615, "mrr_at_3": 0.07436, "mrr_at_5": 0.08205, "mrr_at_10": 0.09408, "mrr_at_20": 0.1067, "mrr_at_100": 0.11285, "mrr_at_200": 0.11347, "mrr_at_300": 0.11375, "mrr_at_500": 0.11393, "mrr_at_1000": 0.11395, "rc_at_1": {"relevant": 0.04615, "distractor": 0.26154}, "rc_at_3": {"relevant": 0.10769, "distractor": 0.76923}, "rc_at_5": {"relevant": 0.13846, "distractor": 1.23077}, "rc_at_10": {"relevant": 0.29231, "distractor": 2.18462}, "rc_at_20": {"relevant": 0.58462, "distractor": 4.15385}, "rc_at_100": {"relevant": 1.38462, "distractor": 14.23077}, "rc_at_200": {"relevant": 1.96923, "distractor": 21.84615}, "rc_at_300": {"relevant": 2.73846, "distractor": 27.66154}, "rc_at_500": {"relevant": 3.69231, "distractor": 36.89231}, "rc_at_1000": {"relevant": 5.10769, "distractor": 50.75385}}