{"ndcg_at_1": 0.0, "ndcg_at_3": 0.00965, "ndcg_at_5": 0.00936, "ndcg_at_10": 0.00607, "ndcg_at_20": 0.00607, "ndcg_at_100": 0.01311, "ndcg_at_200": 0.01693, "ndcg_at_300": 0.01895, "ndcg_at_500": 0.02311, "ndcg_at_1000": 0.03727, "map_at_1": 0.0, "map_at_3": 0.00152, "map_at_5": 0.00188, "map_at_10": 0.00188, "map_at_20": 0.00188, "map_at_100": 0.00239, "map_at_200": 0.00251, "map_at_300": 0.00256, "map_at_500": 0.00267, "map_at_1000": 0.00287, "recall_at_1": 0.0, "recall_at_3": 0.00364, "recall_at_5": 0.00545, "recall_at_10": 0.00545, "recall_at_20": 0.00545, "recall_at_100": 0.02364, "recall_at_200": 0.03636, "recall_at_300": 0.04364, "recall_at_500": 0.06, "recall_at_1000": 0.12182, "precision_at_1": 0.0, "precision_at_3": 0.01212, "precision_at_5": 0.01091, "precision_at_10": 0.00545, "precision_at_20": 0.00273, "precision_at_100": 0.00236, "precision_at_200": 0.00182, "precision_at_300": 0.00145, "precision_at_500": 0.0012, "precision_at_1000": 0.00122, "mrr_at_1": 0.0, "mrr_at_3": 0.01818, "mrr_at_5": 0.02636, "mrr_at_10": 0.02896, "mrr_at_20": 0.03229, "mrr_at_100": 0.03679, "mrr_at_200": 0.03716, "mrr_at_300": 0.03723, "mrr_at_500": 0.03741, "mrr_at_1000": 0.03748, "rc_at_1": {"relevant": 0.0, "distractor": 0.09091}, "rc_at_3": {"relevant": 0.03636, "distractor": 0.29091}, "rc_at_5": {"relevant": 0.07273, "distractor": 0.41818}, "rc_at_10": {"relevant": 0.12727, "distractor": 0.65455}, "rc_at_20": {"relevant": 0.18182, "distractor": 0.90909}, "rc_at_100": {"relevant": 0.45455, "distractor": 2.30909}, "rc_at_200": {"relevant": 0.52727, "distractor": 3.21818}, "rc_at_300": {"relevant": 0.65455, "distractor": 4.05455}, "rc_at_500": {"relevant": 0.92727, "distractor": 5.01818}, "rc_at_1000": {"relevant": 1.23636, "distractor": 7.18182}}