{"ndcg_at_1": 0.40629, "ndcg_at_3": 0.47627, "ndcg_at_5": 0.50041, "ndcg_at_10": 0.51928, "ndcg_at_20": 0.53823, "ndcg_at_100": 0.56859, "ndcg_at_200": 0.57532, "ndcg_at_300": 0.57908, "ndcg_at_500": 0.58237, "ndcg_at_1000": 0.58628, "map_at_1": 0.33293, "map_at_3": 0.42399, "map_at_5": 0.44528, "map_at_10": 0.45703, "map_at_20": 0.46456, "map_at_100": 0.47107, "map_at_200": 0.47167, "map_at_300": 0.47188, "map_at_500": 0.47204, "map_at_1000": 0.47215, "recall_at_1": 0.33293, "recall_at_3": 0.50893, "recall_at_5": 0.5783, "recall_at_10": 0.63728, "recall_at_20": 0.70319, "recall_at_100": 0.84027, "recall_at_200": 0.87848, "recall_at_300": 0.90399, "recall_at_500": 0.92561, "recall_at_1000": 0.95507, "precision_at_1": 0.40629, "precision_at_3": 0.22938, "precision_at_5": 0.16423, "precision_at_10": 0.09714, "precision_at_20": 0.05694, "precision_at_100": 0.01504, "precision_at_200": 0.00818, "precision_at_300": 0.00568, "precision_at_500": 0.00359, "precision_at_1000": 0.00192, "mrr_at_1": 0.40629, "mrr_at_3": 0.49189, "mrr_at_5": 0.50756, "mrr_at_10": 0.51433, "mrr_at_20": 0.51894, "mrr_at_100": 0.52161, "mrr_at_200": 0.52183, "mrr_at_300": 0.52192, "mrr_at_500": 0.52195, "mrr_at_1000": 0.52199, "rc_at_1": {"relevant": 0.0, "distractor": 0.0}, "rc_at_3": {"relevant": 0.0, "distractor": 0.0}, "rc_at_5": {"relevant": 0.0, "distractor": 0.0}, "rc_at_10": {"relevant": 0.0, "distractor": 0.0}, "rc_at_20": {"relevant": 0.0, "distractor": 0.0}, "rc_at_100": {"relevant": 0.0, "distractor": 0.0}, "rc_at_200": {"relevant": 0.0, "distractor": 0.0}, "rc_at_300": {"relevant": 0.0, "distractor": 0.0}, "rc_at_500": {"relevant": 0.0, "distractor": 0.0}, "rc_at_1000": {"relevant": 0.0, "distractor": 0.0}}