{"ndcg_at_1": 0.82553, "ndcg_at_3": 0.85962, "ndcg_at_5": 0.86752, "ndcg_at_10": 0.87429, "ndcg_at_20": 0.87774, "ndcg_at_100": 0.88151, "ndcg_at_200": 0.88251, "ndcg_at_300": 0.88291, "ndcg_at_500": 0.88351, "ndcg_at_1000": 0.88396, "map_at_1": 0.76559, "map_at_3": 0.82996, "map_at_5": 0.83607, "map_at_10": 0.83963, "map_at_20": 0.84085, "map_at_100": 0.84159, "map_at_200": 0.84167, "map_at_300": 0.84169, "map_at_500": 0.84171, "map_at_1000": 0.84172, "recall_at_1": 0.76559, "recall_at_3": 0.89268, "recall_at_5": 0.91392, "recall_at_10": 0.93435, "recall_at_20": 0.94647, "recall_at_100": 0.96335, "recall_at_200": 0.96917, "recall_at_300": 0.97164, "recall_at_500": 0.97572, "recall_at_1000": 0.97878, "precision_at_1": 0.82553, "precision_at_3": 0.32568, "precision_at_5": 0.20111, "precision_at_10": 0.1035, "precision_at_20": 0.05275, "precision_at_100": 0.0109, "precision_at_200": 0.00552, "precision_at_300": 0.0037, "precision_at_500": 0.00224, "precision_at_1000": 0.00113, "mrr_at_1": 0.82538, "mrr_at_3": 0.88139, "mrr_at_5": 0.88542, "mrr_at_10": 0.88764, "mrr_at_20": 0.88821, "mrr_at_100": 0.88844, "mrr_at_200": 0.88845, "mrr_at_300": 0.88845, "mrr_at_500": 0.88846, "mrr_at_1000": 0.88846, "rc_at_1": {"relevant": 0.0, "distractor": 0.0}, "rc_at_3": {"relevant": 0.0, "distractor": 0.0}, "rc_at_5": {"relevant": 0.0, "distractor": 0.0}, "rc_at_10": {"relevant": 0.0, "distractor": 0.0}, "rc_at_20": {"relevant": 0.0, "distractor": 0.0}, "rc_at_100": {"relevant": 0.0, "distractor": 0.0}, "rc_at_200": {"relevant": 0.0, "distractor": 0.0}, "rc_at_300": {"relevant": 0.0, "distractor": 0.0}, "rc_at_500": {"relevant": 0.0, "distractor": 0.0}, "rc_at_1000": {"relevant": 0.0, "distractor": 0.0}}