{"ndcg_at_1": 0.01629, "ndcg_at_3": 0.01367, "ndcg_at_5": 0.01584, "ndcg_at_10": 0.01926, "ndcg_at_20": 0.02215, "ndcg_at_100": 0.03035, "ndcg_at_200": 0.03337, "ndcg_at_300": 0.03582, "ndcg_at_500": 0.03876, "ndcg_at_1000": 0.04336, "map_at_1": 0.0073, "map_at_3": 0.00942, "map_at_5": 0.01067, "map_at_10": 0.01182, "map_at_20": 0.01248, "map_at_100": 0.01335, "map_at_200": 0.01349, "map_at_300": 0.01356, "map_at_500": 0.01363, "map_at_1000": 0.01369, "recall_at_1": 0.0073, "recall_at_3": 0.01237, "recall_at_5": 0.01809, "recall_at_10": 0.02666, "recall_at_20": 0.03556, "recall_at_100": 0.07078, "recall_at_200": 0.08646, "recall_at_300": 0.10129, "recall_at_500": 0.1201, "recall_at_1000": 0.15283, "precision_at_1": 0.01629, "precision_at_3": 0.01021, "precision_at_5": 0.0086, "precision_at_10": 0.00625, "precision_at_20": 0.00417, "precision_at_100": 0.00173, "precision_at_200": 0.00109, "precision_at_300": 0.00085, "precision_at_500": 0.00061, "precision_at_1000": 0.00039, "mrr_at_1": 0.01629, "mrr_at_3": 0.02226, "mrr_at_5": 0.0247, "mrr_at_10": 0.02709, "mrr_at_20": 0.02846, "mrr_at_100": 0.03014, "mrr_at_200": 0.0304, "mrr_at_300": 0.03052, "mrr_at_500": 0.03062, "mrr_at_1000": 0.0307, "rc_at_1": {"relevant": 0.0, "distractor": 0.0}, "rc_at_3": {"relevant": 0.0, "distractor": 0.0}, "rc_at_5": {"relevant": 0.0, "distractor": 0.0}, "rc_at_10": {"relevant": 0.0, "distractor": 0.0}, "rc_at_20": {"relevant": 0.0, "distractor": 0.0}, "rc_at_100": {"relevant": 0.0, "distractor": 0.0}, "rc_at_200": {"relevant": 0.0, "distractor": 0.0}, "rc_at_300": {"relevant": 0.0, "distractor": 0.0}, "rc_at_500": {"relevant": 0.0, "distractor": 0.0}, "rc_at_1000": {"relevant": 0.0, "distractor": 0.0}}