{"ndcg_at_1": 0.45062, "ndcg_at_3": 0.40547, "ndcg_at_5": 0.41626, "ndcg_at_10": 0.44541, "ndcg_at_20": 0.47416, "ndcg_at_100": 0.51841, "ndcg_at_200": 0.53071, "ndcg_at_300": 0.53569, "ndcg_at_500": 0.5406, "ndcg_at_1000": 0.54414, "map_at_1": 0.22129, "map_at_3": 0.31581, "map_at_5": 0.3411, "map_at_10": 0.36489, "map_at_20": 0.37651, "map_at_100": 0.3861, "map_at_200": 0.38719, "map_at_300": 0.38746, "map_at_500": 0.38767, "map_at_1000": 0.38778, "recall_at_1": 0.22129, "recall_at_3": 0.35995, "recall_at_5": 0.42408, "recall_at_10": 0.51287, "recall_at_20": 0.60185, "recall_at_100": 0.78193, "recall_at_200": 0.84883, "recall_at_300": 0.87977, "recall_at_500": 0.91158, "recall_at_1000": 0.93541, "precision_at_1": 0.45062, "precision_at_3": 0.27418, "precision_at_5": 0.20062, "precision_at_10": 0.1267, "precision_at_20": 0.07562, "precision_at_100": 0.02017, "precision_at_200": 0.01099, "precision_at_300": 0.00759, "precision_at_500": 0.00474, "precision_at_1000": 0.00245, "mrr_at_1": 0.45216, "mrr_at_3": 0.50694, "mrr_at_5": 0.52068, "mrr_at_10": 0.53015, "mrr_at_20": 0.53523, "mrr_at_100": 0.53856, "mrr_at_200": 0.53881, "mrr_at_300": 0.53889, "mrr_at_500": 0.53892, "mrr_at_1000": 0.53893, "rc_at_1": {"relevant": 0.0, "distractor": 0.0}, "rc_at_3": {"relevant": 0.0, "distractor": 0.0}, "rc_at_5": {"relevant": 0.0, "distractor": 0.0}, "rc_at_10": {"relevant": 0.0, "distractor": 0.0}, "rc_at_20": {"relevant": 0.0, "distractor": 0.0}, "rc_at_100": {"relevant": 0.0, "distractor": 0.0}, "rc_at_200": {"relevant": 0.0, "distractor": 0.0}, "rc_at_300": {"relevant": 0.0, "distractor": 0.0}, "rc_at_500": {"relevant": 0.0, "distractor": 0.0}, "rc_at_1000": {"relevant": 0.0, "distractor": 0.0}}