{"ndcg_at_1": 0.03503, "ndcg_at_3": 0.04841, "ndcg_at_5": 0.05291, "ndcg_at_10": 0.05902, "ndcg_at_20": 0.06794, "ndcg_at_100": 0.08896, "ndcg_at_200": 0.09819, "ndcg_at_300": 0.10421, "ndcg_at_500": 0.11411, "ndcg_at_1000": 0.12524, "map_at_1": 0.03107, "map_at_3": 0.04303, "map_at_5": 0.04549, "map_at_10": 0.04795, "map_at_20": 0.05043, "map_at_100": 0.05307, "map_at_200": 0.05354, "map_at_300": 0.05375, "map_at_500": 0.05397, "map_at_1000": 0.05413, "recall_at_1": 0.03107, "recall_at_3": 0.05769, "recall_at_5": 0.06899, "recall_at_10": 0.08801, "recall_at_20": 0.12175, "recall_at_100": 0.23534, "recall_at_200": 0.30026, "recall_at_300": 0.34547, "recall_at_500": 0.42906, "recall_at_1000": 0.52939, "precision_at_1": 0.03503, "precision_at_3": 0.02335, "precision_at_5": 0.0165, "precision_at_10": 0.01028, "precision_at_20": 0.00718, "precision_at_100": 0.00276, "precision_at_200": 0.00174, "precision_at_300": 0.00136, "precision_at_500": 0.001, "precision_at_1000": 0.00062, "mrr_at_1": 0.03277, "mrr_at_3": 0.04331, "mrr_at_5": 0.04755, "mrr_at_10": 0.05094, "mrr_at_20": 0.0538, "mrr_at_100": 0.05634, "mrr_at_200": 0.05684, "mrr_at_300": 0.05709, "mrr_at_500": 0.05725, "mrr_at_1000": 0.05741, "rc_at_1": {"relevant": 0.0, "distractor": 0.0}, "rc_at_3": {"relevant": 0.0, "distractor": 0.0}, "rc_at_5": {"relevant": 0.0, "distractor": 0.0}, "rc_at_10": {"relevant": 0.0, "distractor": 0.0}, "rc_at_20": {"relevant": 0.0, "distractor": 0.0}, "rc_at_100": {"relevant": 0.0, "distractor": 0.0}, "rc_at_200": {"relevant": 0.0, "distractor": 0.0}, "rc_at_300": {"relevant": 0.0, "distractor": 0.0}, "rc_at_500": {"relevant": 0.0, "distractor": 0.0}, "rc_at_1000": {"relevant": 0.0, "distractor": 0.0}}