{"ndcg_at_1": 0.07338, "ndcg_at_3": 0.08322, "ndcg_at_5": 0.09223, "ndcg_at_10": 0.10786, "ndcg_at_20": 0.12071, "ndcg_at_100": 0.14745, "ndcg_at_200": 0.16048, "ndcg_at_300": 0.16727, "ndcg_at_500": 0.17573, "ndcg_at_1000": 0.18695, "map_at_1": 0.05655, "map_at_3": 0.07305, "map_at_5": 0.07805, "map_at_10": 0.08451, "map_at_20": 0.0879, "map_at_100": 0.09154, "map_at_200": 0.09228, "map_at_300": 0.09254, "map_at_500": 0.09275, "map_at_1000": 0.09293, "recall_at_1": 0.05655, "recall_at_3": 0.0919, "recall_at_5": 0.11346, "recall_at_10": 0.16152, "recall_at_20": 0.20818, "recall_at_100": 0.3419, "recall_at_200": 0.42654, "recall_at_300": 0.47435, "recall_at_500": 0.53996, "recall_at_1000": 0.63456, "precision_at_1": 0.07338, "precision_at_3": 0.04022, "precision_at_5": 0.03085, "precision_at_10": 0.02127, "precision_at_20": 0.01418, "precision_at_100": 0.00488, "precision_at_200": 0.00308, "precision_at_300": 0.00232, "precision_at_500": 0.0016, "precision_at_1000": 0.00096, "mrr_at_1": 0.07338, "mrr_at_3": 0.09245, "mrr_at_5": 0.09936, "mrr_at_10": 0.1064, "mrr_at_20": 0.1104, "mrr_at_100": 0.11405, "mrr_at_200": 0.11468, "mrr_at_300": 0.11488, "mrr_at_500": 0.11504, "mrr_at_1000": 0.11517, "rc_at_1": {"relevant": 0.0, "distractor": 0.0}, "rc_at_3": {"relevant": 0.0, "distractor": 0.0}, "rc_at_5": {"relevant": 0.0, "distractor": 0.0}, "rc_at_10": {"relevant": 0.0, "distractor": 0.0}, "rc_at_20": {"relevant": 0.0, "distractor": 0.0}, "rc_at_100": {"relevant": 0.0, "distractor": 0.0}, "rc_at_200": {"relevant": 0.0, "distractor": 0.0}, "rc_at_300": {"relevant": 0.0, "distractor": 0.0}, "rc_at_500": {"relevant": 0.0, "distractor": 0.0}, "rc_at_1000": {"relevant": 0.0, "distractor": 0.0}}