{"ndcg_at_1": 0.38776, "ndcg_at_3": 0.29635, "ndcg_at_5": 0.27073, "ndcg_at_10": 0.25463, "ndcg_at_20": 0.26117, "ndcg_at_100": 0.36735, "ndcg_at_200": 0.39961, "ndcg_at_300": 0.42472, "ndcg_at_500": 0.45735, "ndcg_at_1000": 0.48777, "map_at_1": 0.03067, "map_at_3": 0.05221, "map_at_5": 0.07114, "map_at_10": 0.09789, "map_at_20": 0.12126, "map_at_100": 0.15722, "map_at_200": 0.16335, "map_at_300": 0.16654, "map_at_500": 0.16967, "map_at_1000": 0.1721, "recall_at_1": 0.03067, "recall_at_3": 0.06439, "recall_at_5": 0.09629, "recall_at_10": 0.15948, "recall_at_20": 0.23096, "recall_at_100": 0.45984, "recall_at_200": 0.54513, "recall_at_300": 0.61697, "recall_at_500": 0.71912, "recall_at_1000": 0.83519, "precision_at_1": 0.40816, "precision_at_3": 0.28571, "precision_at_5": 0.25306, "precision_at_10": 0.21429, "precision_at_20": 0.16429, "precision_at_100": 0.07347, "precision_at_200": 0.0451, "precision_at_300": 0.03524, "precision_at_500": 0.02555, "precision_at_1000": 0.01524, "mrr_at_1": 0.38776, "mrr_at_3": 0.5068, "mrr_at_5": 0.51701, "mrr_at_10": 0.53168, "mrr_at_20": 0.53511, "mrr_at_100": 0.53855, "mrr_at_200": 0.53875, "mrr_at_300": 0.53875, "mrr_at_500": 0.5388, "mrr_at_1000": 0.5388, "rc_at_1": {"relevant": 0.0, "distractor": 0.0}, "rc_at_3": {"relevant": 0.0, "distractor": 0.0}, "rc_at_5": {"relevant": 0.0, "distractor": 0.0}, "rc_at_10": {"relevant": 0.0, "distractor": 0.0}, "rc_at_20": {"relevant": 0.0, "distractor": 0.0}, "rc_at_100": {"relevant": 0.0, "distractor": 0.0}, "rc_at_200": {"relevant": 0.0, "distractor": 0.0}, "rc_at_300": {"relevant": 0.0, "distractor": 0.0}, "rc_at_500": {"relevant": 0.0, "distractor": 0.0}, "rc_at_1000": {"relevant": 0.0, "distractor": 0.0}}