{"ndcg_at_1": 0.25322, "ndcg_at_3": 0.2902, "ndcg_at_5": 0.30896, "ndcg_at_10": 0.3368, "ndcg_at_20": 0.35794, "ndcg_at_100": 0.39236, "ndcg_at_200": 0.40345, "ndcg_at_300": 0.40981, "ndcg_at_500": 0.41482, "ndcg_at_1000": 0.42149, "map_at_1": 0.20694, "map_at_3": 0.25708, "map_at_5": 0.27218, "map_at_10": 0.28556, "map_at_20": 0.2925, "map_at_100": 0.29802, "map_at_200": 0.29877, "map_at_300": 0.29909, "map_at_500": 0.29927, "map_at_1000": 0.29942, "recall_at_1": 0.20694, "recall_at_3": 0.30955, "recall_at_5": 0.36068, "recall_at_10": 0.44508, "recall_at_20": 0.51934, "recall_at_100": 0.68718, "recall_at_200": 0.75337, "recall_at_300": 0.79546, "recall_at_500": 0.83031, "recall_at_1000": 0.88139, "precision_at_1": 0.25322, "precision_at_3": 0.13686, "precision_at_5": 0.10014, "precision_at_10": 0.06452, "precision_at_20": 0.03977, "precision_at_100": 0.01126, "precision_at_200": 0.00645, "precision_at_300": 0.00467, "precision_at_500": 0.00302, "precision_at_1000": 0.00167, "mrr_at_1": 0.25751, "mrr_at_3": 0.31092, "mrr_at_5": 0.32387, "mrr_at_10": 0.33591, "mrr_at_20": 0.34139, "mrr_at_100": 0.34505, "mrr_at_200": 0.34554, "mrr_at_300": 0.34566, "mrr_at_500": 0.34575, "mrr_at_1000": 0.3458, "rc_at_1": {"relevant": 0.0, "distractor": 0.0}, "rc_at_3": {"relevant": 0.0, "distractor": 0.0}, "rc_at_5": {"relevant": 0.0, "distractor": 0.0}, "rc_at_10": {"relevant": 0.0, "distractor": 0.0}, "rc_at_20": {"relevant": 0.0, "distractor": 0.0}, "rc_at_100": {"relevant": 0.0, "distractor": 0.0}, "rc_at_200": {"relevant": 0.0, "distractor": 0.0}, "rc_at_300": {"relevant": 0.0, "distractor": 0.0}, "rc_at_500": {"relevant": 0.0, "distractor": 0.0}, "rc_at_1000": {"relevant": 0.0, "distractor": 0.0}}