{"ndcg_at_1": 0.62, "ndcg_at_3": 0.56458, "ndcg_at_5": 0.55091, "ndcg_at_10": 0.53117, "ndcg_at_20": 0.50845, "ndcg_at_100": 0.42202, "ndcg_at_200": 0.35861, "ndcg_at_300": 0.33828, "ndcg_at_500": 0.3388, "ndcg_at_1000": 0.39049, "map_at_1": 0.00198, "map_at_3": 0.00487, "map_at_5": 0.00742, "map_at_10": 0.01222, "map_at_20": 0.02099, "map_at_100": 0.06963, "map_at_200": 0.09925, "map_at_300": 0.11729, "map_at_500": 0.13835, "map_at_1000": 0.1626, "recall_at_1": 0.00198, "recall_at_3": 0.00537, "recall_at_5": 0.00858, "recall_at_10": 0.01515, "recall_at_20": 0.02778, "recall_at_100": 0.10728, "recall_at_200": 0.16557, "recall_at_300": 0.21026, "recall_at_500": 0.27341, "recall_at_1000": 0.37088, "precision_at_1": 0.7, "precision_at_3": 0.62667, "precision_at_5": 0.6, "precision_at_10": 0.566, "precision_at_20": 0.543, "precision_at_100": 0.4362, "precision_at_200": 0.351, "precision_at_300": 0.30567, "precision_at_500": 0.2446, "precision_at_1000": 0.17064, "mrr_at_1": 0.7, "mrr_at_3": 0.80333, "mrr_at_5": 0.80333, "mrr_at_10": 0.81, "mrr_at_20": 0.81182, "mrr_at_100": 0.81182, "mrr_at_200": 0.81182, "mrr_at_300": 0.81182, "mrr_at_500": 0.81182, "mrr_at_1000": 0.81182, "rc_at_1": {"relevant": 0.0, "distractor": 0.0}, "rc_at_3": {"relevant": 0.0, "distractor": 0.0}, "rc_at_5": {"relevant": 0.0, "distractor": 0.0}, "rc_at_10": {"relevant": 0.0, "distractor": 0.0}, "rc_at_20": {"relevant": 0.0, "distractor": 0.0}, "rc_at_100": {"relevant": 0.0, "distractor": 0.0}, "rc_at_200": {"relevant": 0.0, "distractor": 0.0}, "rc_at_300": {"relevant": 0.0, "distractor": 0.0}, "rc_at_500": {"relevant": 0.0, "distractor": 0.0}, "rc_at_1000": {"relevant": 0.0, "distractor": 0.0}}