{"ndcg_at_1": 0.01067, "ndcg_at_3": 0.05691, "ndcg_at_5": 0.07848, "ndcg_at_10": 0.10554, "ndcg_at_20": 0.12748, "ndcg_at_100": 0.16933, "ndcg_at_200": 0.18498, "ndcg_at_300": 0.19195, "ndcg_at_500": 0.20154, "ndcg_at_1000": 0.21365, "map_at_1": 0.01067, "map_at_3": 0.04516, "map_at_5": 0.05708, "map_at_10": 0.06819, "map_at_20": 0.07431, "map_at_100": 0.07986, "map_at_200": 0.08067, "map_at_300": 0.0809, "map_at_500": 0.08111, "map_at_1000": 0.08127, "recall_at_1": 0.01067, "recall_at_3": 0.09104, "recall_at_5": 0.14367, "recall_at_10": 0.2276, "recall_at_20": 0.31366, "recall_at_100": 0.54267, "recall_at_200": 0.65434, "recall_at_300": 0.70982, "recall_at_500": 0.79232, "recall_at_1000": 0.90825, "precision_at_1": 0.01067, "precision_at_3": 0.03035, "precision_at_5": 0.02873, "precision_at_10": 0.02276, "precision_at_20": 0.01568, "precision_at_100": 0.00543, "precision_at_200": 0.00327, "precision_at_300": 0.00237, "precision_at_500": 0.00158, "precision_at_1000": 0.00091, "mrr_at_1": 0.00569, "mrr_at_3": 0.05607, "mrr_at_5": 0.07321, "mrr_at_10": 0.08518, "mrr_at_20": 0.09112, "mrr_at_100": 0.09717, "mrr_at_200": 0.09781, "mrr_at_300": 0.09804, "mrr_at_500": 0.09821, "mrr_at_1000": 0.09831, "rc_at_1": {"relevant": 0.0, "distractor": 0.0}, "rc_at_3": {"relevant": 0.0, "distractor": 0.0}, "rc_at_5": {"relevant": 0.0, "distractor": 0.0}, "rc_at_10": {"relevant": 0.0, "distractor": 0.0}, "rc_at_20": {"relevant": 0.0, "distractor": 0.0}, "rc_at_100": {"relevant": 0.0, "distractor": 0.0}, "rc_at_200": {"relevant": 0.0, "distractor": 0.0}, "rc_at_300": {"relevant": 0.0, "distractor": 0.0}, "rc_at_500": {"relevant": 0.0, "distractor": 0.0}, "rc_at_1000": {"relevant": 0.0, "distractor": 0.0}}