{"ndcg_at_1": 0.1107, "ndcg_at_3": 0.14218, "ndcg_at_5": 0.16099, "ndcg_at_10": 0.17959, "ndcg_at_20": 0.19433, "ndcg_at_100": 0.22597, "ndcg_at_200": 0.23819, "ndcg_at_300": 0.24422, "ndcg_at_500": 0.25189, "ndcg_at_1000": 0.26251, "map_at_1": 0.08436, "map_at_3": 0.12186, "map_at_5": 0.13325, "map_at_10": 0.1411, "map_at_20": 0.14525, "map_at_100": 0.1497, "map_at_200": 0.15045, "map_at_300": 0.15068, "map_at_500": 0.15088, "map_at_1000": 0.15107, "recall_at_1": 0.08436, "recall_at_3": 0.16424, "recall_at_5": 0.21121, "recall_at_10": 0.26903, "recall_at_20": 0.32157, "recall_at_100": 0.47878, "recall_at_200": 0.55594, "recall_at_300": 0.59872, "recall_at_500": 0.65651, "recall_at_1000": 0.74436, "precision_at_1": 0.1107, "precision_at_3": 0.0709, "precision_at_5": 0.05498, "precision_at_10": 0.03445, "precision_at_20": 0.02146, "precision_at_100": 0.00682, "precision_at_200": 0.00407, "precision_at_300": 0.00295, "precision_at_500": 0.00198, "precision_at_1000": 0.00115, "mrr_at_1": 0.11194, "mrr_at_3": 0.15257, "mrr_at_5": 0.16551, "mrr_at_10": 0.17439, "mrr_at_20": 0.17852, "mrr_at_100": 0.18255, "mrr_at_200": 0.18305, "mrr_at_300": 0.18321, "mrr_at_500": 0.18336, "mrr_at_1000": 0.18347, "rc_at_1": {"relevant": 0.0, "distractor": 0.0}, "rc_at_3": {"relevant": 0.0, "distractor": 0.0}, "rc_at_5": {"relevant": 0.0, "distractor": 0.0}, "rc_at_10": {"relevant": 0.0, "distractor": 0.0}, "rc_at_20": {"relevant": 0.0, "distractor": 0.0}, "rc_at_100": {"relevant": 0.0, "distractor": 0.0}, "rc_at_200": {"relevant": 0.0, "distractor": 0.0}, "rc_at_300": {"relevant": 0.0, "distractor": 0.0}, "rc_at_500": {"relevant": 0.0, "distractor": 0.0}, "rc_at_1000": {"relevant": 0.0, "distractor": 0.0}}