{"ndcg_at_1": 0.18169, "ndcg_at_3": 0.22711, "ndcg_at_5": 0.24779, "ndcg_at_10": 0.27477, "ndcg_at_20": 0.29697, "ndcg_at_100": 0.33464, "ndcg_at_200": 0.3471, "ndcg_at_300": 0.35218, "ndcg_at_500": 0.35887, "ndcg_at_1000": 0.36508, "map_at_1": 0.151, "map_at_3": 0.20001, "map_at_5": 0.2134, "map_at_10": 0.2257, "map_at_20": 0.23246, "map_at_100": 0.23827, "map_at_200": 0.23907, "map_at_300": 0.2393, "map_at_500": 0.23951, "map_at_1000": 0.23964, "recall_at_1": 0.151, "recall_at_3": 0.25715, "recall_at_5": 0.31019, "recall_at_10": 0.39047, "recall_at_20": 0.47256, "recall_at_100": 0.65762, "recall_at_200": 0.73679, "recall_at_300": 0.77162, "recall_at_500": 0.82147, "recall_at_1000": 0.87162, "precision_at_1": 0.18169, "precision_at_3": 0.10817, "precision_at_5": 0.07983, "precision_at_10": 0.05182, "precision_at_20": 0.03212, "precision_at_100": 0.00968, "precision_at_200": 0.00559, "precision_at_300": 0.00397, "precision_at_500": 0.0026, "precision_at_1000": 0.00142, "mrr_at_1": 0.18169, "mrr_at_3": 0.23474, "mrr_at_5": 0.2483, "mrr_at_10": 0.25958, "mrr_at_20": 0.26548, "mrr_at_100": 0.27013, "mrr_at_200": 0.27066, "mrr_at_300": 0.27079, "mrr_at_500": 0.2709, "mrr_at_1000": 0.27096, "rc_at_1": {"relevant": 0.0, "distractor": 0.0}, "rc_at_3": {"relevant": 0.0, "distractor": 0.0}, "rc_at_5": {"relevant": 0.0, "distractor": 0.0}, "rc_at_10": {"relevant": 0.0, "distractor": 0.0}, "rc_at_20": {"relevant": 0.0, "distractor": 0.0}, "rc_at_100": {"relevant": 0.0, "distractor": 0.0}, "rc_at_200": {"relevant": 0.0, "distractor": 0.0}, "rc_at_300": {"relevant": 0.0, "distractor": 0.0}, "rc_at_500": {"relevant": 0.0, "distractor": 0.0}, "rc_at_1000": {"relevant": 0.0, "distractor": 0.0}}