{"ndcg_at_1": 0.47692, "ndcg_at_3": 0.36811, "ndcg_at_5": 0.32577, "ndcg_at_10": 0.25404, "ndcg_at_20": 0.29218, "ndcg_at_100": 0.38894, "ndcg_at_200": 0.4145, "ndcg_at_300": 0.42431, "ndcg_at_500": 0.43371, "ndcg_at_1000": 0.44733, "map_at_1": 0.04769, "map_at_3": 0.09282, "map_at_5": 0.12174, "map_at_10": 0.14944, "map_at_20": 0.16806, "map_at_100": 0.19543, "map_at_200": 0.19918, "map_at_300": 0.20021, "map_at_500": 0.20078, "map_at_1000": 0.20131, "recall_at_1": 0.04769, "recall_at_3": 0.10154, "recall_at_5": 0.14462, "recall_at_10": 0.20462, "recall_at_20": 0.27385, "recall_at_100": 0.51692, "recall_at_200": 0.6, "recall_at_300": 0.63538, "recall_at_500": 0.67231, "recall_at_1000": 0.73077, "precision_at_1": 0.47692, "precision_at_3": 0.33846, "precision_at_5": 0.28923, "precision_at_10": 0.20462, "precision_at_20": 0.13692, "precision_at_100": 0.05169, "precision_at_200": 0.03, "precision_at_300": 0.02118, "precision_at_500": 0.01345, "precision_at_1000": 0.00731, "mrr_at_1": 0.47692, "mrr_at_3": 0.52821, "mrr_at_5": 0.53897, "mrr_at_10": 0.54709, "mrr_at_20": 0.55294, "mrr_at_100": 0.55666, "mrr_at_200": 0.55666, "mrr_at_300": 0.55666, "mrr_at_500": 0.55666, "mrr_at_1000": 0.5567, "rc_at_1": {"relevant": 0.47692, "distractor": 0.4}, "rc_at_3": {"relevant": 1.01538, "distractor": 1.53846}, "rc_at_5": {"relevant": 1.44615, "distractor": 2.69231}, "rc_at_10": {"relevant": 2.04615, "distractor": 5.95385}, "rc_at_20": {"relevant": 2.73846, "distractor": 12.32308}, "rc_at_100": {"relevant": 5.16923, "distractor": 42.75385}, "rc_at_200": {"relevant": 6.0, "distractor": 54.90769}, "rc_at_300": {"relevant": 6.35385, "distractor": 60.04615}, "rc_at_500": {"relevant": 6.72308, "distractor": 66.12308}, "rc_at_1000": {"relevant": 7.30769, "distractor": 72.98462}}