{"ndcg_at_1": 0.18511, "ndcg_at_3": 0.23562, "ndcg_at_5": 0.26163, "ndcg_at_10": 0.28982, "ndcg_at_20": 0.31093, "ndcg_at_100": 0.34271, "ndcg_at_200": 0.35108, "ndcg_at_300": 0.35534, "ndcg_at_500": 0.35982, "ndcg_at_1000": 0.3654, "map_at_1": 0.16329, "map_at_3": 0.21519, "map_at_5": 0.22976, "map_at_10": 0.24188, "map_at_20": 0.24808, "map_at_100": 0.25274, "map_at_200": 0.25321, "map_at_300": 0.25336, "map_at_500": 0.25348, "map_at_1000": 0.25356, "recall_at_1": 0.16329, "recall_at_3": 0.27486, "recall_at_5": 0.33541, "recall_at_10": 0.41802, "recall_at_20": 0.49754, "recall_at_100": 0.66041, "recall_at_200": 0.71693, "recall_at_300": 0.74913, "recall_at_500": 0.78529, "recall_at_1000": 0.83534, "precision_at_1": 0.18511, "precision_at_3": 0.10612, "precision_at_5": 0.07833, "precision_at_10": 0.04939, "precision_at_20": 0.02958, "precision_at_100": 0.00791, "precision_at_200": 0.00431, "precision_at_300": 0.00301, "precision_at_500": 0.0019, "precision_at_1000": 0.00101, "mrr_at_1": 0.1854, "mrr_at_3": 0.23605, "mrr_at_5": 0.25105, "mrr_at_10": 0.26257, "mrr_at_20": 0.26795, "mrr_at_100": 0.27222, "mrr_at_200": 0.27261, "mrr_at_300": 0.27274, "mrr_at_500": 0.27282, "mrr_at_1000": 0.27289, "rc_at_1": {"relevant": 0.0, "distractor": 0.0}, "rc_at_3": {"relevant": 0.0, "distractor": 0.0}, "rc_at_5": {"relevant": 0.0, "distractor": 0.0}, "rc_at_10": {"relevant": 0.0, "distractor": 0.0}, "rc_at_20": {"relevant": 0.0, "distractor": 0.0}, "rc_at_100": {"relevant": 0.0, "distractor": 0.0}, "rc_at_200": {"relevant": 0.0, "distractor": 0.0}, "rc_at_300": {"relevant": 0.0, "distractor": 0.0}, "rc_at_500": {"relevant": 0.0, "distractor": 0.0}, "rc_at_1000": {"relevant": 0.0, "distractor": 0.0}}