{"ndcg_at_1": 0.01494, "ndcg_at_3": 0.17848, "ndcg_at_5": 0.23639, "ndcg_at_10": 0.31302, "ndcg_at_20": 0.35935, "ndcg_at_100": 0.38193, "ndcg_at_200": 0.38406, "ndcg_at_300": 0.38477, "ndcg_at_500": 0.38511, "ndcg_at_1000": 0.38526, "map_at_1": 0.01494, "map_at_3": 0.13774, "map_at_5": 0.16982, "map_at_10": 0.20133, "map_at_20": 0.2144, "map_at_100": 0.21792, "map_at_200": 0.21803, "map_at_300": 0.21806, "map_at_500": 0.21806, "map_at_1000": 0.21807, "recall_at_1": 0.01494, "recall_at_3": 0.29659, "recall_at_5": 0.43741, "recall_at_10": 0.67496, "recall_at_20": 0.85562, "recall_at_100": 0.97155, "recall_at_200": 0.98649, "recall_at_300": 0.99218, "recall_at_500": 0.99502, "recall_at_1000": 0.99644, "precision_at_1": 0.01494, "precision_at_3": 0.09886, "precision_at_5": 0.08748, "precision_at_10": 0.0675, "precision_at_20": 0.04278, "precision_at_100": 0.00972, "precision_at_200": 0.00493, "precision_at_300": 0.00331, "precision_at_500": 0.00199, "precision_at_1000": 0.001, "mrr_at_1": 0.01422, "mrr_at_3": 0.13774, "mrr_at_5": 0.16978, "mrr_at_10": 0.20128, "mrr_at_20": 0.21429, "mrr_at_100": 0.21783, "mrr_at_200": 0.21794, "mrr_at_300": 0.21796, "mrr_at_500": 0.21797, "mrr_at_1000": 0.21797, "rc_at_1": {"relevant": 0.0, "distractor": 0.0}, "rc_at_3": {"relevant": 0.0, "distractor": 0.0}, "rc_at_5": {"relevant": 0.0, "distractor": 0.0}, "rc_at_10": {"relevant": 0.0, "distractor": 0.0}, "rc_at_20": {"relevant": 0.0, "distractor": 0.0}, "rc_at_100": {"relevant": 0.0, "distractor": 0.0}, "rc_at_200": {"relevant": 0.0, "distractor": 0.0}, "rc_at_300": {"relevant": 0.0, "distractor": 0.0}, "rc_at_500": {"relevant": 0.0, "distractor": 0.0}, "rc_at_1000": {"relevant": 0.0, "distractor": 0.0}}