{"ndcg_at_1": 0.14437, "ndcg_at_3": 0.17083, "ndcg_at_5": 0.1854, "ndcg_at_10": 0.19606, "ndcg_at_20": 0.20826, "ndcg_at_100": 0.24143, "ndcg_at_200": 0.25226, "ndcg_at_300": 0.25876, "ndcg_at_500": 0.26637, "ndcg_at_1000": 0.27584, "map_at_1": 0.12492, "map_at_3": 0.15474, "map_at_5": 0.16361, "map_at_10": 0.16823, "map_at_20": 0.17164, "map_at_100": 0.17633, "map_at_200": 0.17696, "map_at_300": 0.17721, "map_at_500": 0.17741, "map_at_1000": 0.17758, "recall_at_1": 0.12492, "recall_at_3": 0.18629, "recall_at_5": 0.22309, "recall_at_10": 0.2555, "recall_at_20": 0.30047, "recall_at_100": 0.4629, "recall_at_200": 0.5301, "recall_at_300": 0.57591, "recall_at_500": 0.63333, "recall_at_1000": 0.71236, "precision_at_1": 0.14437, "precision_at_3": 0.07764, "precision_at_5": 0.05621, "precision_at_10": 0.0333, "precision_at_20": 0.02002, "precision_at_100": 0.00674, "precision_at_200": 0.00402, "precision_at_300": 0.00294, "precision_at_500": 0.00198, "precision_at_1000": 0.00114, "mrr_at_1": 0.14437, "mrr_at_3": 0.17757, "mrr_at_5": 0.18778, "mrr_at_10": 0.1938, "mrr_at_20": 0.19772, "mrr_at_100": 0.20202, "mrr_at_200": 0.20255, "mrr_at_300": 0.20274, "mrr_at_500": 0.20287, "mrr_at_1000": 0.20298, "rc_at_1": {"relevant": 0.0, "distractor": 0.0}, "rc_at_3": {"relevant": 0.0, "distractor": 0.0}, "rc_at_5": {"relevant": 0.0, "distractor": 0.0}, "rc_at_10": {"relevant": 0.0, "distractor": 0.0}, "rc_at_20": {"relevant": 0.0, "distractor": 0.0}, "rc_at_100": {"relevant": 0.0, "distractor": 0.0}, "rc_at_200": {"relevant": 0.0, "distractor": 0.0}, "rc_at_300": {"relevant": 0.0, "distractor": 0.0}, "rc_at_500": {"relevant": 0.0, "distractor": 0.0}, "rc_at_1000": {"relevant": 0.0, "distractor": 0.0}}