{"ndcg_at_1": 0.4294, "ndcg_at_3": 0.47592, "ndcg_at_5": 0.49695, "ndcg_at_10": 0.51901, "ndcg_at_20": 0.53587, "ndcg_at_100": 0.56076, "ndcg_at_200": 0.56741, "ndcg_at_300": 0.57056, "ndcg_at_500": 0.57401, "ndcg_at_1000": 0.57742, "map_at_1": 0.37376, "map_at_3": 0.44331, "map_at_5": 0.45827, "map_at_10": 0.46928, "map_at_20": 0.47496, "map_at_100": 0.47917, "map_at_200": 0.47963, "map_at_300": 0.47977, "map_at_500": 0.47988, "map_at_1000": 0.47995, "recall_at_1": 0.37376, "recall_at_3": 0.50823, "recall_at_5": 0.56236, "recall_at_10": 0.62806, "recall_at_20": 0.68935, "recall_at_100": 0.80886, "recall_at_200": 0.84997, "recall_at_300": 0.87169, "recall_at_500": 0.89718, "recall_at_1000": 0.92427, "precision_at_1": 0.4294, "precision_at_3": 0.20697, "precision_at_5": 0.14086, "precision_at_10": 0.08128, "precision_at_20": 0.04591, "precision_at_100": 0.0114, "precision_at_200": 0.00611, "precision_at_300": 0.00422, "precision_at_500": 0.00263, "precision_at_1000": 0.00138, "mrr_at_1": 0.4294, "mrr_at_3": 0.48797, "mrr_at_5": 0.50053, "mrr_at_10": 0.50932, "mrr_at_20": 0.51341, "mrr_at_100": 0.51618, "mrr_at_200": 0.51643, "mrr_at_300": 0.51651, "mrr_at_500": 0.51657, "mrr_at_1000": 0.5166, "rc_at_1": {"relevant": 0.0, "distractor": 0.0}, "rc_at_3": {"relevant": 0.0, "distractor": 0.0}, "rc_at_5": {"relevant": 0.0, "distractor": 0.0}, "rc_at_10": {"relevant": 0.0, "distractor": 0.0}, "rc_at_20": {"relevant": 0.0, "distractor": 0.0}, "rc_at_100": {"relevant": 0.0, "distractor": 0.0}, "rc_at_200": {"relevant": 0.0, "distractor": 0.0}, "rc_at_300": {"relevant": 0.0, "distractor": 0.0}, "rc_at_500": {"relevant": 0.0, "distractor": 0.0}, "rc_at_1000": {"relevant": 0.0, "distractor": 0.0}}