{"ndcg_at_1": 0.22712, "ndcg_at_3": 0.28779, "ndcg_at_5": 0.31587, "ndcg_at_10": 0.34651, "ndcg_at_20": 0.36707, "ndcg_at_100": 0.39388, "ndcg_at_200": 0.40306, "ndcg_at_300": 0.40768, "ndcg_at_500": 0.41344, "ndcg_at_1000": 0.4183, "map_at_1": 0.21027, "map_at_3": 0.2649, "map_at_5": 0.28089, "map_at_10": 0.29454, "map_at_20": 0.30044, "map_at_100": 0.30443, "map_at_200": 0.30496, "map_at_300": 0.30513, "map_at_500": 0.30528, "map_at_1000": 0.30536, "recall_at_1": 0.21027, "recall_at_3": 0.33192, "recall_at_5": 0.39969, "recall_at_10": 0.49148, "recall_at_20": 0.5686, "recall_at_100": 0.70387, "recall_at_200": 0.76529, "recall_at_300": 0.80032, "recall_at_500": 0.84701, "recall_at_1000": 0.89015, "precision_at_1": 0.22712, "precision_at_3": 0.12392, "precision_at_5": 0.09017, "precision_at_10": 0.05627, "precision_at_20": 0.03288, "precision_at_100": 0.00842, "precision_at_200": 0.00461, "precision_at_300": 0.00322, "precision_at_500": 0.00205, "precision_at_1000": 0.00109, "mrr_at_1": 0.22712, "mrr_at_3": 0.28418, "mrr_at_5": 0.3004, "mrr_at_10": 0.31198, "mrr_at_20": 0.3178, "mrr_at_100": 0.32116, "mrr_at_200": 0.32161, "mrr_at_300": 0.32174, "mrr_at_500": 0.32185, "mrr_at_1000": 0.3219, "rc_at_1": {"relevant": 0.0, "distractor": 0.0}, "rc_at_3": {"relevant": 0.0, "distractor": 0.0}, "rc_at_5": {"relevant": 0.0, "distractor": 0.0}, "rc_at_10": {"relevant": 0.0, "distractor": 0.0}, "rc_at_20": {"relevant": 0.0, "distractor": 0.0}, "rc_at_100": {"relevant": 0.0, "distractor": 0.0}, "rc_at_200": {"relevant": 0.0, "distractor": 0.0}, "rc_at_300": {"relevant": 0.0, "distractor": 0.0}, "rc_at_500": {"relevant": 0.0, "distractor": 0.0}, "rc_at_1000": {"relevant": 0.0, "distractor": 0.0}}