{"ndcg_at_1": 0.39796, "ndcg_at_3": 0.371, "ndcg_at_5": 0.32043, "ndcg_at_10": 0.29476, "ndcg_at_20": 0.30198, "ndcg_at_100": 0.41045, "ndcg_at_200": 0.44814, "ndcg_at_300": 0.4674, "ndcg_at_500": 0.48933, "ndcg_at_1000": 0.51209, "map_at_1": 0.03237, "map_at_3": 0.0694, "map_at_5": 0.08544, "map_at_10": 0.12109, "map_at_20": 0.14943, "map_at_100": 0.18616, "map_at_200": 0.19321, "map_at_300": 0.19603, "map_at_500": 0.19858, "map_at_1000": 0.20046, "recall_at_1": 0.03237, "recall_at_3": 0.08162, "recall_at_5": 0.10964, "recall_at_10": 0.1791, "recall_at_20": 0.26198, "recall_at_100": 0.49873, "recall_at_200": 0.59476, "recall_at_300": 0.65273, "recall_at_500": 0.72055, "recall_at_1000": 0.79857, "precision_at_1": 0.42857, "precision_at_3": 0.38095, "precision_at_5": 0.30204, "precision_at_10": 0.2449, "precision_at_20": 0.18878, "precision_at_100": 0.08082, "precision_at_200": 0.05041, "precision_at_300": 0.03789, "precision_at_500": 0.026, "precision_at_1000": 0.0149, "mrr_at_1": 0.42857, "mrr_at_3": 0.53401, "mrr_at_5": 0.5534, "mrr_at_10": 0.56885, "mrr_at_20": 0.57288, "mrr_at_100": 0.57493, "mrr_at_200": 0.57493, "mrr_at_300": 0.57493, "mrr_at_500": 0.57493, "mrr_at_1000": 0.57493, "rc_at_1": {"relevant": 0.0, "distractor": 0.0}, "rc_at_3": {"relevant": 0.0, "distractor": 0.0}, "rc_at_5": {"relevant": 0.0, "distractor": 0.0}, "rc_at_10": {"relevant": 0.0, "distractor": 0.0}, "rc_at_20": {"relevant": 0.0, "distractor": 0.0}, "rc_at_100": {"relevant": 0.0, "distractor": 0.0}, "rc_at_200": {"relevant": 0.0, "distractor": 0.0}, "rc_at_300": {"relevant": 0.0, "distractor": 0.0}, "rc_at_500": {"relevant": 0.0, "distractor": 0.0}, "rc_at_1000": {"relevant": 0.0, "distractor": 0.0}}