{"ndcg_at_1": 0.32, "ndcg_at_3": 0.2769, "ndcg_at_5": 0.2578, "ndcg_at_10": 0.24349, "ndcg_at_20": 0.24423, "ndcg_at_100": 0.28488, "ndcg_at_200": 0.30949, "ndcg_at_300": 0.32225, "ndcg_at_500": 0.33763, "ndcg_at_1000": 0.35674, "map_at_1": 0.04991, "map_at_3": 0.0811, "map_at_5": 0.09145, "map_at_10": 0.10563, "map_at_20": 0.11948, "map_at_100": 0.14144, "map_at_200": 0.14675, "map_at_300": 0.14869, "map_at_500": 0.15054, "map_at_1000": 0.15212, "recall_at_1": 0.04991, "recall_at_3": 0.09821, "recall_at_5": 0.11839, "recall_at_10": 0.1554, "recall_at_20": 0.2045, "recall_at_100": 0.34786, "recall_at_200": 0.41951, "recall_at_300": 0.46081, "recall_at_500": 0.51073, "recall_at_1000": 0.57974, "precision_at_1": 0.4075, "precision_at_3": 0.30667, "precision_at_5": 0.253, "precision_at_10": 0.1895, "precision_at_20": 0.14675, "precision_at_100": 0.06423, "precision_at_200": 0.04248, "precision_at_300": 0.03258, "precision_at_500": 0.02312, "precision_at_1000": 0.01413, "mrr_at_1": 0.4075, "mrr_at_3": 0.50208, "mrr_at_5": 0.51621, "mrr_at_10": 0.52341, "mrr_at_20": 0.52871, "mrr_at_100": 0.53122, "mrr_at_200": 0.53144, "mrr_at_300": 0.53148, "mrr_at_500": 0.5315, "mrr_at_1000": 0.53153, "rc_at_1": {"relevant": 0.0, "distractor": 0.0}, "rc_at_3": {"relevant": 0.0, "distractor": 0.0}, "rc_at_5": {"relevant": 0.0, "distractor": 0.0}, "rc_at_10": {"relevant": 0.0, "distractor": 0.0}, "rc_at_20": {"relevant": 0.0, "distractor": 0.0}, "rc_at_100": {"relevant": 0.0, "distractor": 0.0}, "rc_at_200": {"relevant": 0.0, "distractor": 0.0}, "rc_at_300": {"relevant": 0.0, "distractor": 0.0}, "rc_at_500": {"relevant": 0.0, "distractor": 0.0}, "rc_at_1000": {"relevant": 0.0, "distractor": 0.0}}