{"ndcg_at_1": 0.42357, "ndcg_at_3": 0.46843, "ndcg_at_5": 0.48483, "ndcg_at_10": 0.50739, "ndcg_at_20": 0.5209, "ndcg_at_100": 0.5478, "ndcg_at_200": 0.55428, "ndcg_at_300": 0.55778, "ndcg_at_500": 0.56167, "ndcg_at_1000": 0.56561, "map_at_1": 0.33673, "map_at_3": 0.41702, "map_at_5": 0.4339, "map_at_10": 0.4479, "map_at_20": 0.45411, "map_at_100": 0.46042, "map_at_200": 0.46112, "map_at_300": 0.46132, "map_at_500": 0.46148, "map_at_1000": 0.46159, "recall_at_1": 0.33673, "recall_at_3": 0.48279, "recall_at_5": 0.53594, "recall_at_10": 0.60822, "recall_at_20": 0.65819, "recall_at_100": 0.7804, "recall_at_200": 0.81604, "recall_at_300": 0.83899, "recall_at_500": 0.86554, "recall_at_1000": 0.89375, "precision_at_1": 0.42357, "precision_at_3": 0.22951, "precision_at_5": 0.1586, "precision_at_10": 0.09541, "precision_at_20": 0.05513, "precision_at_100": 0.01504, "precision_at_200": 0.00821, "precision_at_300": 0.00569, "precision_at_500": 0.0036, "precision_at_1000": 0.00191, "mrr_at_1": 0.4242, "mrr_at_3": 0.49225, "mrr_at_5": 0.50276, "mrr_at_10": 0.51175, "mrr_at_20": 0.51449, "mrr_at_100": 0.51725, "mrr_at_200": 0.51743, "mrr_at_300": 0.5175, "mrr_at_500": 0.51757, "mrr_at_1000": 0.5176, "rc_at_1": {"relevant": 0.0, "distractor": 0.0}, "rc_at_3": {"relevant": 0.0, "distractor": 0.0}, "rc_at_5": {"relevant": 0.0, "distractor": 0.0}, "rc_at_10": {"relevant": 0.0, "distractor": 0.0}, "rc_at_20": {"relevant": 0.0, "distractor": 0.0}, "rc_at_100": {"relevant": 0.0, "distractor": 0.0}, "rc_at_200": {"relevant": 0.0, "distractor": 0.0}, "rc_at_300": {"relevant": 0.0, "distractor": 0.0}, "rc_at_500": {"relevant": 0.0, "distractor": 0.0}, "rc_at_1000": {"relevant": 0.0, "distractor": 0.0}}