{"ndcg_at_1": 0.01818, "ndcg_at_3": 0.01818, "ndcg_at_5": 0.0158, "ndcg_at_10": 0.01684, "ndcg_at_20": 0.02652, "ndcg_at_100": 0.05932, "ndcg_at_200": 0.07452, "ndcg_at_300": 0.09106, "ndcg_at_500": 0.10889, "ndcg_at_1000": 0.12795, "map_at_1": 0.00182, "map_at_3": 0.00333, "map_at_5": 0.00424, "map_at_10": 0.00551, "map_at_20": 0.00756, "map_at_100": 0.01131, "map_at_200": 0.01275, "map_at_300": 0.01377, "map_at_500": 0.01456, "map_at_1000": 0.01521, "recall_at_1": 0.00182, "recall_at_3": 0.00545, "recall_at_5": 0.00727, "recall_at_10": 0.01636, "recall_at_20": 0.03455, "recall_at_100": 0.11818, "recall_at_200": 0.16727, "recall_at_300": 0.22727, "recall_at_500": 0.29636, "recall_at_1000": 0.37818, "precision_at_1": 0.01818, "precision_at_3": 0.01818, "precision_at_5": 0.01455, "precision_at_10": 0.01636, "precision_at_20": 0.01727, "precision_at_100": 0.01182, "precision_at_200": 0.00836, "precision_at_300": 0.00758, "precision_at_500": 0.00593, "precision_at_1000": 0.00378, "mrr_at_1": 0.01818, "mrr_at_3": 0.03333, "mrr_at_5": 0.03333, "mrr_at_10": 0.04603, "mrr_at_20": 0.05037, "mrr_at_100": 0.05829, "mrr_at_200": 0.05876, "mrr_at_300": 0.05903, "mrr_at_500": 0.05918, "mrr_at_1000": 0.0593, "rc_at_1": {"relevant": 0.01818, "distractor": 0.2}, "rc_at_3": {"relevant": 0.05455, "distractor": 0.70909}, "rc_at_5": {"relevant": 0.07273, "distractor": 1.14545}, "rc_at_10": {"relevant": 0.16364, "distractor": 2.03636}, "rc_at_20": {"relevant": 0.34545, "distractor": 3.34545}, "rc_at_100": {"relevant": 1.18182, "distractor": 10.94545}, "rc_at_200": {"relevant": 1.67273, "distractor": 15.94545}, "rc_at_300": {"relevant": 2.27273, "distractor": 18.67273}, "rc_at_500": {"relevant": 2.96364, "distractor": 24.38182}, "rc_at_1000": {"relevant": 3.78182, "distractor": 32.76364}}