{"ndcg_at_1": 0.26154, "ndcg_at_3": 0.20077, "ndcg_at_5": 0.19203, "ndcg_at_10": 0.1581, "ndcg_at_20": 0.19155, "ndcg_at_100": 0.28642, "ndcg_at_200": 0.31893, "ndcg_at_300": 0.33398, "ndcg_at_500": 0.347, "ndcg_at_1000": 0.37465, "map_at_1": 0.02615, "map_at_3": 0.04385, "map_at_5": 0.06077, "map_at_10": 0.08032, "map_at_20": 0.09143, "map_at_100": 0.11393, "map_at_200": 0.11819, "map_at_300": 0.11954, "map_at_500": 0.12041, "map_at_1000": 0.12158, "recall_at_1": 0.02615, "recall_at_3": 0.05538, "recall_at_5": 0.08923, "recall_at_10": 0.13692, "recall_at_20": 0.19846, "recall_at_100": 0.43538, "recall_at_200": 0.54, "recall_at_300": 0.59385, "recall_at_500": 0.64462, "recall_at_1000": 0.76462, "precision_at_1": 0.26154, "precision_at_3": 0.18462, "precision_at_5": 0.17846, "precision_at_10": 0.13692, "precision_at_20": 0.09923, "precision_at_100": 0.04354, "precision_at_200": 0.027, "precision_at_300": 0.01979, "precision_at_500": 0.01289, "precision_at_1000": 0.00765, "mrr_at_1": 0.26154, "mrr_at_3": 0.32051, "mrr_at_5": 0.35744, "mrr_at_10": 0.37352, "mrr_at_20": 0.38317, "mrr_at_100": 0.38644, "mrr_at_200": 0.38668, "mrr_at_300": 0.38668, "mrr_at_500": 0.38673, "mrr_at_1000": 0.38673, "rc_at_1": {"relevant": 0.26154, "distractor": 0.72308}, "rc_at_3": {"relevant": 0.55385, "distractor": 2.32308}, "rc_at_5": {"relevant": 0.95385, "distractor": 3.70769}, "rc_at_10": {"relevant": 1.36923, "distractor": 7.75385}, "rc_at_20": {"relevant": 2.16923, "distractor": 15.04615}, "rc_at_100": {"relevant": 4.75385, "distractor": 50.15385}, "rc_at_200": {"relevant": 5.83077, "distractor": 61.63077}, "rc_at_300": {"relevant": 6.26154, "distractor": 66.75385}, "rc_at_500": {"relevant": 6.83077, "distractor": 71.21538}, "rc_at_1000": {"relevant": 7.66154, "distractor": 77.83077}}