{"ndcg_at_1": 0.51875, "ndcg_at_3": 0.42852, "ndcg_at_5": 0.40055, "ndcg_at_10": 0.38051, "ndcg_at_20": 0.37183, "ndcg_at_100": 0.41561, "ndcg_at_200": 0.44196, "ndcg_at_300": 0.45443, "ndcg_at_500": 0.46948, "ndcg_at_1000": 0.48647, "map_at_1": 0.08153, "map_at_3": 0.12308, "map_at_5": 0.14157, "map_at_10": 0.16843, "map_at_20": 0.19261, "map_at_100": 0.23018, "map_at_200": 0.23798, "map_at_300": 0.24084, "map_at_500": 0.24355, "map_at_1000": 0.24586, "recall_at_1": 0.08153, "recall_at_3": 0.13447, "recall_at_5": 0.16443, "recall_at_10": 0.22211, "recall_at_20": 0.28123, "recall_at_100": 0.45433, "recall_at_200": 0.53154, "recall_at_300": 0.56754, "recall_at_500": 0.62015, "recall_at_1000": 0.6836, "precision_at_1": 0.615, "precision_at_3": 0.45, "precision_at_5": 0.378, "precision_at_10": 0.29425, "precision_at_20": 0.22237, "precision_at_100": 0.09423, "precision_at_200": 0.06115, "precision_at_300": 0.0466, "precision_at_500": 0.03275, "precision_at_1000": 0.0199, "mrr_at_1": 0.6175, "mrr_at_3": 0.68625, "mrr_at_5": 0.694, "mrr_at_10": 0.70159, "mrr_at_20": 0.70418, "mrr_at_100": 0.70576, "mrr_at_200": 0.70586, "mrr_at_300": 0.70587, "mrr_at_500": 0.7059, "mrr_at_1000": 0.70591, "rc_at_1": {"relevant": 0.0, "distractor": 0.0}, "rc_at_3": {"relevant": 0.0, "distractor": 0.0}, "rc_at_5": {"relevant": 0.0, "distractor": 0.0}, "rc_at_10": {"relevant": 0.0, "distractor": 0.0}, "rc_at_20": {"relevant": 0.0, "distractor": 0.0}, "rc_at_100": {"relevant": 0.0, "distractor": 0.0}, "rc_at_200": {"relevant": 0.0, "distractor": 0.0}, "rc_at_300": {"relevant": 0.0, "distractor": 0.0}, "rc_at_500": {"relevant": 0.0, "distractor": 0.0}, "rc_at_1000": {"relevant": 0.0, "distractor": 0.0}}