{"ndcg_at_1": 0.18484, "ndcg_at_3": 0.23932, "ndcg_at_5": 0.26542, "ndcg_at_10": 0.28774, "ndcg_at_20": 0.30051, "ndcg_at_100": 0.33637, "ndcg_at_200": 0.34618, "ndcg_at_300": 0.35076, "ndcg_at_500": 0.3566, "ndcg_at_1000": 0.36414, "map_at_1": 0.16888, "map_at_3": 0.21897, "map_at_5": 0.23388, "map_at_10": 0.24399, "map_at_20": 0.24755, "map_at_100": 0.25248, "map_at_200": 0.25306, "map_at_300": 0.25324, "map_at_500": 0.25341, "map_at_1000": 0.25353, "recall_at_1": 0.16888, "recall_at_3": 0.2777, "recall_at_5": 0.3402, "recall_at_10": 0.40473, "recall_at_20": 0.45254, "recall_at_100": 0.64015, "recall_at_200": 0.70404, "recall_at_300": 0.73699, "recall_at_500": 0.78208, "recall_at_1000": 0.84919, "precision_at_1": 0.18484, "precision_at_3": 0.10413, "precision_at_5": 0.07689, "precision_at_10": 0.04695, "precision_at_20": 0.02662, "precision_at_100": 0.00778, "precision_at_200": 0.00441, "precision_at_300": 0.00312, "precision_at_500": 0.00205, "precision_at_1000": 0.00113, "mrr_at_1": 0.19224, "mrr_at_3": 0.24245, "mrr_at_5": 0.25567, "mrr_at_10": 0.2649, "mrr_at_20": 0.26873, "mrr_at_100": 0.27311, "mrr_at_200": 0.27356, "mrr_at_300": 0.27369, "mrr_at_500": 0.27378, "mrr_at_1000": 0.27389, "rc_at_1": {"relevant": 0.0, "distractor": 0.0}, "rc_at_3": {"relevant": 0.0, "distractor": 0.0}, "rc_at_5": {"relevant": 0.0, "distractor": 0.0}, "rc_at_10": {"relevant": 0.0, "distractor": 0.0}, "rc_at_20": {"relevant": 0.0, "distractor": 0.0}, "rc_at_100": {"relevant": 0.0, "distractor": 0.0}, "rc_at_200": {"relevant": 0.0, "distractor": 0.0}, "rc_at_300": {"relevant": 0.0, "distractor": 0.0}, "rc_at_500": {"relevant": 0.0, "distractor": 0.0}, "rc_at_1000": {"relevant": 0.0, "distractor": 0.0}}