{"ndcg_at_1": 0.53653, "ndcg_at_3": 0.43418, "ndcg_at_5": 0.46056, "ndcg_at_10": 0.48268, "ndcg_at_20": 0.50108, "ndcg_at_100": 0.52567, "ndcg_at_200": 0.53249, "ndcg_at_300": 0.53645, "ndcg_at_500": 0.54022, "ndcg_at_1000": 0.54513, "map_at_1": 0.26826, "map_at_3": 0.36781, "map_at_5": 0.38603, "map_at_10": 0.39768, "map_at_20": 0.40413, "map_at_100": 0.4087, "map_at_200": 0.40919, "map_at_300": 0.40937, "map_at_500": 0.40949, "map_at_1000": 0.40959, "recall_at_1": 0.26826, "recall_at_3": 0.41411, "recall_at_5": 0.46624, "recall_at_10": 0.52161, "recall_at_20": 0.58103, "recall_at_100": 0.6894, "recall_at_200": 0.7291, "recall_at_300": 0.75476, "recall_at_500": 0.78116, "recall_at_1000": 0.81904, "precision_at_1": 0.53653, "precision_at_3": 0.27607, "precision_at_5": 0.1865, "precision_at_10": 0.10432, "precision_at_20": 0.0581, "precision_at_100": 0.01379, "precision_at_200": 0.00729, "precision_at_300": 0.00503, "precision_at_500": 0.00312, "precision_at_1000": 0.00164, "mrr_at_1": 0.53626, "mrr_at_3": 0.59732, "mrr_at_5": 0.60857, "mrr_at_10": 0.61546, "mrr_at_20": 0.61897, "mrr_at_100": 0.62084, "mrr_at_200": 0.621, "mrr_at_300": 0.62107, "mrr_at_500": 0.6211, "mrr_at_1000": 0.62112, "rc_at_1": {"relevant": 0.0, "distractor": 0.0}, "rc_at_3": {"relevant": 0.0, "distractor": 0.0}, "rc_at_5": {"relevant": 0.0, "distractor": 0.0}, "rc_at_10": {"relevant": 0.0, "distractor": 0.0}, "rc_at_20": {"relevant": 0.0, "distractor": 0.0}, "rc_at_100": {"relevant": 0.0, "distractor": 0.0}, "rc_at_200": {"relevant": 0.0, "distractor": 0.0}, "rc_at_300": {"relevant": 0.0, "distractor": 0.0}, "rc_at_500": {"relevant": 0.0, "distractor": 0.0}, "rc_at_1000": {"relevant": 0.0, "distractor": 0.0}}