{"ndcg_at_1": 0.30157, "ndcg_at_3": 0.35984, "ndcg_at_5": 0.3824, "ndcg_at_10": 0.4003, "ndcg_at_20": 0.41679, "ndcg_at_100": 0.44596, "ndcg_at_200": 0.45455, "ndcg_at_300": 0.45861, "ndcg_at_500": 0.46259, "ndcg_at_1000": 0.46709, "map_at_1": 0.25837, "map_at_3": 0.32883, "map_at_5": 0.34388, "map_at_10": 0.35274, "map_at_20": 0.35821, "map_at_100": 0.36272, "map_at_200": 0.36322, "map_at_300": 0.36339, "map_at_500": 0.3635, "map_at_1000": 0.36358, "recall_at_1": 0.25837, "recall_at_3": 0.39957, "recall_at_5": 0.45533, "recall_at_10": 0.50769, "recall_at_20": 0.5688, "recall_at_100": 0.71664, "recall_at_200": 0.77353, "recall_at_300": 0.80294, "recall_at_500": 0.83311, "recall_at_1000": 0.87173, "precision_at_1": 0.30157, "precision_at_3": 0.16531, "precision_at_5": 0.11536, "precision_at_10": 0.06639, "precision_at_20": 0.03799, "precision_at_100": 0.00974, "precision_at_200": 0.00529, "precision_at_300": 0.00368, "precision_at_500": 0.00232, "precision_at_1000": 0.00122, "mrr_at_1": 0.30282, "mrr_at_3": 0.36614, "mrr_at_5": 0.37856, "mrr_at_10": 0.38556, "mrr_at_20": 0.38986, "mrr_at_100": 0.39315, "mrr_at_200": 0.39361, "mrr_at_300": 0.3937, "mrr_at_500": 0.39378, "mrr_at_1000": 0.39383, "rc_at_1": {"relevant": 0.0, "distractor": 0.0}, "rc_at_3": {"relevant": 0.0, "distractor": 0.0}, "rc_at_5": {"relevant": 0.0, "distractor": 0.0}, "rc_at_10": {"relevant": 0.0, "distractor": 0.0}, "rc_at_20": {"relevant": 0.0, "distractor": 0.0}, "rc_at_100": {"relevant": 0.0, "distractor": 0.0}, "rc_at_200": {"relevant": 0.0, "distractor": 0.0}, "rc_at_300": {"relevant": 0.0, "distractor": 0.0}, "rc_at_500": {"relevant": 0.0, "distractor": 0.0}, "rc_at_1000": {"relevant": 0.0, "distractor": 0.0}}