{"ndcg_at_1": 0.0, "ndcg_at_3": 0.28565, "ndcg_at_5": 0.35145, "ndcg_at_10": 0.40387, "ndcg_at_20": 0.43231, "ndcg_at_100": 0.44426, "ndcg_at_200": 0.44569, "ndcg_at_300": 0.44587, "ndcg_at_500": 0.44612, "ndcg_at_1000": 0.4462, "map_at_1": 0.0, "map_at_3": 0.21657, "map_at_5": 0.25284, "map_at_10": 0.27448, "map_at_20": 0.28239, "map_at_100": 0.28431, "map_at_200": 0.28439, "map_at_300": 0.2844, "map_at_500": 0.28441, "map_at_1000": 0.28441, "recall_at_1": 0.0, "recall_at_3": 0.48506, "recall_at_5": 0.6458, "recall_at_10": 0.80797, "recall_at_20": 0.91963, "recall_at_100": 0.98009, "recall_at_200": 0.99004, "recall_at_300": 0.99147, "recall_at_500": 0.9936, "recall_at_1000": 0.99431, "precision_at_1": 0.0, "precision_at_3": 0.16169, "precision_at_5": 0.12916, "precision_at_10": 0.0808, "precision_at_20": 0.04598, "precision_at_100": 0.0098, "precision_at_200": 0.00495, "precision_at_300": 0.0033, "precision_at_500": 0.00199, "precision_at_1000": 0.00099, "mrr_at_1": 0.0, "mrr_at_3": 0.21633, "mrr_at_5": 0.25279, "mrr_at_10": 0.27442, "mrr_at_20": 0.28233, "mrr_at_100": 0.28425, "mrr_at_200": 0.28433, "mrr_at_300": 0.28434, "mrr_at_500": 0.28435, "mrr_at_1000": 0.28435, "rc_at_1": {"relevant": 0.0, "distractor": 0.0}, "rc_at_3": {"relevant": 0.0, "distractor": 0.0}, "rc_at_5": {"relevant": 0.0, "distractor": 0.0}, "rc_at_10": {"relevant": 0.0, "distractor": 0.0}, "rc_at_20": {"relevant": 0.0, "distractor": 0.0}, "rc_at_100": {"relevant": 0.0, "distractor": 0.0}, "rc_at_200": {"relevant": 0.0, "distractor": 0.0}, "rc_at_300": {"relevant": 0.0, "distractor": 0.0}, "rc_at_500": {"relevant": 0.0, "distractor": 0.0}, "rc_at_1000": {"relevant": 0.0, "distractor": 0.0}}