{"ndcg_at_1": 0.82223, "ndcg_at_3": 0.86344, "ndcg_at_5": 0.87234, "ndcg_at_10": 0.87857, "ndcg_at_20": 0.88187, "ndcg_at_100": 0.88556, "ndcg_at_200": 0.88637, "ndcg_at_300": 0.88677, "ndcg_at_500": 0.88722, "ndcg_at_1000": 0.88771, "map_at_1": 0.76263, "map_at_3": 0.83305, "map_at_5": 0.83977, "map_at_10": 0.84335, "map_at_20": 0.84462, "map_at_100": 0.84539, "map_at_200": 0.84546, "map_at_300": 0.84548, "map_at_500": 0.8455, "map_at_1000": 0.84551, "recall_at_1": 0.76263, "recall_at_3": 0.90004, "recall_at_5": 0.92345, "recall_at_10": 0.94166, "recall_at_20": 0.95291, "recall_at_100": 0.96913, "recall_at_200": 0.97356, "recall_at_300": 0.97605, "recall_at_500": 0.97909, "recall_at_1000": 0.98257, "precision_at_1": 0.82223, "precision_at_3": 0.32898, "precision_at_5": 0.20387, "precision_at_10": 0.10488, "precision_at_20": 0.05345, "precision_at_100": 0.01104, "precision_at_200": 0.00558, "precision_at_300": 0.00374, "precision_at_500": 0.00226, "precision_at_1000": 0.00114, "mrr_at_1": 0.82223, "mrr_at_3": 0.88221, "mrr_at_5": 0.88674, "mrr_at_10": 0.8886, "mrr_at_20": 0.88907, "mrr_at_100": 0.88925, "mrr_at_200": 0.88925, "mrr_at_300": 0.88926, "mrr_at_500": 0.88926, "mrr_at_1000": 0.88926, "rc_at_1": {"relevant": 0.0, "distractor": 0.0}, "rc_at_3": {"relevant": 0.0, "distractor": 0.0}, "rc_at_5": {"relevant": 0.0, "distractor": 0.0}, "rc_at_10": {"relevant": 0.0, "distractor": 0.0}, "rc_at_20": {"relevant": 0.0, "distractor": 0.0}, "rc_at_100": {"relevant": 0.0, "distractor": 0.0}, "rc_at_200": {"relevant": 0.0, "distractor": 0.0}, "rc_at_300": {"relevant": 0.0, "distractor": 0.0}, "rc_at_500": {"relevant": 0.0, "distractor": 0.0}, "rc_at_1000": {"relevant": 0.0, "distractor": 0.0}}