{"ndcg_at_1": 0.30533, "ndcg_at_3": 0.36321, "ndcg_at_5": 0.38654, "ndcg_at_10": 0.41021, "ndcg_at_20": 0.42974, "ndcg_at_100": 0.45938, "ndcg_at_200": 0.46629, "ndcg_at_300": 0.4701, "ndcg_at_500": 0.47463, "ndcg_at_1000": 0.4795, "map_at_1": 0.26392, "map_at_3": 0.33358, "map_at_5": 0.349, "map_at_10": 0.36011, "map_at_20": 0.36626, "map_at_100": 0.37092, "map_at_200": 0.37138, "map_at_300": 0.37153, "map_at_500": 0.37165, "map_at_1000": 0.37173, "recall_at_1": 0.26392, "recall_at_3": 0.40175, "recall_at_5": 0.4601, "recall_at_10": 0.52964, "recall_at_20": 0.60137, "recall_at_100": 0.74904, "recall_at_200": 0.79386, "recall_at_300": 0.82081, "recall_at_500": 0.85701, "recall_at_1000": 0.89867, "precision_at_1": 0.30533, "precision_at_3": 0.16489, "precision_at_5": 0.11448, "precision_at_10": 0.06715, "precision_at_20": 0.03918, "precision_at_100": 0.0101, "precision_at_200": 0.00542, "precision_at_300": 0.00376, "precision_at_500": 0.00236, "precision_at_1000": 0.00125, "mrr_at_1": 0.30533, "mrr_at_3": 0.36907, "mrr_at_5": 0.38264, "mrr_at_10": 0.39192, "mrr_at_20": 0.39686, "mrr_at_100": 0.40043, "mrr_at_200": 0.40072, "mrr_at_300": 0.40083, "mrr_at_500": 0.40092, "mrr_at_1000": 0.40097, "rc_at_1": {"relevant": 0.0, "distractor": 0.0}, "rc_at_3": {"relevant": 0.0, "distractor": 0.0}, "rc_at_5": {"relevant": 0.0, "distractor": 0.0}, "rc_at_10": {"relevant": 0.0, "distractor": 0.0}, "rc_at_20": {"relevant": 0.0, "distractor": 0.0}, "rc_at_100": {"relevant": 0.0, "distractor": 0.0}, "rc_at_200": {"relevant": 0.0, "distractor": 0.0}, "rc_at_300": {"relevant": 0.0, "distractor": 0.0}, "rc_at_500": {"relevant": 0.0, "distractor": 0.0}, "rc_at_1000": {"relevant": 0.0, "distractor": 0.0}}