{"ndcg_at_1": 0.18, "ndcg_at_3": 0.22548, "ndcg_at_5": 0.24066, "ndcg_at_10": 0.25869, "ndcg_at_20": 0.27139, "ndcg_at_100": 0.31361, "ndcg_at_200": 0.32294, "ndcg_at_300": 0.32984, "ndcg_at_500": 0.33429, "ndcg_at_1000": 0.34288, "map_at_1": 0.1675, "map_at_3": 0.20782, "map_at_5": 0.21699, "map_at_10": 0.22482, "map_at_20": 0.22841, "map_at_100": 0.23405, "map_at_200": 0.23455, "map_at_300": 0.23479, "map_at_500": 0.23489, "map_at_1000": 0.235, "recall_at_1": 0.1675, "recall_at_3": 0.2625, "recall_at_5": 0.30028, "recall_at_10": 0.35206, "recall_at_20": 0.40122, "recall_at_100": 0.63078, "recall_at_200": 0.69522, "recall_at_300": 0.74856, "recall_at_500": 0.78689, "recall_at_1000": 0.86722, "precision_at_1": 0.18, "precision_at_3": 0.09667, "precision_at_5": 0.066, "precision_at_10": 0.03933, "precision_at_20": 0.02283, "precision_at_100": 0.0072, "precision_at_200": 0.00397, "precision_at_300": 0.00284, "precision_at_500": 0.00179, "precision_at_1000": 0.00098, "mrr_at_1": 0.18, "mrr_at_3": 0.22111, "mrr_at_5": 0.22944, "mrr_at_10": 0.2371, "mrr_at_20": 0.24005, "mrr_at_100": 0.24506, "mrr_at_200": 0.24555, "mrr_at_300": 0.24574, "mrr_at_500": 0.24583, "mrr_at_1000": 0.24593, "rc_at_1": {"relevant": 0.0, "distractor": 0.0}, "rc_at_3": {"relevant": 0.0, "distractor": 0.0}, "rc_at_5": {"relevant": 0.0, "distractor": 0.0}, "rc_at_10": {"relevant": 0.0, "distractor": 0.0}, "rc_at_20": {"relevant": 0.0, "distractor": 0.0}, "rc_at_100": {"relevant": 0.0, "distractor": 0.0}, "rc_at_200": {"relevant": 0.0, "distractor": 0.0}, "rc_at_300": {"relevant": 0.0, "distractor": 0.0}, "rc_at_500": {"relevant": 0.0, "distractor": 0.0}, "rc_at_1000": {"relevant": 0.0, "distractor": 0.0}}