{"ndcg_at_1": 0.57907, "ndcg_at_3": 0.44433, "ndcg_at_5": 0.46759, "ndcg_at_10": 0.48707, "ndcg_at_20": 0.5017, "ndcg_at_100": 0.52335, "ndcg_at_200": 0.53004, "ndcg_at_300": 0.53341, "ndcg_at_500": 0.53724, "ndcg_at_1000": 0.54204, "map_at_1": 0.28953, "map_at_3": 0.37174, "map_at_5": 0.38749, "map_at_10": 0.39768, "map_at_20": 0.40282, "map_at_100": 0.40678, "map_at_200": 0.40727, "map_at_300": 0.40743, "map_at_500": 0.40755, "map_at_1000": 0.40764, "recall_at_1": 0.28953, "recall_at_3": 0.41344, "recall_at_5": 0.45942, "recall_at_10": 0.50831, "recall_at_20": 0.5555, "recall_at_100": 0.65132, "recall_at_200": 0.69021, "recall_at_300": 0.71209, "recall_at_500": 0.7391, "recall_at_1000": 0.7761, "precision_at_1": 0.57907, "precision_at_3": 0.27562, "precision_at_5": 0.18377, "precision_at_10": 0.10166, "precision_at_20": 0.05555, "precision_at_100": 0.01303, "precision_at_200": 0.0069, "precision_at_300": 0.00475, "precision_at_500": 0.00296, "precision_at_1000": 0.00155, "mrr_at_1": 0.57934, "mrr_at_3": 0.63531, "mrr_at_5": 0.64589, "mrr_at_10": 0.65196, "mrr_at_20": 0.65472, "mrr_at_100": 0.65645, "mrr_at_200": 0.65659, "mrr_at_300": 0.65663, "mrr_at_500": 0.65667, "mrr_at_1000": 0.65669, "rc_at_1": {"relevant": 0.0, "distractor": 0.0}, "rc_at_3": {"relevant": 0.0, "distractor": 0.0}, "rc_at_5": {"relevant": 0.0, "distractor": 0.0}, "rc_at_10": {"relevant": 0.0, "distractor": 0.0}, "rc_at_20": {"relevant": 0.0, "distractor": 0.0}, "rc_at_100": {"relevant": 0.0, "distractor": 0.0}, "rc_at_200": {"relevant": 0.0, "distractor": 0.0}, "rc_at_300": {"relevant": 0.0, "distractor": 0.0}, "rc_at_500": {"relevant": 0.0, "distractor": 0.0}, "rc_at_1000": {"relevant": 0.0, "distractor": 0.0}}