{"ndcg_at_1": 0.0113, "ndcg_at_3": 0.01725, "ndcg_at_5": 0.02036, "ndcg_at_10": 0.02463, "ndcg_at_20": 0.02727, "ndcg_at_100": 0.03916, "ndcg_at_200": 0.04678, "ndcg_at_300": 0.05171, "ndcg_at_500": 0.05827, "ndcg_at_1000": 0.06996, "map_at_1": 0.0113, "map_at_3": 0.01544, "map_at_5": 0.01717, "map_at_10": 0.01885, "map_at_20": 0.01951, "map_at_100": 0.02099, "map_at_200": 0.02135, "map_at_300": 0.02151, "map_at_500": 0.02165, "map_at_1000": 0.02181, "recall_at_1": 0.0113, "recall_at_3": 0.0226, "recall_at_5": 0.02994, "recall_at_10": 0.04237, "recall_at_20": 0.05254, "recall_at_100": 0.11632, "recall_at_200": 0.1685, "recall_at_300": 0.20598, "recall_at_500": 0.26014, "recall_at_1000": 0.36684, "precision_at_1": 0.0113, "precision_at_3": 0.00753, "precision_at_5": 0.0061, "precision_at_10": 0.00463, "precision_at_20": 0.00294, "precision_at_100": 0.00134, "precision_at_200": 0.00101, "precision_at_300": 0.00083, "precision_at_500": 0.00063, "precision_at_1000": 0.00044, "mrr_at_1": 0.00339, "mrr_at_3": 0.01036, "mrr_at_5": 0.01324, "mrr_at_10": 0.01526, "mrr_at_20": 0.01665, "mrr_at_100": 0.01813, "mrr_at_200": 0.01853, "mrr_at_300": 0.01868, "mrr_at_500": 0.01884, "mrr_at_1000": 0.01899, "rc_at_1": {"relevant": 0.0, "distractor": 0.0}, "rc_at_3": {"relevant": 0.0, "distractor": 0.0}, "rc_at_5": {"relevant": 0.0, "distractor": 0.0}, "rc_at_10": {"relevant": 0.0, "distractor": 0.0}, "rc_at_20": {"relevant": 0.0, "distractor": 0.0}, "rc_at_100": {"relevant": 0.0, "distractor": 0.0}, "rc_at_200": {"relevant": 0.0, "distractor": 0.0}, "rc_at_300": {"relevant": 0.0, "distractor": 0.0}, "rc_at_500": {"relevant": 0.0, "distractor": 0.0}, "rc_at_1000": {"relevant": 0.0, "distractor": 0.0}}