{"ndcg_at_1": 0.226, "ndcg_at_3": 0.1825, "ndcg_at_5": 0.15787, "ndcg_at_10": 0.18832, "ndcg_at_20": 0.21281, "ndcg_at_100": 0.25798, "ndcg_at_200": 0.27372, "ndcg_at_300": 0.28301, "ndcg_at_500": 0.2926, "ndcg_at_1000": 0.30697, "map_at_1": 0.04607, "map_at_3": 0.08106, "map_at_5": 0.09604, "map_at_10": 0.11094, "map_at_20": 0.11949, "map_at_100": 0.12837, "map_at_200": 0.12967, "map_at_300": 0.13019, "map_at_500": 0.13057, "map_at_1000": 0.13095, "recall_at_1": 0.04607, "recall_at_3": 0.10392, "recall_at_5": 0.13987, "recall_at_10": 0.19567, "recall_at_20": 0.2531, "recall_at_100": 0.39952, "recall_at_200": 0.4663, "recall_at_300": 0.51017, "recall_at_500": 0.55902, "recall_at_1000": 0.63972, "precision_at_1": 0.226, "precision_at_3": 0.17067, "precision_at_5": 0.1378, "precision_at_10": 0.0964, "precision_at_20": 0.06235, "precision_at_100": 0.01966, "precision_at_200": 0.01147, "precision_at_300": 0.00836, "precision_at_500": 0.0055, "precision_at_1000": 0.00315, "mrr_at_1": 0.226, "mrr_at_3": 0.29967, "mrr_at_5": 0.31697, "mrr_at_10": 0.33084, "mrr_at_20": 0.3372, "mrr_at_100": 0.34089, "mrr_at_200": 0.34134, "mrr_at_300": 0.34146, "mrr_at_500": 0.34154, "mrr_at_1000": 0.34157, "rc_at_1": {"relevant": 0.0, "distractor": 0.0}, "rc_at_3": {"relevant": 0.0, "distractor": 0.0}, "rc_at_5": {"relevant": 0.0, "distractor": 0.0}, "rc_at_10": {"relevant": 0.0, "distractor": 0.0}, "rc_at_20": {"relevant": 0.0, "distractor": 0.0}, "rc_at_100": {"relevant": 0.0, "distractor": 0.0}, "rc_at_200": {"relevant": 0.0, "distractor": 0.0}, "rc_at_300": {"relevant": 0.0, "distractor": 0.0}, "rc_at_500": {"relevant": 0.0, "distractor": 0.0}, "rc_at_1000": {"relevant": 0.0, "distractor": 0.0}}