{"ndcg_at_1": 0.46154, "ndcg_at_3": 0.37456, "ndcg_at_5": 0.32932, "ndcg_at_10": 0.26693, "ndcg_at_20": 0.32134, "ndcg_at_100": 0.45544, "ndcg_at_200": 0.4913, "ndcg_at_300": 0.50718, "ndcg_at_500": 0.5162, "ndcg_at_1000": 0.52381, "map_at_1": 0.04615, "map_at_3": 0.0941, "map_at_5": 0.12349, "map_at_10": 0.1562, "map_at_20": 0.18565, "map_at_100": 0.2264, "map_at_200": 0.23239, "map_at_300": 0.23423, "map_at_500": 0.23495, "map_at_1000": 0.23537, "recall_at_1": 0.04615, "recall_at_3": 0.10462, "recall_at_5": 0.14615, "recall_at_10": 0.22154, "recall_at_20": 0.31846, "recall_at_100": 0.65538, "recall_at_200": 0.77077, "recall_at_300": 0.82769, "recall_at_500": 0.86308, "recall_at_1000": 0.89538, "precision_at_1": 0.46154, "precision_at_3": 0.34872, "precision_at_5": 0.29231, "precision_at_10": 0.22154, "precision_at_20": 0.15923, "precision_at_100": 0.06554, "precision_at_200": 0.03854, "precision_at_300": 0.02759, "precision_at_500": 0.01726, "precision_at_1000": 0.00895, "mrr_at_1": 0.47692, "mrr_at_3": 0.53846, "mrr_at_5": 0.54615, "mrr_at_10": 0.56187, "mrr_at_20": 0.56838, "mrr_at_100": 0.57264, "mrr_at_200": 0.57264, "mrr_at_300": 0.57264, "mrr_at_500": 0.57264, "mrr_at_1000": 0.57264, "rc_at_1": {"relevant": 0.47692, "distractor": 0.52308}, "rc_at_3": {"relevant": 1.04615, "distractor": 1.90769}, "rc_at_5": {"relevant": 1.46154, "distractor": 3.46154}, "rc_at_10": {"relevant": 2.2, "distractor": 7.56923}, "rc_at_20": {"relevant": 3.21538, "distractor": 15.92308}, "rc_at_100": {"relevant": 6.56923, "distractor": 65.92308}, "rc_at_200": {"relevant": 7.70769, "distractor": 80.69231}, "rc_at_300": {"relevant": 8.27692, "distractor": 84.72308}, "rc_at_500": {"relevant": 8.63077, "distractor": 88.30769}, "rc_at_1000": {"relevant": 8.95385, "distractor": 92.23077}}