{"ndcg_at_1": 0.30877, "ndcg_at_3": 0.36065, "ndcg_at_5": 0.37922, "ndcg_at_10": 0.40447, "ndcg_at_20": 0.42574, "ndcg_at_100": 0.45966, "ndcg_at_200": 0.4698, "ndcg_at_300": 0.47329, "ndcg_at_500": 0.47695, "ndcg_at_1000": 0.48172, "map_at_1": 0.26597, "map_at_3": 0.32804, "map_at_5": 0.34097, "map_at_10": 0.35246, "map_at_20": 0.35912, "map_at_100": 0.36449, "map_at_200": 0.36518, "map_at_300": 0.36533, "map_at_500": 0.36545, "map_at_1000": 0.36554, "recall_at_1": 0.26597, "recall_at_3": 0.39883, "recall_at_5": 0.44722, "recall_at_10": 0.52044, "recall_at_20": 0.5969, "recall_at_100": 0.76166, "recall_at_200": 0.82453, "recall_at_300": 0.84907, "recall_at_500": 0.87609, "recall_at_1000": 0.91388, "precision_at_1": 0.30877, "precision_at_3": 0.16325, "precision_at_5": 0.11362, "precision_at_10": 0.068, "precision_at_20": 0.03974, "precision_at_100": 0.01075, "precision_at_200": 0.00596, "precision_at_300": 0.00412, "precision_at_500": 0.00258, "precision_at_1000": 0.00137, "mrr_at_1": 0.30317, "mrr_at_3": 0.36505, "mrr_at_5": 0.37783, "mrr_at_10": 0.38904, "mrr_at_20": 0.39387, "mrr_at_100": 0.39772, "mrr_at_200": 0.39812, "mrr_at_300": 0.3982, "mrr_at_500": 0.39825, "mrr_at_1000": 0.3983, "rc_at_1": {"relevant": 0.0, "distractor": 0.0}, "rc_at_3": {"relevant": 0.0, "distractor": 0.0}, "rc_at_5": {"relevant": 0.0, "distractor": 0.0}, "rc_at_10": {"relevant": 0.0, "distractor": 0.0}, "rc_at_20": {"relevant": 0.0, "distractor": 0.0}, "rc_at_100": {"relevant": 0.0, "distractor": 0.0}, "rc_at_200": {"relevant": 0.0, "distractor": 0.0}, "rc_at_300": {"relevant": 0.0, "distractor": 0.0}, "rc_at_500": {"relevant": 0.0, "distractor": 0.0}, "rc_at_1000": {"relevant": 0.0, "distractor": 0.0}}