{"ndcg_at_1": 0.31157, "ndcg_at_3": 0.35915, "ndcg_at_5": 0.38234, "ndcg_at_10": 0.40246, "ndcg_at_20": 0.42447, "ndcg_at_100": 0.45397, "ndcg_at_200": 0.46162, "ndcg_at_300": 0.46652, "ndcg_at_500": 0.47109, "ndcg_at_1000": 0.47675, "map_at_1": 0.26658, "map_at_3": 0.3278, "map_at_5": 0.34324, "map_at_10": 0.35284, "map_at_20": 0.35954, "map_at_100": 0.36437, "map_at_200": 0.36488, "map_at_300": 0.36508, "map_at_500": 0.36522, "map_at_1000": 0.36533, "recall_at_1": 0.26658, "recall_at_3": 0.39392, "recall_at_5": 0.45472, "recall_at_10": 0.51419, "recall_at_20": 0.59252, "recall_at_100": 0.73576, "recall_at_200": 0.78236, "recall_at_300": 0.81687, "recall_at_500": 0.85063, "recall_at_1000": 0.89667, "precision_at_1": 0.31157, "precision_at_3": 0.16356, "precision_at_5": 0.1153, "precision_at_10": 0.06698, "precision_at_20": 0.03993, "precision_at_100": 0.01035, "precision_at_200": 0.00563, "precision_at_300": 0.00396, "precision_at_500": 0.00251, "precision_at_1000": 0.00134, "mrr_at_1": 0.30784, "mrr_at_3": 0.36458, "mrr_at_5": 0.38081, "mrr_at_10": 0.38913, "mrr_at_20": 0.39446, "mrr_at_100": 0.3977, "mrr_at_200": 0.39801, "mrr_at_300": 0.39813, "mrr_at_500": 0.3982, "mrr_at_1000": 0.39826, "rc_at_1": {"relevant": 0.0, "distractor": 0.0}, "rc_at_3": {"relevant": 0.0, "distractor": 0.0}, "rc_at_5": {"relevant": 0.0, "distractor": 0.0}, "rc_at_10": {"relevant": 0.0, "distractor": 0.0}, "rc_at_20": {"relevant": 0.0, "distractor": 0.0}, "rc_at_100": {"relevant": 0.0, "distractor": 0.0}, "rc_at_200": {"relevant": 0.0, "distractor": 0.0}, "rc_at_300": {"relevant": 0.0, "distractor": 0.0}, "rc_at_500": {"relevant": 0.0, "distractor": 0.0}, "rc_at_1000": {"relevant": 0.0, "distractor": 0.0}}