{"ndcg_at_1": 0.206, "ndcg_at_3": 0.18058, "ndcg_at_5": 0.16122, "ndcg_at_10": 0.19316, "ndcg_at_20": 0.22074, "ndcg_at_100": 0.27069, "ndcg_at_200": 0.28874, "ndcg_at_300": 0.29975, "ndcg_at_500": 0.31164, "ndcg_at_1000": 0.32723, "map_at_1": 0.04188, "map_at_3": 0.07954, "map_at_5": 0.09715, "map_at_10": 0.11243, "map_at_20": 0.12331, "map_at_100": 0.13305, "map_at_200": 0.13465, "map_at_300": 0.13528, "map_at_500": 0.13578, "map_at_1000": 0.13621, "recall_at_1": 0.04188, "recall_at_3": 0.10497, "recall_at_5": 0.14775, "recall_at_10": 0.20615, "recall_at_20": 0.27082, "recall_at_100": 0.43337, "recall_at_200": 0.50978, "recall_at_300": 0.56172, "recall_at_500": 0.6225, "recall_at_1000": 0.71002, "precision_at_1": 0.206, "precision_at_3": 0.17233, "precision_at_5": 0.1454, "precision_at_10": 0.1017, "precision_at_20": 0.06665, "precision_at_100": 0.02134, "precision_at_200": 0.01256, "precision_at_300": 0.00922, "precision_at_500": 0.00613, "precision_at_1000": 0.0035, "mrr_at_1": 0.206, "mrr_at_3": 0.29267, "mrr_at_5": 0.31237, "mrr_at_10": 0.32841, "mrr_at_20": 0.33358, "mrr_at_100": 0.33799, "mrr_at_200": 0.3384, "mrr_at_300": 0.33853, "mrr_at_500": 0.33859, "mrr_at_1000": 0.33863, "rc_at_1": {"relevant": 0.0, "distractor": 0.0}, "rc_at_3": {"relevant": 0.0, "distractor": 0.0}, "rc_at_5": {"relevant": 0.0, "distractor": 0.0}, "rc_at_10": {"relevant": 0.0, "distractor": 0.0}, "rc_at_20": {"relevant": 0.0, "distractor": 0.0}, "rc_at_100": {"relevant": 0.0, "distractor": 0.0}, "rc_at_200": {"relevant": 0.0, "distractor": 0.0}, "rc_at_300": {"relevant": 0.0, "distractor": 0.0}, "rc_at_500": {"relevant": 0.0, "distractor": 0.0}, "rc_at_1000": {"relevant": 0.0, "distractor": 0.0}}