{"ndcg_at_1": 0.03077, "ndcg_at_3": 0.01805, "ndcg_at_5": 0.01506, "ndcg_at_10": 0.0109, "ndcg_at_20": 0.01173, "ndcg_at_100": 0.01763, "ndcg_at_200": 0.02143, "ndcg_at_300": 0.02567, "ndcg_at_500": 0.03316, "ndcg_at_1000": 0.05402, "map_at_1": 0.00308, "map_at_3": 0.00359, "map_at_5": 0.0039, "map_at_10": 0.00412, "map_at_20": 0.00431, "map_at_100": 0.00489, "map_at_200": 0.005, "map_at_300": 0.00509, "map_at_500": 0.00525, "map_at_1000": 0.0056, "recall_at_1": 0.00308, "recall_at_3": 0.00462, "recall_at_5": 0.00615, "recall_at_10": 0.00769, "recall_at_20": 0.00923, "recall_at_100": 0.02462, "recall_at_200": 0.03692, "recall_at_300": 0.05231, "recall_at_500": 0.08154, "recall_at_1000": 0.17231, "precision_at_1": 0.03077, "precision_at_3": 0.01538, "precision_at_5": 0.01231, "precision_at_10": 0.00769, "precision_at_20": 0.00462, "precision_at_100": 0.00246, "precision_at_200": 0.00185, "precision_at_300": 0.00174, "precision_at_500": 0.00163, "precision_at_1000": 0.00172, "mrr_at_1": 0.03077, "mrr_at_3": 0.05128, "mrr_at_5": 0.05436, "mrr_at_10": 0.05607, "mrr_at_20": 0.05778, "mrr_at_100": 0.06097, "mrr_at_200": 0.0619, "mrr_at_300": 0.06202, "mrr_at_500": 0.06243, "mrr_at_1000": 0.06243, "rc_at_1": {"relevant": 0.03077, "distractor": 0.13846}, "rc_at_3": {"relevant": 0.09231, "distractor": 0.46154}, "rc_at_5": {"relevant": 0.10769, "distractor": 0.64615}, "rc_at_10": {"relevant": 0.13846, "distractor": 1.06154}, "rc_at_20": {"relevant": 0.16923, "distractor": 1.89231}, "rc_at_100": {"relevant": 0.52308, "distractor": 5.50769}, "rc_at_200": {"relevant": 0.8, "distractor": 8.73846}, "rc_at_300": {"relevant": 0.98462, "distractor": 10.10769}, "rc_at_500": {"relevant": 1.46154, "distractor": 15.2}, "rc_at_1000": {"relevant": 1.76923, "distractor": 18.43077}}