{"ndcg_at_1": 0.72519, "ndcg_at_3": 0.60337, "ndcg_at_5": 0.63345, "ndcg_at_10": 0.65692, "ndcg_at_20": 0.67132, "ndcg_at_100": 0.691, "ndcg_at_200": 0.69631, "ndcg_at_300": 0.69857, "ndcg_at_500": 0.70108, "ndcg_at_1000": 0.70391, "map_at_1": 0.36259, "map_at_3": 0.53149, "map_at_5": 0.55456, "map_at_10": 0.56842, "map_at_20": 0.57411, "map_at_100": 0.57812, "map_at_200": 0.57854, "map_at_300": 0.57865, "map_at_500": 0.57874, "map_at_1000": 0.5788, "recall_at_1": 0.36259, "recall_at_3": 0.58103, "recall_at_5": 0.64038, "recall_at_10": 0.69912, "recall_at_20": 0.74517, "recall_at_100": 0.83113, "recall_at_200": 0.86205, "recall_at_300": 0.8767, "recall_at_500": 0.89426, "recall_at_1000": 0.91607, "precision_at_1": 0.72519, "precision_at_3": 0.38735, "precision_at_5": 0.25615, "precision_at_10": 0.13982, "precision_at_20": 0.07452, "precision_at_100": 0.01662, "precision_at_200": 0.00862, "precision_at_300": 0.00584, "precision_at_500": 0.00358, "precision_at_1000": 0.00183, "mrr_at_1": 0.72519, "mrr_at_3": 0.78159, "mrr_at_5": 0.79006, "mrr_at_10": 0.79428, "mrr_at_20": 0.79603, "mrr_at_100": 0.79701, "mrr_at_200": 0.79707, "mrr_at_300": 0.79708, "mrr_at_500": 0.79709, "mrr_at_1000": 0.7971, "rc_at_1": {"relevant": 0.0, "distractor": 0.0}, "rc_at_3": {"relevant": 0.0, "distractor": 0.0}, "rc_at_5": {"relevant": 0.0, "distractor": 0.0}, "rc_at_10": {"relevant": 0.0, "distractor": 0.0}, "rc_at_20": {"relevant": 0.0, "distractor": 0.0}, "rc_at_100": {"relevant": 0.0, "distractor": 0.0}, "rc_at_200": {"relevant": 0.0, "distractor": 0.0}, "rc_at_300": {"relevant": 0.0, "distractor": 0.0}, "rc_at_500": {"relevant": 0.0, "distractor": 0.0}, "rc_at_1000": {"relevant": 0.0, "distractor": 0.0}}