{"ndcg_at_1": 0.19096, "ndcg_at_3": 0.2329, "ndcg_at_5": 0.24844, "ndcg_at_10": 0.26785, "ndcg_at_20": 0.28421, "ndcg_at_100": 0.31643, "ndcg_at_200": 0.32551, "ndcg_at_300": 0.33117, "ndcg_at_500": 0.33792, "ndcg_at_1000": 0.34332, "map_at_1": 0.17468, "map_at_3": 0.21452, "map_at_5": 0.22401, "map_at_10": 0.23219, "map_at_20": 0.23683, "map_at_100": 0.24128, "map_at_200": 0.24178, "map_at_300": 0.24198, "map_at_500": 0.24214, "map_at_1000": 0.24223, "recall_at_1": 0.17468, "recall_at_3": 0.26561, "recall_at_5": 0.30288, "recall_at_10": 0.36146, "recall_at_20": 0.42402, "recall_at_100": 0.59262, "recall_at_200": 0.65517, "recall_at_300": 0.69833, "recall_at_500": 0.75263, "recall_at_1000": 0.79971, "precision_at_1": 0.19096, "precision_at_3": 0.09944, "precision_at_5": 0.06893, "precision_at_10": 0.04169, "precision_at_20": 0.02463, "precision_at_100": 0.00702, "precision_at_200": 0.00389, "precision_at_300": 0.00276, "precision_at_500": 0.0018, "precision_at_1000": 0.00097, "mrr_at_1": 0.18983, "mrr_at_3": 0.2322, "mrr_at_5": 0.24119, "mrr_at_10": 0.24902, "mrr_at_20": 0.25336, "mrr_at_100": 0.25756, "mrr_at_200": 0.25801, "mrr_at_300": 0.25819, "mrr_at_500": 0.25832, "mrr_at_1000": 0.25838, "rc_at_1": {"relevant": 0.0, "distractor": 0.0}, "rc_at_3": {"relevant": 0.0, "distractor": 0.0}, "rc_at_5": {"relevant": 0.0, "distractor": 0.0}, "rc_at_10": {"relevant": 0.0, "distractor": 0.0}, "rc_at_20": {"relevant": 0.0, "distractor": 0.0}, "rc_at_100": {"relevant": 0.0, "distractor": 0.0}, "rc_at_200": {"relevant": 0.0, "distractor": 0.0}, "rc_at_300": {"relevant": 0.0, "distractor": 0.0}, "rc_at_500": {"relevant": 0.0, "distractor": 0.0}, "rc_at_1000": {"relevant": 0.0, "distractor": 0.0}}