{"ndcg_at_1": 0.132, "ndcg_at_3": 0.11159, "ndcg_at_5": 0.09701, "ndcg_at_10": 0.11646, "ndcg_at_20": 0.13245, "ndcg_at_100": 0.16552, "ndcg_at_200": 0.17799, "ndcg_at_300": 0.1872, "ndcg_at_500": 0.19702, "ndcg_at_1000": 0.21193, "map_at_1": 0.02688, "map_at_3": 0.04797, "map_at_5": 0.05601, "map_at_10": 0.06396, "map_at_20": 0.06912, "map_at_100": 0.07448, "map_at_200": 0.07539, "map_at_300": 0.07581, "map_at_500": 0.07615, "map_at_1000": 0.07649, "recall_at_1": 0.02688, "recall_at_3": 0.06373, "recall_at_5": 0.08638, "recall_at_10": 0.12235, "recall_at_20": 0.16018, "recall_at_100": 0.26912, "recall_at_200": 0.32205, "recall_at_300": 0.36548, "recall_at_500": 0.41577, "recall_at_1000": 0.49935, "precision_at_1": 0.132, "precision_at_3": 0.10467, "precision_at_5": 0.0852, "precision_at_10": 0.0602, "precision_at_20": 0.03935, "precision_at_100": 0.01322, "precision_at_200": 0.00791, "precision_at_300": 0.00599, "precision_at_500": 0.00409, "precision_at_1000": 0.00246, "mrr_at_1": 0.133, "mrr_at_3": 0.18967, "mrr_at_5": 0.20462, "mrr_at_10": 0.216, "mrr_at_20": 0.22075, "mrr_at_100": 0.22485, "mrr_at_200": 0.22538, "mrr_at_300": 0.22561, "mrr_at_500": 0.22575, "mrr_at_1000": 0.22583, "rc_at_1": {"relevant": 0.0, "distractor": 0.0}, "rc_at_3": {"relevant": 0.0, "distractor": 0.0}, "rc_at_5": {"relevant": 0.0, "distractor": 0.0}, "rc_at_10": {"relevant": 0.0, "distractor": 0.0}, "rc_at_20": {"relevant": 0.0, "distractor": 0.0}, "rc_at_100": {"relevant": 0.0, "distractor": 0.0}, "rc_at_200": {"relevant": 0.0, "distractor": 0.0}, "rc_at_300": {"relevant": 0.0, "distractor": 0.0}, "rc_at_500": {"relevant": 0.0, "distractor": 0.0}, "rc_at_1000": {"relevant": 0.0, "distractor": 0.0}}