{"ndcg_at_1": 0.52333, "ndcg_at_3": 0.61994, "ndcg_at_5": 0.64335, "ndcg_at_10": 0.66522, "ndcg_at_20": 0.67957, "ndcg_at_100": 0.69351, "ndcg_at_200": 0.6956, "ndcg_at_300": 0.69814, "ndcg_at_500": 0.6989, "ndcg_at_1000": 0.7003, "map_at_1": 0.49678, "map_at_3": 0.58732, "map_at_5": 0.60288, "map_at_10": 0.61356, "map_at_20": 0.61789, "map_at_100": 0.62018, "map_at_200": 0.62033, "map_at_300": 0.62041, "map_at_500": 0.62043, "map_at_1000": 0.62045, "recall_at_1": 0.49678, "recall_at_3": 0.68644, "recall_at_5": 0.74433, "recall_at_10": 0.80661, "recall_at_20": 0.86189, "recall_at_100": 0.93267, "recall_at_200": 0.94667, "recall_at_300": 0.96667, "recall_at_500": 0.97333, "recall_at_1000": 0.98667, "precision_at_1": 0.52333, "precision_at_3": 0.24778, "precision_at_5": 0.164, "precision_at_10": 0.091, "precision_at_20": 0.04883, "precision_at_100": 0.0106, "precision_at_200": 0.00538, "precision_at_300": 0.00366, "precision_at_500": 0.00221, "precision_at_1000": 0.00112, "mrr_at_1": 0.52333, "mrr_at_3": 0.60889, "mrr_at_5": 0.62022, "mrr_at_10": 0.62776, "mrr_at_20": 0.63105, "mrr_at_100": 0.6328, "mrr_at_200": 0.63291, "mrr_at_300": 0.63299, "mrr_at_500": 0.63301, "mrr_at_1000": 0.63303, "rc_at_1": {"relevant": 0.0, "distractor": 0.0}, "rc_at_3": {"relevant": 0.0, "distractor": 0.0}, "rc_at_5": {"relevant": 0.0, "distractor": 0.0}, "rc_at_10": {"relevant": 0.0, "distractor": 0.0}, "rc_at_20": {"relevant": 0.0, "distractor": 0.0}, "rc_at_100": {"relevant": 0.0, "distractor": 0.0}, "rc_at_200": {"relevant": 0.0, "distractor": 0.0}, "rc_at_300": {"relevant": 0.0, "distractor": 0.0}, "rc_at_500": {"relevant": 0.0, "distractor": 0.0}, "rc_at_1000": {"relevant": 0.0, "distractor": 0.0}}