{"ndcg_at_1": 0.24087, "ndcg_at_3": 0.30895, "ndcg_at_5": 0.33299, "ndcg_at_10": 0.36844, "ndcg_at_20": 0.3878, "ndcg_at_100": 0.4254, "ndcg_at_200": 0.43531, "ndcg_at_300": 0.44006, "ndcg_at_500": 0.44455, "ndcg_at_1000": 0.44969, "map_at_1": 0.19477, "map_at_3": 0.26919, "map_at_5": 0.28678, "map_at_10": 0.30363, "map_at_20": 0.30979, "map_at_100": 0.31606, "map_at_200": 0.31676, "map_at_300": 0.31697, "map_at_500": 0.31713, "map_at_1000": 0.31725, "recall_at_1": 0.19477, "recall_at_3": 0.35264, "recall_at_5": 0.41336, "recall_at_10": 0.51779, "recall_at_20": 0.58787, "recall_at_100": 0.76741, "recall_at_200": 0.82715, "recall_at_300": 0.85869, "recall_at_500": 0.88958, "recall_at_1000": 0.92869, "precision_at_1": 0.24087, "precision_at_3": 0.15297, "precision_at_5": 0.11279, "precision_at_10": 0.07272, "precision_at_20": 0.04229, "precision_at_100": 0.01176, "precision_at_200": 0.00654, "precision_at_300": 0.0046, "precision_at_500": 0.00295, "precision_at_1000": 0.00159, "mrr_at_1": 0.24087, "mrr_at_3": 0.32021, "mrr_at_5": 0.33442, "mrr_at_10": 0.34889, "mrr_at_20": 0.35356, "mrr_at_100": 0.35758, "mrr_at_200": 0.35797, "mrr_at_300": 0.35808, "mrr_at_500": 0.35813, "mrr_at_1000": 0.35817, "rc_at_1": {"relevant": 0.0, "distractor": 0.0}, "rc_at_3": {"relevant": 0.0, "distractor": 0.0}, "rc_at_5": {"relevant": 0.0, "distractor": 0.0}, "rc_at_10": {"relevant": 0.0, "distractor": 0.0}, "rc_at_20": {"relevant": 0.0, "distractor": 0.0}, "rc_at_100": {"relevant": 0.0, "distractor": 0.0}, "rc_at_200": {"relevant": 0.0, "distractor": 0.0}, "rc_at_300": {"relevant": 0.0, "distractor": 0.0}, "rc_at_500": {"relevant": 0.0, "distractor": 0.0}, "rc_at_1000": {"relevant": 0.0, "distractor": 0.0}}