{"ndcg_at_1": 0.33846, "ndcg_at_3": 0.32308, "ndcg_at_5": 0.2968, "ndcg_at_10": 0.24962, "ndcg_at_20": 0.29727, "ndcg_at_100": 0.40489, "ndcg_at_200": 0.43955, "ndcg_at_300": 0.45282, "ndcg_at_500": 0.46349, "ndcg_at_1000": 0.47818, "map_at_1": 0.03385, "map_at_3": 0.07974, "map_at_5": 0.10244, "map_at_10": 0.13844, "map_at_20": 0.16119, "map_at_100": 0.19159, "map_at_200": 0.19755, "map_at_300": 0.19899, "map_at_500": 0.19992, "map_at_1000": 0.20061, "recall_at_1": 0.03385, "recall_at_3": 0.09538, "recall_at_5": 0.14154, "recall_at_10": 0.22154, "recall_at_20": 0.30615, "recall_at_100": 0.58308, "recall_at_200": 0.69385, "recall_at_300": 0.74154, "recall_at_500": 0.78308, "recall_at_1000": 0.84615, "precision_at_1": 0.33846, "precision_at_3": 0.31795, "precision_at_5": 0.28308, "precision_at_10": 0.22154, "precision_at_20": 0.15308, "precision_at_100": 0.05831, "precision_at_200": 0.03469, "precision_at_300": 0.02472, "precision_at_500": 0.01566, "precision_at_1000": 0.00846, "mrr_at_1": 0.33846, "mrr_at_3": 0.43333, "mrr_at_5": 0.47026, "mrr_at_10": 0.48506, "mrr_at_20": 0.49024, "mrr_at_100": 0.49262, "mrr_at_200": 0.49274, "mrr_at_300": 0.49274, "mrr_at_500": 0.49274, "mrr_at_1000": 0.49274, "rc_at_1": {"relevant": 0.33846, "distractor": 0.63077}, "rc_at_3": {"relevant": 0.95385, "distractor": 1.98462}, "rc_at_5": {"relevant": 1.41538, "distractor": 3.36923}, "rc_at_10": {"relevant": 2.2, "distractor": 7.26154}, "rc_at_20": {"relevant": 3.06154, "distractor": 15.15385}, "rc_at_100": {"relevant": 5.84615, "distractor": 56.89231}, "rc_at_200": {"relevant": 6.93846, "distractor": 69.72308}, "rc_at_300": {"relevant": 7.41538, "distractor": 74.78462}, "rc_at_500": {"relevant": 7.83077, "distractor": 80.49231}, "rc_at_1000": {"relevant": 8.46154, "distractor": 85.73846}}