{"ndcg_at_1": 0.233, "ndcg_at_3": 0.18849, "ndcg_at_5": 0.16112, "ndcg_at_10": 0.19548, "ndcg_at_20": 0.22585, "ndcg_at_100": 0.27646, "ndcg_at_200": 0.29271, "ndcg_at_300": 0.30117, "ndcg_at_500": 0.31216, "ndcg_at_1000": 0.3268, "map_at_1": 0.04728, "map_at_3": 0.08451, "map_at_5": 0.09896, "map_at_10": 0.11501, "map_at_20": 0.1259, "map_at_100": 0.1359, "map_at_200": 0.13737, "map_at_300": 0.13788, "map_at_500": 0.13833, "map_at_1000": 0.13873, "recall_at_1": 0.04728, "recall_at_3": 0.10758, "recall_at_5": 0.14178, "recall_at_10": 0.20542, "recall_at_20": 0.2773, "recall_at_100": 0.4419, "recall_at_200": 0.51053, "recall_at_300": 0.55057, "recall_at_500": 0.60685, "recall_at_1000": 0.68882, "precision_at_1": 0.233, "precision_at_3": 0.17667, "precision_at_5": 0.1398, "precision_at_10": 0.1014, "precision_at_20": 0.0684, "precision_at_100": 0.02177, "precision_at_200": 0.01258, "precision_at_300": 0.00904, "precision_at_500": 0.00598, "precision_at_1000": 0.00339, "mrr_at_1": 0.233, "mrr_at_3": 0.30617, "mrr_at_5": 0.32172, "mrr_at_10": 0.33815, "mrr_at_20": 0.34482, "mrr_at_100": 0.34883, "mrr_at_200": 0.34915, "mrr_at_300": 0.34924, "mrr_at_500": 0.34933, "mrr_at_1000": 0.34935, "rc_at_1": {"relevant": 0.0, "distractor": 0.0}, "rc_at_3": {"relevant": 0.0, "distractor": 0.0}, "rc_at_5": {"relevant": 0.0, "distractor": 0.0}, "rc_at_10": {"relevant": 0.0, "distractor": 0.0}, "rc_at_20": {"relevant": 0.0, "distractor": 0.0}, "rc_at_100": {"relevant": 0.0, "distractor": 0.0}, "rc_at_200": {"relevant": 0.0, "distractor": 0.0}, "rc_at_300": {"relevant": 0.0, "distractor": 0.0}, "rc_at_500": {"relevant": 0.0, "distractor": 0.0}, "rc_at_1000": {"relevant": 0.0, "distractor": 0.0}}