{"ndcg_at_1": 0.18712, "ndcg_at_3": 0.22298, "ndcg_at_5": 0.23728, "ndcg_at_10": 0.25557, "ndcg_at_20": 0.27344, "ndcg_at_100": 0.30775, "ndcg_at_200": 0.31763, "ndcg_at_300": 0.32233, "ndcg_at_500": 0.32844, "ndcg_at_1000": 0.33564, "map_at_1": 0.16581, "map_at_3": 0.20428, "map_at_5": 0.21304, "map_at_10": 0.22126, "map_at_20": 0.22638, "map_at_100": 0.23131, "map_at_200": 0.23187, "map_at_300": 0.23205, "map_at_500": 0.23222, "map_at_1000": 0.23233, "recall_at_1": 0.16581, "recall_at_3": 0.24904, "recall_at_5": 0.28359, "recall_at_10": 0.3379, "recall_at_20": 0.40369, "recall_at_100": 0.57962, "recall_at_200": 0.64524, "recall_at_300": 0.67809, "recall_at_500": 0.72613, "recall_at_1000": 0.78928, "precision_at_1": 0.18712, "precision_at_3": 0.09611, "precision_at_5": 0.06748, "precision_at_10": 0.0411, "precision_at_20": 0.02531, "precision_at_100": 0.00741, "precision_at_200": 0.00419, "precision_at_300": 0.00299, "precision_at_500": 0.00194, "precision_at_1000": 0.00107, "mrr_at_1": 0.18405, "mrr_at_3": 0.22495, "mrr_at_5": 0.23384, "mrr_at_10": 0.24153, "mrr_at_20": 0.24668, "mrr_at_100": 0.25079, "mrr_at_200": 0.25125, "mrr_at_300": 0.25141, "mrr_at_500": 0.2515, "mrr_at_1000": 0.2516, "rc_at_1": {"relevant": 0.0, "distractor": 0.0}, "rc_at_3": {"relevant": 0.0, "distractor": 0.0}, "rc_at_5": {"relevant": 0.0, "distractor": 0.0}, "rc_at_10": {"relevant": 0.0, "distractor": 0.0}, "rc_at_20": {"relevant": 0.0, "distractor": 0.0}, "rc_at_100": {"relevant": 0.0, "distractor": 0.0}, "rc_at_200": {"relevant": 0.0, "distractor": 0.0}, "rc_at_300": {"relevant": 0.0, "distractor": 0.0}, "rc_at_500": {"relevant": 0.0, "distractor": 0.0}, "rc_at_1000": {"relevant": 0.0, "distractor": 0.0}}