{"ndcg_at_1": 0.15306, "ndcg_at_3": 0.11743, "ndcg_at_5": 0.09251, "ndcg_at_10": 0.09093, "ndcg_at_20": 0.10136, "ndcg_at_100": 0.14893, "ndcg_at_200": 0.17432, "ndcg_at_300": 0.19308, "ndcg_at_500": 0.21346, "ndcg_at_1000": 0.24612, "map_at_1": 0.01084, "map_at_3": 0.01666, "map_at_5": 0.01778, "map_at_10": 0.02296, "map_at_20": 0.03054, "map_at_100": 0.03938, "map_at_200": 0.04169, "map_at_300": 0.04302, "map_at_500": 0.04429, "map_at_1000": 0.04581, "recall_at_1": 0.01084, "recall_at_3": 0.02391, "recall_at_5": 0.02713, "recall_at_10": 0.05269, "recall_at_20": 0.09422, "recall_at_100": 0.19526, "recall_at_200": 0.25598, "recall_at_300": 0.31046, "recall_at_500": 0.37954, "recall_at_1000": 0.50203, "precision_at_1": 0.16327, "precision_at_3": 0.11565, "precision_at_5": 0.08163, "precision_at_10": 0.08163, "precision_at_20": 0.07041, "precision_at_100": 0.03143, "precision_at_200": 0.02153, "precision_at_300": 0.01789, "precision_at_500": 0.01339, "precision_at_1000": 0.00902, "mrr_at_1": 0.14286, "mrr_at_3": 0.22789, "mrr_at_5": 0.23707, "mrr_at_10": 0.25679, "mrr_at_20": 0.26455, "mrr_at_100": 0.27083, "mrr_at_200": 0.2714, "mrr_at_300": 0.2714, "mrr_at_500": 0.2714, "mrr_at_1000": 0.27143, "rc_at_1": {"relevant": 0.0, "distractor": 0.0}, "rc_at_3": {"relevant": 0.0, "distractor": 0.0}, "rc_at_5": {"relevant": 0.0, "distractor": 0.0}, "rc_at_10": {"relevant": 0.0, "distractor": 0.0}, "rc_at_20": {"relevant": 0.0, "distractor": 0.0}, "rc_at_100": {"relevant": 0.0, "distractor": 0.0}, "rc_at_200": {"relevant": 0.0, "distractor": 0.0}, "rc_at_300": {"relevant": 0.0, "distractor": 0.0}, "rc_at_500": {"relevant": 0.0, "distractor": 0.0}, "rc_at_1000": {"relevant": 0.0, "distractor": 0.0}}