{"ndcg_at_1": 0.25956, "ndcg_at_3": 0.3217, "ndcg_at_5": 0.34791, "ndcg_at_10": 0.37577, "ndcg_at_20": 0.39454, "ndcg_at_100": 0.42502, "ndcg_at_200": 0.43478, "ndcg_at_300": 0.43993, "ndcg_at_500": 0.44487, "ndcg_at_1000": 0.44982, "map_at_1": 0.22507, "map_at_3": 0.29148, "map_at_5": 0.30804, "map_at_10": 0.32064, "map_at_20": 0.32652, "map_at_100": 0.33139, "map_at_200": 0.33197, "map_at_300": 0.33218, "map_at_500": 0.33232, "map_at_1000": 0.33241, "recall_at_1": 0.22507, "recall_at_3": 0.36571, "recall_at_5": 0.42927, "recall_at_10": 0.51195, "recall_at_20": 0.58201, "recall_at_100": 0.73256, "recall_at_200": 0.79656, "recall_at_300": 0.83332, "recall_at_500": 0.87246, "recall_at_1000": 0.91428, "precision_at_1": 0.25956, "precision_at_3": 0.14692, "precision_at_5": 0.10533, "precision_at_10": 0.06426, "precision_at_20": 0.03743, "precision_at_100": 0.00982, "precision_at_200": 0.0054, "precision_at_300": 0.0038, "precision_at_500": 0.0024, "precision_at_1000": 0.00127, "mrr_at_1": 0.25893, "mrr_at_3": 0.32424, "mrr_at_5": 0.33866, "mrr_at_10": 0.35095, "mrr_at_20": 0.35588, "mrr_at_100": 0.35957, "mrr_at_200": 0.35999, "mrr_at_300": 0.36012, "mrr_at_500": 0.36022, "mrr_at_1000": 0.36026, "rc_at_1": {"relevant": 0.0, "distractor": 0.0}, "rc_at_3": {"relevant": 0.0, "distractor": 0.0}, "rc_at_5": {"relevant": 0.0, "distractor": 0.0}, "rc_at_10": {"relevant": 0.0, "distractor": 0.0}, "rc_at_20": {"relevant": 0.0, "distractor": 0.0}, "rc_at_100": {"relevant": 0.0, "distractor": 0.0}, "rc_at_200": {"relevant": 0.0, "distractor": 0.0}, "rc_at_300": {"relevant": 0.0, "distractor": 0.0}, "rc_at_500": {"relevant": 0.0, "distractor": 0.0}, "rc_at_1000": {"relevant": 0.0, "distractor": 0.0}}