{"ndcg_at_1": 0.25457, "ndcg_at_3": 0.31496, "ndcg_at_5": 0.33972, "ndcg_at_10": 0.37285, "ndcg_at_20": 0.39614, "ndcg_at_100": 0.43097, "ndcg_at_200": 0.44103, "ndcg_at_300": 0.44585, "ndcg_at_500": 0.45073, "ndcg_at_1000": 0.45589, "map_at_1": 0.20321, "map_at_3": 0.27578, "map_at_5": 0.29332, "map_at_10": 0.30934, "map_at_20": 0.31673, "map_at_100": 0.3225, "map_at_200": 0.32321, "map_at_300": 0.32343, "map_at_500": 0.3236, "map_at_1000": 0.32372, "recall_at_1": 0.20321, "recall_at_3": 0.35568, "recall_at_5": 0.42015, "recall_at_10": 0.51749, "recall_at_20": 0.60147, "recall_at_100": 0.76854, "recall_at_200": 0.82778, "recall_at_300": 0.85951, "recall_at_500": 0.8944, "recall_at_1000": 0.93516, "precision_at_1": 0.25457, "precision_at_3": 0.15525, "precision_at_5": 0.11416, "precision_at_10": 0.0726, "precision_at_20": 0.04326, "precision_at_100": 0.0118, "precision_at_200": 0.00658, "precision_at_300": 0.00465, "precision_at_500": 0.00297, "precision_at_1000": 0.0016, "mrr_at_1": 0.25457, "mrr_at_3": 0.32705, "mrr_at_5": 0.34287, "mrr_at_10": 0.35606, "mrr_at_20": 0.36173, "mrr_at_100": 0.36527, "mrr_at_200": 0.36569, "mrr_at_300": 0.3658, "mrr_at_500": 0.36586, "mrr_at_1000": 0.3659, "rc_at_1": {"relevant": 0.0, "distractor": 0.0}, "rc_at_3": {"relevant": 0.0, "distractor": 0.0}, "rc_at_5": {"relevant": 0.0, "distractor": 0.0}, "rc_at_10": {"relevant": 0.0, "distractor": 0.0}, "rc_at_20": {"relevant": 0.0, "distractor": 0.0}, "rc_at_100": {"relevant": 0.0, "distractor": 0.0}, "rc_at_200": {"relevant": 0.0, "distractor": 0.0}, "rc_at_300": {"relevant": 0.0, "distractor": 0.0}, "rc_at_500": {"relevant": 0.0, "distractor": 0.0}, "rc_at_1000": {"relevant": 0.0, "distractor": 0.0}}