{"ndcg_at_1": 0.11503, "ndcg_at_3": 0.14435, "ndcg_at_5": 0.15124, "ndcg_at_10": 0.16748, "ndcg_at_20": 0.18074, "ndcg_at_100": 0.20242, "ndcg_at_200": 0.21094, "ndcg_at_300": 0.21602, "ndcg_at_500": 0.2241, "ndcg_at_1000": 0.23282, "map_at_1": 0.10795, "map_at_3": 0.13278, "map_at_5": 0.13704, "map_at_10": 0.14396, "map_at_20": 0.14756, "map_at_100": 0.1503, "map_at_200": 0.15075, "map_at_300": 0.15093, "map_at_500": 0.15111, "map_at_1000": 0.15124, "recall_at_1": 0.10795, "recall_at_3": 0.16443, "recall_at_5": 0.18309, "recall_at_10": 0.23171, "recall_at_20": 0.28142, "recall_at_100": 0.39442, "recall_at_200": 0.45151, "recall_at_300": 0.48973, "recall_at_500": 0.55567, "recall_at_1000": 0.6322, "precision_at_1": 0.11503, "precision_at_3": 0.06033, "precision_at_5": 0.04049, "precision_at_10": 0.02653, "precision_at_20": 0.01664, "precision_at_100": 0.00488, "precision_at_200": 0.00285, "precision_at_300": 0.00207, "precision_at_500": 0.00141, "precision_at_1000": 0.00082, "mrr_at_1": 0.11656, "mrr_at_3": 0.14136, "mrr_at_5": 0.14719, "mrr_at_10": 0.15405, "mrr_at_20": 0.15793, "mrr_at_100": 0.16094, "mrr_at_200": 0.16133, "mrr_at_300": 0.16153, "mrr_at_500": 0.16169, "mrr_at_1000": 0.1618, "rc_at_1": {"relevant": 0.0, "distractor": 0.0}, "rc_at_3": {"relevant": 0.0, "distractor": 0.0}, "rc_at_5": {"relevant": 0.0, "distractor": 0.0}, "rc_at_10": {"relevant": 0.0, "distractor": 0.0}, "rc_at_20": {"relevant": 0.0, "distractor": 0.0}, "rc_at_100": {"relevant": 0.0, "distractor": 0.0}, "rc_at_200": {"relevant": 0.0, "distractor": 0.0}, "rc_at_300": {"relevant": 0.0, "distractor": 0.0}, "rc_at_500": {"relevant": 0.0, "distractor": 0.0}, "rc_at_1000": {"relevant": 0.0, "distractor": 0.0}}