{"ndcg_at_1": 0.41529, "ndcg_at_3": 0.46273, "ndcg_at_5": 0.47672, "ndcg_at_10": 0.49814, "ndcg_at_20": 0.51437, "ndcg_at_100": 0.53938, "ndcg_at_200": 0.54667, "ndcg_at_300": 0.55039, "ndcg_at_500": 0.55401, "ndcg_at_1000": 0.55776, "map_at_1": 0.33253, "map_at_3": 0.4131, "map_at_5": 0.42779, "map_at_10": 0.44109, "map_at_20": 0.44835, "map_at_100": 0.45418, "map_at_200": 0.45489, "map_at_300": 0.45514, "map_at_500": 0.4553, "map_at_1000": 0.4554, "recall_at_1": 0.33253, "recall_at_3": 0.47972, "recall_at_5": 0.52269, "recall_at_10": 0.59177, "recall_at_20": 0.65045, "recall_at_100": 0.76635, "recall_at_200": 0.80766, "recall_at_300": 0.83009, "recall_at_500": 0.85475, "recall_at_1000": 0.88243, "precision_at_1": 0.41529, "precision_at_3": 0.22527, "precision_at_5": 0.15618, "precision_at_10": 0.09369, "precision_at_20": 0.05503, "precision_at_100": 0.01462, "precision_at_200": 0.00802, "precision_at_300": 0.00563, "precision_at_500": 0.00355, "precision_at_1000": 0.00188, "mrr_at_1": 0.41529, "mrr_at_3": 0.48493, "mrr_at_5": 0.49384, "mrr_at_10": 0.50288, "mrr_at_20": 0.50612, "mrr_at_100": 0.50871, "mrr_at_200": 0.50896, "mrr_at_300": 0.50903, "mrr_at_500": 0.50908, "mrr_at_1000": 0.50911, "rc_at_1": {"relevant": 0.0, "distractor": 0.0}, "rc_at_3": {"relevant": 0.0, "distractor": 0.0}, "rc_at_5": {"relevant": 0.0, "distractor": 0.0}, "rc_at_10": {"relevant": 0.0, "distractor": 0.0}, "rc_at_20": {"relevant": 0.0, "distractor": 0.0}, "rc_at_100": {"relevant": 0.0, "distractor": 0.0}, "rc_at_200": {"relevant": 0.0, "distractor": 0.0}, "rc_at_300": {"relevant": 0.0, "distractor": 0.0}, "rc_at_500": {"relevant": 0.0, "distractor": 0.0}, "rc_at_1000": {"relevant": 0.0, "distractor": 0.0}}