{"ndcg_at_1": 0.45833, "ndcg_at_3": 0.41396, "ndcg_at_5": 0.42774, "ndcg_at_10": 0.45139, "ndcg_at_20": 0.48118, "ndcg_at_100": 0.52157, "ndcg_at_200": 0.53349, "ndcg_at_300": 0.53825, "ndcg_at_500": 0.54365, "ndcg_at_1000": 0.54881, "map_at_1": 0.22875, "map_at_3": 0.3221, "map_at_5": 0.34972, "map_at_10": 0.3689, "map_at_20": 0.38137, "map_at_100": 0.39026, "map_at_200": 0.39127, "map_at_300": 0.39155, "map_at_500": 0.39179, "map_at_1000": 0.39193, "recall_at_1": 0.22875, "recall_at_3": 0.37133, "recall_at_5": 0.44226, "recall_at_10": 0.51875, "recall_at_20": 0.61044, "recall_at_100": 0.77229, "recall_at_200": 0.8382, "recall_at_300": 0.86665, "recall_at_500": 0.90043, "recall_at_1000": 0.93722, "precision_at_1": 0.45833, "precision_at_3": 0.27521, "precision_at_5": 0.20309, "precision_at_10": 0.12469, "precision_at_20": 0.075, "precision_at_100": 0.01988, "precision_at_200": 0.01079, "precision_at_300": 0.00747, "precision_at_500": 0.00469, "precision_at_1000": 0.00245, "mrr_at_1": 0.45833, "mrr_at_3": 0.51337, "mrr_at_5": 0.52912, "mrr_at_10": 0.53888, "mrr_at_20": 0.54323, "mrr_at_100": 0.54603, "mrr_at_200": 0.54632, "mrr_at_300": 0.54636, "mrr_at_500": 0.54639, "mrr_at_1000": 0.54641, "rc_at_1": {"relevant": 0.0, "distractor": 0.0}, "rc_at_3": {"relevant": 0.0, "distractor": 0.0}, "rc_at_5": {"relevant": 0.0, "distractor": 0.0}, "rc_at_10": {"relevant": 0.0, "distractor": 0.0}, "rc_at_20": {"relevant": 0.0, "distractor": 0.0}, "rc_at_100": {"relevant": 0.0, "distractor": 0.0}, "rc_at_200": {"relevant": 0.0, "distractor": 0.0}, "rc_at_300": {"relevant": 0.0, "distractor": 0.0}, "rc_at_500": {"relevant": 0.0, "distractor": 0.0}, "rc_at_1000": {"relevant": 0.0, "distractor": 0.0}}