{"ndcg_at_1": 0.40816, "ndcg_at_3": 0.36452, "ndcg_at_5": 0.34278, "ndcg_at_10": 0.31286, "ndcg_at_20": 0.31532, "ndcg_at_100": 0.42247, "ndcg_at_200": 0.46053, "ndcg_at_300": 0.48052, "ndcg_at_500": 0.50212, "ndcg_at_1000": 0.52811, "map_at_1": 0.03394, "map_at_3": 0.07094, "map_at_5": 0.09247, "map_at_10": 0.13125, "map_at_20": 0.15558, "map_at_100": 0.19503, "map_at_200": 0.20238, "map_at_300": 0.20553, "map_at_500": 0.20788, "map_at_1000": 0.2102, "recall_at_1": 0.03394, "recall_at_3": 0.08005, "recall_at_5": 0.11732, "recall_at_10": 0.18928, "recall_at_20": 0.27109, "recall_at_100": 0.51173, "recall_at_200": 0.61116, "recall_at_300": 0.66861, "recall_at_500": 0.73746, "recall_at_1000": 0.82924, "precision_at_1": 0.44898, "precision_at_3": 0.36735, "precision_at_5": 0.33469, "precision_at_10": 0.26531, "precision_at_20": 0.20102, "precision_at_100": 0.08367, "precision_at_200": 0.05224, "precision_at_300": 0.03918, "precision_at_500": 0.02665, "precision_at_1000": 0.01553, "mrr_at_1": 0.44898, "mrr_at_3": 0.55102, "mrr_at_5": 0.57755, "mrr_at_10": 0.58322, "mrr_at_20": 0.592, "mrr_at_100": 0.59295, "mrr_at_200": 0.59295, "mrr_at_300": 0.59295, "mrr_at_500": 0.59295, "mrr_at_1000": 0.59295, "rc_at_1": {"relevant": 0.0, "distractor": 0.0}, "rc_at_3": {"relevant": 0.0, "distractor": 0.0}, "rc_at_5": {"relevant": 0.0, "distractor": 0.0}, "rc_at_10": {"relevant": 0.0, "distractor": 0.0}, "rc_at_20": {"relevant": 0.0, "distractor": 0.0}, "rc_at_100": {"relevant": 0.0, "distractor": 0.0}, "rc_at_200": {"relevant": 0.0, "distractor": 0.0}, "rc_at_300": {"relevant": 0.0, "distractor": 0.0}, "rc_at_500": {"relevant": 0.0, "distractor": 0.0}, "rc_at_1000": {"relevant": 0.0, "distractor": 0.0}}