{"ndcg_at_1": 0.213, "ndcg_at_3": 0.17914, "ndcg_at_5": 0.15467, "ndcg_at_10": 0.18524, "ndcg_at_20": 0.21314, "ndcg_at_100": 0.26388, "ndcg_at_200": 0.28093, "ndcg_at_300": 0.28975, "ndcg_at_500": 0.29981, "ndcg_at_1000": 0.31472, "map_at_1": 0.04323, "map_at_3": 0.07958, "map_at_5": 0.09409, "map_at_10": 0.10819, "map_at_20": 0.1184, "map_at_100": 0.1283, "map_at_200": 0.12984, "map_at_300": 0.13035, "map_at_500": 0.13075, "map_at_1000": 0.13115, "recall_at_1": 0.04323, "recall_at_3": 0.10273, "recall_at_5": 0.13752, "recall_at_10": 0.1936, "recall_at_20": 0.2596, "recall_at_100": 0.42342, "recall_at_200": 0.49563, "recall_at_300": 0.53713, "recall_at_500": 0.5883, "recall_at_1000": 0.67208, "precision_at_1": 0.213, "precision_at_3": 0.169, "precision_at_5": 0.1356, "precision_at_10": 0.0954, "precision_at_20": 0.06405, "precision_at_100": 0.02087, "precision_at_200": 0.01221, "precision_at_300": 0.00882, "precision_at_500": 0.0058, "precision_at_1000": 0.00331, "mrr_at_1": 0.216, "mrr_at_3": 0.2915, "mrr_at_5": 0.309, "mrr_at_10": 0.32495, "mrr_at_20": 0.33095, "mrr_at_100": 0.33553, "mrr_at_200": 0.33584, "mrr_at_300": 0.33595, "mrr_at_500": 0.33601, "mrr_at_1000": 0.33606, "rc_at_1": {"relevant": 0.0, "distractor": 0.0}, "rc_at_3": {"relevant": 0.0, "distractor": 0.0}, "rc_at_5": {"relevant": 0.0, "distractor": 0.0}, "rc_at_10": {"relevant": 0.0, "distractor": 0.0}, "rc_at_20": {"relevant": 0.0, "distractor": 0.0}, "rc_at_100": {"relevant": 0.0, "distractor": 0.0}, "rc_at_200": {"relevant": 0.0, "distractor": 0.0}, "rc_at_300": {"relevant": 0.0, "distractor": 0.0}, "rc_at_500": {"relevant": 0.0, "distractor": 0.0}, "rc_at_1000": {"relevant": 0.0, "distractor": 0.0}}