{"ndcg_at_1": 0.12727, "ndcg_at_3": 0.14657, "ndcg_at_5": 0.14176, "ndcg_at_10": 0.12141, "ndcg_at_20": 0.13578, "ndcg_at_100": 0.20946, "ndcg_at_200": 0.23063, "ndcg_at_300": 0.24318, "ndcg_at_500": 0.25857, "ndcg_at_1000": 0.27585, "map_at_1": 0.01273, "map_at_3": 0.03455, "map_at_5": 0.04845, "map_at_10": 0.06277, "map_at_20": 0.06817, "map_at_100": 0.08273, "map_at_200": 0.08477, "map_at_300": 0.08583, "map_at_500": 0.08673, "map_at_1000": 0.08734, "recall_at_1": 0.01273, "recall_at_3": 0.04545, "recall_at_5": 0.07091, "recall_at_10": 0.11273, "recall_at_20": 0.13818, "recall_at_100": 0.32364, "recall_at_200": 0.39273, "recall_at_300": 0.43818, "recall_at_500": 0.49818, "recall_at_1000": 0.57273, "precision_at_1": 0.12727, "precision_at_3": 0.15152, "precision_at_5": 0.14182, "precision_at_10": 0.11273, "precision_at_20": 0.06909, "precision_at_100": 0.03236, "precision_at_200": 0.01964, "precision_at_300": 0.01461, "precision_at_500": 0.00996, "precision_at_1000": 0.00573, "mrr_at_1": 0.14545, "mrr_at_3": 0.20909, "mrr_at_5": 0.22909, "mrr_at_10": 0.24299, "mrr_at_20": 0.24781, "mrr_at_100": 0.25612, "mrr_at_200": 0.25624, "mrr_at_300": 0.25637, "mrr_at_500": 0.25637, "mrr_at_1000": 0.2564, "rc_at_1": {"relevant": 0.14545, "distractor": 0.38182}, "rc_at_3": {"relevant": 0.45455, "distractor": 1.29091}, "rc_at_5": {"relevant": 0.72727, "distractor": 2.07273}, "rc_at_10": {"relevant": 1.12727, "distractor": 3.65455}, "rc_at_20": {"relevant": 1.4, "distractor": 6.4}, "rc_at_100": {"relevant": 3.25455, "distractor": 17.54545}, "rc_at_200": {"relevant": 3.92727, "distractor": 23.87273}, "rc_at_300": {"relevant": 4.45455, "distractor": 27.70909}, "rc_at_500": {"relevant": 5.01818, "distractor": 32.61818}, "rc_at_1000": {"relevant": 5.72727, "distractor": 39.03636}}