{"ndcg_at_1": 0.64, "ndcg_at_3": 0.67184, "ndcg_at_5": 0.66564, "ndcg_at_10": 0.61571, "ndcg_at_20": 0.59546, "ndcg_at_100": 0.44123, "ndcg_at_200": 0.36857, "ndcg_at_300": 0.34373, "ndcg_at_500": 0.33932, "ndcg_at_1000": 0.38434, "map_at_1": 0.00171, "map_at_3": 0.00509, "map_at_5": 0.00821, "map_at_10": 0.01391, "map_at_20": 0.0248, "map_at_100": 0.07182, "map_at_200": 0.09817, "map_at_300": 0.11459, "map_at_500": 0.13344, "map_at_1000": 0.15439, "recall_at_1": 0.00171, "recall_at_3": 0.00569, "recall_at_5": 0.00948, "recall_at_10": 0.01677, "recall_at_20": 0.03138, "recall_at_100": 0.10518, "recall_at_200": 0.16103, "recall_at_300": 0.20457, "recall_at_500": 0.26533, "recall_at_1000": 0.3558, "precision_at_1": 0.66, "precision_at_3": 0.72667, "precision_at_5": 0.716, "precision_at_10": 0.644, "precision_at_20": 0.624, "precision_at_100": 0.4418, "precision_at_200": 0.3497, "precision_at_300": 0.30047, "precision_at_500": 0.23908, "precision_at_1000": 0.16446, "mrr_at_1": 0.7, "mrr_at_3": 0.80333, "mrr_at_5": 0.80833, "mrr_at_10": 0.81083, "mrr_at_20": 0.81208, "mrr_at_100": 0.81208, "mrr_at_200": 0.81208, "mrr_at_300": 0.81208, "mrr_at_500": 0.81208, "mrr_at_1000": 0.81208, "rc_at_1": {"relevant": 0.0, "distractor": 0.0}, "rc_at_3": {"relevant": 0.0, "distractor": 0.0}, "rc_at_5": {"relevant": 0.0, "distractor": 0.0}, "rc_at_10": {"relevant": 0.0, "distractor": 0.0}, "rc_at_20": {"relevant": 0.0, "distractor": 0.0}, "rc_at_100": {"relevant": 0.0, "distractor": 0.0}, "rc_at_200": {"relevant": 0.0, "distractor": 0.0}, "rc_at_300": {"relevant": 0.0, "distractor": 0.0}, "rc_at_500": {"relevant": 0.0, "distractor": 0.0}, "rc_at_1000": {"relevant": 0.0, "distractor": 0.0}}