{"ndcg_at_1": 0.76193, "ndcg_at_3": 0.80735, "ndcg_at_5": 0.82033, "ndcg_at_10": 0.82983, "ndcg_at_20": 0.83497, "ndcg_at_100": 0.84094, "ndcg_at_200": 0.842, "ndcg_at_300": 0.84248, "ndcg_at_500": 0.84306, "ndcg_at_1000": 0.84364, "map_at_1": 0.70764, "map_at_3": 0.77641, "map_at_5": 0.78513, "map_at_10": 0.7897, "map_at_20": 0.79141, "map_at_100": 0.79245, "map_at_200": 0.79253, "map_at_300": 0.79255, "map_at_500": 0.79257, "map_at_1000": 0.79259, "recall_at_1": 0.70764, "recall_at_3": 0.84676, "recall_at_5": 0.88023, "recall_at_10": 0.90884, "recall_at_20": 0.92714, "recall_at_100": 0.95566, "recall_at_200": 0.96191, "recall_at_300": 0.9651, "recall_at_500": 0.96919, "recall_at_1000": 0.97339, "precision_at_1": 0.76193, "precision_at_3": 0.30808, "precision_at_5": 0.19298, "precision_at_10": 0.10029, "precision_at_20": 0.05152, "precision_at_100": 0.01077, "precision_at_200": 0.00545, "precision_at_300": 0.00365, "precision_at_500": 0.00221, "precision_at_1000": 0.00112, "mrr_at_1": 0.76193, "mrr_at_3": 0.82536, "mrr_at_5": 0.83237, "mrr_at_10": 0.83593, "mrr_at_20": 0.83708, "mrr_at_100": 0.83762, "mrr_at_200": 0.83764, "mrr_at_300": 0.83764, "mrr_at_500": 0.83765, "mrr_at_1000": 0.83765, "rc_at_1": {"relevant": 0.0, "distractor": 0.0}, "rc_at_3": {"relevant": 0.0, "distractor": 0.0}, "rc_at_5": {"relevant": 0.0, "distractor": 0.0}, "rc_at_10": {"relevant": 0.0, "distractor": 0.0}, "rc_at_20": {"relevant": 0.0, "distractor": 0.0}, "rc_at_100": {"relevant": 0.0, "distractor": 0.0}, "rc_at_200": {"relevant": 0.0, "distractor": 0.0}, "rc_at_300": {"relevant": 0.0, "distractor": 0.0}, "rc_at_500": {"relevant": 0.0, "distractor": 0.0}, "rc_at_1000": {"relevant": 0.0, "distractor": 0.0}}