{"ndcg_at_1": 0.2228, "ndcg_at_3": 0.19428, "ndcg_at_5": 0.20684, "ndcg_at_10": 0.23304, "ndcg_at_20": 0.2501, "ndcg_at_100": 0.2816, "ndcg_at_200": 0.29168, "ndcg_at_300": 0.2965, "ndcg_at_500": 0.30351, "ndcg_at_1000": 0.31114, "map_at_1": 0.10028, "map_at_3": 0.14322, "map_at_5": 0.15464, "map_at_10": 0.16593, "map_at_20": 0.17157, "map_at_100": 0.17669, "map_at_200": 0.1774, "map_at_300": 0.17763, "map_at_500": 0.17786, "map_at_1000": 0.17802, "recall_at_1": 0.10028, "recall_at_3": 0.18035, "recall_at_5": 0.21706, "recall_at_10": 0.27702, "recall_at_20": 0.32503, "recall_at_100": 0.4486, "recall_at_200": 0.49976, "recall_at_300": 0.52666, "recall_at_500": 0.56907, "recall_at_1000": 0.61945, "precision_at_1": 0.2228, "precision_at_3": 0.14159, "precision_at_5": 0.10554, "precision_at_10": 0.06971, "precision_at_20": 0.04218, "precision_at_100": 0.01223, "precision_at_200": 0.00692, "precision_at_300": 0.0049, "precision_at_500": 0.00321, "precision_at_1000": 0.00176, "mrr_at_1": 0.22215, "mrr_at_3": 0.28719, "mrr_at_5": 0.30276, "mrr_at_10": 0.3159, "mrr_at_20": 0.32069, "mrr_at_100": 0.32432, "mrr_at_200": 0.32463, "mrr_at_300": 0.32473, "mrr_at_500": 0.32481, "mrr_at_1000": 0.32486, "rc_at_1": {"relevant": 0.0, "distractor": 0.0}, "rc_at_3": {"relevant": 0.0, "distractor": 0.0}, "rc_at_5": {"relevant": 0.0, "distractor": 0.0}, "rc_at_10": {"relevant": 0.0, "distractor": 0.0}, "rc_at_20": {"relevant": 0.0, "distractor": 0.0}, "rc_at_100": {"relevant": 0.0, "distractor": 0.0}, "rc_at_200": {"relevant": 0.0, "distractor": 0.0}, "rc_at_300": {"relevant": 0.0, "distractor": 0.0}, "rc_at_500": {"relevant": 0.0, "distractor": 0.0}, "rc_at_1000": {"relevant": 0.0, "distractor": 0.0}}