{"ndcg_at_1": 0.32727, "ndcg_at_3": 0.27588, "ndcg_at_5": 0.25218, "ndcg_at_10": 0.20326, "ndcg_at_20": 0.25723, "ndcg_at_100": 0.38269, "ndcg_at_200": 0.40331, "ndcg_at_300": 0.40941, "ndcg_at_500": 0.42058, "ndcg_at_1000": 0.43153, "map_at_1": 0.03273, "map_at_3": 0.0697, "map_at_5": 0.08933, "map_at_10": 0.10853, "map_at_20": 0.13279, "map_at_100": 0.17181, "map_at_200": 0.1748, "map_at_300": 0.1755, "map_at_500": 0.17634, "map_at_1000": 0.17681, "recall_at_1": 0.03273, "recall_at_3": 0.07818, "recall_at_5": 0.11636, "recall_at_10": 0.17273, "recall_at_20": 0.26909, "recall_at_100": 0.57818, "recall_at_200": 0.64545, "recall_at_300": 0.66727, "recall_at_500": 0.71091, "recall_at_1000": 0.75818, "precision_at_1": 0.32727, "precision_at_3": 0.26061, "precision_at_5": 0.23273, "precision_at_10": 0.17273, "precision_at_20": 0.13455, "precision_at_100": 0.05782, "precision_at_200": 0.03227, "precision_at_300": 0.02224, "precision_at_500": 0.01422, "precision_at_1000": 0.00758, "mrr_at_1": 0.32727, "mrr_at_3": 0.38788, "mrr_at_5": 0.42424, "mrr_at_10": 0.44307, "mrr_at_20": 0.44673, "mrr_at_100": 0.45106, "mrr_at_200": 0.4513, "mrr_at_300": 0.4513, "mrr_at_500": 0.4513, "mrr_at_1000": 0.4513, "rc_at_1": {"relevant": 0.32727, "distractor": 0.58182}, "rc_at_3": {"relevant": 0.78182, "distractor": 2.0}, "rc_at_5": {"relevant": 1.16364, "distractor": 3.34545}, "rc_at_10": {"relevant": 1.72727, "distractor": 6.90909}, "rc_at_20": {"relevant": 2.69091, "distractor": 13.4}, "rc_at_100": {"relevant": 5.78182, "distractor": 41.47273}, "rc_at_200": {"relevant": 6.45455, "distractor": 50.78182}, "rc_at_300": {"relevant": 6.67273, "distractor": 56.09091}, "rc_at_500": {"relevant": 7.10909, "distractor": 61.18182}, "rc_at_1000": {"relevant": 7.58182, "distractor": 67.09091}}