{"ndcg_at_1": 0.34436, "ndcg_at_3": 0.26958, "ndcg_at_5": 0.28775, "ndcg_at_10": 0.30765, "ndcg_at_20": 0.32275, "ndcg_at_100": 0.34803, "ndcg_at_200": 0.35704, "ndcg_at_300": 0.36157, "ndcg_at_500": 0.36714, "ndcg_at_1000": 0.37374, "map_at_1": 0.17218, "map_at_3": 0.21721, "map_at_5": 0.22767, "map_at_10": 0.23643, "map_at_20": 0.24102, "map_at_100": 0.24498, "map_at_200": 0.24556, "map_at_300": 0.24575, "map_at_500": 0.24592, "map_at_1000": 0.24604, "recall_at_1": 0.17218, "recall_at_3": 0.25327, "recall_at_5": 0.28947, "recall_at_10": 0.33957, "recall_at_20": 0.38812, "recall_at_100": 0.50068, "recall_at_200": 0.55321, "recall_at_300": 0.58251, "recall_at_500": 0.62154, "recall_at_1000": 0.67259, "precision_at_1": 0.34436, "precision_at_3": 0.16885, "precision_at_5": 0.11579, "precision_at_10": 0.06791, "precision_at_20": 0.03881, "precision_at_100": 0.01001, "precision_at_200": 0.00553, "precision_at_300": 0.00388, "precision_at_500": 0.00249, "precision_at_1000": 0.00135, "mrr_at_1": 0.34436, "mrr_at_3": 0.39863, "mrr_at_5": 0.41036, "mrr_at_10": 0.4197, "mrr_at_20": 0.42413, "mrr_at_100": 0.42719, "mrr_at_200": 0.42755, "mrr_at_300": 0.42764, "mrr_at_500": 0.42772, "mrr_at_1000": 0.42777, "rc_at_1": {"relevant": 0.0, "distractor": 0.0}, "rc_at_3": {"relevant": 0.0, "distractor": 0.0}, "rc_at_5": {"relevant": 0.0, "distractor": 0.0}, "rc_at_10": {"relevant": 0.0, "distractor": 0.0}, "rc_at_20": {"relevant": 0.0, "distractor": 0.0}, "rc_at_100": {"relevant": 0.0, "distractor": 0.0}, "rc_at_200": {"relevant": 0.0, "distractor": 0.0}, "rc_at_300": {"relevant": 0.0, "distractor": 0.0}, "rc_at_500": {"relevant": 0.0, "distractor": 0.0}, "rc_at_1000": {"relevant": 0.0, "distractor": 0.0}}