{"ndcg_at_1": 0.21818, "ndcg_at_3": 0.17217, "ndcg_at_5": 0.15733, "ndcg_at_10": 0.13625, "ndcg_at_20": 0.16364, "ndcg_at_100": 0.22219, "ndcg_at_200": 0.2451, "ndcg_at_300": 0.25323, "ndcg_at_500": 0.26587, "ndcg_at_1000": 0.28583, "map_at_1": 0.02182, "map_at_3": 0.03758, "map_at_5": 0.04721, "map_at_10": 0.0607, "map_at_20": 0.07084, "map_at_100": 0.08406, "map_at_200": 0.0867, "map_at_300": 0.08741, "map_at_500": 0.08813, "map_at_1000": 0.08878, "recall_at_1": 0.02182, "recall_at_3": 0.04727, "recall_at_5": 0.07091, "recall_at_10": 0.12, "recall_at_20": 0.16909, "recall_at_100": 0.31818, "recall_at_200": 0.39273, "recall_at_300": 0.42182, "recall_at_500": 0.47091, "recall_at_1000": 0.55818, "precision_at_1": 0.21818, "precision_at_3": 0.15758, "precision_at_5": 0.14182, "precision_at_10": 0.12, "precision_at_20": 0.08455, "precision_at_100": 0.03182, "precision_at_200": 0.01964, "precision_at_300": 0.01406, "precision_at_500": 0.00942, "precision_at_1000": 0.00558, "mrr_at_1": 0.21818, "mrr_at_3": 0.30303, "mrr_at_5": 0.31939, "mrr_at_10": 0.33956, "mrr_at_20": 0.34638, "mrr_at_100": 0.34946, "mrr_at_200": 0.34971, "mrr_at_300": 0.34984, "mrr_at_500": 0.34984, "mrr_at_1000": 0.3499, "rc_at_1": {"relevant": 0.21818, "distractor": 0.47273}, "rc_at_3": {"relevant": 0.56364, "distractor": 1.36364}, "rc_at_5": {"relevant": 0.74545, "distractor": 2.29091}, "rc_at_10": {"relevant": 1.27273, "distractor": 4.07273}, "rc_at_20": {"relevant": 1.78182, "distractor": 7.16364}, "rc_at_100": {"relevant": 3.38182, "distractor": 19.6}, "rc_at_200": {"relevant": 4.12727, "distractor": 25.89091}, "rc_at_300": {"relevant": 4.49091, "distractor": 29.41818}, "rc_at_500": {"relevant": 4.85455, "distractor": 34.8}, "rc_at_1000": {"relevant": 5.61818, "distractor": 42.49091}}