{"ndcg_at_1": 0.1166, "ndcg_at_3": 0.15145, "ndcg_at_5": 0.15935, "ndcg_at_10": 0.17481, "ndcg_at_20": 0.18788, "ndcg_at_100": 0.21939, "ndcg_at_200": 0.23141, "ndcg_at_300": 0.23908, "ndcg_at_500": 0.2462, "ndcg_at_1000": 0.25812, "map_at_1": 0.09649, "map_at_3": 0.12933, "map_at_5": 0.13522, "map_at_10": 0.14226, "map_at_20": 0.14655, "map_at_100": 0.15139, "map_at_200": 0.15214, "map_at_300": 0.15249, "map_at_500": 0.1528, "map_at_1000": 0.1531, "recall_at_1": 0.09649, "recall_at_3": 0.16609, "recall_at_5": 0.1888, "recall_at_10": 0.23998, "recall_at_20": 0.29083, "recall_at_100": 0.45, "recall_at_200": 0.52767, "recall_at_300": 0.57834, "recall_at_500": 0.62757, "recall_at_1000": 0.72288, "precision_at_1": 0.1166, "precision_at_3": 0.07444, "precision_at_5": 0.05336, "precision_at_10": 0.03458, "precision_at_20": 0.02253, "precision_at_100": 0.0083, "precision_at_200": 0.00517, "precision_at_300": 0.00391, "precision_at_500": 0.00275, "precision_at_1000": 0.00168, "mrr_at_1": 0.1166, "mrr_at_3": 0.15415, "mrr_at_5": 0.16156, "mrr_at_10": 0.16964, "mrr_at_20": 0.17332, "mrr_at_100": 0.17719, "mrr_at_200": 0.17773, "mrr_at_300": 0.17793, "mrr_at_500": 0.17805, "mrr_at_1000": 0.17817, "rc_at_1": {"relevant": 0.0, "distractor": 0.0}, "rc_at_3": {"relevant": 0.0, "distractor": 0.0}, "rc_at_5": {"relevant": 0.0, "distractor": 0.0}, "rc_at_10": {"relevant": 0.0, "distractor": 0.0}, "rc_at_20": {"relevant": 0.0, "distractor": 0.0}, "rc_at_100": {"relevant": 0.0, "distractor": 0.0}, "rc_at_200": {"relevant": 0.0, "distractor": 0.0}, "rc_at_300": {"relevant": 0.0, "distractor": 0.0}, "rc_at_500": {"relevant": 0.0, "distractor": 0.0}, "rc_at_1000": {"relevant": 0.0, "distractor": 0.0}}