{"ndcg_at_1": 0.25154, "ndcg_at_3": 0.22099, "ndcg_at_5": 0.22772, "ndcg_at_10": 0.24839, "ndcg_at_20": 0.26602, "ndcg_at_100": 0.31088, "ndcg_at_200": 0.32496, "ndcg_at_300": 0.33244, "ndcg_at_500": 0.34008, "ndcg_at_1000": 0.3476, "map_at_1": 0.11943, "map_at_3": 0.16253, "map_at_5": 0.17651, "map_at_10": 0.18874, "map_at_20": 0.19468, "map_at_100": 0.20234, "map_at_200": 0.20341, "map_at_300": 0.20378, "map_at_500": 0.20406, "map_at_1000": 0.20423, "recall_at_1": 0.11943, "recall_at_3": 0.19515, "recall_at_5": 0.23329, "recall_at_10": 0.29724, "recall_at_20": 0.35478, "recall_at_100": 0.54759, "recall_at_200": 0.62369, "recall_at_300": 0.66863, "recall_at_500": 0.71767, "recall_at_1000": 0.76992, "precision_at_1": 0.25154, "precision_at_3": 0.14815, "precision_at_5": 0.11111, "precision_at_10": 0.07222, "precision_at_20": 0.0429, "precision_at_100": 0.01349, "precision_at_200": 0.00779, "precision_at_300": 0.00561, "precision_at_500": 0.00365, "precision_at_1000": 0.00199, "mrr_at_1": 0.25154, "mrr_at_3": 0.29938, "mrr_at_5": 0.30965, "mrr_at_10": 0.32026, "mrr_at_20": 0.32434, "mrr_at_100": 0.32866, "mrr_at_200": 0.32913, "mrr_at_300": 0.32928, "mrr_at_500": 0.32937, "mrr_at_1000": 0.32941, "rc_at_1": {"relevant": 0.0, "distractor": 0.0}, "rc_at_3": {"relevant": 0.0, "distractor": 0.0}, "rc_at_5": {"relevant": 0.0, "distractor": 0.0}, "rc_at_10": {"relevant": 0.0, "distractor": 0.0}, "rc_at_20": {"relevant": 0.0, "distractor": 0.0}, "rc_at_100": {"relevant": 0.0, "distractor": 0.0}, "rc_at_200": {"relevant": 0.0, "distractor": 0.0}, "rc_at_300": {"relevant": 0.0, "distractor": 0.0}, "rc_at_500": {"relevant": 0.0, "distractor": 0.0}, "rc_at_1000": {"relevant": 0.0, "distractor": 0.0}}