{"ndcg_at_1": 0.1791, "ndcg_at_3": 0.23122, "ndcg_at_5": 0.24868, "ndcg_at_10": 0.27531, "ndcg_at_20": 0.30136, "ndcg_at_100": 0.3372, "ndcg_at_200": 0.3494, "ndcg_at_300": 0.35526, "ndcg_at_500": 0.36266, "ndcg_at_1000": 0.36898, "map_at_1": 0.14481, "map_at_3": 0.20062, "map_at_5": 0.21211, "map_at_10": 0.22414, "map_at_20": 0.23189, "map_at_100": 0.23733, "map_at_200": 0.23813, "map_at_300": 0.23841, "map_at_500": 0.23862, "map_at_1000": 0.23873, "recall_at_1": 0.14481, "recall_at_3": 0.27058, "recall_at_5": 0.31416, "recall_at_10": 0.39207, "recall_at_20": 0.48569, "recall_at_100": 0.65973, "recall_at_200": 0.73533, "recall_at_300": 0.77476, "recall_at_500": 0.83136, "recall_at_1000": 0.88387, "precision_at_1": 0.1791, "precision_at_3": 0.11401, "precision_at_5": 0.08134, "precision_at_10": 0.05199, "precision_at_20": 0.03308, "precision_at_100": 0.00949, "precision_at_200": 0.00544, "precision_at_300": 0.00389, "precision_at_500": 0.00252, "precision_at_1000": 0.00136, "mrr_at_1": 0.18284, "mrr_at_3": 0.24357, "mrr_at_5": 0.25508, "mrr_at_10": 0.26631, "mrr_at_20": 0.27347, "mrr_at_100": 0.27785, "mrr_at_200": 0.27834, "mrr_at_300": 0.27846, "mrr_at_500": 0.27859, "mrr_at_1000": 0.27864, "rc_at_1": {"relevant": 0.0, "distractor": 0.0}, "rc_at_3": {"relevant": 0.0, "distractor": 0.0}, "rc_at_5": {"relevant": 0.0, "distractor": 0.0}, "rc_at_10": {"relevant": 0.0, "distractor": 0.0}, "rc_at_20": {"relevant": 0.0, "distractor": 0.0}, "rc_at_100": {"relevant": 0.0, "distractor": 0.0}, "rc_at_200": {"relevant": 0.0, "distractor": 0.0}, "rc_at_300": {"relevant": 0.0, "distractor": 0.0}, "rc_at_500": {"relevant": 0.0, "distractor": 0.0}, "rc_at_1000": {"relevant": 0.0, "distractor": 0.0}}