{"ndcg_at_1": 0.01017, "ndcg_at_3": 0.01685, "ndcg_at_5": 0.01954, "ndcg_at_10": 0.02226, "ndcg_at_20": 0.02543, "ndcg_at_100": 0.03594, "ndcg_at_200": 0.04189, "ndcg_at_300": 0.04721, "ndcg_at_500": 0.05485, "ndcg_at_1000": 0.06525, "map_at_1": 0.0096, "map_at_3": 0.01525, "map_at_5": 0.01661, "map_at_10": 0.01768, "map_at_20": 0.01853, "map_at_100": 0.01974, "map_at_200": 0.02003, "map_at_300": 0.0202, "map_at_500": 0.02038, "map_at_1000": 0.02052, "recall_at_1": 0.0096, "recall_at_3": 0.02147, "recall_at_5": 0.02785, "recall_at_10": 0.03594, "recall_at_20": 0.04818, "recall_at_100": 0.10732, "recall_at_200": 0.14884, "recall_at_300": 0.18906, "recall_at_500": 0.25288, "recall_at_1000": 0.34817, "precision_at_1": 0.01017, "precision_at_3": 0.00753, "precision_at_5": 0.0061, "precision_at_10": 0.00407, "precision_at_20": 0.00271, "precision_at_100": 0.00118, "precision_at_200": 0.00083, "precision_at_300": 0.00072, "precision_at_500": 0.00058, "precision_at_1000": 0.0004, "mrr_at_1": 0.0113, "mrr_at_3": 0.01601, "mrr_at_5": 0.01736, "mrr_at_10": 0.01885, "mrr_at_20": 0.02003, "mrr_at_100": 0.02131, "mrr_at_200": 0.02165, "mrr_at_300": 0.02185, "mrr_at_500": 0.02201, "mrr_at_1000": 0.02216, "rc_at_1": {"relevant": 0.0, "distractor": 0.0}, "rc_at_3": {"relevant": 0.0, "distractor": 0.0}, "rc_at_5": {"relevant": 0.0, "distractor": 0.0}, "rc_at_10": {"relevant": 0.0, "distractor": 0.0}, "rc_at_20": {"relevant": 0.0, "distractor": 0.0}, "rc_at_100": {"relevant": 0.0, "distractor": 0.0}, "rc_at_200": {"relevant": 0.0, "distractor": 0.0}, "rc_at_300": {"relevant": 0.0, "distractor": 0.0}, "rc_at_500": {"relevant": 0.0, "distractor": 0.0}, "rc_at_1000": {"relevant": 0.0, "distractor": 0.0}}