{"ndcg_at_1": 0.44615, "ndcg_at_3": 0.35995, "ndcg_at_5": 0.3284, "ndcg_at_10": 0.27525, "ndcg_at_20": 0.32563, "ndcg_at_100": 0.48395, "ndcg_at_200": 0.52686, "ndcg_at_300": 0.53327, "ndcg_at_500": 0.53878, "ndcg_at_1000": 0.54312, "map_at_1": 0.04462, "map_at_3": 0.09103, "map_at_5": 0.12264, "map_at_10": 0.16185, "map_at_20": 0.18777, "map_at_100": 0.23556, "map_at_200": 0.24389, "map_at_300": 0.24464, "map_at_500": 0.24512, "map_at_1000": 0.24536, "recall_at_1": 0.04462, "recall_at_3": 0.10154, "recall_at_5": 0.15077, "recall_at_10": 0.24, "recall_at_20": 0.33077, "recall_at_100": 0.73692, "recall_at_200": 0.87385, "recall_at_300": 0.89692, "recall_at_500": 0.91846, "recall_at_1000": 0.93692, "precision_at_1": 0.44615, "precision_at_3": 0.33846, "precision_at_5": 0.30154, "precision_at_10": 0.24, "precision_at_20": 0.16538, "precision_at_100": 0.07369, "precision_at_200": 0.04369, "precision_at_300": 0.0299, "precision_at_500": 0.01837, "precision_at_1000": 0.00937, "mrr_at_1": 0.44615, "mrr_at_3": 0.50513, "mrr_at_5": 0.52282, "mrr_at_10": 0.5406, "mrr_at_20": 0.54871, "mrr_at_100": 0.55057, "mrr_at_200": 0.55057, "mrr_at_300": 0.55057, "mrr_at_500": 0.55057, "mrr_at_1000": 0.55057, "rc_at_1": {"relevant": 0.44615, "distractor": 0.53846}, "rc_at_3": {"relevant": 1.01538, "distractor": 1.95385}, "rc_at_5": {"relevant": 1.50769, "distractor": 3.44615}, "rc_at_10": {"relevant": 2.4, "distractor": 7.49231}, "rc_at_20": {"relevant": 3.30769, "distractor": 16.26154}, "rc_at_100": {"relevant": 7.36923, "distractor": 75.01538}, "rc_at_200": {"relevant": 8.73846, "distractor": 88.50769}, "rc_at_300": {"relevant": 8.96923, "distractor": 91.4}, "rc_at_500": {"relevant": 9.18462, "distractor": 93.75385}, "rc_at_1000": {"relevant": 9.36923, "distractor": 95.53846}}