{"ndcg_at_1": 0.34853, "ndcg_at_3": 0.29279, "ndcg_at_5": 0.30645, "ndcg_at_10": 0.33703, "ndcg_at_20": 0.3612, "ndcg_at_100": 0.39596, "ndcg_at_200": 0.40641, "ndcg_at_300": 0.41135, "ndcg_at_500": 0.41804, "ndcg_at_1000": 0.42407, "map_at_1": 0.15674, "map_at_3": 0.21816, "map_at_5": 0.23529, "map_at_10": 0.25142, "map_at_20": 0.26008, "map_at_100": 0.26687, "map_at_200": 0.26773, "map_at_300": 0.268, "map_at_500": 0.26824, "map_at_1000": 0.26838, "recall_at_1": 0.15674, "recall_at_3": 0.2623, "recall_at_5": 0.31111, "recall_at_10": 0.3791, "recall_at_20": 0.44739, "recall_at_100": 0.58016, "recall_at_200": 0.63208, "recall_at_300": 0.65906, "recall_at_500": 0.69901, "recall_at_1000": 0.73813, "precision_at_1": 0.34853, "precision_at_3": 0.21477, "precision_at_5": 0.157, "precision_at_10": 0.09883, "precision_at_20": 0.05977, "precision_at_100": 0.01621, "precision_at_200": 0.00895, "precision_at_300": 0.00627, "precision_at_500": 0.00403, "precision_at_1000": 0.00215, "mrr_at_1": 0.34853, "mrr_at_3": 0.43366, "mrr_at_5": 0.44952, "mrr_at_10": 0.45873, "mrr_at_20": 0.46367, "mrr_at_100": 0.46621, "mrr_at_200": 0.46643, "mrr_at_300": 0.46648, "mrr_at_500": 0.46653, "mrr_at_1000": 0.46655, "rc_at_1": {"relevant": 0.0, "distractor": 0.0}, "rc_at_3": {"relevant": 0.0, "distractor": 0.0}, "rc_at_5": {"relevant": 0.0, "distractor": 0.0}, "rc_at_10": {"relevant": 0.0, "distractor": 0.0}, "rc_at_20": {"relevant": 0.0, "distractor": 0.0}, "rc_at_100": {"relevant": 0.0, "distractor": 0.0}, "rc_at_200": {"relevant": 0.0, "distractor": 0.0}, "rc_at_300": {"relevant": 0.0, "distractor": 0.0}, "rc_at_500": {"relevant": 0.0, "distractor": 0.0}, "rc_at_1000": {"relevant": 0.0, "distractor": 0.0}}