{"ndcg_at_1": 0.04991, "ndcg_at_3": 0.07379, "ndcg_at_5": 0.08239, "ndcg_at_10": 0.09782, "ndcg_at_20": 0.1124, "ndcg_at_100": 0.13735, "ndcg_at_200": 0.14491, "ndcg_at_300": 0.14955, "ndcg_at_500": 0.15829, "ndcg_at_1000": 0.16677, "map_at_1": 0.04898, "map_at_3": 0.06701, "map_at_5": 0.07161, "map_at_10": 0.07806, "map_at_20": 0.08208, "map_at_100": 0.08559, "map_at_200": 0.08596, "map_at_300": 0.08611, "map_at_500": 0.08633, "map_at_1000": 0.08645, "recall_at_1": 0.04898, "recall_at_3": 0.09026, "recall_at_5": 0.11004, "recall_at_10": 0.15616, "recall_at_20": 0.21177, "recall_at_100": 0.34137, "recall_at_200": 0.39391, "recall_at_300": 0.42849, "recall_at_500": 0.50043, "recall_at_1000": 0.5759, "precision_at_1": 0.04991, "precision_at_3": 0.03204, "precision_at_5": 0.0244, "precision_at_10": 0.01774, "precision_at_20": 0.0122, "precision_at_100": 0.00403, "precision_at_200": 0.00234, "precision_at_300": 0.00172, "precision_at_500": 0.00122, "precision_at_1000": 0.00072, "mrr_at_1": 0.04991, "mrr_at_3": 0.06993, "mrr_at_5": 0.07539, "mrr_at_10": 0.08165, "mrr_at_20": 0.08579, "mrr_at_100": 0.08924, "mrr_at_200": 0.08964, "mrr_at_300": 0.0898, "mrr_at_500": 0.08999, "mrr_at_1000": 0.09009, "rc_at_1": {"relevant": 0.0, "distractor": 0.0}, "rc_at_3": {"relevant": 0.0, "distractor": 0.0}, "rc_at_5": {"relevant": 0.0, "distractor": 0.0}, "rc_at_10": {"relevant": 0.0, "distractor": 0.0}, "rc_at_20": {"relevant": 0.0, "distractor": 0.0}, "rc_at_100": {"relevant": 0.0, "distractor": 0.0}, "rc_at_200": {"relevant": 0.0, "distractor": 0.0}, "rc_at_300": {"relevant": 0.0, "distractor": 0.0}, "rc_at_500": {"relevant": 0.0, "distractor": 0.0}, "rc_at_1000": {"relevant": 0.0, "distractor": 0.0}}