{"ndcg_at_1": 0.36923, "ndcg_at_3": 0.32935, "ndcg_at_5": 0.28922, "ndcg_at_10": 0.24764, "ndcg_at_20": 0.30246, "ndcg_at_100": 0.49719, "ndcg_at_200": 0.54655, "ndcg_at_300": 0.54991, "ndcg_at_500": 0.55111, "ndcg_at_1000": 0.55111, "map_at_1": 0.03692, "map_at_3": 0.07974, "map_at_5": 0.09936, "map_at_10": 0.1373, "map_at_20": 0.16261, "map_at_100": 0.21958, "map_at_200": 0.23099, "map_at_300": 0.2314, "map_at_500": 0.23153, "map_at_1000": 0.23153, "recall_at_1": 0.03692, "recall_at_3": 0.09538, "recall_at_5": 0.13231, "recall_at_10": 0.21692, "recall_at_20": 0.31538, "recall_at_100": 0.82615, "recall_at_200": 0.98, "recall_at_300": 0.99231, "recall_at_500": 0.99692, "recall_at_1000": 0.99692, "precision_at_1": 0.36923, "precision_at_3": 0.31795, "precision_at_5": 0.26462, "precision_at_10": 0.21692, "precision_at_20": 0.15769, "precision_at_100": 0.08262, "precision_at_200": 0.049, "precision_at_300": 0.03308, "precision_at_500": 0.01994, "precision_at_1000": 0.00997, "mrr_at_1": 0.36923, "mrr_at_3": 0.4641, "mrr_at_5": 0.48026, "mrr_at_10": 0.4988, "mrr_at_20": 0.50552, "mrr_at_100": 0.50878, "mrr_at_200": 0.50878, "mrr_at_300": 0.50878, "mrr_at_500": 0.50878, "mrr_at_1000": 0.50878, "rc_at_1": {"relevant": 0.36923, "distractor": 0.63077}, "rc_at_3": {"relevant": 0.95385, "distractor": 2.04615}, "rc_at_5": {"relevant": 1.32308, "distractor": 3.66154}, "rc_at_10": {"relevant": 2.16923, "distractor": 7.78462}, "rc_at_20": {"relevant": 3.15385, "distractor": 16.69231}, "rc_at_100": {"relevant": 8.26154, "distractor": 87.89231}, "rc_at_200": {"relevant": 9.8, "distractor": 97.61538}, "rc_at_300": {"relevant": 9.92308, "distractor": 98.47692}, "rc_at_500": {"relevant": 9.96923, "distractor": 98.86154}, "rc_at_1000": {"relevant": 9.96923, "distractor": 99.24615}}