{"ndcg_at_1": 0.36923, "ndcg_at_3": 0.32935, "ndcg_at_5": 0.28922, "ndcg_at_10": 0.24764, "ndcg_at_20": 0.30162, "ndcg_at_100": 0.48393, "ndcg_at_200": 0.53087, "ndcg_at_300": 0.53815, "ndcg_at_500": 0.54052, "ndcg_at_1000": 0.54346, "map_at_1": 0.03692, "map_at_3": 0.07974, "map_at_5": 0.09936, "map_at_10": 0.1373, "map_at_20": 0.16198, "map_at_100": 0.21551, "map_at_200": 0.2252, "map_at_300": 0.22618, "map_at_500": 0.2264, "map_at_1000": 0.22657, "recall_at_1": 0.03692, "recall_at_3": 0.09538, "recall_at_5": 0.13231, "recall_at_10": 0.21692, "recall_at_20": 0.31385, "recall_at_100": 0.78923, "recall_at_200": 0.93846, "recall_at_300": 0.96462, "recall_at_500": 0.97385, "recall_at_1000": 0.98615, "precision_at_1": 0.36923, "precision_at_3": 0.31795, "precision_at_5": 0.26462, "precision_at_10": 0.21692, "precision_at_20": 0.15692, "precision_at_100": 0.07892, "precision_at_200": 0.04692, "precision_at_300": 0.03215, "precision_at_500": 0.01948, "precision_at_1000": 0.00986, "mrr_at_1": 0.36923, "mrr_at_3": 0.4641, "mrr_at_5": 0.48026, "mrr_at_10": 0.4988, "mrr_at_20": 0.50552, "mrr_at_100": 0.50876, "mrr_at_200": 0.50876, "mrr_at_300": 0.50876, "mrr_at_500": 0.50876, "mrr_at_1000": 0.50876, "rc_at_1": {"relevant": 0.36923, "distractor": 0.63077}, "rc_at_3": {"relevant": 0.95385, "distractor": 2.04615}, "rc_at_5": {"relevant": 1.32308, "distractor": 3.66154}, "rc_at_10": {"relevant": 2.16923, "distractor": 7.75385}, "rc_at_20": {"relevant": 3.13846, "distractor": 16.61538}, "rc_at_100": {"relevant": 7.89231, "distractor": 82.69231}, "rc_at_200": {"relevant": 9.38462, "distractor": 94.35385}, "rc_at_300": {"relevant": 9.64615, "distractor": 95.69231}, "rc_at_500": {"relevant": 9.73846, "distractor": 97.03077}, "rc_at_1000": {"relevant": 9.86154, "distractor": 97.93846}}