{"ndcg_at_1": 0.26428, "ndcg_at_3": 0.30899, "ndcg_at_5": 0.33066, "ndcg_at_10": 0.35671, "ndcg_at_20": 0.37469, "ndcg_at_100": 0.40884, "ndcg_at_200": 0.41857, "ndcg_at_300": 0.42419, "ndcg_at_500": 0.42922, "ndcg_at_1000": 0.43491, "map_at_1": 0.21654, "map_at_3": 0.27619, "map_at_5": 0.29165, "map_at_10": 0.30424, "map_at_20": 0.31007, "map_at_100": 0.31547, "map_at_200": 0.31613, "map_at_300": 0.31638, "map_at_500": 0.31654, "map_at_1000": 0.31667, "recall_at_1": 0.21654, "recall_at_3": 0.33693, "recall_at_5": 0.39363, "recall_at_10": 0.47174, "recall_at_20": 0.53755, "recall_at_100": 0.7056, "recall_at_200": 0.76712, "recall_at_300": 0.80592, "recall_at_500": 0.84312, "recall_at_1000": 0.88865, "precision_at_1": 0.26428, "precision_at_3": 0.14579, "precision_at_5": 0.10496, "precision_at_10": 0.06473, "precision_at_20": 0.03792, "precision_at_100": 0.01061, "precision_at_200": 0.00594, "precision_at_300": 0.00424, "precision_at_500": 0.00271, "precision_at_1000": 0.00147, "mrr_at_1": 0.26428, "mrr_at_3": 0.32249, "mrr_at_5": 0.33567, "mrr_at_10": 0.34634, "mrr_at_20": 0.35091, "mrr_at_100": 0.35505, "mrr_at_200": 0.35544, "mrr_at_300": 0.35558, "mrr_at_500": 0.35567, "mrr_at_1000": 0.35573, "rc_at_1": {"relevant": 0.0, "distractor": 0.0}, "rc_at_3": {"relevant": 0.0, "distractor": 0.0}, "rc_at_5": {"relevant": 0.0, "distractor": 0.0}, "rc_at_10": {"relevant": 0.0, "distractor": 0.0}, "rc_at_20": {"relevant": 0.0, "distractor": 0.0}, "rc_at_100": {"relevant": 0.0, "distractor": 0.0}, "rc_at_200": {"relevant": 0.0, "distractor": 0.0}, "rc_at_300": {"relevant": 0.0, "distractor": 0.0}, "rc_at_500": {"relevant": 0.0, "distractor": 0.0}, "rc_at_1000": {"relevant": 0.0, "distractor": 0.0}}