{"ndcg_at_1": 0.38462, "ndcg_at_3": 0.3058, "ndcg_at_5": 0.27624, "ndcg_at_10": 0.22899, "ndcg_at_20": 0.28186, "ndcg_at_100": 0.4215, "ndcg_at_200": 0.4571, "ndcg_at_300": 0.46603, "ndcg_at_500": 0.4763, "ndcg_at_1000": 0.48536, "map_at_1": 0.03846, "map_at_3": 0.0741, "map_at_5": 0.0961, "map_at_10": 0.12759, "map_at_20": 0.14993, "map_at_100": 0.18893, "map_at_200": 0.19574, "map_at_300": 0.19668, "map_at_500": 0.19749, "map_at_1000": 0.19792, "recall_at_1": 0.03846, "recall_at_3": 0.08462, "recall_at_5": 0.12462, "recall_at_10": 0.19538, "recall_at_20": 0.29077, "recall_at_100": 0.64923, "recall_at_200": 0.76308, "recall_at_300": 0.79538, "recall_at_500": 0.83538, "recall_at_1000": 0.87385, "precision_at_1": 0.38462, "precision_at_3": 0.28205, "precision_at_5": 0.24923, "precision_at_10": 0.19538, "precision_at_20": 0.14538, "precision_at_100": 0.06492, "precision_at_200": 0.03815, "precision_at_300": 0.02651, "precision_at_500": 0.01671, "precision_at_1000": 0.00874, "mrr_at_1": 0.38462, "mrr_at_3": 0.45385, "mrr_at_5": 0.47462, "mrr_at_10": 0.48931, "mrr_at_20": 0.49941, "mrr_at_100": 0.50255, "mrr_at_200": 0.50255, "mrr_at_300": 0.50255, "mrr_at_500": 0.50255, "mrr_at_1000": 0.50258, "rc_at_1": {"relevant": 0.38462, "distractor": 0.6}, "rc_at_3": {"relevant": 0.84615, "distractor": 2.07692}, "rc_at_5": {"relevant": 1.24615, "distractor": 3.6}, "rc_at_10": {"relevant": 1.95385, "distractor": 7.66154}, "rc_at_20": {"relevant": 2.90769, "distractor": 15.90769}, "rc_at_100": {"relevant": 6.49231, "distractor": 65.04615}, "rc_at_200": {"relevant": 7.63077, "distractor": 78.47692}, "rc_at_300": {"relevant": 7.95385, "distractor": 82.47692}, "rc_at_500": {"relevant": 8.35385, "distractor": 86.2}, "rc_at_1000": {"relevant": 8.73846, "distractor": 90.03077}}