{"ndcg_at_1": 0.37152, "ndcg_at_3": 0.3299, "ndcg_at_5": 0.30733, "ndcg_at_10": 0.27942, "ndcg_at_20": 0.25888, "ndcg_at_100": 0.25616, "ndcg_at_200": 0.26958, "ndcg_at_300": 0.28131, "ndcg_at_500": 0.30334, "ndcg_at_1000": 0.34459, "map_at_1": 0.04172, "map_at_3": 0.07096, "map_at_5": 0.08166, "map_at_10": 0.0962, "map_at_20": 0.10528, "map_at_100": 0.11971, "map_at_200": 0.12345, "map_at_300": 0.12533, "map_at_500": 0.12797, "map_at_1000": 0.13139, "recall_at_1": 0.04172, "recall_at_3": 0.0801, "recall_at_5": 0.09967, "recall_at_10": 0.13497, "recall_at_20": 0.16717, "recall_at_100": 0.26311, "recall_at_200": 0.31754, "recall_at_300": 0.35824, "recall_at_500": 0.43266, "recall_at_1000": 0.58212, "precision_at_1": 0.39009, "precision_at_3": 0.31166, "precision_at_5": 0.26749, "precision_at_10": 0.20743, "precision_at_20": 0.15186, "precision_at_100": 0.06669, "precision_at_200": 0.04437, "precision_at_300": 0.03506, "precision_at_500": 0.02708, "precision_at_1000": 0.01918, "mrr_at_1": 0.3839, "mrr_at_3": 0.43705, "mrr_at_5": 0.44959, "mrr_at_10": 0.46094, "mrr_at_20": 0.46527, "mrr_at_100": 0.46851, "mrr_at_200": 0.4687, "mrr_at_300": 0.46882, "mrr_at_500": 0.4689, "mrr_at_1000": 0.46897, "rc_at_1": {"relevant": 0.0, "distractor": 0.0}, "rc_at_3": {"relevant": 0.0, "distractor": 0.0}, "rc_at_5": {"relevant": 0.0, "distractor": 0.0}, "rc_at_10": {"relevant": 0.0, "distractor": 0.0}, "rc_at_20": {"relevant": 0.0, "distractor": 0.0}, "rc_at_100": {"relevant": 0.0, "distractor": 0.0}, "rc_at_200": {"relevant": 0.0, "distractor": 0.0}, "rc_at_300": {"relevant": 0.0, "distractor": 0.0}, "rc_at_500": {"relevant": 0.0, "distractor": 0.0}, "rc_at_1000": {"relevant": 0.0, "distractor": 0.0}}