{"ndcg_at_1": 0.43077, "ndcg_at_3": 0.3474, "ndcg_at_5": 0.31956, "ndcg_at_10": 0.25454, "ndcg_at_20": 0.3106, "ndcg_at_100": 0.47368, "ndcg_at_200": 0.51689, "ndcg_at_300": 0.52621, "ndcg_at_500": 0.5313, "ndcg_at_1000": 0.53453, "map_at_1": 0.04308, "map_at_3": 0.08615, "map_at_5": 0.119, "map_at_10": 0.14761, "map_at_20": 0.17436, "map_at_100": 0.22454, "map_at_200": 0.23265, "map_at_300": 0.23381, "map_at_500": 0.2342, "map_at_1000": 0.23436, "recall_at_1": 0.04308, "recall_at_3": 0.09692, "recall_at_5": 0.14615, "recall_at_10": 0.21385, "recall_at_20": 0.31538, "recall_at_100": 0.73077, "recall_at_200": 0.86923, "recall_at_300": 0.90308, "recall_at_500": 0.92308, "recall_at_1000": 0.93692, "precision_at_1": 0.43077, "precision_at_3": 0.32308, "precision_at_5": 0.29231, "precision_at_10": 0.21385, "precision_at_20": 0.15769, "precision_at_100": 0.07308, "precision_at_200": 0.04346, "precision_at_300": 0.0301, "precision_at_500": 0.01846, "precision_at_1000": 0.00937, "mrr_at_1": 0.43077, "mrr_at_3": 0.49744, "mrr_at_5": 0.51513, "mrr_at_10": 0.52811, "mrr_at_20": 0.5366, "mrr_at_100": 0.53942, "mrr_at_200": 0.53942, "mrr_at_300": 0.53942, "mrr_at_500": 0.53942, "mrr_at_1000": 0.53942, "rc_at_1": {"relevant": 0.43077, "distractor": 0.55385}, "rc_at_3": {"relevant": 0.96923, "distractor": 2.0}, "rc_at_5": {"relevant": 1.46154, "distractor": 3.46154}, "rc_at_10": {"relevant": 2.13846, "distractor": 7.69231}, "rc_at_20": {"relevant": 3.15385, "distractor": 16.35385}, "rc_at_100": {"relevant": 7.30769, "distractor": 75.69231}, "rc_at_200": {"relevant": 8.69231, "distractor": 89.41538}, "rc_at_300": {"relevant": 9.03077, "distractor": 92.0}, "rc_at_500": {"relevant": 9.23077, "distractor": 94.2}, "rc_at_1000": {"relevant": 9.36923, "distractor": 95.83077}}