{"ndcg_at_1": 0.7107, "ndcg_at_3": 0.75966, "ndcg_at_5": 0.77988, "ndcg_at_10": 0.79676, "ndcg_at_20": 0.80697, "ndcg_at_100": 0.81777, "ndcg_at_200": 0.81943, "ndcg_at_300": 0.82009, "ndcg_at_500": 0.82076, "ndcg_at_1000": 0.82142, "map_at_1": 0.61784, "map_at_3": 0.71922, "map_at_5": 0.73849, "map_at_10": 0.75005, "map_at_20": 0.75471, "map_at_100": 0.75755, "map_at_200": 0.75774, "map_at_300": 0.7578, "map_at_500": 0.75783, "map_at_1000": 0.75785, "recall_at_1": 0.61784, "recall_at_3": 0.78633, "recall_at_5": 0.8405, "recall_at_10": 0.88985, "recall_at_20": 0.92477, "recall_at_100": 0.97002, "recall_at_200": 0.97874, "recall_at_300": 0.98252, "recall_at_500": 0.98681, "recall_at_1000": 0.99135, "precision_at_1": 0.7107, "precision_at_3": 0.33193, "precision_at_5": 0.22084, "precision_at_10": 0.12192, "precision_at_20": 0.06544, "precision_at_100": 0.01452, "precision_at_200": 0.00743, "precision_at_300": 0.00501, "precision_at_500": 0.00304, "precision_at_1000": 0.00154, "mrr_at_1": 0.7128, "mrr_at_3": 0.77505, "mrr_at_5": 0.78492, "mrr_at_10": 0.78965, "mrr_at_20": 0.79146, "mrr_at_100": 0.79226, "mrr_at_200": 0.79231, "mrr_at_300": 0.79231, "mrr_at_500": 0.79232, "mrr_at_1000": 0.79232, "rc_at_1": {"relevant": 0.0, "distractor": 0.0}, "rc_at_3": {"relevant": 0.0, "distractor": 0.0}, "rc_at_5": {"relevant": 0.0, "distractor": 0.0}, "rc_at_10": {"relevant": 0.0, "distractor": 0.0}, "rc_at_20": {"relevant": 0.0, "distractor": 0.0}, "rc_at_100": {"relevant": 0.0, "distractor": 0.0}, "rc_at_200": {"relevant": 0.0, "distractor": 0.0}, "rc_at_300": {"relevant": 0.0, "distractor": 0.0}, "rc_at_500": {"relevant": 0.0, "distractor": 0.0}, "rc_at_1000": {"relevant": 0.0, "distractor": 0.0}}