{"ndcg_at_1": 0.67252, "ndcg_at_3": 0.73994, "ndcg_at_5": 0.75797, "ndcg_at_10": 0.77015, "ndcg_at_20": 0.77682, "ndcg_at_100": 0.78537, "ndcg_at_200": 0.78719, "ndcg_at_300": 0.78794, "ndcg_at_500": 0.78877, "ndcg_at_1000": 0.7897, "map_at_1": 0.62334, "map_at_3": 0.70518, "map_at_5": 0.71688, "map_at_10": 0.72263, "map_at_20": 0.72473, "map_at_100": 0.72614, "map_at_200": 0.72626, "map_at_300": 0.72629, "map_at_500": 0.72632, "map_at_1000": 0.72634, "recall_at_1": 0.62334, "recall_at_3": 0.79475, "recall_at_5": 0.83944, "recall_at_10": 0.87597, "recall_at_20": 0.90047, "recall_at_100": 0.94221, "recall_at_200": 0.95376, "recall_at_300": 0.95879, "recall_at_500": 0.96485, "recall_at_1000": 0.97217, "precision_at_1": 0.67252, "precision_at_3": 0.28888, "precision_at_5": 0.18419, "precision_at_10": 0.09668, "precision_at_20": 0.04996, "precision_at_100": 0.01061, "precision_at_200": 0.0054, "precision_at_300": 0.00363, "precision_at_500": 0.0022, "precision_at_1000": 0.00112, "mrr_at_1": 0.67162, "mrr_at_3": 0.74975, "mrr_at_5": 0.7589, "mrr_at_10": 0.76347, "mrr_at_20": 0.76508, "mrr_at_100": 0.76603, "mrr_at_200": 0.76608, "mrr_at_300": 0.7661, "mrr_at_500": 0.76611, "mrr_at_1000": 0.76611, "rc_at_1": {"relevant": 0.0, "distractor": 0.0}, "rc_at_3": {"relevant": 0.0, "distractor": 0.0}, "rc_at_5": {"relevant": 0.0, "distractor": 0.0}, "rc_at_10": {"relevant": 0.0, "distractor": 0.0}, "rc_at_20": {"relevant": 0.0, "distractor": 0.0}, "rc_at_100": {"relevant": 0.0, "distractor": 0.0}, "rc_at_200": {"relevant": 0.0, "distractor": 0.0}, "rc_at_300": {"relevant": 0.0, "distractor": 0.0}, "rc_at_500": {"relevant": 0.0, "distractor": 0.0}, "rc_at_1000": {"relevant": 0.0, "distractor": 0.0}}