{"ndcg_at_1": 0.15925, "ndcg_at_3": 0.19219, "ndcg_at_5": 0.20551, "ndcg_at_10": 0.22154, "ndcg_at_20": 0.23554, "ndcg_at_100": 0.26442, "ndcg_at_200": 0.27442, "ndcg_at_300": 0.27984, "ndcg_at_500": 0.28592, "ndcg_at_1000": 0.29483, "map_at_1": 0.13768, "map_at_3": 0.17408, "map_at_5": 0.18244, "map_at_10": 0.18926, "map_at_20": 0.19358, "map_at_100": 0.1976, "map_at_200": 0.19817, "map_at_300": 0.19839, "map_at_500": 0.19855, "map_at_1000": 0.19869, "recall_at_1": 0.13768, "recall_at_3": 0.21586, "recall_at_5": 0.24908, "recall_at_10": 0.29761, "recall_at_20": 0.35001, "recall_at_100": 0.49794, "recall_at_200": 0.56428, "recall_at_300": 0.60362, "recall_at_500": 0.65139, "recall_at_1000": 0.72988, "precision_at_1": 0.15925, "precision_at_3": 0.08736, "precision_at_5": 0.06194, "precision_at_10": 0.03768, "precision_at_20": 0.02257, "precision_at_100": 0.00663, "precision_at_200": 0.00378, "precision_at_300": 0.00272, "precision_at_500": 0.00178, "precision_at_1000": 0.001, "mrr_at_1": 0.16238, "mrr_at_3": 0.19582, "mrr_at_5": 0.20623, "mrr_at_10": 0.21321, "mrr_at_20": 0.21715, "mrr_at_100": 0.22055, "mrr_at_200": 0.22104, "mrr_at_300": 0.2212, "mrr_at_500": 0.22133, "mrr_at_1000": 0.22144, "rc_at_1": {"relevant": 0.0, "distractor": 0.0}, "rc_at_3": {"relevant": 0.0, "distractor": 0.0}, "rc_at_5": {"relevant": 0.0, "distractor": 0.0}, "rc_at_10": {"relevant": 0.0, "distractor": 0.0}, "rc_at_20": {"relevant": 0.0, "distractor": 0.0}, "rc_at_100": {"relevant": 0.0, "distractor": 0.0}, "rc_at_200": {"relevant": 0.0, "distractor": 0.0}, "rc_at_300": {"relevant": 0.0, "distractor": 0.0}, "rc_at_500": {"relevant": 0.0, "distractor": 0.0}, "rc_at_1000": {"relevant": 0.0, "distractor": 0.0}}