{"ndcg_at_1": 0.32308, "ndcg_at_3": 0.26403, "ndcg_at_5": 0.24426, "ndcg_at_10": 0.21938, "ndcg_at_20": 0.26533, "ndcg_at_100": 0.42572, "ndcg_at_200": 0.46803, "ndcg_at_300": 0.47783, "ndcg_at_500": 0.48374, "ndcg_at_1000": 0.49238, "map_at_1": 0.03231, "map_at_3": 0.06308, "map_at_5": 0.08354, "map_at_10": 0.11803, "map_at_20": 0.13664, "map_at_100": 0.18353, "map_at_200": 0.1914, "map_at_300": 0.19261, "map_at_500": 0.19309, "map_at_1000": 0.19355, "recall_at_1": 0.03231, "recall_at_3": 0.07538, "recall_at_5": 0.11385, "recall_at_10": 0.2, "recall_at_20": 0.28462, "recall_at_100": 0.69385, "recall_at_200": 0.82923, "recall_at_300": 0.86462, "recall_at_500": 0.88769, "recall_at_1000": 0.92462, "precision_at_1": 0.32308, "precision_at_3": 0.25128, "precision_at_5": 0.22769, "precision_at_10": 0.2, "precision_at_20": 0.14231, "precision_at_100": 0.06938, "precision_at_200": 0.04146, "precision_at_300": 0.02882, "precision_at_500": 0.01775, "precision_at_1000": 0.00925, "mrr_at_1": 0.32308, "mrr_at_3": 0.40256, "mrr_at_5": 0.42641, "mrr_at_10": 0.44796, "mrr_at_20": 0.45419, "mrr_at_100": 0.45899, "mrr_at_200": 0.45899, "mrr_at_300": 0.45899, "mrr_at_500": 0.45899, "mrr_at_1000": 0.45899, "rc_at_1": {"relevant": 0.32308, "distractor": 0.67692}, "rc_at_3": {"relevant": 0.81538, "distractor": 2.15385}, "rc_at_5": {"relevant": 1.13846, "distractor": 3.8}, "rc_at_10": {"relevant": 1.96923, "distractor": 7.89231}, "rc_at_20": {"relevant": 2.89231, "distractor": 16.56923}, "rc_at_100": {"relevant": 6.90769, "distractor": 74.64615}, "rc_at_200": {"relevant": 8.30769, "distractor": 87.73846}, "rc_at_300": {"relevant": 8.66154, "distractor": 90.27692}, "rc_at_500": {"relevant": 8.92308, "distractor": 92.64615}, "rc_at_1000": {"relevant": 9.24615, "distractor": 94.72308}}