{"ndcg_at_1": 0.32308, "ndcg_at_3": 0.26042, "ndcg_at_5": 0.23784, "ndcg_at_10": 0.20305, "ndcg_at_20": 0.23786, "ndcg_at_100": 0.31686, "ndcg_at_200": 0.34098, "ndcg_at_300": 0.34913, "ndcg_at_500": 0.36055, "ndcg_at_1000": 0.37737, "map_at_1": 0.03231, "map_at_3": 0.06256, "map_at_5": 0.08218, "map_at_10": 0.10837, "map_at_20": 0.12315, "map_at_100": 0.14566, "map_at_200": 0.14868, "map_at_300": 0.14938, "map_at_500": 0.1501, "map_at_1000": 0.15073, "recall_at_1": 0.03231, "recall_at_3": 0.07385, "recall_at_5": 0.10923, "recall_at_10": 0.17846, "recall_at_20": 0.24154, "recall_at_100": 0.43692, "recall_at_200": 0.51538, "recall_at_300": 0.54462, "recall_at_500": 0.58923, "recall_at_1000": 0.66154, "precision_at_1": 0.32308, "precision_at_3": 0.24615, "precision_at_5": 0.21846, "precision_at_10": 0.17846, "precision_at_20": 0.12077, "precision_at_100": 0.04369, "precision_at_200": 0.02577, "precision_at_300": 0.01815, "precision_at_500": 0.01178, "precision_at_1000": 0.00662, "mrr_at_1": 0.32308, "mrr_at_3": 0.4, "mrr_at_5": 0.41769, "mrr_at_10": 0.43625, "mrr_at_20": 0.43904, "mrr_at_100": 0.44465, "mrr_at_200": 0.44479, "mrr_at_300": 0.44485, "mrr_at_500": 0.44485, "mrr_at_1000": 0.44488, "rc_at_1": {"relevant": 0.32308, "distractor": 0.63077}, "rc_at_3": {"relevant": 0.81538, "distractor": 1.93846}, "rc_at_5": {"relevant": 1.09231, "distractor": 3.26154}, "rc_at_10": {"relevant": 1.81538, "distractor": 6.49231}, "rc_at_20": {"relevant": 2.49231, "distractor": 12.36923}, "rc_at_100": {"relevant": 4.44615, "distractor": 37.55385}, "rc_at_200": {"relevant": 5.23077, "distractor": 49.58462}, "rc_at_300": {"relevant": 5.47692, "distractor": 55.44615}, "rc_at_500": {"relevant": 6.01538, "distractor": 61.58462}, "rc_at_1000": {"relevant": 6.61538, "distractor": 69.56923}}