{"ndcg_at_1": 0.18192, "ndcg_at_3": 0.224, "ndcg_at_5": 0.242, "ndcg_at_10": 0.26557, "ndcg_at_20": 0.28735, "ndcg_at_100": 0.32289, "ndcg_at_200": 0.33579, "ndcg_at_300": 0.34144, "ndcg_at_500": 0.34676, "ndcg_at_1000": 0.353, "map_at_1": 0.16907, "map_at_3": 0.20693, "map_at_5": 0.21738, "map_at_10": 0.22733, "map_at_20": 0.23358, "map_at_100": 0.23848, "map_at_200": 0.23921, "map_at_300": 0.23941, "map_at_500": 0.23955, "map_at_1000": 0.23964, "recall_at_1": 0.16907, "recall_at_3": 0.25479, "recall_at_5": 0.29933, "recall_at_10": 0.36964, "recall_at_20": 0.45205, "recall_at_100": 0.6363, "recall_at_200": 0.72419, "recall_at_300": 0.76707, "recall_at_500": 0.80973, "recall_at_1000": 0.86521, "precision_at_1": 0.18192, "precision_at_3": 0.09529, "precision_at_5": 0.0678, "precision_at_10": 0.04226, "precision_at_20": 0.0261, "precision_at_100": 0.00758, "precision_at_200": 0.00434, "precision_at_300": 0.00307, "precision_at_500": 0.00196, "precision_at_1000": 0.00106, "mrr_at_1": 0.18192, "mrr_at_3": 0.22298, "mrr_at_5": 0.23343, "mrr_at_10": 0.24338, "mrr_at_20": 0.2492, "mrr_at_100": 0.25382, "mrr_at_200": 0.25439, "mrr_at_300": 0.25456, "mrr_at_500": 0.25467, "mrr_at_1000": 0.25475, "rc_at_1": {"relevant": 0.0, "distractor": 0.0}, "rc_at_3": {"relevant": 0.0, "distractor": 0.0}, "rc_at_5": {"relevant": 0.0, "distractor": 0.0}, "rc_at_10": {"relevant": 0.0, "distractor": 0.0}, "rc_at_20": {"relevant": 0.0, "distractor": 0.0}, "rc_at_100": {"relevant": 0.0, "distractor": 0.0}, "rc_at_200": {"relevant": 0.0, "distractor": 0.0}, "rc_at_300": {"relevant": 0.0, "distractor": 0.0}, "rc_at_500": {"relevant": 0.0, "distractor": 0.0}, "rc_at_1000": {"relevant": 0.0, "distractor": 0.0}}