{"ndcg_at_1": 0.88239, "ndcg_at_3": 0.89769, "ndcg_at_5": 0.90248, "ndcg_at_10": 0.90587, "ndcg_at_20": 0.90792, "ndcg_at_100": 0.91053, "ndcg_at_200": 0.91137, "ndcg_at_300": 0.91181, "ndcg_at_500": 0.91243, "ndcg_at_1000": 0.91295, "map_at_1": 0.81847, "map_at_3": 0.87142, "map_at_5": 0.87547, "map_at_10": 0.8775, "map_at_20": 0.87831, "map_at_100": 0.87885, "map_at_200": 0.87892, "map_at_300": 0.87895, "map_at_500": 0.87897, "map_at_1000": 0.87898, "recall_at_1": 0.81847, "recall_at_3": 0.91911, "recall_at_5": 0.93326, "recall_at_10": 0.94371, "recall_at_20": 0.95065, "recall_at_100": 0.96186, "recall_at_200": 0.96637, "recall_at_300": 0.96905, "recall_at_500": 0.9731, "recall_at_1000": 0.97666, "precision_at_1": 0.88239, "precision_at_3": 0.33438, "precision_at_5": 0.20438, "precision_at_10": 0.10387, "precision_at_20": 0.05257, "precision_at_100": 0.01078, "precision_at_200": 0.00545, "precision_at_300": 0.00366, "precision_at_500": 0.00222, "precision_at_1000": 0.00112, "mrr_at_1": 0.88239, "mrr_at_3": 0.92627, "mrr_at_5": 0.92889, "mrr_at_10": 0.9298, "mrr_at_20": 0.93001, "mrr_at_100": 0.93007, "mrr_at_200": 0.93007, "mrr_at_300": 0.93007, "mrr_at_500": 0.93007, "mrr_at_1000": 0.93007, "rc_at_1": {"relevant": 0.0, "distractor": 0.0}, "rc_at_3": {"relevant": 0.0, "distractor": 0.0}, "rc_at_5": {"relevant": 0.0, "distractor": 0.0}, "rc_at_10": {"relevant": 0.0, "distractor": 0.0}, "rc_at_20": {"relevant": 0.0, "distractor": 0.0}, "rc_at_100": {"relevant": 0.0, "distractor": 0.0}, "rc_at_200": {"relevant": 0.0, "distractor": 0.0}, "rc_at_300": {"relevant": 0.0, "distractor": 0.0}, "rc_at_500": {"relevant": 0.0, "distractor": 0.0}, "rc_at_1000": {"relevant": 0.0, "distractor": 0.0}}