{"ndcg_at_1": 0.30596, "ndcg_at_3": 0.33916, "ndcg_at_5": 0.36136, "ndcg_at_10": 0.38316, "ndcg_at_20": 0.39801, "ndcg_at_100": 0.42243, "ndcg_at_200": 0.4321, "ndcg_at_300": 0.4367, "ndcg_at_500": 0.4409, "ndcg_at_1000": 0.44609, "map_at_1": 0.26831, "map_at_3": 0.31579, "map_at_5": 0.32979, "map_at_10": 0.34009, "map_at_20": 0.34476, "map_at_100": 0.34849, "map_at_200": 0.34907, "map_at_300": 0.34925, "map_at_500": 0.34937, "map_at_1000": 0.34946, "recall_at_1": 0.26831, "recall_at_3": 0.36399, "recall_at_5": 0.41665, "recall_at_10": 0.47989, "recall_at_20": 0.53538, "recall_at_100": 0.65716, "recall_at_200": 0.72128, "recall_at_300": 0.75448, "recall_at_500": 0.78785, "recall_at_1000": 0.83289, "precision_at_1": 0.30596, "precision_at_3": 0.1465, "precision_at_5": 0.10382, "precision_at_10": 0.06169, "precision_at_20": 0.03508, "precision_at_100": 0.0089, "precision_at_200": 0.00491, "precision_at_300": 0.00345, "precision_at_500": 0.00217, "precision_at_1000": 0.00115, "mrr_at_1": 0.30596, "mrr_at_3": 0.35172, "mrr_at_5": 0.3647, "mrr_at_10": 0.37308, "mrr_at_20": 0.37684, "mrr_at_100": 0.37976, "mrr_at_200": 0.38019, "mrr_at_300": 0.38031, "mrr_at_500": 0.38039, "mrr_at_1000": 0.38045, "rc_at_1": {"relevant": 0.0, "distractor": 0.0}, "rc_at_3": {"relevant": 0.0, "distractor": 0.0}, "rc_at_5": {"relevant": 0.0, "distractor": 0.0}, "rc_at_10": {"relevant": 0.0, "distractor": 0.0}, "rc_at_20": {"relevant": 0.0, "distractor": 0.0}, "rc_at_100": {"relevant": 0.0, "distractor": 0.0}, "rc_at_200": {"relevant": 0.0, "distractor": 0.0}, "rc_at_300": {"relevant": 0.0, "distractor": 0.0}, "rc_at_500": {"relevant": 0.0, "distractor": 0.0}, "rc_at_1000": {"relevant": 0.0, "distractor": 0.0}}