{"ndcg_at_1": 0.0, "ndcg_at_3": 0.0, "ndcg_at_5": 0.00239, "ndcg_at_10": 0.0053, "ndcg_at_20": 0.00934, "ndcg_at_100": 0.01341, "ndcg_at_200": 0.01563, "ndcg_at_300": 0.0191, "ndcg_at_500": 0.02374, "ndcg_at_1000": 0.03041, "map_at_1": 0.0, "map_at_3": 0.0, "map_at_5": 0.00036, "map_at_10": 0.00103, "map_at_20": 0.00163, "map_at_100": 0.0019, "map_at_200": 0.00197, "map_at_300": 0.00206, "map_at_500": 0.00216, "map_at_1000": 0.00224, "recall_at_1": 0.0, "recall_at_3": 0.0, "recall_at_5": 0.00182, "recall_at_10": 0.00727, "recall_at_20": 0.01455, "recall_at_100": 0.02545, "recall_at_200": 0.03273, "recall_at_300": 0.04545, "recall_at_500": 0.06364, "recall_at_1000": 0.09273, "precision_at_1": 0.0, "precision_at_3": 0.0, "precision_at_5": 0.00364, "precision_at_10": 0.00727, "precision_at_20": 0.00727, "precision_at_100": 0.00255, "precision_at_200": 0.00164, "precision_at_300": 0.00152, "precision_at_500": 0.00127, "precision_at_1000": 0.00093, "mrr_at_1": 0.0, "mrr_at_3": 0.0, "mrr_at_5": 0.00364, "mrr_at_10": 0.01076, "mrr_at_20": 0.01488, "mrr_at_100": 0.01613, "mrr_at_200": 0.01651, "mrr_at_300": 0.01672, "mrr_at_500": 0.01682, "mrr_at_1000": 0.01697, "rc_at_1": {"relevant": 0.0, "distractor": 0.01818}, "rc_at_3": {"relevant": 0.0, "distractor": 0.05455}, "rc_at_5": {"relevant": 0.01818, "distractor": 0.10909}, "rc_at_10": {"relevant": 0.07273, "distractor": 0.21818}, "rc_at_20": {"relevant": 0.14545, "distractor": 0.47273}, "rc_at_100": {"relevant": 0.25455, "distractor": 1.45455}, "rc_at_200": {"relevant": 0.32727, "distractor": 2.14545}, "rc_at_300": {"relevant": 0.45455, "distractor": 2.74545}, "rc_at_500": {"relevant": 0.63636, "distractor": 3.63636}, "rc_at_1000": {"relevant": 0.94545, "distractor": 5.30909}}