{"ndcg_at_1": 0.01818, "ndcg_at_3": 0.02783, "ndcg_at_5": 0.02754, "ndcg_at_10": 0.02063, "ndcg_at_20": 0.02654, "ndcg_at_100": 0.04772, "ndcg_at_200": 0.06076, "ndcg_at_300": 0.06731, "ndcg_at_500": 0.07797, "ndcg_at_1000": 0.09395, "map_at_1": 0.00182, "map_at_3": 0.00485, "map_at_5": 0.00603, "map_at_10": 0.00685, "map_at_20": 0.00792, "map_at_100": 0.00996, "map_at_200": 0.01087, "map_at_300": 0.01128, "map_at_500": 0.01158, "map_at_1000": 0.01198, "recall_at_1": 0.00182, "recall_at_3": 0.00909, "recall_at_5": 0.01455, "recall_at_10": 0.01818, "recall_at_20": 0.02909, "recall_at_100": 0.08364, "recall_at_200": 0.12545, "recall_at_300": 0.14909, "recall_at_500": 0.19091, "recall_at_1000": 0.26, "precision_at_1": 0.01818, "precision_at_3": 0.0303, "precision_at_5": 0.02909, "precision_at_10": 0.01818, "precision_at_20": 0.01455, "precision_at_100": 0.00836, "precision_at_200": 0.00627, "precision_at_300": 0.00497, "precision_at_500": 0.00382, "precision_at_1000": 0.0026, "mrr_at_1": 0.01818, "mrr_at_3": 0.04848, "mrr_at_5": 0.0603, "mrr_at_10": 0.06333, "mrr_at_20": 0.06664, "mrr_at_100": 0.07216, "mrr_at_200": 0.0726, "mrr_at_300": 0.0726, "mrr_at_500": 0.07288, "mrr_at_1000": 0.07299, "rc_at_1": {"relevant": 0.01818, "distractor": 0.09091}, "rc_at_3": {"relevant": 0.09091, "distractor": 0.34545}, "rc_at_5": {"relevant": 0.14545, "distractor": 0.54545}, "rc_at_10": {"relevant": 0.18182, "distractor": 0.92727}, "rc_at_20": {"relevant": 0.29091, "distractor": 1.67273}, "rc_at_100": {"relevant": 0.83636, "distractor": 5.01818}, "rc_at_200": {"relevant": 1.25455, "distractor": 7.34545}, "rc_at_300": {"relevant": 1.49091, "distractor": 9.50909}, "rc_at_500": {"relevant": 1.90909, "distractor": 12.87273}, "rc_at_1000": {"relevant": 2.6, "distractor": 17.92727}}