{"ndcg_at_1": 0.0, "ndcg_at_3": 0.0, "ndcg_at_5": 0.0, "ndcg_at_10": 0.0, "ndcg_at_20": 0.0, "ndcg_at_100": 0.00264, "ndcg_at_200": 0.00494, "ndcg_at_300": 0.00543, "ndcg_at_500": 0.00588, "ndcg_at_1000": 0.00752, "map_at_1": 0.0, "map_at_3": 0.0, "map_at_5": 0.0, "map_at_10": 0.0, "map_at_20": 0.0, "map_at_100": 0.00011, "map_at_200": 0.00018, "map_at_300": 0.0002, "map_at_500": 0.0002, "map_at_1000": 0.00021, "recall_at_1": 0.0, "recall_at_3": 0.0, "recall_at_5": 0.0, "recall_at_10": 0.0, "recall_at_20": 0.0, "recall_at_100": 0.00727, "recall_at_200": 0.01455, "recall_at_300": 0.01636, "recall_at_500": 0.01818, "recall_at_1000": 0.02545, "precision_at_1": 0.0, "precision_at_3": 0.0, "precision_at_5": 0.0, "precision_at_10": 0.0, "precision_at_20": 0.0, "precision_at_100": 0.00073, "precision_at_200": 0.00073, "precision_at_300": 0.00055, "precision_at_500": 0.00036, "precision_at_1000": 0.00025, "mrr_at_1": 0.0, "mrr_at_3": 0.0, "mrr_at_5": 0.0, "mrr_at_10": 0.0, "mrr_at_20": 0.0, "mrr_at_100": 0.00151, "mrr_at_200": 0.00162, "mrr_at_300": 0.00162, "mrr_at_500": 0.00166, "mrr_at_1000": 0.00172, "rc_at_1": {"relevant": 0.0, "distractor": 0.0}, "rc_at_3": {"relevant": 0.0, "distractor": 0.0}, "rc_at_5": {"relevant": 0.0, "distractor": 0.0}, "rc_at_10": {"relevant": 0.0, "distractor": 0.01818}, "rc_at_20": {"relevant": 0.0, "distractor": 0.01818}, "rc_at_100": {"relevant": 0.10909, "distractor": 0.23636}, "rc_at_200": {"relevant": 0.14545, "distractor": 0.47273}, "rc_at_300": {"relevant": 0.16364, "distractor": 0.69091}, "rc_at_500": {"relevant": 0.18182, "distractor": 0.94545}, "rc_at_1000": {"relevant": 0.25455, "distractor": 1.47273}}