{"ndcg_at_1": 0.04726, "ndcg_at_3": 0.06232, "ndcg_at_5": 0.06994, "ndcg_at_10": 0.08202, "ndcg_at_20": 0.09164, "ndcg_at_100": 0.11952, "ndcg_at_200": 0.13355, "ndcg_at_300": 0.13968, "ndcg_at_500": 0.14745, "ndcg_at_1000": 0.16185, "map_at_1": 0.03832, "map_at_3": 0.05338, "map_at_5": 0.05807, "map_at_10": 0.0629, "map_at_20": 0.06554, "map_at_100": 0.06921, "map_at_200": 0.06999, "map_at_300": 0.07021, "map_at_500": 0.0704, "map_at_1000": 0.07063, "recall_at_1": 0.03832, "recall_at_3": 0.07198, "recall_at_5": 0.09165, "recall_at_10": 0.12787, "recall_at_20": 0.16361, "recall_at_100": 0.30415, "recall_at_200": 0.39579, "recall_at_300": 0.44054, "recall_at_500": 0.50149, "recall_at_1000": 0.62277, "precision_at_1": 0.04726, "precision_at_3": 0.03068, "precision_at_5": 0.02313, "precision_at_10": 0.01654, "precision_at_20": 0.01063, "precision_at_100": 0.00423, "precision_at_200": 0.0028, "precision_at_300": 0.00209, "precision_at_500": 0.00145, "precision_at_1000": 0.00093, "mrr_at_1": 0.04726, "mrr_at_3": 0.06633, "mrr_at_5": 0.0715, "mrr_at_10": 0.07756, "mrr_at_20": 0.08052, "mrr_at_100": 0.0845, "mrr_at_200": 0.08514, "mrr_at_300": 0.08534, "mrr_at_500": 0.08549, "mrr_at_1000": 0.08566, "rc_at_1": {"relevant": 0.0, "distractor": 0.0}, "rc_at_3": {"relevant": 0.0, "distractor": 0.0}, "rc_at_5": {"relevant": 0.0, "distractor": 0.0}, "rc_at_10": {"relevant": 0.0, "distractor": 0.0}, "rc_at_20": {"relevant": 0.0, "distractor": 0.0}, "rc_at_100": {"relevant": 0.0, "distractor": 0.0}, "rc_at_200": {"relevant": 0.0, "distractor": 0.0}, "rc_at_300": {"relevant": 0.0, "distractor": 0.0}, "rc_at_500": {"relevant": 0.0, "distractor": 0.0}, "rc_at_1000": {"relevant": 0.0, "distractor": 0.0}}