{"ndcg_at_1": 0.43636, "ndcg_at_3": 0.33357, "ndcg_at_5": 0.30716, "ndcg_at_10": 0.23989, "ndcg_at_20": 0.31055, "ndcg_at_100": 0.47834, "ndcg_at_200": 0.49979, "ndcg_at_300": 0.50679, "ndcg_at_500": 0.51809, "ndcg_at_1000": 0.52397, "map_at_1": 0.04364, "map_at_3": 0.07788, "map_at_5": 0.10333, "map_at_10": 0.12902, "map_at_20": 0.16229, "map_at_100": 0.21782, "map_at_200": 0.22175, "map_at_300": 0.22256, "map_at_500": 0.22343, "map_at_1000": 0.22367, "recall_at_1": 0.04364, "recall_at_3": 0.09091, "recall_at_5": 0.13818, "recall_at_10": 0.19455, "recall_at_20": 0.32182, "recall_at_100": 0.74182, "recall_at_200": 0.81091, "recall_at_300": 0.83636, "recall_at_500": 0.88, "recall_at_1000": 0.90545, "precision_at_1": 0.43636, "precision_at_3": 0.30303, "precision_at_5": 0.27636, "precision_at_10": 0.19455, "precision_at_20": 0.16091, "precision_at_100": 0.07418, "precision_at_200": 0.04055, "precision_at_300": 0.02788, "precision_at_500": 0.0176, "precision_at_1000": 0.00905, "mrr_at_1": 0.43636, "mrr_at_3": 0.52727, "mrr_at_5": 0.55182, "mrr_at_10": 0.56381, "mrr_at_20": 0.56914, "mrr_at_100": 0.56994, "mrr_at_200": 0.57017, "mrr_at_300": 0.57017, "mrr_at_500": 0.57017, "mrr_at_1000": 0.57017, "rc_at_1": {"relevant": 0.43636, "distractor": 0.56364}, "rc_at_3": {"relevant": 0.90909, "distractor": 2.09091}, "rc_at_5": {"relevant": 1.38182, "distractor": 3.61818}, "rc_at_10": {"relevant": 1.94545, "distractor": 7.90909}, "rc_at_20": {"relevant": 3.2, "distractor": 16.2}, "rc_at_100": {"relevant": 7.41818, "distractor": 63.92727}, "rc_at_200": {"relevant": 8.10909, "distractor": 75.16364}, "rc_at_300": {"relevant": 8.36364, "distractor": 78.92727}, "rc_at_500": {"relevant": 8.8, "distractor": 83.03636}, "rc_at_1000": {"relevant": 9.05455, "distractor": 87.8}}