{"ndcg_at_1": 0.79, "ndcg_at_3": 0.81061, "ndcg_at_5": 0.80096, "ndcg_at_10": 0.78002, "ndcg_at_20": 0.75139, "ndcg_at_100": 0.60089, "ndcg_at_200": 0.52221, "ndcg_at_300": 0.48753, "ndcg_at_500": 0.47852, "ndcg_at_1000": 0.53088, "map_at_1": 0.00202, "map_at_3": 0.00618, "map_at_5": 0.01022, "map_at_10": 0.01952, "map_at_20": 0.03626, "map_at_100": 0.1152, "map_at_200": 0.17245, "map_at_300": 0.20588, "map_at_500": 0.24389, "map_at_1000": 0.28281, "recall_at_1": 0.00202, "recall_at_3": 0.00674, "recall_at_5": 0.0112, "recall_at_10": 0.02165, "recall_at_20": 0.04113, "recall_at_100": 0.14504, "recall_at_200": 0.2347, "recall_at_300": 0.2955, "recall_at_500": 0.37964, "recall_at_1000": 0.49605, "precision_at_1": 0.84, "precision_at_3": 0.86667, "precision_at_5": 0.856, "precision_at_10": 0.826, "precision_at_20": 0.795, "precision_at_100": 0.6156, "precision_at_200": 0.5165, "precision_at_300": 0.44547, "precision_at_500": 0.3534, "precision_at_1000": 0.23788, "mrr_at_1": 0.86, "mrr_at_3": 0.91667, "mrr_at_5": 0.92167, "mrr_at_10": 0.92167, "mrr_at_20": 0.92167, "mrr_at_100": 0.92167, "mrr_at_200": 0.92167, "mrr_at_300": 0.92167, "mrr_at_500": 0.92167, "mrr_at_1000": 0.92167, "rc_at_1": {"relevant": 0.0, "distractor": 0.0}, "rc_at_3": {"relevant": 0.0, "distractor": 0.0}, "rc_at_5": {"relevant": 0.0, "distractor": 0.0}, "rc_at_10": {"relevant": 0.0, "distractor": 0.0}, "rc_at_20": {"relevant": 0.0, "distractor": 0.0}, "rc_at_100": {"relevant": 0.0, "distractor": 0.0}, "rc_at_200": {"relevant": 0.0, "distractor": 0.0}, "rc_at_300": {"relevant": 0.0, "distractor": 0.0}, "rc_at_500": {"relevant": 0.0, "distractor": 0.0}, "rc_at_1000": {"relevant": 0.0, "distractor": 0.0}}