{"ndcg_at_1": 0.14545, "ndcg_at_3": 0.10574, "ndcg_at_5": 0.08385, "ndcg_at_10": 0.06454, "ndcg_at_20": 0.07291, "ndcg_at_100": 0.09429, "ndcg_at_200": 0.10205, "ndcg_at_300": 0.11167, "ndcg_at_500": 0.1177, "ndcg_at_1000": 0.13017, "map_at_1": 0.01455, "map_at_3": 0.02394, "map_at_5": 0.02621, "map_at_10": 0.0304, "map_at_20": 0.033, "map_at_100": 0.0363, "map_at_200": 0.03672, "map_at_300": 0.03718, "map_at_500": 0.03743, "map_at_1000": 0.03773, "recall_at_1": 0.01455, "recall_at_3": 0.02909, "recall_at_5": 0.03455, "recall_at_10": 0.04909, "recall_at_20": 0.06364, "recall_at_100": 0.11636, "recall_at_200": 0.14182, "recall_at_300": 0.17636, "recall_at_500": 0.2, "recall_at_1000": 0.25455, "precision_at_1": 0.14545, "precision_at_3": 0.09697, "precision_at_5": 0.06909, "precision_at_10": 0.04909, "precision_at_20": 0.03182, "precision_at_100": 0.01164, "precision_at_200": 0.00709, "precision_at_300": 0.00588, "precision_at_500": 0.004, "precision_at_1000": 0.00255, "mrr_at_1": 0.14545, "mrr_at_3": 0.19091, "mrr_at_5": 0.19455, "mrr_at_10": 0.19657, "mrr_at_20": 0.20141, "mrr_at_100": 0.20586, "mrr_at_200": 0.20639, "mrr_at_300": 0.20662, "mrr_at_500": 0.20671, "mrr_at_1000": 0.20683, "rc_at_1": {"relevant": 0.14545, "distractor": 0.16364}, "rc_at_3": {"relevant": 0.32727, "distractor": 0.49091}, "rc_at_5": {"relevant": 0.4, "distractor": 0.61818}, "rc_at_10": {"relevant": 0.49091, "distractor": 1.10909}, "rc_at_20": {"relevant": 0.69091, "distractor": 1.76364}, "rc_at_100": {"relevant": 1.27273, "distractor": 4.36364}, "rc_at_200": {"relevant": 1.63636, "distractor": 6.56364}, "rc_at_300": {"relevant": 1.89091, "distractor": 8.45455}, "rc_at_500": {"relevant": 2.16364, "distractor": 10.69091}, "rc_at_1000": {"relevant": 2.56364, "distractor": 13.58182}}