{"ndcg_at_1": 0.18854, "ndcg_at_3": 0.24086, "ndcg_at_5": 0.26559, "ndcg_at_10": 0.29388, "ndcg_at_20": 0.31993, "ndcg_at_100": 0.35767, "ndcg_at_200": 0.36724, "ndcg_at_300": 0.37309, "ndcg_at_500": 0.37803, "ndcg_at_1000": 0.38299, "map_at_1": 0.17474, "map_at_3": 0.22106, "map_at_5": 0.23574, "map_at_10": 0.24755, "map_at_20": 0.25498, "map_at_100": 0.26057, "map_at_200": 0.26112, "map_at_300": 0.26136, "map_at_500": 0.26151, "map_at_1000": 0.26162, "recall_at_1": 0.17474, "recall_at_3": 0.27924, "recall_at_5": 0.33823, "recall_at_10": 0.42147, "recall_at_20": 0.51999, "recall_at_100": 0.71245, "recall_at_200": 0.7767, "recall_at_300": 0.81842, "recall_at_500": 0.85675, "recall_at_1000": 0.89828, "precision_at_1": 0.18854, "precision_at_3": 0.10413, "precision_at_5": 0.07652, "precision_at_10": 0.04917, "precision_at_20": 0.03087, "precision_at_100": 0.00874, "precision_at_200": 0.00486, "precision_at_300": 0.00349, "precision_at_500": 0.00225, "precision_at_1000": 0.00121, "mrr_at_1": 0.18854, "mrr_at_3": 0.23783, "mrr_at_5": 0.25179, "mrr_at_10": 0.26382, "mrr_at_20": 0.27104, "mrr_at_100": 0.27607, "mrr_at_200": 0.27652, "mrr_at_300": 0.27667, "mrr_at_500": 0.27675, "mrr_at_1000": 0.27681, "rc_at_1": {"relevant": 0.0, "distractor": 0.0}, "rc_at_3": {"relevant": 0.0, "distractor": 0.0}, "rc_at_5": {"relevant": 0.0, "distractor": 0.0}, "rc_at_10": {"relevant": 0.0, "distractor": 0.0}, "rc_at_20": {"relevant": 0.0, "distractor": 0.0}, "rc_at_100": {"relevant": 0.0, "distractor": 0.0}, "rc_at_200": {"relevant": 0.0, "distractor": 0.0}, "rc_at_300": {"relevant": 0.0, "distractor": 0.0}, "rc_at_500": {"relevant": 0.0, "distractor": 0.0}, "rc_at_1000": {"relevant": 0.0, "distractor": 0.0}}