{"ndcg_at_1": 0.05455, "ndcg_at_3": 0.03098, "ndcg_at_5": 0.02505, "ndcg_at_10": 0.01884, "ndcg_at_20": 0.02181, "ndcg_at_100": 0.03041, "ndcg_at_200": 0.03482, "ndcg_at_300": 0.03778, "ndcg_at_500": 0.04013, "ndcg_at_1000": 0.05005, "map_at_1": 0.00545, "map_at_3": 0.00727, "map_at_5": 0.00773, "map_at_10": 0.00821, "map_at_20": 0.00857, "map_at_100": 0.00918, "map_at_200": 0.0094, "map_at_300": 0.00949, "map_at_500": 0.00956, "map_at_1000": 0.00971, "recall_at_1": 0.00545, "recall_at_3": 0.00727, "recall_at_5": 0.00909, "recall_at_10": 0.01273, "recall_at_20": 0.01818, "recall_at_100": 0.04182, "recall_at_200": 0.05636, "recall_at_300": 0.06727, "recall_at_500": 0.07636, "recall_at_1000": 0.12, "precision_at_1": 0.05455, "precision_at_3": 0.02424, "precision_at_5": 0.01818, "precision_at_10": 0.01273, "precision_at_20": 0.00909, "precision_at_100": 0.00418, "precision_at_200": 0.00282, "precision_at_300": 0.00224, "precision_at_500": 0.00153, "precision_at_1000": 0.0012, "mrr_at_1": 0.05455, "mrr_at_3": 0.07273, "mrr_at_5": 0.08091, "mrr_at_10": 0.08553, "mrr_at_20": 0.08553, "mrr_at_100": 0.08899, "mrr_at_200": 0.08922, "mrr_at_300": 0.08931, "mrr_at_500": 0.08945, "mrr_at_1000": 0.08956, "rc_at_1": {"relevant": 0.05455, "distractor": 0.2}, "rc_at_3": {"relevant": 0.10909, "distractor": 0.36364}, "rc_at_5": {"relevant": 0.14545, "distractor": 0.43636}, "rc_at_10": {"relevant": 0.18182, "distractor": 0.78182}, "rc_at_20": {"relevant": 0.21818, "distractor": 1.16364}, "rc_at_100": {"relevant": 0.54545, "distractor": 2.54545}, "rc_at_200": {"relevant": 0.72727, "distractor": 3.6}, "rc_at_300": {"relevant": 0.78182, "distractor": 4.30909}, "rc_at_500": {"relevant": 0.90909, "distractor": 5.43636}, "rc_at_1000": {"relevant": 1.2, "distractor": 7.30909}}