{"ndcg_at_1": 0.32727, "ndcg_at_3": 0.27049, "ndcg_at_5": 0.25572, "ndcg_at_10": 0.22047, "ndcg_at_20": 0.28011, "ndcg_at_100": 0.43453, "ndcg_at_200": 0.46203, "ndcg_at_300": 0.46857, "ndcg_at_500": 0.47656, "ndcg_at_1000": 0.48694, "map_at_1": 0.03273, "map_at_3": 0.06848, "map_at_5": 0.09348, "map_at_10": 0.12183, "map_at_20": 0.14768, "map_at_100": 0.19927, "map_at_200": 0.20419, "map_at_300": 0.20493, "map_at_500": 0.20568, "map_at_1000": 0.20611, "recall_at_1": 0.03273, "recall_at_3": 0.07636, "recall_at_5": 0.12, "recall_at_10": 0.19818, "recall_at_20": 0.30727, "recall_at_100": 0.68909, "recall_at_200": 0.77818, "recall_at_300": 0.80182, "recall_at_500": 0.83273, "recall_at_1000": 0.87818, "precision_at_1": 0.32727, "precision_at_3": 0.25455, "precision_at_5": 0.24, "precision_at_10": 0.19818, "precision_at_20": 0.15364, "precision_at_100": 0.06891, "precision_at_200": 0.03891, "precision_at_300": 0.02673, "precision_at_500": 0.01665, "precision_at_1000": 0.00878, "mrr_at_1": 0.32727, "mrr_at_3": 0.38182, "mrr_at_5": 0.40636, "mrr_at_10": 0.43575, "mrr_at_20": 0.44257, "mrr_at_100": 0.44497, "mrr_at_200": 0.44497, "mrr_at_300": 0.44497, "mrr_at_500": 0.44497, "mrr_at_1000": 0.44497, "rc_at_1": {"relevant": 0.32727, "distractor": 0.65455}, "rc_at_3": {"relevant": 0.76364, "distractor": 2.14545}, "rc_at_5": {"relevant": 1.2, "distractor": 3.63636}, "rc_at_10": {"relevant": 1.98182, "distractor": 7.6}, "rc_at_20": {"relevant": 3.07273, "distractor": 15.8}, "rc_at_100": {"relevant": 6.89091, "distractor": 55.98182}, "rc_at_200": {"relevant": 7.78182, "distractor": 67.74545}, "rc_at_300": {"relevant": 8.01818, "distractor": 72.30909}, "rc_at_500": {"relevant": 8.32727, "distractor": 77.38182}, "rc_at_1000": {"relevant": 8.78182, "distractor": 83.54545}}