{"ndcg_at_1": 0.15385, "ndcg_at_3": 0.1584, "ndcg_at_5": 0.13627, "ndcg_at_10": 0.09938, "ndcg_at_20": 0.11684, "ndcg_at_100": 0.14217, "ndcg_at_200": 0.15562, "ndcg_at_300": 0.16161, "ndcg_at_500": 0.16986, "ndcg_at_1000": 0.18392, "map_at_1": 0.01538, "map_at_3": 0.03564, "map_at_5": 0.04264, "map_at_10": 0.04704, "map_at_20": 0.05401, "map_at_100": 0.05811, "map_at_200": 0.05928, "map_at_300": 0.05967, "map_at_500": 0.06005, "map_at_1000": 0.06043, "recall_at_1": 0.01538, "recall_at_3": 0.04769, "recall_at_5": 0.06308, "recall_at_10": 0.07846, "recall_at_20": 0.11077, "recall_at_100": 0.17538, "recall_at_200": 0.21846, "recall_at_300": 0.24, "recall_at_500": 0.27231, "recall_at_1000": 0.33231, "precision_at_1": 0.15385, "precision_at_3": 0.15897, "precision_at_5": 0.12615, "precision_at_10": 0.07846, "precision_at_20": 0.05538, "precision_at_100": 0.01754, "precision_at_200": 0.01092, "precision_at_300": 0.008, "precision_at_500": 0.00545, "precision_at_1000": 0.00332, "mrr_at_1": 0.15385, "mrr_at_3": 0.23333, "mrr_at_5": 0.24718, "mrr_at_10": 0.25081, "mrr_at_20": 0.25162, "mrr_at_100": 0.25585, "mrr_at_200": 0.25649, "mrr_at_300": 0.25661, "mrr_at_500": 0.25668, "mrr_at_1000": 0.25686, "rc_at_1": {"relevant": 0.15385, "distractor": 0.35385}, "rc_at_3": {"relevant": 0.47692, "distractor": 0.95385}, "rc_at_5": {"relevant": 0.63077, "distractor": 1.72308}, "rc_at_10": {"relevant": 0.78462, "distractor": 3.15385}, "rc_at_20": {"relevant": 1.10769, "distractor": 4.93846}, "rc_at_100": {"relevant": 1.75385, "distractor": 12.36923}, "rc_at_200": {"relevant": 2.18462, "distractor": 16.27692}, "rc_at_300": {"relevant": 2.4, "distractor": 18.44615}, "rc_at_500": {"relevant": 2.72308, "distractor": 21.90769}, "rc_at_1000": {"relevant": 3.32308, "distractor": 26.53846}}