{"ndcg_at_1": 0.6938, "ndcg_at_3": 0.74109, "ndcg_at_5": 0.76048, "ndcg_at_10": 0.77756, "ndcg_at_20": 0.78893, "ndcg_at_100": 0.80074, "ndcg_at_200": 0.80294, "ndcg_at_300": 0.80385, "ndcg_at_500": 0.80455, "ndcg_at_1000": 0.80557, "map_at_1": 0.60348, "map_at_3": 0.70114, "map_at_5": 0.71907, "map_at_10": 0.73043, "map_at_20": 0.73553, "map_at_100": 0.73848, "map_at_200": 0.7387, "map_at_300": 0.73876, "map_at_500": 0.7388, "map_at_1000": 0.73883, "recall_at_1": 0.60348, "recall_at_3": 0.76861, "recall_at_5": 0.82098, "recall_at_10": 0.87114, "recall_at_20": 0.9097, "recall_at_100": 0.96024, "recall_at_200": 0.97232, "recall_at_300": 0.97773, "recall_at_500": 0.98221, "recall_at_1000": 0.98961, "precision_at_1": 0.6938, "precision_at_3": 0.32267, "precision_at_5": 0.21414, "precision_at_10": 0.11839, "precision_at_20": 0.0641, "precision_at_100": 0.01431, "precision_at_200": 0.00735, "precision_at_300": 0.00497, "precision_at_500": 0.00301, "precision_at_1000": 0.00153, "mrr_at_1": 0.698, "mrr_at_3": 0.758, "mrr_at_5": 0.76761, "mrr_at_10": 0.77297, "mrr_at_20": 0.77487, "mrr_at_100": 0.77585, "mrr_at_200": 0.77591, "mrr_at_300": 0.77593, "mrr_at_500": 0.77593, "mrr_at_1000": 0.77594, "rc_at_1": {"relevant": 0.0, "distractor": 0.0}, "rc_at_3": {"relevant": 0.0, "distractor": 0.0}, "rc_at_5": {"relevant": 0.0, "distractor": 0.0}, "rc_at_10": {"relevant": 0.0, "distractor": 0.0}, "rc_at_20": {"relevant": 0.0, "distractor": 0.0}, "rc_at_100": {"relevant": 0.0, "distractor": 0.0}, "rc_at_200": {"relevant": 0.0, "distractor": 0.0}, "rc_at_300": {"relevant": 0.0, "distractor": 0.0}, "rc_at_500": {"relevant": 0.0, "distractor": 0.0}, "rc_at_1000": {"relevant": 0.0, "distractor": 0.0}}