{"ndcg_at_1": 0.00289, "ndcg_at_3": 0.00406, "ndcg_at_5": 0.00429, "ndcg_at_10": 0.00551, "ndcg_at_20": 0.00673, "ndcg_at_100": 0.01066, "ndcg_at_200": 0.01324, "ndcg_at_300": 0.01578, "ndcg_at_500": 0.01931, "ndcg_at_1000": 0.02695, "map_at_1": 0.00168, "map_at_3": 0.00313, "map_at_5": 0.0032, "map_at_10": 0.0037, "map_at_20": 0.004, "map_at_100": 0.00447, "map_at_200": 0.0046, "map_at_300": 0.00467, "map_at_500": 0.00475, "map_at_1000": 0.00485, "recall_at_1": 0.00168, "recall_at_3": 0.00553, "recall_at_5": 0.00587, "recall_at_10": 0.0094, "recall_at_20": 0.0136, "recall_at_100": 0.03474, "recall_at_200": 0.05167, "recall_at_300": 0.07036, "recall_at_500": 0.09839, "recall_at_1000": 0.16256, "precision_at_1": 0.00289, "precision_at_3": 0.00225, "precision_at_5": 0.00173, "precision_at_10": 0.00135, "precision_at_20": 0.00111, "precision_at_100": 0.00054, "precision_at_200": 0.00039, "precision_at_300": 0.00036, "precision_at_500": 0.0003, "precision_at_1000": 0.00027, "mrr_at_1": 0.00289, "mrr_at_3": 0.00577, "mrr_at_5": 0.00621, "mrr_at_10": 0.00702, "mrr_at_20": 0.00746, "mrr_at_100": 0.00797, "mrr_at_200": 0.00813, "mrr_at_300": 0.00821, "mrr_at_500": 0.00831, "mrr_at_1000": 0.00842, "rc_at_1": {"relevant": 0.0, "distractor": 0.0}, "rc_at_3": {"relevant": 0.0, "distractor": 0.0}, "rc_at_5": {"relevant": 0.0, "distractor": 0.0}, "rc_at_10": {"relevant": 0.0, "distractor": 0.0}, "rc_at_20": {"relevant": 0.0, "distractor": 0.0}, "rc_at_100": {"relevant": 0.0, "distractor": 0.0}, "rc_at_200": {"relevant": 0.0, "distractor": 0.0}, "rc_at_300": {"relevant": 0.0, "distractor": 0.0}, "rc_at_500": {"relevant": 0.0, "distractor": 0.0}, "rc_at_1000": {"relevant": 0.0, "distractor": 0.0}}