{"ndcg_at_1": 0.17304, "ndcg_at_3": 0.21569, "ndcg_at_5": 0.2378, "ndcg_at_10": 0.26128, "ndcg_at_20": 0.28151, "ndcg_at_100": 0.31709, "ndcg_at_200": 0.32712, "ndcg_at_300": 0.33225, "ndcg_at_500": 0.33951, "ndcg_at_1000": 0.34712, "map_at_1": 0.14865, "map_at_3": 0.19319, "map_at_5": 0.20645, "map_at_10": 0.21676, "map_at_20": 0.22269, "map_at_100": 0.22802, "map_at_200": 0.22863, "map_at_300": 0.22883, "map_at_500": 0.22902, "map_at_1000": 0.22915, "recall_at_1": 0.14865, "recall_at_3": 0.2472, "recall_at_5": 0.30116, "recall_at_10": 0.37043, "recall_at_20": 0.44706, "recall_at_100": 0.62659, "recall_at_200": 0.69293, "recall_at_300": 0.72988, "recall_at_500": 0.78722, "recall_at_1000": 0.85244, "precision_at_1": 0.17304, "precision_at_3": 0.09906, "precision_at_5": 0.07323, "precision_at_10": 0.04652, "precision_at_20": 0.02865, "precision_at_100": 0.00828, "precision_at_200": 0.00464, "precision_at_300": 0.00328, "precision_at_500": 0.00214, "precision_at_1000": 0.00117, "mrr_at_1": 0.17304, "mrr_at_3": 0.21985, "mrr_at_5": 0.23349, "mrr_at_10": 0.24348, "mrr_at_20": 0.24913, "mrr_at_100": 0.25361, "mrr_at_200": 0.25406, "mrr_at_300": 0.2542, "mrr_at_500": 0.25435, "mrr_at_1000": 0.25443, "rc_at_1": {"relevant": 0.0, "distractor": 0.0}, "rc_at_3": {"relevant": 0.0, "distractor": 0.0}, "rc_at_5": {"relevant": 0.0, "distractor": 0.0}, "rc_at_10": {"relevant": 0.0, "distractor": 0.0}, "rc_at_20": {"relevant": 0.0, "distractor": 0.0}, "rc_at_100": {"relevant": 0.0, "distractor": 0.0}, "rc_at_200": {"relevant": 0.0, "distractor": 0.0}, "rc_at_300": {"relevant": 0.0, "distractor": 0.0}, "rc_at_500": {"relevant": 0.0, "distractor": 0.0}, "rc_at_1000": {"relevant": 0.0, "distractor": 0.0}}