{"ndcg_at_1": 0.1724, "ndcg_at_3": 0.21489, "ndcg_at_5": 0.23693, "ndcg_at_10": 0.26116, "ndcg_at_20": 0.28245, "ndcg_at_100": 0.32023, "ndcg_at_200": 0.33191, "ndcg_at_300": 0.33834, "ndcg_at_500": 0.34488, "ndcg_at_1000": 0.35145, "map_at_1": 0.14102, "map_at_3": 0.18869, "map_at_5": 0.20275, "map_at_10": 0.21383, "map_at_20": 0.22021, "map_at_100": 0.22605, "map_at_200": 0.2268, "map_at_300": 0.22707, "map_at_500": 0.22726, "map_at_1000": 0.22741, "recall_at_1": 0.14102, "recall_at_3": 0.24249, "recall_at_5": 0.29835, "recall_at_10": 0.3709, "recall_at_20": 0.44986, "recall_at_100": 0.63727, "recall_at_200": 0.71047, "recall_at_300": 0.75492, "recall_at_500": 0.80478, "recall_at_1000": 0.85679, "precision_at_1": 0.1724, "precision_at_3": 0.10243, "precision_at_5": 0.07736, "precision_at_10": 0.04955, "precision_at_20": 0.03076, "precision_at_100": 0.00929, "precision_at_200": 0.00538, "precision_at_300": 0.00388, "precision_at_500": 0.00252, "precision_at_1000": 0.00139, "mrr_at_1": 0.1724, "mrr_at_3": 0.22413, "mrr_at_5": 0.23795, "mrr_at_10": 0.24818, "mrr_at_20": 0.25406, "mrr_at_100": 0.25871, "mrr_at_200": 0.25922, "mrr_at_300": 0.25939, "mrr_at_500": 0.2595, "mrr_at_1000": 0.25956, "rc_at_1": {"relevant": 0.0, "distractor": 0.0}, "rc_at_3": {"relevant": 0.0, "distractor": 0.0}, "rc_at_5": {"relevant": 0.0, "distractor": 0.0}, "rc_at_10": {"relevant": 0.0, "distractor": 0.0}, "rc_at_20": {"relevant": 0.0, "distractor": 0.0}, "rc_at_100": {"relevant": 0.0, "distractor": 0.0}, "rc_at_200": {"relevant": 0.0, "distractor": 0.0}, "rc_at_300": {"relevant": 0.0, "distractor": 0.0}, "rc_at_500": {"relevant": 0.0, "distractor": 0.0}, "rc_at_1000": {"relevant": 0.0, "distractor": 0.0}}