{"ndcg_at_1": 0.41538, "ndcg_at_3": 0.34302, "ndcg_at_5": 0.3029, "ndcg_at_10": 0.24779, "ndcg_at_20": 0.30441, "ndcg_at_100": 0.46498, "ndcg_at_200": 0.509, "ndcg_at_300": 0.518, "ndcg_at_500": 0.52739, "ndcg_at_1000": 0.53101, "map_at_1": 0.04154, "map_at_3": 0.08385, "map_at_5": 0.10508, "map_at_10": 0.13739, "map_at_20": 0.16536, "map_at_100": 0.2121, "map_at_200": 0.22104, "map_at_300": 0.2221, "map_at_500": 0.22285, "map_at_1000": 0.22305, "recall_at_1": 0.04154, "recall_at_3": 0.09538, "recall_at_5": 0.13538, "recall_at_10": 0.20769, "recall_at_20": 0.30923, "recall_at_100": 0.72, "recall_at_200": 0.86, "recall_at_300": 0.89231, "recall_at_500": 0.92923, "recall_at_1000": 0.94462, "precision_at_1": 0.41538, "precision_at_3": 0.31795, "precision_at_5": 0.27077, "precision_at_10": 0.20769, "precision_at_20": 0.15462, "precision_at_100": 0.072, "precision_at_200": 0.043, "precision_at_300": 0.02974, "precision_at_500": 0.01858, "precision_at_1000": 0.00945, "mrr_at_1": 0.41538, "mrr_at_3": 0.5, "mrr_at_5": 0.52, "mrr_at_10": 0.52754, "mrr_at_20": 0.53464, "mrr_at_100": 0.53981, "mrr_at_200": 0.53981, "mrr_at_300": 0.53981, "mrr_at_500": 0.53981, "mrr_at_1000": 0.53981, "rc_at_1": {"relevant": 0.41538, "distractor": 0.58462}, "rc_at_3": {"relevant": 0.96923, "distractor": 2.0}, "rc_at_5": {"relevant": 1.36923, "distractor": 3.53846}, "rc_at_10": {"relevant": 2.07692, "distractor": 7.73846}, "rc_at_20": {"relevant": 3.07692, "distractor": 16.38462}, "rc_at_100": {"relevant": 7.2, "distractor": 73.55385}, "rc_at_200": {"relevant": 8.61538, "distractor": 87.8}, "rc_at_300": {"relevant": 8.92308, "distractor": 90.89231}, "rc_at_500": {"relevant": 9.29231, "distractor": 93.09231}, "rc_at_1000": {"relevant": 9.44615, "distractor": 95.13846}}