{"ndcg_at_1": 0.41538, "ndcg_at_3": 0.34302, "ndcg_at_5": 0.3029, "ndcg_at_10": 0.24974, "ndcg_at_20": 0.30798, "ndcg_at_100": 0.50192, "ndcg_at_200": 0.5543, "ndcg_at_300": 0.55766, "ndcg_at_500": 0.55921, "ndcg_at_1000": 0.55921, "map_at_1": 0.04154, "map_at_3": 0.08385, "map_at_5": 0.10508, "map_at_10": 0.1377, "map_at_20": 0.16646, "map_at_100": 0.22443, "map_at_200": 0.23653, "map_at_300": 0.23696, "map_at_500": 0.2371, "map_at_1000": 0.2371, "recall_at_1": 0.04154, "recall_at_3": 0.09538, "recall_at_5": 0.13538, "recall_at_10": 0.21077, "recall_at_20": 0.31538, "recall_at_100": 0.81846, "recall_at_200": 0.98154, "recall_at_300": 0.99385, "recall_at_500": 1.0, "recall_at_1000": 1.0, "precision_at_1": 0.41538, "precision_at_3": 0.31795, "precision_at_5": 0.27077, "precision_at_10": 0.21077, "precision_at_20": 0.15769, "precision_at_100": 0.08185, "precision_at_200": 0.04908, "precision_at_300": 0.03313, "precision_at_500": 0.02, "precision_at_1000": 0.01, "mrr_at_1": 0.41538, "mrr_at_3": 0.5, "mrr_at_5": 0.52, "mrr_at_10": 0.53062, "mrr_at_20": 0.53632, "mrr_at_100": 0.54092, "mrr_at_200": 0.54092, "mrr_at_300": 0.54092, "mrr_at_500": 0.54092, "mrr_at_1000": 0.54092, "rc_at_1": {"relevant": 0.41538, "distractor": 0.58462}, "rc_at_3": {"relevant": 0.96923, "distractor": 2.03077}, "rc_at_5": {"relevant": 1.36923, "distractor": 3.58462}, "rc_at_10": {"relevant": 2.10769, "distractor": 7.83077}, "rc_at_20": {"relevant": 3.13846, "distractor": 16.66154}, "rc_at_100": {"relevant": 8.18462, "distractor": 88.36923}, "rc_at_200": {"relevant": 9.81538, "distractor": 98.23077}, "rc_at_300": {"relevant": 9.93846, "distractor": 98.84615}, "rc_at_500": {"relevant": 10.0, "distractor": 99.36923}, "rc_at_1000": {"relevant": 10.0, "distractor": 99.76923}}