{"ndcg_at_1": 0.2289, "ndcg_at_3": 0.28318, "ndcg_at_5": 0.31136, "ndcg_at_10": 0.33657, "ndcg_at_20": 0.36186, "ndcg_at_100": 0.40066, "ndcg_at_200": 0.41167, "ndcg_at_300": 0.41792, "ndcg_at_500": 0.4227, "ndcg_at_1000": 0.42859, "map_at_1": 0.18445, "map_at_3": 0.24673, "map_at_5": 0.26499, "map_at_10": 0.27795, "map_at_20": 0.28614, "map_at_100": 0.29282, "map_at_200": 0.2936, "map_at_300": 0.29389, "map_at_500": 0.29406, "map_at_1000": 0.29421, "recall_at_1": 0.18445, "recall_at_3": 0.31483, "recall_at_5": 0.38558, "recall_at_10": 0.45974, "recall_at_20": 0.5523, "recall_at_100": 0.73478, "recall_at_200": 0.80305, "recall_at_300": 0.84444, "recall_at_500": 0.87791, "recall_at_1000": 0.92146, "precision_at_1": 0.2289, "precision_at_3": 0.13686, "precision_at_5": 0.10644, "precision_at_10": 0.0681, "precision_at_20": 0.0422, "precision_at_100": 0.01245, "precision_at_200": 0.00693, "precision_at_300": 0.00499, "precision_at_500": 0.00319, "precision_at_1000": 0.00176, "mrr_at_1": 0.2289, "mrr_at_3": 0.29518, "mrr_at_5": 0.31485, "mrr_at_10": 0.32616, "mrr_at_20": 0.33252, "mrr_at_100": 0.33663, "mrr_at_200": 0.33707, "mrr_at_300": 0.33722, "mrr_at_500": 0.33729, "mrr_at_1000": 0.33733, "rc_at_1": {"relevant": 0.0, "distractor": 0.0}, "rc_at_3": {"relevant": 0.0, "distractor": 0.0}, "rc_at_5": {"relevant": 0.0, "distractor": 0.0}, "rc_at_10": {"relevant": 0.0, "distractor": 0.0}, "rc_at_20": {"relevant": 0.0, "distractor": 0.0}, "rc_at_100": {"relevant": 0.0, "distractor": 0.0}, "rc_at_200": {"relevant": 0.0, "distractor": 0.0}, "rc_at_300": {"relevant": 0.0, "distractor": 0.0}, "rc_at_500": {"relevant": 0.0, "distractor": 0.0}, "rc_at_1000": {"relevant": 0.0, "distractor": 0.0}}