{"ndcg_at_1": 0.10769, "ndcg_at_3": 0.12119, "ndcg_at_5": 0.12125, "ndcg_at_10": 0.10413, "ndcg_at_20": 0.14353, "ndcg_at_100": 0.28775, "ndcg_at_200": 0.34199, "ndcg_at_300": 0.35688, "ndcg_at_500": 0.37474, "ndcg_at_1000": 0.39294, "map_at_1": 0.01077, "map_at_3": 0.0259, "map_at_5": 0.03444, "map_at_10": 0.04585, "map_at_20": 0.05864, "map_at_100": 0.09032, "map_at_200": 0.0993, "map_at_300": 0.10098, "map_at_500": 0.10243, "map_at_1000": 0.10331, "recall_at_1": 0.01077, "recall_at_3": 0.03846, "recall_at_5": 0.06308, "recall_at_10": 0.1, "recall_at_20": 0.17077, "recall_at_100": 0.54, "recall_at_200": 0.71385, "recall_at_300": 0.76769, "recall_at_500": 0.83692, "recall_at_1000": 0.91538, "precision_at_1": 0.10769, "precision_at_3": 0.12821, "precision_at_5": 0.12615, "precision_at_10": 0.1, "precision_at_20": 0.08538, "precision_at_100": 0.054, "precision_at_200": 0.03569, "precision_at_300": 0.02559, "precision_at_500": 0.01674, "precision_at_1000": 0.00915, "mrr_at_1": 0.18462, "mrr_at_3": 0.25897, "mrr_at_5": 0.27359, "mrr_at_10": 0.30115, "mrr_at_20": 0.31584, "mrr_at_100": 0.3209, "mrr_at_200": 0.32101, "mrr_at_300": 0.32101, "mrr_at_500": 0.32101, "mrr_at_1000": 0.32101, "rc_at_1": {"relevant": 0.18462, "distractor": 0.72308}, "rc_at_3": {"relevant": 0.47692, "distractor": 2.23077}, "rc_at_5": {"relevant": 0.64615, "distractor": 3.87692}, "rc_at_10": {"relevant": 1.2, "distractor": 7.8}, "rc_at_20": {"relevant": 1.98462, "distractor": 15.07692}, "rc_at_100": {"relevant": 6.03077, "distractor": 55.0}, "rc_at_200": {"relevant": 7.29231, "distractor": 70.78462}, "rc_at_300": {"relevant": 8.0, "distractor": 77.64615}, "rc_at_500": {"relevant": 8.52308, "distractor": 84.33846}, "rc_at_1000": {"relevant": 9.15385, "distractor": 91.72308}}