{"ndcg_at_1": 0.01538, "ndcg_at_3": 0.01633, "ndcg_at_5": 0.0118, "ndcg_at_10": 0.00984, "ndcg_at_20": 0.01139, "ndcg_at_100": 0.01815, "ndcg_at_200": 0.02143, "ndcg_at_300": 0.0262, "ndcg_at_500": 0.02976, "ndcg_at_1000": 0.04506, "map_at_1": 0.00154, "map_at_3": 0.00385, "map_at_5": 0.00385, "map_at_10": 0.00426, "map_at_20": 0.00449, "map_at_100": 0.00514, "map_at_200": 0.00524, "map_at_300": 0.0054, "map_at_500": 0.00548, "map_at_1000": 0.00569, "recall_at_1": 0.00154, "recall_at_3": 0.00462, "recall_at_5": 0.00462, "recall_at_10": 0.00769, "recall_at_20": 0.01077, "recall_at_100": 0.02769, "recall_at_200": 0.03846, "recall_at_300": 0.05538, "recall_at_500": 0.06923, "recall_at_1000": 0.13692, "precision_at_1": 0.01538, "precision_at_3": 0.01538, "precision_at_5": 0.00923, "precision_at_10": 0.00769, "precision_at_20": 0.00538, "precision_at_100": 0.00277, "precision_at_200": 0.00192, "precision_at_300": 0.00185, "precision_at_500": 0.00138, "precision_at_1000": 0.00137, "mrr_at_1": 0.06154, "mrr_at_3": 0.07436, "mrr_at_5": 0.07436, "mrr_at_10": 0.07875, "mrr_at_20": 0.0835, "mrr_at_100": 0.08727, "mrr_at_200": 0.08778, "mrr_at_300": 0.08785, "mrr_at_500": 0.08801, "mrr_at_1000": 0.08812, "rc_at_1": {"relevant": 0.06154, "distractor": 0.09231}, "rc_at_3": {"relevant": 0.12308, "distractor": 0.36923}, "rc_at_5": {"relevant": 0.13846, "distractor": 0.61538}, "rc_at_10": {"relevant": 0.2, "distractor": 1.06154}, "rc_at_20": {"relevant": 0.30769, "distractor": 1.43077}, "rc_at_100": {"relevant": 0.64615, "distractor": 3.76923}, "rc_at_200": {"relevant": 0.76923, "distractor": 5.12308}, "rc_at_300": {"relevant": 0.93846, "distractor": 6.36923}, "rc_at_500": {"relevant": 1.06154, "distractor": 7.89231}, "rc_at_1000": {"relevant": 1.36923, "distractor": 11.23077}}