{"ndcg_at_1": 0.29091, "ndcg_at_3": 0.22021, "ndcg_at_5": 0.19417, "ndcg_at_10": 0.13969, "ndcg_at_20": 0.16078, "ndcg_at_100": 0.20394, "ndcg_at_200": 0.22642, "ndcg_at_300": 0.23645, "ndcg_at_500": 0.25189, "ndcg_at_1000": 0.26966, "map_at_1": 0.02909, "map_at_3": 0.05333, "map_at_5": 0.07042, "map_at_10": 0.07773, "map_at_20": 0.08544, "map_at_100": 0.09352, "map_at_200": 0.09586, "map_at_300": 0.09659, "map_at_500": 0.09736, "map_at_1000": 0.09793, "recall_at_1": 0.02909, "recall_at_3": 0.06, "recall_at_5": 0.08545, "recall_at_10": 0.10545, "recall_at_20": 0.14364, "recall_at_100": 0.25273, "recall_at_200": 0.32545, "recall_at_300": 0.36182, "recall_at_500": 0.42182, "recall_at_1000": 0.49818, "precision_at_1": 0.29091, "precision_at_3": 0.2, "precision_at_5": 0.17091, "precision_at_10": 0.10545, "precision_at_20": 0.07182, "precision_at_100": 0.02527, "precision_at_200": 0.01627, "precision_at_300": 0.01206, "precision_at_500": 0.00844, "precision_at_1000": 0.00498, "mrr_at_1": 0.29091, "mrr_at_3": 0.33939, "mrr_at_5": 0.35121, "mrr_at_10": 0.35551, "mrr_at_20": 0.36495, "mrr_at_100": 0.37011, "mrr_at_200": 0.37023, "mrr_at_300": 0.3703, "mrr_at_500": 0.37036, "mrr_at_1000": 0.37039, "rc_at_1": {"relevant": 0.29091, "distractor": 0.4}, "rc_at_3": {"relevant": 0.6, "distractor": 1.16364}, "rc_at_5": {"relevant": 0.85455, "distractor": 1.69091}, "rc_at_10": {"relevant": 1.05455, "distractor": 2.94545}, "rc_at_20": {"relevant": 1.43636, "distractor": 5.21818}, "rc_at_100": {"relevant": 2.52727, "distractor": 12.52727}, "rc_at_200": {"relevant": 3.25455, "distractor": 17.0}, "rc_at_300": {"relevant": 3.61818, "distractor": 20.63636}, "rc_at_500": {"relevant": 4.21818, "distractor": 24.94545}, "rc_at_1000": {"relevant": 4.98182, "distractor": 32.2}}