{"ndcg_at_1": 0.45365, "ndcg_at_3": 0.56791, "ndcg_at_5": 0.60406, "ndcg_at_10": 0.63515, "ndcg_at_20": 0.65098, "ndcg_at_100": 0.6658, "ndcg_at_200": 0.66864, "ndcg_at_300": 0.66938, "ndcg_at_500": 0.6701, "ndcg_at_1000": 0.67077, "map_at_1": 0.40754, "map_at_3": 0.52712, "map_at_5": 0.5495, "map_at_10": 0.56433, "map_at_20": 0.56944, "map_at_100": 0.57198, "map_at_200": 0.57216, "map_at_300": 0.57219, "map_at_500": 0.57221, "map_at_1000": 0.57222, "recall_at_1": 0.40754, "recall_at_3": 0.65192, "recall_at_5": 0.73354, "recall_at_10": 0.82276, "recall_at_20": 0.87983, "recall_at_100": 0.9529, "recall_at_200": 0.97173, "recall_at_300": 0.97748, "recall_at_500": 0.98315, "recall_at_1000": 0.98909, "precision_at_1": 0.45365, "precision_at_3": 0.25164, "precision_at_5": 0.17254, "precision_at_10": 0.09806, "precision_at_20": 0.05294, "precision_at_100": 0.01156, "precision_at_200": 0.00591, "precision_at_300": 0.00396, "precision_at_500": 0.00239, "precision_at_1000": 0.0012, "mrr_at_1": 0.45394, "mrr_at_3": 0.56117, "mrr_at_5": 0.57899, "mrr_at_10": 0.58953, "mrr_at_20": 0.59324, "mrr_at_100": 0.59486, "mrr_at_200": 0.59497, "mrr_at_300": 0.59499, "mrr_at_500": 0.595, "mrr_at_1000": 0.59501, "rc_at_1": {"relevant": 0.0, "distractor": 0.0}, "rc_at_3": {"relevant": 0.0, "distractor": 0.0}, "rc_at_5": {"relevant": 0.0, "distractor": 0.0}, "rc_at_10": {"relevant": 0.0, "distractor": 0.0}, "rc_at_20": {"relevant": 0.0, "distractor": 0.0}, "rc_at_100": {"relevant": 0.0, "distractor": 0.0}, "rc_at_200": {"relevant": 0.0, "distractor": 0.0}, "rc_at_300": {"relevant": 0.0, "distractor": 0.0}, "rc_at_500": {"relevant": 0.0, "distractor": 0.0}, "rc_at_1000": {"relevant": 0.0, "distractor": 0.0}}