{"ndcg_at_1": 0.09704, "ndcg_at_3": 0.12816, "ndcg_at_5": 0.14168, "ndcg_at_10": 0.16245, "ndcg_at_20": 0.18005, "ndcg_at_100": 0.21563, "ndcg_at_200": 0.22746, "ndcg_at_300": 0.23409, "ndcg_at_500": 0.24306, "ndcg_at_1000": 0.25299, "map_at_1": 0.07923, "map_at_3": 0.1103, "map_at_5": 0.1188, "map_at_10": 0.12758, "map_at_20": 0.13266, "map_at_100": 0.13771, "map_at_200": 0.13842, "map_at_300": 0.13869, "map_at_500": 0.13894, "map_at_1000": 0.13912, "recall_at_1": 0.07923, "recall_at_3": 0.14945, "recall_at_5": 0.18372, "recall_at_10": 0.24551, "recall_at_20": 0.31114, "recall_at_100": 0.49017, "recall_at_200": 0.56596, "recall_at_300": 0.61179, "recall_at_500": 0.68108, "recall_at_1000": 0.76393, "precision_at_1": 0.09704, "precision_at_3": 0.06228, "precision_at_5": 0.04728, "precision_at_10": 0.03252, "precision_at_20": 0.02113, "precision_at_100": 0.00723, "precision_at_200": 0.0043, "precision_at_300": 0.00317, "precision_at_500": 0.00215, "precision_at_1000": 0.00124, "mrr_at_1": 0.09704, "mrr_at_3": 0.13294, "mrr_at_5": 0.14205, "mrr_at_10": 0.15198, "mrr_at_20": 0.15689, "mrr_at_100": 0.16137, "mrr_at_200": 0.16191, "mrr_at_300": 0.16209, "mrr_at_500": 0.16226, "mrr_at_1000": 0.16237, "rc_at_1": {"relevant": 0.0, "distractor": 0.0}, "rc_at_3": {"relevant": 0.0, "distractor": 0.0}, "rc_at_5": {"relevant": 0.0, "distractor": 0.0}, "rc_at_10": {"relevant": 0.0, "distractor": 0.0}, "rc_at_20": {"relevant": 0.0, "distractor": 0.0}, "rc_at_100": {"relevant": 0.0, "distractor": 0.0}, "rc_at_200": {"relevant": 0.0, "distractor": 0.0}, "rc_at_300": {"relevant": 0.0, "distractor": 0.0}, "rc_at_500": {"relevant": 0.0, "distractor": 0.0}, "rc_at_1000": {"relevant": 0.0, "distractor": 0.0}}