{"ndcg_at_1": 0.26679, "ndcg_at_3": 0.30327, "ndcg_at_5": 0.32478, "ndcg_at_10": 0.35469, "ndcg_at_20": 0.3766, "ndcg_at_100": 0.41337, "ndcg_at_200": 0.42368, "ndcg_at_300": 0.42832, "ndcg_at_500": 0.43433, "ndcg_at_1000": 0.43924, "map_at_1": 0.22602, "map_at_3": 0.27662, "map_at_5": 0.29013, "map_at_10": 0.30385, "map_at_20": 0.31065, "map_at_100": 0.31648, "map_at_200": 0.31718, "map_at_300": 0.31737, "map_at_500": 0.31754, "map_at_1000": 0.31763, "recall_at_1": 0.22602, "recall_at_3": 0.33118, "recall_at_5": 0.38489, "recall_at_10": 0.47206, "recall_at_20": 0.55061, "recall_at_100": 0.73012, "recall_at_200": 0.79409, "recall_at_300": 0.82681, "recall_at_500": 0.87229, "recall_at_1000": 0.91192, "precision_at_1": 0.26679, "precision_at_3": 0.13557, "precision_at_5": 0.0972, "precision_at_10": 0.06138, "precision_at_20": 0.03689, "precision_at_100": 0.01026, "precision_at_200": 0.00573, "precision_at_300": 0.00401, "precision_at_500": 0.00257, "precision_at_1000": 0.00136, "mrr_at_1": 0.26679, "mrr_at_3": 0.3167, "mrr_at_5": 0.33069, "mrr_at_10": 0.34244, "mrr_at_20": 0.34805, "mrr_at_100": 0.35249, "mrr_at_200": 0.35291, "mrr_at_300": 0.35303, "mrr_at_500": 0.35313, "mrr_at_1000": 0.35317, "rc_at_1": {"relevant": 0.0, "distractor": 0.0}, "rc_at_3": {"relevant": 0.0, "distractor": 0.0}, "rc_at_5": {"relevant": 0.0, "distractor": 0.0}, "rc_at_10": {"relevant": 0.0, "distractor": 0.0}, "rc_at_20": {"relevant": 0.0, "distractor": 0.0}, "rc_at_100": {"relevant": 0.0, "distractor": 0.0}, "rc_at_200": {"relevant": 0.0, "distractor": 0.0}, "rc_at_300": {"relevant": 0.0, "distractor": 0.0}, "rc_at_500": {"relevant": 0.0, "distractor": 0.0}, "rc_at_1000": {"relevant": 0.0, "distractor": 0.0}}