{"ndcg_at_1": 0.26133, "ndcg_at_3": 0.32477, "ndcg_at_5": 0.34765, "ndcg_at_10": 0.36958, "ndcg_at_20": 0.38638, "ndcg_at_100": 0.4123, "ndcg_at_200": 0.41912, "ndcg_at_300": 0.42265, "ndcg_at_500": 0.4262, "ndcg_at_1000": 0.43013, "map_at_1": 0.24571, "map_at_3": 0.30228, "map_at_5": 0.31498, "map_at_10": 0.32408, "map_at_20": 0.32869, "map_at_100": 0.33218, "map_at_200": 0.33254, "map_at_300": 0.33266, "map_at_500": 0.33274, "map_at_1000": 0.3328, "recall_at_1": 0.24571, "recall_at_3": 0.3723, "recall_at_5": 0.42708, "recall_at_10": 0.49346, "recall_at_20": 0.55833, "recall_at_100": 0.69627, "recall_at_200": 0.74336, "recall_at_300": 0.77024, "recall_at_500": 0.79957, "recall_at_1000": 0.83493, "precision_at_1": 0.26133, "precision_at_3": 0.13301, "precision_at_5": 0.09196, "precision_at_10": 0.05341, "precision_at_20": 0.03034, "precision_at_100": 0.00763, "precision_at_200": 0.00409, "precision_at_300": 0.00283, "precision_at_500": 0.00177, "precision_at_1000": 0.00093, "mrr_at_1": 0.26118, "mrr_at_3": 0.31866, "mrr_at_5": 0.33211, "mrr_at_10": 0.34175, "mrr_at_20": 0.34645, "mrr_at_100": 0.35001, "mrr_at_200": 0.35037, "mrr_at_300": 0.35048, "mrr_at_500": 0.35056, "mrr_at_1000": 0.35061, "rc_at_1": {"relevant": 0.0, "distractor": 0.0}, "rc_at_3": {"relevant": 0.0, "distractor": 0.0}, "rc_at_5": {"relevant": 0.0, "distractor": 0.0}, "rc_at_10": {"relevant": 0.0, "distractor": 0.0}, "rc_at_20": {"relevant": 0.0, "distractor": 0.0}, "rc_at_100": {"relevant": 0.0, "distractor": 0.0}, "rc_at_200": {"relevant": 0.0, "distractor": 0.0}, "rc_at_300": {"relevant": 0.0, "distractor": 0.0}, "rc_at_500": {"relevant": 0.0, "distractor": 0.0}, "rc_at_1000": {"relevant": 0.0, "distractor": 0.0}}