{"ndcg_at_1": 0.0, "ndcg_at_3": 0.28415, "ndcg_at_5": 0.36037, "ndcg_at_10": 0.41707, "ndcg_at_20": 0.4443, "ndcg_at_100": 0.45257, "ndcg_at_200": 0.45348, "ndcg_at_300": 0.45366, "ndcg_at_500": 0.45374, "ndcg_at_1000": 0.45374, "map_at_1": 0.0, "map_at_3": 0.21574, "map_at_5": 0.25824, "map_at_10": 0.28184, "map_at_20": 0.28964, "map_at_100": 0.29091, "map_at_200": 0.29096, "map_at_300": 0.29096, "map_at_500": 0.29096, "map_at_1000": 0.29096, "recall_at_1": 0.0, "recall_at_3": 0.48151, "recall_at_5": 0.66572, "recall_at_10": 0.83997, "recall_at_20": 0.94523, "recall_at_100": 0.98791, "recall_at_200": 0.99431, "recall_at_300": 0.99573, "recall_at_500": 0.99644, "recall_at_1000": 0.99644, "precision_at_1": 0.0, "precision_at_3": 0.1605, "precision_at_5": 0.13314, "precision_at_10": 0.084, "precision_at_20": 0.04726, "precision_at_100": 0.00988, "precision_at_200": 0.00497, "precision_at_300": 0.00332, "precision_at_500": 0.00199, "precision_at_1000": 0.001, "mrr_at_1": 0.0, "mrr_at_3": 0.2155, "mrr_at_5": 0.25821, "mrr_at_10": 0.28181, "mrr_at_20": 0.2896, "mrr_at_100": 0.29088, "mrr_at_200": 0.29092, "mrr_at_300": 0.29093, "mrr_at_500": 0.29093, "mrr_at_1000": 0.29093, "rc_at_1": {"relevant": 0.0, "distractor": 0.0}, "rc_at_3": {"relevant": 0.0, "distractor": 0.0}, "rc_at_5": {"relevant": 0.0, "distractor": 0.0}, "rc_at_10": {"relevant": 0.0, "distractor": 0.0}, "rc_at_20": {"relevant": 0.0, "distractor": 0.0}, "rc_at_100": {"relevant": 0.0, "distractor": 0.0}, "rc_at_200": {"relevant": 0.0, "distractor": 0.0}, "rc_at_300": {"relevant": 0.0, "distractor": 0.0}, "rc_at_500": {"relevant": 0.0, "distractor": 0.0}, "rc_at_1000": {"relevant": 0.0, "distractor": 0.0}}