{"ndcg_at_1": 0.25085, "ndcg_at_3": 0.30488, "ndcg_at_5": 0.32989, "ndcg_at_10": 0.35177, "ndcg_at_20": 0.37068, "ndcg_at_100": 0.40156, "ndcg_at_200": 0.41102, "ndcg_at_300": 0.41516, "ndcg_at_500": 0.42059, "ndcg_at_1000": 0.42593, "map_at_1": 0.23171, "map_at_3": 0.28361, "map_at_5": 0.29793, "map_at_10": 0.30763, "map_at_20": 0.31309, "map_at_100": 0.3175, "map_at_200": 0.31806, "map_at_300": 0.31821, "map_at_500": 0.31834, "map_at_1000": 0.31843, "recall_at_1": 0.23171, "recall_at_3": 0.34511, "recall_at_5": 0.40441, "recall_at_10": 0.46874, "recall_at_20": 0.53974, "recall_at_100": 0.69968, "recall_at_200": 0.76188, "recall_at_300": 0.79334, "recall_at_500": 0.83754, "recall_at_1000": 0.8847, "precision_at_1": 0.25085, "precision_at_3": 0.12768, "precision_at_5": 0.09085, "precision_at_10": 0.05367, "precision_at_20": 0.03136, "precision_at_100": 0.00828, "precision_at_200": 0.00458, "precision_at_300": 0.00318, "precision_at_500": 0.00202, "precision_at_1000": 0.00107, "mrr_at_1": 0.25085, "mrr_at_3": 0.30377, "mrr_at_5": 0.31817, "mrr_at_10": 0.32691, "mrr_at_20": 0.33203, "mrr_at_100": 0.33583, "mrr_at_200": 0.3363, "mrr_at_300": 0.33641, "mrr_at_500": 0.33653, "mrr_at_1000": 0.33659, "rc_at_1": {"relevant": 0.0, "distractor": 0.0}, "rc_at_3": {"relevant": 0.0, "distractor": 0.0}, "rc_at_5": {"relevant": 0.0, "distractor": 0.0}, "rc_at_10": {"relevant": 0.0, "distractor": 0.0}, "rc_at_20": {"relevant": 0.0, "distractor": 0.0}, "rc_at_100": {"relevant": 0.0, "distractor": 0.0}, "rc_at_200": {"relevant": 0.0, "distractor": 0.0}, "rc_at_300": {"relevant": 0.0, "distractor": 0.0}, "rc_at_500": {"relevant": 0.0, "distractor": 0.0}, "rc_at_1000": {"relevant": 0.0, "distractor": 0.0}}