{"ndcg_at_1": 0.44615, "ndcg_at_3": 0.36373, "ndcg_at_5": 0.3298, "ndcg_at_10": 0.26943, "ndcg_at_20": 0.31834, "ndcg_at_100": 0.50635, "ndcg_at_200": 0.55277, "ndcg_at_300": 0.55877, "ndcg_at_500": 0.56192, "ndcg_at_1000": 0.56405, "map_at_1": 0.04462, "map_at_3": 0.09154, "map_at_5": 0.12323, "map_at_10": 0.15814, "map_at_20": 0.1826, "map_at_100": 0.24065, "map_at_200": 0.25094, "map_at_300": 0.25174, "map_at_500": 0.252, "map_at_1000": 0.25212, "recall_at_1": 0.04462, "recall_at_3": 0.10154, "recall_at_5": 0.14923, "recall_at_10": 0.22769, "recall_at_20": 0.31538, "recall_at_100": 0.79846, "recall_at_200": 0.94308, "recall_at_300": 0.96462, "recall_at_500": 0.97692, "recall_at_1000": 0.98615, "precision_at_1": 0.44615, "precision_at_3": 0.33846, "precision_at_5": 0.29846, "precision_at_10": 0.22769, "precision_at_20": 0.15769, "precision_at_100": 0.07985, "precision_at_200": 0.04715, "precision_at_300": 0.03215, "precision_at_500": 0.01954, "precision_at_1000": 0.00986, "mrr_at_1": 0.44615, "mrr_at_3": 0.51026, "mrr_at_5": 0.52795, "mrr_at_10": 0.54124, "mrr_at_20": 0.54924, "mrr_at_100": 0.552, "mrr_at_200": 0.552, "mrr_at_300": 0.552, "mrr_at_500": 0.552, "mrr_at_1000": 0.552, "rc_at_1": {"relevant": 0.44615, "distractor": 0.55385}, "rc_at_3": {"relevant": 1.01538, "distractor": 1.98462}, "rc_at_5": {"relevant": 1.49231, "distractor": 3.49231}, "rc_at_10": {"relevant": 2.27692, "distractor": 7.67692}, "rc_at_20": {"relevant": 3.15385, "distractor": 16.66154}, "rc_at_100": {"relevant": 7.98462, "distractor": 86.55385}, "rc_at_200": {"relevant": 9.43077, "distractor": 97.13846}, "rc_at_300": {"relevant": 9.64615, "distractor": 97.86154}, "rc_at_500": {"relevant": 9.76923, "distractor": 98.55385}, "rc_at_1000": {"relevant": 9.86154, "distractor": 99.18462}}