{"ndcg_at_1": 0.07622, "ndcg_at_3": 0.06532, "ndcg_at_5": 0.06937, "ndcg_at_10": 0.07919, "ndcg_at_20": 0.09058, "ndcg_at_100": 0.10963, "ndcg_at_200": 0.11772, "ndcg_at_300": 0.12331, "ndcg_at_500": 0.12979, "ndcg_at_1000": 0.13774, "map_at_1": 0.03547, "map_at_3": 0.04851, "map_at_5": 0.05139, "map_at_10": 0.05484, "map_at_20": 0.05781, "map_at_100": 0.06029, "map_at_200": 0.06074, "map_at_300": 0.06095, "map_at_500": 0.06112, "map_at_1000": 0.06126, "recall_at_1": 0.03547, "recall_at_3": 0.06315, "recall_at_5": 0.07467, "recall_at_10": 0.09802, "recall_at_20": 0.13177, "recall_at_100": 0.20928, "recall_at_200": 0.25141, "recall_at_300": 0.28306, "recall_at_500": 0.32426, "recall_at_1000": 0.37843, "precision_at_1": 0.07622, "precision_at_3": 0.04473, "precision_at_5": 0.03296, "precision_at_10": 0.02248, "precision_at_20": 0.01567, "precision_at_100": 0.00531, "precision_at_200": 0.00327, "precision_at_300": 0.0025, "precision_at_500": 0.00173, "precision_at_1000": 0.00103, "mrr_at_1": 0.07622, "mrr_at_3": 0.09783, "mrr_at_5": 0.10408, "mrr_at_10": 0.11062, "mrr_at_20": 0.11547, "mrr_at_100": 0.11879, "mrr_at_200": 0.11923, "mrr_at_300": 0.11941, "mrr_at_500": 0.11956, "mrr_at_1000": 0.11965, "rc_at_1": {"relevant": 0.0, "distractor": 0.0}, "rc_at_3": {"relevant": 0.0, "distractor": 0.0}, "rc_at_5": {"relevant": 0.0, "distractor": 0.0}, "rc_at_10": {"relevant": 0.0, "distractor": 0.0}, "rc_at_20": {"relevant": 0.0, "distractor": 0.0}, "rc_at_100": {"relevant": 0.0, "distractor": 0.0}, "rc_at_200": {"relevant": 0.0, "distractor": 0.0}, "rc_at_300": {"relevant": 0.0, "distractor": 0.0}, "rc_at_500": {"relevant": 0.0, "distractor": 0.0}, "rc_at_1000": {"relevant": 0.0, "distractor": 0.0}}