{"ndcg_at_1": 0.037, "ndcg_at_3": 0.0317, "ndcg_at_5": 0.02897, "ndcg_at_10": 0.03488, "ndcg_at_20": 0.04153, "ndcg_at_100": 0.06115, "ndcg_at_200": 0.07261, "ndcg_at_300": 0.07903, "ndcg_at_500": 0.08775, "ndcg_at_1000": 0.10152, "map_at_1": 0.0076, "map_at_3": 0.01299, "map_at_5": 0.01559, "map_at_10": 0.01749, "map_at_20": 0.01921, "map_at_100": 0.02151, "map_at_200": 0.02217, "map_at_300": 0.02239, "map_at_500": 0.02262, "map_at_1000": 0.02286, "recall_at_1": 0.0076, "recall_at_3": 0.01835, "recall_at_5": 0.02665, "recall_at_10": 0.0377, "recall_at_20": 0.0532, "recall_at_100": 0.11847, "recall_at_200": 0.16725, "recall_at_300": 0.19755, "recall_at_500": 0.24208, "recall_at_1000": 0.31985, "precision_at_1": 0.037, "precision_at_3": 0.03, "precision_at_5": 0.0262, "precision_at_10": 0.0186, "precision_at_20": 0.01315, "precision_at_100": 0.00584, "precision_at_200": 0.00411, "precision_at_300": 0.00324, "precision_at_500": 0.00238, "precision_at_1000": 0.00157, "mrr_at_1": 0.037, "mrr_at_3": 0.05617, "mrr_at_5": 0.06287, "mrr_at_10": 0.06785, "mrr_at_20": 0.07135, "mrr_at_100": 0.07539, "mrr_at_200": 0.07611, "mrr_at_300": 0.07638, "mrr_at_500": 0.07661, "mrr_at_1000": 0.07677, "rc_at_1": {"relevant": 0.0, "distractor": 0.0}, "rc_at_3": {"relevant": 0.0, "distractor": 0.0}, "rc_at_5": {"relevant": 0.0, "distractor": 0.0}, "rc_at_10": {"relevant": 0.0, "distractor": 0.0}, "rc_at_20": {"relevant": 0.0, "distractor": 0.0}, "rc_at_100": {"relevant": 0.0, "distractor": 0.0}, "rc_at_200": {"relevant": 0.0, "distractor": 0.0}, "rc_at_300": {"relevant": 0.0, "distractor": 0.0}, "rc_at_500": {"relevant": 0.0, "distractor": 0.0}, "rc_at_1000": {"relevant": 0.0, "distractor": 0.0}}