{"ndcg_at_1": 0.10274, "ndcg_at_3": 0.11807, "ndcg_at_5": 0.13205, "ndcg_at_10": 0.14778, "ndcg_at_20": 0.16374, "ndcg_at_100": 0.19572, "ndcg_at_200": 0.20724, "ndcg_at_300": 0.21394, "ndcg_at_500": 0.22149, "ndcg_at_1000": 0.23059, "map_at_1": 0.08078, "map_at_3": 0.10291, "map_at_5": 0.11195, "map_at_10": 0.11893, "map_at_20": 0.12328, "map_at_100": 0.12784, "map_at_200": 0.1285, "map_at_300": 0.12875, "map_at_500": 0.12895, "map_at_1000": 0.1291, "recall_at_1": 0.08078, "recall_at_3": 0.1283, "recall_at_5": 0.16443, "recall_at_10": 0.21114, "recall_at_20": 0.27036, "recall_at_100": 0.42879, "recall_at_200": 0.50179, "recall_at_300": 0.55058, "recall_at_500": 0.60753, "recall_at_1000": 0.68433, "precision_at_1": 0.10274, "precision_at_3": 0.0567, "precision_at_5": 0.04361, "precision_at_10": 0.02865, "precision_at_20": 0.01884, "precision_at_100": 0.00634, "precision_at_200": 0.00384, "precision_at_300": 0.00281, "precision_at_500": 0.00189, "precision_at_1000": 0.00108, "mrr_at_1": 0.10274, "mrr_at_3": 0.12957, "mrr_at_5": 0.13818, "mrr_at_10": 0.14548, "mrr_at_20": 0.15015, "mrr_at_100": 0.15452, "mrr_at_200": 0.1551, "mrr_at_300": 0.15529, "mrr_at_500": 0.15544, "mrr_at_1000": 0.15554, "rc_at_1": {"relevant": 0.0, "distractor": 0.0}, "rc_at_3": {"relevant": 0.0, "distractor": 0.0}, "rc_at_5": {"relevant": 0.0, "distractor": 0.0}, "rc_at_10": {"relevant": 0.0, "distractor": 0.0}, "rc_at_20": {"relevant": 0.0, "distractor": 0.0}, "rc_at_100": {"relevant": 0.0, "distractor": 0.0}, "rc_at_200": {"relevant": 0.0, "distractor": 0.0}, "rc_at_300": {"relevant": 0.0, "distractor": 0.0}, "rc_at_500": {"relevant": 0.0, "distractor": 0.0}, "rc_at_1000": {"relevant": 0.0, "distractor": 0.0}}