{"ndcg_at_1": 0.1607, "ndcg_at_3": 0.19358, "ndcg_at_5": 0.21294, "ndcg_at_10": 0.23351, "ndcg_at_20": 0.24959, "ndcg_at_100": 0.28212, "ndcg_at_200": 0.29452, "ndcg_at_300": 0.30037, "ndcg_at_500": 0.30756, "ndcg_at_1000": 0.31494, "map_at_1": 0.13149, "map_at_3": 0.17057, "map_at_5": 0.18317, "map_at_10": 0.19225, "map_at_20": 0.19708, "map_at_100": 0.20183, "map_at_200": 0.20258, "map_at_300": 0.20281, "map_at_500": 0.20302, "map_at_1000": 0.20316, "recall_at_1": 0.13149, "recall_at_3": 0.21508, "recall_at_5": 0.26537, "recall_at_10": 0.3273, "recall_at_20": 0.38639, "recall_at_100": 0.54996, "recall_at_200": 0.62961, "recall_at_300": 0.66982, "recall_at_500": 0.72434, "recall_at_1000": 0.78458, "precision_at_1": 0.1607, "precision_at_3": 0.09291, "precision_at_5": 0.06944, "precision_at_10": 0.04357, "precision_at_20": 0.02634, "precision_at_100": 0.00787, "precision_at_200": 0.00463, "precision_at_300": 0.00335, "precision_at_500": 0.00222, "precision_at_1000": 0.00124, "mrr_at_1": 0.16001, "mrr_at_3": 0.2032, "mrr_at_5": 0.21573, "mrr_at_10": 0.22516, "mrr_at_20": 0.2295, "mrr_at_100": 0.23359, "mrr_at_200": 0.23416, "mrr_at_300": 0.23432, "mrr_at_500": 0.23445, "mrr_at_1000": 0.23453, "rc_at_1": {"relevant": 0.0, "distractor": 0.0}, "rc_at_3": {"relevant": 0.0, "distractor": 0.0}, "rc_at_5": {"relevant": 0.0, "distractor": 0.0}, "rc_at_10": {"relevant": 0.0, "distractor": 0.0}, "rc_at_20": {"relevant": 0.0, "distractor": 0.0}, "rc_at_100": {"relevant": 0.0, "distractor": 0.0}, "rc_at_200": {"relevant": 0.0, "distractor": 0.0}, "rc_at_300": {"relevant": 0.0, "distractor": 0.0}, "rc_at_500": {"relevant": 0.0, "distractor": 0.0}, "rc_at_1000": {"relevant": 0.0, "distractor": 0.0}}