{"ndcg_at_1": 0.20092, "ndcg_at_3": 0.23778, "ndcg_at_5": 0.26029, "ndcg_at_10": 0.28061, "ndcg_at_20": 0.30121, "ndcg_at_100": 0.33366, "ndcg_at_200": 0.346, "ndcg_at_300": 0.35174, "ndcg_at_500": 0.35957, "ndcg_at_1000": 0.36508, "map_at_1": 0.18085, "map_at_3": 0.21906, "map_at_5": 0.23261, "map_at_10": 0.24202, "map_at_20": 0.24805, "map_at_100": 0.25276, "map_at_200": 0.25351, "map_at_300": 0.25375, "map_at_500": 0.25395, "map_at_1000": 0.25404, "recall_at_1": 0.18085, "recall_at_3": 0.26342, "recall_at_5": 0.31738, "recall_at_10": 0.3778, "recall_at_20": 0.45608, "recall_at_100": 0.6198, "recall_at_200": 0.70138, "recall_at_300": 0.7432, "recall_at_500": 0.80593, "recall_at_1000": 0.85311, "precision_at_1": 0.20092, "precision_at_3": 0.10276, "precision_at_5": 0.07669, "precision_at_10": 0.04678, "precision_at_20": 0.02868, "precision_at_100": 0.00813, "precision_at_200": 0.00464, "precision_at_300": 0.0033, "precision_at_500": 0.00216, "precision_at_1000": 0.00115, "mrr_at_1": 0.20092, "mrr_at_3": 0.23952, "mrr_at_5": 0.25294, "mrr_at_10": 0.2617, "mrr_at_20": 0.26722, "mrr_at_100": 0.27126, "mrr_at_200": 0.27182, "mrr_at_300": 0.27198, "mrr_at_500": 0.27213, "mrr_at_1000": 0.2722, "rc_at_1": {"relevant": 0.0, "distractor": 0.0}, "rc_at_3": {"relevant": 0.0, "distractor": 0.0}, "rc_at_5": {"relevant": 0.0, "distractor": 0.0}, "rc_at_10": {"relevant": 0.0, "distractor": 0.0}, "rc_at_20": {"relevant": 0.0, "distractor": 0.0}, "rc_at_100": {"relevant": 0.0, "distractor": 0.0}, "rc_at_200": {"relevant": 0.0, "distractor": 0.0}, "rc_at_300": {"relevant": 0.0, "distractor": 0.0}, "rc_at_500": {"relevant": 0.0, "distractor": 0.0}, "rc_at_1000": {"relevant": 0.0, "distractor": 0.0}}