{"ndcg_at_1": 0.06438, "ndcg_at_3": 0.08427, "ndcg_at_5": 0.09648, "ndcg_at_10": 0.11164, "ndcg_at_20": 0.12346, "ndcg_at_100": 0.15068, "ndcg_at_200": 0.16184, "ndcg_at_300": 0.1692, "ndcg_at_500": 0.17824, "ndcg_at_1000": 0.18901, "map_at_1": 0.05592, "map_at_3": 0.07497, "map_at_5": 0.08178, "map_at_10": 0.08783, "map_at_20": 0.0911, "map_at_100": 0.09477, "map_at_200": 0.09538, "map_at_300": 0.09564, "map_at_500": 0.09589, "map_at_1000": 0.09608, "recall_at_1": 0.05592, "recall_at_3": 0.09858, "recall_at_5": 0.12641, "recall_at_10": 0.17301, "recall_at_20": 0.21617, "recall_at_100": 0.35035, "recall_at_200": 0.42146, "recall_at_300": 0.47093, "recall_at_500": 0.53698, "recall_at_1000": 0.62423, "precision_at_1": 0.06438, "precision_at_3": 0.0391, "precision_at_5": 0.03176, "precision_at_10": 0.02203, "precision_at_20": 0.01438, "precision_at_100": 0.00519, "precision_at_200": 0.00325, "precision_at_300": 0.00251, "precision_at_500": 0.00181, "precision_at_1000": 0.00111, "mrr_at_1": 0.06438, "mrr_at_3": 0.0856, "mrr_at_5": 0.0944, "mrr_at_10": 0.10145, "mrr_at_20": 0.10517, "mrr_at_100": 0.10888, "mrr_at_200": 0.10946, "mrr_at_300": 0.10967, "mrr_at_500": 0.10985, "mrr_at_1000": 0.10998, "rc_at_1": {"relevant": 0.0, "distractor": 0.0}, "rc_at_3": {"relevant": 0.0, "distractor": 0.0}, "rc_at_5": {"relevant": 0.0, "distractor": 0.0}, "rc_at_10": {"relevant": 0.0, "distractor": 0.0}, "rc_at_20": {"relevant": 0.0, "distractor": 0.0}, "rc_at_100": {"relevant": 0.0, "distractor": 0.0}, "rc_at_200": {"relevant": 0.0, "distractor": 0.0}, "rc_at_300": {"relevant": 0.0, "distractor": 0.0}, "rc_at_500": {"relevant": 0.0, "distractor": 0.0}, "rc_at_1000": {"relevant": 0.0, "distractor": 0.0}}