{"ndcg_at_1": 0.1355, "ndcg_at_3": 0.11493, "ndcg_at_5": 0.12257, "ndcg_at_10": 0.13825, "ndcg_at_20": 0.15293, "ndcg_at_100": 0.18028, "ndcg_at_200": 0.19255, "ndcg_at_300": 0.19882, "ndcg_at_500": 0.20667, "ndcg_at_1000": 0.21594, "map_at_1": 0.06091, "map_at_3": 0.08257, "map_at_5": 0.08922, "map_at_10": 0.09542, "map_at_20": 0.09972, "map_at_100": 0.10365, "map_at_200": 0.10442, "map_at_300": 0.10468, "map_at_500": 0.10492, "map_at_1000": 0.1051, "recall_at_1": 0.06091, "recall_at_3": 0.10746, "recall_at_5": 0.12954, "recall_at_10": 0.16592, "recall_at_20": 0.20879, "recall_at_100": 0.31826, "recall_at_200": 0.38164, "recall_at_300": 0.41667, "recall_at_500": 0.46439, "recall_at_1000": 0.52679, "precision_at_1": 0.1355, "precision_at_3": 0.08165, "precision_at_5": 0.06137, "precision_at_10": 0.04046, "precision_at_20": 0.02616, "precision_at_100": 0.00842, "precision_at_200": 0.00515, "precision_at_300": 0.00381, "precision_at_500": 0.00259, "precision_at_1000": 0.00148, "mrr_at_1": 0.1355, "mrr_at_3": 0.17774, "mrr_at_5": 0.18761, "mrr_at_10": 0.197, "mrr_at_20": 0.20172, "mrr_at_100": 0.20584, "mrr_at_200": 0.20642, "mrr_at_300": 0.20659, "mrr_at_500": 0.20672, "mrr_at_1000": 0.2068, "rc_at_1": {"relevant": 0.0, "distractor": 0.0}, "rc_at_3": {"relevant": 0.0, "distractor": 0.0}, "rc_at_5": {"relevant": 0.0, "distractor": 0.0}, "rc_at_10": {"relevant": 0.0, "distractor": 0.0}, "rc_at_20": {"relevant": 0.0, "distractor": 0.0}, "rc_at_100": {"relevant": 0.0, "distractor": 0.0}, "rc_at_200": {"relevant": 0.0, "distractor": 0.0}, "rc_at_300": {"relevant": 0.0, "distractor": 0.0}, "rc_at_500": {"relevant": 0.0, "distractor": 0.0}, "rc_at_1000": {"relevant": 0.0, "distractor": 0.0}}