{"ndcg_at_1": 0.24658, "ndcg_at_3": 0.30821, "ndcg_at_5": 0.33338, "ndcg_at_10": 0.36716, "ndcg_at_20": 0.3903, "ndcg_at_100": 0.42567, "ndcg_at_200": 0.43638, "ndcg_at_300": 0.44066, "ndcg_at_500": 0.44486, "ndcg_at_1000": 0.45009, "map_at_1": 0.19522, "map_at_3": 0.26811, "map_at_5": 0.28532, "map_at_10": 0.30197, "map_at_20": 0.30946, "map_at_100": 0.31549, "map_at_200": 0.31621, "map_at_300": 0.31641, "map_at_500": 0.31657, "map_at_1000": 0.31668, "recall_at_1": 0.19522, "recall_at_3": 0.35569, "recall_at_5": 0.41845, "recall_at_10": 0.51579, "recall_at_20": 0.59782, "recall_at_100": 0.7646, "recall_at_200": 0.83066, "recall_at_300": 0.85815, "recall_at_500": 0.88621, "recall_at_1000": 0.92865, "precision_at_1": 0.24658, "precision_at_3": 0.15297, "precision_at_5": 0.11233, "precision_at_10": 0.07158, "precision_at_20": 0.04281, "precision_at_100": 0.01182, "precision_at_200": 0.00657, "precision_at_300": 0.00461, "precision_at_500": 0.00295, "precision_at_1000": 0.00157, "mrr_at_1": 0.24658, "mrr_at_3": 0.32021, "mrr_at_5": 0.3359, "mrr_at_10": 0.34992, "mrr_at_20": 0.35565, "mrr_at_100": 0.35922, "mrr_at_200": 0.35969, "mrr_at_300": 0.35977, "mrr_at_500": 0.35982, "mrr_at_1000": 0.35987, "rc_at_1": {"relevant": 0.0, "distractor": 0.0}, "rc_at_3": {"relevant": 0.0, "distractor": 0.0}, "rc_at_5": {"relevant": 0.0, "distractor": 0.0}, "rc_at_10": {"relevant": 0.0, "distractor": 0.0}, "rc_at_20": {"relevant": 0.0, "distractor": 0.0}, "rc_at_100": {"relevant": 0.0, "distractor": 0.0}, "rc_at_200": {"relevant": 0.0, "distractor": 0.0}, "rc_at_300": {"relevant": 0.0, "distractor": 0.0}, "rc_at_500": {"relevant": 0.0, "distractor": 0.0}, "rc_at_1000": {"relevant": 0.0, "distractor": 0.0}}