{"ndcg_at_1": 0.36819, "ndcg_at_3": 0.4709, "ndcg_at_5": 0.51068, "ndcg_at_10": 0.5448, "ndcg_at_20": 0.56642, "ndcg_at_100": 0.58923, "ndcg_at_200": 0.59212, "ndcg_at_300": 0.59359, "ndcg_at_500": 0.59456, "ndcg_at_1000": 0.59591, "map_at_1": 0.32469, "map_at_3": 0.43253, "map_at_5": 0.45683, "map_at_10": 0.47238, "map_at_20": 0.4792, "map_at_100": 0.48288, "map_at_200": 0.48306, "map_at_300": 0.48312, "map_at_500": 0.48315, "map_at_1000": 0.48317, "recall_at_1": 0.32469, "recall_at_3": 0.54804, "recall_at_5": 0.63934, "recall_at_10": 0.73812, "recall_at_20": 0.81738, "recall_at_100": 0.93108, "recall_at_200": 0.95008, "recall_at_300": 0.96113, "recall_at_500": 0.96888, "recall_at_1000": 0.981, "precision_at_1": 0.36819, "precision_at_3": 0.21234, "precision_at_5": 0.15035, "precision_at_10": 0.0878, "precision_at_20": 0.04907, "precision_at_100": 0.01129, "precision_at_200": 0.00577, "precision_at_300": 0.00389, "precision_at_500": 0.00236, "precision_at_1000": 0.00119, "mrr_at_1": 0.36848, "mrr_at_3": 0.46698, "mrr_at_5": 0.48676, "mrr_at_10": 0.49955, "mrr_at_20": 0.50468, "mrr_at_100": 0.50748, "mrr_at_200": 0.5076, "mrr_at_300": 0.50764, "mrr_at_500": 0.50766, "mrr_at_1000": 0.50767, "rc_at_1": {"relevant": 0.0, "distractor": 0.0}, "rc_at_3": {"relevant": 0.0, "distractor": 0.0}, "rc_at_5": {"relevant": 0.0, "distractor": 0.0}, "rc_at_10": {"relevant": 0.0, "distractor": 0.0}, "rc_at_20": {"relevant": 0.0, "distractor": 0.0}, "rc_at_100": {"relevant": 0.0, "distractor": 0.0}, "rc_at_200": {"relevant": 0.0, "distractor": 0.0}, "rc_at_300": {"relevant": 0.0, "distractor": 0.0}, "rc_at_500": {"relevant": 0.0, "distractor": 0.0}, "rc_at_1000": {"relevant": 0.0, "distractor": 0.0}}