{"ndcg_at_1": 0.28571, "ndcg_at_3": 0.26643, "ndcg_at_5": 0.22937, "ndcg_at_10": 0.2096, "ndcg_at_20": 0.20732, "ndcg_at_100": 0.28897, "ndcg_at_200": 0.32729, "ndcg_at_300": 0.34604, "ndcg_at_500": 0.36888, "ndcg_at_1000": 0.39783, "map_at_1": 0.02156, "map_at_3": 0.05006, "map_at_5": 0.0604, "map_at_10": 0.08339, "map_at_20": 0.09656, "map_at_100": 0.11886, "map_at_200": 0.12464, "map_at_300": 0.12656, "map_at_500": 0.12862, "map_at_1000": 0.13055, "recall_at_1": 0.02156, "recall_at_3": 0.0637, "recall_at_5": 0.08052, "recall_at_10": 0.13632, "recall_at_20": 0.18332, "recall_at_100": 0.35651, "recall_at_200": 0.45783, "recall_at_300": 0.51097, "recall_at_500": 0.58108, "recall_at_1000": 0.67847, "precision_at_1": 0.28571, "precision_at_3": 0.27891, "precision_at_5": 0.22041, "precision_at_10": 0.18163, "precision_at_20": 0.12653, "precision_at_100": 0.05694, "precision_at_200": 0.03816, "precision_at_300": 0.02925, "precision_at_500": 0.02065, "precision_at_1000": 0.01251, "mrr_at_1": 0.28571, "mrr_at_3": 0.37075, "mrr_at_5": 0.39116, "mrr_at_10": 0.40039, "mrr_at_20": 0.41289, "mrr_at_100": 0.41587, "mrr_at_200": 0.41613, "mrr_at_300": 0.41622, "mrr_at_500": 0.41622, "mrr_at_1000": 0.41622, "rc_at_1": {"relevant": 0.0, "distractor": 0.0}, "rc_at_3": {"relevant": 0.0, "distractor": 0.0}, "rc_at_5": {"relevant": 0.0, "distractor": 0.0}, "rc_at_10": {"relevant": 0.0, "distractor": 0.0}, "rc_at_20": {"relevant": 0.0, "distractor": 0.0}, "rc_at_100": {"relevant": 0.0, "distractor": 0.0}, "rc_at_200": {"relevant": 0.0, "distractor": 0.0}, "rc_at_300": {"relevant": 0.0, "distractor": 0.0}, "rc_at_500": {"relevant": 0.0, "distractor": 0.0}, "rc_at_1000": {"relevant": 0.0, "distractor": 0.0}}