{"ndcg_at_1": 0.3452, "ndcg_at_3": 0.30415, "ndcg_at_5": 0.29166, "ndcg_at_10": 0.26206, "ndcg_at_20": 0.24021, "ndcg_at_100": 0.23898, "ndcg_at_200": 0.25432, "ndcg_at_300": 0.2696, "ndcg_at_500": 0.28981, "ndcg_at_1000": 0.32691, "map_at_1": 0.04275, "map_at_3": 0.06568, "map_at_5": 0.07748, "map_at_10": 0.08917, "map_at_20": 0.09787, "map_at_100": 0.11013, "map_at_200": 0.1138, "map_at_300": 0.11586, "map_at_500": 0.11807, "map_at_1000": 0.12116, "recall_at_1": 0.04275, "recall_at_3": 0.07411, "recall_at_5": 0.09476, "recall_at_10": 0.12188, "recall_at_20": 0.14983, "recall_at_100": 0.24602, "recall_at_200": 0.30169, "recall_at_300": 0.35913, "recall_at_500": 0.43049, "recall_at_1000": 0.56152, "precision_at_1": 0.36533, "precision_at_3": 0.28586, "precision_at_5": 0.25759, "precision_at_10": 0.19257, "precision_at_20": 0.13793, "precision_at_100": 0.06034, "precision_at_200": 0.04127, "precision_at_300": 0.03342, "precision_at_500": 0.02541, "precision_at_1000": 0.01811, "mrr_at_1": 0.37461, "mrr_at_3": 0.43447, "mrr_at_5": 0.45057, "mrr_at_10": 0.46029, "mrr_at_20": 0.46202, "mrr_at_100": 0.46455, "mrr_at_200": 0.46487, "mrr_at_300": 0.465, "mrr_at_500": 0.46512, "mrr_at_1000": 0.46518, "rc_at_1": {"relevant": 0.0, "distractor": 0.0}, "rc_at_3": {"relevant": 0.0, "distractor": 0.0}, "rc_at_5": {"relevant": 0.0, "distractor": 0.0}, "rc_at_10": {"relevant": 0.0, "distractor": 0.0}, "rc_at_20": {"relevant": 0.0, "distractor": 0.0}, "rc_at_100": {"relevant": 0.0, "distractor": 0.0}, "rc_at_200": {"relevant": 0.0, "distractor": 0.0}, "rc_at_300": {"relevant": 0.0, "distractor": 0.0}, "rc_at_500": {"relevant": 0.0, "distractor": 0.0}, "rc_at_1000": {"relevant": 0.0, "distractor": 0.0}}