{"ndcg_at_1": 0.0025, "ndcg_at_3": 0.00147, "ndcg_at_5": 0.00136, "ndcg_at_10": 0.00147, "ndcg_at_20": 0.00178, "ndcg_at_100": 0.00347, "ndcg_at_200": 0.00502, "ndcg_at_300": 0.00587, "ndcg_at_500": 0.0077, "ndcg_at_1000": 0.01022, "map_at_1": 0.0005, "map_at_3": 0.00052, "map_at_5": 0.00054, "map_at_10": 0.00056, "map_at_20": 0.00059, "map_at_100": 0.00068, "map_at_200": 0.00072, "map_at_300": 0.00074, "map_at_500": 0.00077, "map_at_1000": 0.0008, "recall_at_1": 0.0005, "recall_at_3": 0.00056, "recall_at_5": 0.00065, "recall_at_10": 0.00091, "recall_at_20": 0.00127, "recall_at_100": 0.00526, "recall_at_200": 0.00951, "recall_at_300": 0.01197, "recall_at_500": 0.01849, "recall_at_1000": 0.02883, "precision_at_1": 0.0025, "precision_at_3": 0.00167, "precision_at_5": 0.0015, "precision_at_10": 0.0015, "precision_at_20": 0.0015, "precision_at_100": 0.00113, "precision_at_200": 0.00114, "precision_at_300": 0.00103, "precision_at_500": 0.00093, "precision_at_1000": 0.00068, "mrr_at_1": 0.0025, "mrr_at_3": 0.00333, "mrr_at_5": 0.00383, "mrr_at_10": 0.00433, "mrr_at_20": 0.00524, "mrr_at_100": 0.00671, "mrr_at_200": 0.00713, "mrr_at_300": 0.00728, "mrr_at_500": 0.0074, "mrr_at_1000": 0.00751, "rc_at_1": {"relevant": 0.0, "distractor": 0.0}, "rc_at_3": {"relevant": 0.0, "distractor": 0.0}, "rc_at_5": {"relevant": 0.0, "distractor": 0.0}, "rc_at_10": {"relevant": 0.0, "distractor": 0.0}, "rc_at_20": {"relevant": 0.0, "distractor": 0.0}, "rc_at_100": {"relevant": 0.0, "distractor": 0.0}, "rc_at_200": {"relevant": 0.0, "distractor": 0.0}, "rc_at_300": {"relevant": 0.0, "distractor": 0.0}, "rc_at_500": {"relevant": 0.0, "distractor": 0.0}, "rc_at_1000": {"relevant": 0.0, "distractor": 0.0}}