{"ndcg_at_1": 0.03875, "ndcg_at_3": 0.02549, "ndcg_at_5": 0.02424, "ndcg_at_10": 0.02043, "ndcg_at_20": 0.01782, "ndcg_at_100": 0.02045, "ndcg_at_200": 0.02284, "ndcg_at_300": 0.02481, "ndcg_at_500": 0.02791, "ndcg_at_1000": 0.03242, "map_at_1": 0.00122, "map_at_3": 0.00187, "map_at_5": 0.00285, "map_at_10": 0.00324, "map_at_20": 0.00365, "map_at_100": 0.00424, "map_at_200": 0.00438, "map_at_300": 0.00445, "map_at_500": 0.00454, "map_at_1000": 0.0046, "recall_at_1": 0.00122, "recall_at_3": 0.00249, "recall_at_5": 0.00624, "recall_at_10": 0.00822, "recall_at_20": 0.01176, "recall_at_100": 0.02614, "recall_at_200": 0.03279, "recall_at_300": 0.04062, "recall_at_500": 0.05402, "recall_at_1000": 0.06955, "precision_at_1": 0.045, "precision_at_3": 0.02917, "precision_at_5": 0.026, "precision_at_10": 0.01775, "precision_at_20": 0.01237, "precision_at_100": 0.00545, "precision_at_200": 0.0036, "precision_at_300": 0.00293, "precision_at_500": 0.00221, "precision_at_1000": 0.0015, "mrr_at_1": 0.0525, "mrr_at_3": 0.06375, "mrr_at_5": 0.06737, "mrr_at_10": 0.07301, "mrr_at_20": 0.07592, "mrr_at_100": 0.07861, "mrr_at_200": 0.079, "mrr_at_300": 0.07924, "mrr_at_500": 0.07936, "mrr_at_1000": 0.07944, "rc_at_1": {"relevant": 0.0, "distractor": 0.0}, "rc_at_3": {"relevant": 0.0, "distractor": 0.0}, "rc_at_5": {"relevant": 0.0, "distractor": 0.0}, "rc_at_10": {"relevant": 0.0, "distractor": 0.0}, "rc_at_20": {"relevant": 0.0, "distractor": 0.0}, "rc_at_100": {"relevant": 0.0, "distractor": 0.0}, "rc_at_200": {"relevant": 0.0, "distractor": 0.0}, "rc_at_300": {"relevant": 0.0, "distractor": 0.0}, "rc_at_500": {"relevant": 0.0, "distractor": 0.0}, "rc_at_1000": {"relevant": 0.0, "distractor": 0.0}}