{"ndcg_at_1": 0.16791, "ndcg_at_3": 0.20028, "ndcg_at_5": 0.221, "ndcg_at_10": 0.23819, "ndcg_at_20": 0.25664, "ndcg_at_100": 0.29615, "ndcg_at_200": 0.30683, "ndcg_at_300": 0.31318, "ndcg_at_500": 0.31926, "ndcg_at_1000": 0.32714, "map_at_1": 0.13418, "map_at_3": 0.17482, "map_at_5": 0.18821, "map_at_10": 0.19591, "map_at_20": 0.20129, "map_at_100": 0.20723, "map_at_200": 0.2079, "map_at_300": 0.20816, "map_at_500": 0.20833, "map_at_1000": 0.20847, "recall_at_1": 0.13418, "recall_at_3": 0.22492, "recall_at_5": 0.27663, "recall_at_10": 0.32893, "recall_at_20": 0.39529, "recall_at_100": 0.58939, "recall_at_200": 0.65665, "recall_at_300": 0.70166, "recall_at_500": 0.74772, "recall_at_1000": 0.81238, "precision_at_1": 0.16791, "precision_at_3": 0.09743, "precision_at_5": 0.07313, "precision_at_10": 0.04391, "precision_at_20": 0.02711, "precision_at_100": 0.00847, "precision_at_200": 0.00481, "precision_at_300": 0.00346, "precision_at_500": 0.00224, "precision_at_1000": 0.00124, "mrr_at_1": 0.16791, "mrr_at_3": 0.2158, "mrr_at_5": 0.22942, "mrr_at_10": 0.2372, "mrr_at_20": 0.24217, "mrr_at_100": 0.2471, "mrr_at_200": 0.24753, "mrr_at_300": 0.24769, "mrr_at_500": 0.2478, "mrr_at_1000": 0.24788, "rc_at_1": {"relevant": 0.0, "distractor": 0.0}, "rc_at_3": {"relevant": 0.0, "distractor": 0.0}, "rc_at_5": {"relevant": 0.0, "distractor": 0.0}, "rc_at_10": {"relevant": 0.0, "distractor": 0.0}, "rc_at_20": {"relevant": 0.0, "distractor": 0.0}, "rc_at_100": {"relevant": 0.0, "distractor": 0.0}, "rc_at_200": {"relevant": 0.0, "distractor": 0.0}, "rc_at_300": {"relevant": 0.0, "distractor": 0.0}, "rc_at_500": {"relevant": 0.0, "distractor": 0.0}, "rc_at_1000": {"relevant": 0.0, "distractor": 0.0}}