{"ndcg_at_1": 0.28834, "ndcg_at_3": 0.32726, "ndcg_at_5": 0.34839, "ndcg_at_10": 0.37403, "ndcg_at_20": 0.38994, "ndcg_at_100": 0.41683, "ndcg_at_200": 0.42476, "ndcg_at_300": 0.42893, "ndcg_at_500": 0.43499, "ndcg_at_1000": 0.44025, "map_at_1": 0.25593, "map_at_3": 0.3056, "map_at_5": 0.31828, "map_at_10": 0.32963, "map_at_20": 0.33467, "map_at_100": 0.33867, "map_at_200": 0.33914, "map_at_300": 0.3393, "map_at_500": 0.33946, "map_at_1000": 0.33955, "recall_at_1": 0.25593, "recall_at_3": 0.3556, "recall_at_5": 0.40686, "recall_at_10": 0.48524, "recall_at_20": 0.54137, "recall_at_100": 0.67807, "recall_at_200": 0.72968, "recall_at_300": 0.7601, "recall_at_500": 0.80763, "recall_at_1000": 0.85233, "precision_at_1": 0.28834, "precision_at_3": 0.13957, "precision_at_5": 0.09785, "precision_at_10": 0.05844, "precision_at_20": 0.03351, "precision_at_100": 0.00865, "precision_at_200": 0.00473, "precision_at_300": 0.00331, "precision_at_500": 0.00213, "precision_at_1000": 0.00114, "mrr_at_1": 0.28834, "mrr_at_3": 0.33257, "mrr_at_5": 0.34714, "mrr_at_10": 0.35741, "mrr_at_20": 0.3616, "mrr_at_100": 0.36474, "mrr_at_200": 0.36508, "mrr_at_300": 0.3652, "mrr_at_500": 0.36532, "mrr_at_1000": 0.36538, "rc_at_1": {"relevant": 0.0, "distractor": 0.0}, "rc_at_3": {"relevant": 0.0, "distractor": 0.0}, "rc_at_5": {"relevant": 0.0, "distractor": 0.0}, "rc_at_10": {"relevant": 0.0, "distractor": 0.0}, "rc_at_20": {"relevant": 0.0, "distractor": 0.0}, "rc_at_100": {"relevant": 0.0, "distractor": 0.0}, "rc_at_200": {"relevant": 0.0, "distractor": 0.0}, "rc_at_300": {"relevant": 0.0, "distractor": 0.0}, "rc_at_500": {"relevant": 0.0, "distractor": 0.0}, "rc_at_1000": {"relevant": 0.0, "distractor": 0.0}}