{"ndcg_at_1": 0.18972, "ndcg_at_3": 0.22922, "ndcg_at_5": 0.24363, "ndcg_at_10": 0.25963, "ndcg_at_20": 0.2737, "ndcg_at_100": 0.30847, "ndcg_at_200": 0.32069, "ndcg_at_300": 0.32775, "ndcg_at_500": 0.33267, "ndcg_at_1000": 0.34147, "map_at_1": 0.1602, "map_at_3": 0.20173, "map_at_5": 0.21185, "map_at_10": 0.21923, "map_at_20": 0.22432, "map_at_100": 0.23009, "map_at_200": 0.23101, "map_at_300": 0.23137, "map_at_500": 0.23162, "map_at_1000": 0.23187, "recall_at_1": 0.1602, "recall_at_3": 0.24605, "recall_at_5": 0.28522, "recall_at_10": 0.33222, "recall_at_20": 0.38804, "recall_at_100": 0.5687, "recall_at_200": 0.64477, "recall_at_300": 0.6934, "recall_at_500": 0.7249, "recall_at_1000": 0.79357, "precision_at_1": 0.18972, "precision_at_3": 0.10672, "precision_at_5": 0.07826, "precision_at_10": 0.05059, "precision_at_20": 0.03202, "precision_at_100": 0.01055, "precision_at_200": 0.00647, "precision_at_300": 0.00478, "precision_at_500": 0.00324, "precision_at_1000": 0.00187, "mrr_at_1": 0.18972, "mrr_at_3": 0.23254, "mrr_at_5": 0.24371, "mrr_at_10": 0.25229, "mrr_at_20": 0.25599, "mrr_at_100": 0.26019, "mrr_at_200": 0.26071, "mrr_at_300": 0.26086, "mrr_at_500": 0.26094, "mrr_at_1000": 0.26102, "rc_at_1": {"relevant": 0.0, "distractor": 0.0}, "rc_at_3": {"relevant": 0.0, "distractor": 0.0}, "rc_at_5": {"relevant": 0.0, "distractor": 0.0}, "rc_at_10": {"relevant": 0.0, "distractor": 0.0}, "rc_at_20": {"relevant": 0.0, "distractor": 0.0}, "rc_at_100": {"relevant": 0.0, "distractor": 0.0}, "rc_at_200": {"relevant": 0.0, "distractor": 0.0}, "rc_at_300": {"relevant": 0.0, "distractor": 0.0}, "rc_at_500": {"relevant": 0.0, "distractor": 0.0}, "rc_at_1000": {"relevant": 0.0, "distractor": 0.0}}