{"ndcg_at_1": 0.18471, "ndcg_at_3": 0.215, "ndcg_at_5": 0.22996, "ndcg_at_10": 0.24924, "ndcg_at_20": 0.26761, "ndcg_at_100": 0.30793, "ndcg_at_200": 0.32046, "ndcg_at_300": 0.32778, "ndcg_at_500": 0.33552, "ndcg_at_1000": 0.3433, "map_at_1": 0.13732, "map_at_3": 0.18054, "map_at_5": 0.19194, "map_at_10": 0.202, "map_at_20": 0.20825, "map_at_100": 0.2155, "map_at_200": 0.21654, "map_at_300": 0.21692, "map_at_500": 0.2172, "map_at_1000": 0.21741, "recall_at_1": 0.13732, "recall_at_3": 0.22677, "recall_at_5": 0.26976, "recall_at_10": 0.33171, "recall_at_20": 0.40062, "recall_at_100": 0.59173, "recall_at_200": 0.66536, "recall_at_300": 0.71286, "recall_at_500": 0.7686, "recall_at_1000": 0.82726, "precision_at_1": 0.18471, "precision_at_3": 0.10998, "precision_at_5": 0.08191, "precision_at_10": 0.05312, "precision_at_20": 0.03404, "precision_at_100": 0.01151, "precision_at_200": 0.00685, "precision_at_300": 0.00502, "precision_at_500": 0.00331, "precision_at_1000": 0.00186, "mrr_at_1": 0.18471, "mrr_at_3": 0.23418, "mrr_at_5": 0.2459, "mrr_at_10": 0.25475, "mrr_at_20": 0.25947, "mrr_at_100": 0.26422, "mrr_at_200": 0.26469, "mrr_at_300": 0.26487, "mrr_at_500": 0.26498, "mrr_at_1000": 0.26506, "rc_at_1": {"relevant": 0.0, "distractor": 0.0}, "rc_at_3": {"relevant": 0.0, "distractor": 0.0}, "rc_at_5": {"relevant": 0.0, "distractor": 0.0}, "rc_at_10": {"relevant": 0.0, "distractor": 0.0}, "rc_at_20": {"relevant": 0.0, "distractor": 0.0}, "rc_at_100": {"relevant": 0.0, "distractor": 0.0}, "rc_at_200": {"relevant": 0.0, "distractor": 0.0}, "rc_at_300": {"relevant": 0.0, "distractor": 0.0}, "rc_at_500": {"relevant": 0.0, "distractor": 0.0}, "rc_at_1000": {"relevant": 0.0, "distractor": 0.0}}