{"ndcg_at_1": 0.27141, "ndcg_at_3": 0.32444, "ndcg_at_5": 0.34666, "ndcg_at_10": 0.37658, "ndcg_at_20": 0.39671, "ndcg_at_100": 0.43281, "ndcg_at_200": 0.44292, "ndcg_at_300": 0.44695, "ndcg_at_500": 0.45141, "ndcg_at_1000": 0.45717, "map_at_1": 0.22499, "map_at_3": 0.28995, "map_at_5": 0.3045, "map_at_10": 0.31852, "map_at_20": 0.32499, "map_at_100": 0.33127, "map_at_200": 0.33199, "map_at_300": 0.33219, "map_at_500": 0.33234, "map_at_1000": 0.33247, "recall_at_1": 0.22499, "recall_at_3": 0.35761, "recall_at_5": 0.41311, "recall_at_10": 0.50133, "recall_at_20": 0.57167, "recall_at_100": 0.74122, "recall_at_200": 0.80216, "recall_at_300": 0.82878, "recall_at_500": 0.86131, "recall_at_1000": 0.90555, "precision_at_1": 0.27141, "precision_at_3": 0.15367, "precision_at_5": 0.11126, "precision_at_10": 0.07045, "precision_at_20": 0.04206, "precision_at_100": 0.01171, "precision_at_200": 0.00651, "precision_at_300": 0.00455, "precision_at_500": 0.00288, "precision_at_1000": 0.00156, "mrr_at_1": 0.27141, "mrr_at_3": 0.33911, "mrr_at_5": 0.35398, "mrr_at_10": 0.36703, "mrr_at_20": 0.37142, "mrr_at_100": 0.37524, "mrr_at_200": 0.37563, "mrr_at_300": 0.37571, "mrr_at_500": 0.37578, "mrr_at_1000": 0.37582, "rc_at_1": {"relevant": 0.0, "distractor": 0.0}, "rc_at_3": {"relevant": 0.0, "distractor": 0.0}, "rc_at_5": {"relevant": 0.0, "distractor": 0.0}, "rc_at_10": {"relevant": 0.0, "distractor": 0.0}, "rc_at_20": {"relevant": 0.0, "distractor": 0.0}, "rc_at_100": {"relevant": 0.0, "distractor": 0.0}, "rc_at_200": {"relevant": 0.0, "distractor": 0.0}, "rc_at_300": {"relevant": 0.0, "distractor": 0.0}, "rc_at_500": {"relevant": 0.0, "distractor": 0.0}, "rc_at_1000": {"relevant": 0.0, "distractor": 0.0}}