{"ndcg_at_1": 0.44615, "ndcg_at_3": 0.37722, "ndcg_at_5": 0.32473, "ndcg_at_10": 0.26473, "ndcg_at_20": 0.30737, "ndcg_at_100": 0.39868, "ndcg_at_200": 0.42326, "ndcg_at_300": 0.43689, "ndcg_at_500": 0.44781, "ndcg_at_1000": 0.46282, "map_at_1": 0.04462, "map_at_3": 0.09256, "map_at_5": 0.11849, "map_at_10": 0.15419, "map_at_20": 0.17473, "map_at_100": 0.20219, "map_at_200": 0.20579, "map_at_300": 0.20712, "map_at_500": 0.20779, "map_at_1000": 0.2084, "recall_at_1": 0.04462, "recall_at_3": 0.10769, "recall_at_5": 0.14462, "recall_at_10": 0.22154, "recall_at_20": 0.29846, "recall_at_100": 0.52615, "recall_at_200": 0.60615, "recall_at_300": 0.65538, "recall_at_500": 0.69846, "recall_at_1000": 0.76308, "precision_at_1": 0.44615, "precision_at_3": 0.35897, "precision_at_5": 0.28923, "precision_at_10": 0.22154, "precision_at_20": 0.14923, "precision_at_100": 0.05262, "precision_at_200": 0.03031, "precision_at_300": 0.02185, "precision_at_500": 0.01397, "precision_at_1000": 0.00763, "mrr_at_1": 0.44615, "mrr_at_3": 0.5359, "mrr_at_5": 0.54667, "mrr_at_10": 0.55613, "mrr_at_20": 0.56164, "mrr_at_100": 0.56444, "mrr_at_200": 0.56463, "mrr_at_300": 0.56463, "mrr_at_500": 0.56463, "mrr_at_1000": 0.56463, "rc_at_1": {"relevant": 0.44615, "distractor": 0.49231}, "rc_at_3": {"relevant": 1.07692, "distractor": 1.78462}, "rc_at_5": {"relevant": 1.44615, "distractor": 3.29231}, "rc_at_10": {"relevant": 2.21538, "distractor": 6.96923}, "rc_at_20": {"relevant": 2.98462, "distractor": 14.07692}, "rc_at_100": {"relevant": 5.26154, "distractor": 47.12308}, "rc_at_200": {"relevant": 6.06154, "distractor": 60.01538}, "rc_at_300": {"relevant": 6.55385, "distractor": 65.86154}, "rc_at_500": {"relevant": 6.98462, "distractor": 72.24615}, "rc_at_1000": {"relevant": 7.63077, "distractor": 78.89231}}