{"ndcg_at_1": 0.28854, "ndcg_at_3": 0.33046, "ndcg_at_5": 0.34978, "ndcg_at_10": 0.37547, "ndcg_at_20": 0.39269, "ndcg_at_100": 0.43129, "ndcg_at_200": 0.44263, "ndcg_at_300": 0.44724, "ndcg_at_500": 0.45267, "ndcg_at_1000": 0.4595, "map_at_1": 0.2435, "map_at_3": 0.29367, "map_at_5": 0.30814, "map_at_10": 0.32158, "map_at_20": 0.32789, "map_at_100": 0.33557, "map_at_200": 0.33684, "map_at_300": 0.33727, "map_at_500": 0.33759, "map_at_1000": 0.33786, "recall_at_1": 0.2435, "recall_at_3": 0.35257, "recall_at_5": 0.40279, "recall_at_10": 0.47793, "recall_at_20": 0.54638, "recall_at_100": 0.73097, "recall_at_200": 0.79657, "recall_at_300": 0.82382, "recall_at_500": 0.86131, "recall_at_1000": 0.91097, "precision_at_1": 0.28854, "precision_at_3": 0.15152, "precision_at_5": 0.11146, "precision_at_10": 0.07273, "precision_at_20": 0.04437, "precision_at_100": 0.01455, "precision_at_200": 0.00876, "precision_at_300": 0.00642, "precision_at_500": 0.00422, "precision_at_1000": 0.00236, "mrr_at_1": 0.28854, "mrr_at_3": 0.33926, "mrr_at_5": 0.3529, "mrr_at_10": 0.36395, "mrr_at_20": 0.36887, "mrr_at_100": 0.37336, "mrr_at_200": 0.37377, "mrr_at_300": 0.37387, "mrr_at_500": 0.37395, "mrr_at_1000": 0.374, "rc_at_1": {"relevant": 0.0, "distractor": 0.0}, "rc_at_3": {"relevant": 0.0, "distractor": 0.0}, "rc_at_5": {"relevant": 0.0, "distractor": 0.0}, "rc_at_10": {"relevant": 0.0, "distractor": 0.0}, "rc_at_20": {"relevant": 0.0, "distractor": 0.0}, "rc_at_100": {"relevant": 0.0, "distractor": 0.0}, "rc_at_200": {"relevant": 0.0, "distractor": 0.0}, "rc_at_300": {"relevant": 0.0, "distractor": 0.0}, "rc_at_500": {"relevant": 0.0, "distractor": 0.0}, "rc_at_1000": {"relevant": 0.0, "distractor": 0.0}}