{"ndcg_at_1": 0.18, "ndcg_at_3": 0.14838, "ndcg_at_5": 0.13627, "ndcg_at_10": 0.1257, "ndcg_at_20": 0.12261, "ndcg_at_100": 0.13773, "ndcg_at_200": 0.14875, "ndcg_at_300": 0.15574, "ndcg_at_500": 0.16482, "ndcg_at_1000": 0.17748, "map_at_1": 0.02217, "map_at_3": 0.0329, "map_at_5": 0.03738, "map_at_10": 0.0421, "map_at_20": 0.04774, "map_at_100": 0.05482, "map_at_200": 0.05611, "map_at_300": 0.05668, "map_at_500": 0.05728, "map_at_1000": 0.0578, "recall_at_1": 0.02217, "recall_at_3": 0.04031, "recall_at_5": 0.05148, "recall_at_10": 0.06771, "recall_at_20": 0.09849, "recall_at_100": 0.1632, "recall_at_200": 0.19627, "recall_at_300": 0.21958, "recall_at_500": 0.25466, "recall_at_1000": 0.30689, "precision_at_1": 0.2225, "precision_at_3": 0.16, "precision_at_5": 0.134, "precision_at_10": 0.1005, "precision_at_20": 0.0725, "precision_at_100": 0.02925, "precision_at_200": 0.01881, "precision_at_300": 0.01456, "precision_at_500": 0.01036, "precision_at_1000": 0.00648, "mrr_at_1": 0.25, "mrr_at_3": 0.2925, "mrr_at_5": 0.30488, "mrr_at_10": 0.31955, "mrr_at_20": 0.32299, "mrr_at_100": 0.32635, "mrr_at_200": 0.32675, "mrr_at_300": 0.32687, "mrr_at_500": 0.32697, "mrr_at_1000": 0.32704, "rc_at_1": {"relevant": 0.0, "distractor": 0.0}, "rc_at_3": {"relevant": 0.0, "distractor": 0.0}, "rc_at_5": {"relevant": 0.0, "distractor": 0.0}, "rc_at_10": {"relevant": 0.0, "distractor": 0.0}, "rc_at_20": {"relevant": 0.0, "distractor": 0.0}, "rc_at_100": {"relevant": 0.0, "distractor": 0.0}, "rc_at_200": {"relevant": 0.0, "distractor": 0.0}, "rc_at_300": {"relevant": 0.0, "distractor": 0.0}, "rc_at_500": {"relevant": 0.0, "distractor": 0.0}, "rc_at_1000": {"relevant": 0.0, "distractor": 0.0}}