{"ndcg_at_1": 0.3516, "ndcg_at_3": 0.40525, "ndcg_at_5": 0.42634, "ndcg_at_10": 0.44961, "ndcg_at_20": 0.47369, "ndcg_at_100": 0.50655, "ndcg_at_200": 0.5142, "ndcg_at_300": 0.51878, "ndcg_at_500": 0.5235, "ndcg_at_1000": 0.52786, "map_at_1": 0.28686, "map_at_3": 0.36182, "map_at_5": 0.37906, "map_at_10": 0.39132, "map_at_20": 0.39936, "map_at_100": 0.4053, "map_at_200": 0.40586, "map_at_300": 0.40605, "map_at_500": 0.4062, "map_at_1000": 0.40632, "recall_at_1": 0.28686, "recall_at_3": 0.43676, "recall_at_5": 0.49703, "recall_at_10": 0.56785, "recall_at_20": 0.65302, "recall_at_100": 0.80559, "recall_at_200": 0.85267, "recall_at_300": 0.88498, "recall_at_500": 0.91859, "recall_at_1000": 0.95052, "precision_at_1": 0.3516, "precision_at_3": 0.19444, "precision_at_5": 0.13653, "precision_at_10": 0.08002, "precision_at_20": 0.04766, "precision_at_100": 0.01269, "precision_at_200": 0.00684, "precision_at_300": 0.00477, "precision_at_500": 0.00305, "precision_at_1000": 0.00163, "mrr_at_1": 0.3516, "mrr_at_3": 0.42409, "mrr_at_5": 0.43779, "mrr_at_10": 0.44699, "mrr_at_20": 0.45276, "mrr_at_100": 0.45607, "mrr_at_200": 0.45632, "mrr_at_300": 0.45644, "mrr_at_500": 0.45651, "mrr_at_1000": 0.45654, "rc_at_1": {"relevant": 0.0, "distractor": 0.0}, "rc_at_3": {"relevant": 0.0, "distractor": 0.0}, "rc_at_5": {"relevant": 0.0, "distractor": 0.0}, "rc_at_10": {"relevant": 0.0, "distractor": 0.0}, "rc_at_20": {"relevant": 0.0, "distractor": 0.0}, "rc_at_100": {"relevant": 0.0, "distractor": 0.0}, "rc_at_200": {"relevant": 0.0, "distractor": 0.0}, "rc_at_300": {"relevant": 0.0, "distractor": 0.0}, "rc_at_500": {"relevant": 0.0, "distractor": 0.0}, "rc_at_1000": {"relevant": 0.0, "distractor": 0.0}}