{"ndcg_at_1": 0.122, "ndcg_at_3": 0.08922, "ndcg_at_5": 0.07651, "ndcg_at_10": 0.09305, "ndcg_at_20": 0.10727, "ndcg_at_100": 0.1382, "ndcg_at_200": 0.15109, "ndcg_at_300": 0.15878, "ndcg_at_500": 0.16946, "ndcg_at_1000": 0.18417, "map_at_1": 0.02475, "map_at_3": 0.03848, "map_at_5": 0.04456, "map_at_10": 0.05091, "map_at_20": 0.05521, "map_at_100": 0.06, "map_at_200": 0.06088, "map_at_300": 0.06123, "map_at_500": 0.06158, "map_at_1000": 0.06189, "recall_at_1": 0.02475, "recall_at_3": 0.04895, "recall_at_5": 0.06555, "recall_at_10": 0.0963, "recall_at_20": 0.12978, "recall_at_100": 0.23123, "recall_at_200": 0.2861, "recall_at_300": 0.32253, "recall_at_500": 0.37683, "recall_at_1000": 0.45918, "precision_at_1": 0.122, "precision_at_3": 0.08067, "precision_at_5": 0.0646, "precision_at_10": 0.0475, "precision_at_20": 0.03195, "precision_at_100": 0.01136, "precision_at_200": 0.00702, "precision_at_300": 0.00527, "precision_at_500": 0.0037, "precision_at_1000": 0.00226, "mrr_at_1": 0.122, "mrr_at_3": 0.15517, "mrr_at_5": 0.16542, "mrr_at_10": 0.17685, "mrr_at_20": 0.18204, "mrr_at_100": 0.18679, "mrr_at_200": 0.18738, "mrr_at_300": 0.18758, "mrr_at_500": 0.18774, "mrr_at_1000": 0.18788, "rc_at_1": {"relevant": 0.0, "distractor": 0.0}, "rc_at_3": {"relevant": 0.0, "distractor": 0.0}, "rc_at_5": {"relevant": 0.0, "distractor": 0.0}, "rc_at_10": {"relevant": 0.0, "distractor": 0.0}, "rc_at_20": {"relevant": 0.0, "distractor": 0.0}, "rc_at_100": {"relevant": 0.0, "distractor": 0.0}, "rc_at_200": {"relevant": 0.0, "distractor": 0.0}, "rc_at_300": {"relevant": 0.0, "distractor": 0.0}, "rc_at_500": {"relevant": 0.0, "distractor": 0.0}, "rc_at_1000": {"relevant": 0.0, "distractor": 0.0}}