{"ndcg_at_1": 0.22599, "ndcg_at_3": 0.28151, "ndcg_at_5": 0.30542, "ndcg_at_10": 0.33425, "ndcg_at_20": 0.35341, "ndcg_at_100": 0.39101, "ndcg_at_200": 0.40053, "ndcg_at_300": 0.40424, "ndcg_at_500": 0.40847, "ndcg_at_1000": 0.41343, "map_at_1": 0.21015, "map_at_3": 0.26041, "map_at_5": 0.27476, "map_at_10": 0.28654, "map_at_20": 0.29204, "map_at_100": 0.29756, "map_at_200": 0.2981, "map_at_300": 0.29823, "map_at_500": 0.29834, "map_at_1000": 0.29842, "recall_at_1": 0.21015, "recall_at_3": 0.32104, "recall_at_5": 0.37857, "recall_at_10": 0.46573, "recall_at_20": 0.53691, "recall_at_100": 0.73167, "recall_at_200": 0.79492, "recall_at_300": 0.82271, "recall_at_500": 0.85699, "recall_at_1000": 0.90071, "precision_at_1": 0.22599, "precision_at_3": 0.11864, "precision_at_5": 0.0852, "precision_at_10": 0.05288, "precision_at_20": 0.03102, "precision_at_100": 0.00868, "precision_at_200": 0.00479, "precision_at_300": 0.00331, "precision_at_500": 0.00208, "precision_at_1000": 0.0011, "mrr_at_1": 0.22486, "mrr_at_3": 0.27853, "mrr_at_5": 0.29203, "mrr_at_10": 0.30401, "mrr_at_20": 0.30941, "mrr_at_100": 0.31385, "mrr_at_200": 0.31427, "mrr_at_300": 0.31438, "mrr_at_500": 0.31446, "mrr_at_1000": 0.31452, "rc_at_1": {"relevant": 0.0, "distractor": 0.0}, "rc_at_3": {"relevant": 0.0, "distractor": 0.0}, "rc_at_5": {"relevant": 0.0, "distractor": 0.0}, "rc_at_10": {"relevant": 0.0, "distractor": 0.0}, "rc_at_20": {"relevant": 0.0, "distractor": 0.0}, "rc_at_100": {"relevant": 0.0, "distractor": 0.0}, "rc_at_200": {"relevant": 0.0, "distractor": 0.0}, "rc_at_300": {"relevant": 0.0, "distractor": 0.0}, "rc_at_500": {"relevant": 0.0, "distractor": 0.0}, "rc_at_1000": {"relevant": 0.0, "distractor": 0.0}}