{"ndcg_at_1": 0.33846, "ndcg_at_3": 0.3113, "ndcg_at_5": 0.2964, "ndcg_at_10": 0.24979, "ndcg_at_20": 0.30431, "ndcg_at_100": 0.48339, "ndcg_at_200": 0.53256, "ndcg_at_300": 0.53811, "ndcg_at_500": 0.54201, "ndcg_at_1000": 0.54342, "map_at_1": 0.03385, "map_at_3": 0.07564, "map_at_5": 0.10472, "map_at_10": 0.14124, "map_at_20": 0.16603, "map_at_100": 0.219, "map_at_200": 0.22928, "map_at_300": 0.22997, "map_at_500": 0.23029, "map_at_1000": 0.23036, "recall_at_1": 0.03385, "recall_at_3": 0.09077, "recall_at_5": 0.14154, "recall_at_10": 0.22154, "recall_at_20": 0.32154, "recall_at_100": 0.78769, "recall_at_200": 0.94308, "recall_at_300": 0.96308, "recall_at_500": 0.97846, "recall_at_1000": 0.98462, "precision_at_1": 0.33846, "precision_at_3": 0.30256, "precision_at_5": 0.28308, "precision_at_10": 0.22154, "precision_at_20": 0.16077, "precision_at_100": 0.07877, "precision_at_200": 0.04715, "precision_at_300": 0.0321, "precision_at_500": 0.01957, "precision_at_1000": 0.00985, "mrr_at_1": 0.33846, "mrr_at_3": 0.43333, "mrr_at_5": 0.45103, "mrr_at_10": 0.47758, "mrr_at_20": 0.48413, "mrr_at_100": 0.48693, "mrr_at_200": 0.48693, "mrr_at_300": 0.48693, "mrr_at_500": 0.48693, "mrr_at_1000": 0.48693, "rc_at_1": {"relevant": 0.33846, "distractor": 0.66154}, "rc_at_3": {"relevant": 0.90769, "distractor": 2.09231}, "rc_at_5": {"relevant": 1.41538, "distractor": 3.58462}, "rc_at_10": {"relevant": 2.21538, "distractor": 7.70769}, "rc_at_20": {"relevant": 3.21538, "distractor": 16.56923}, "rc_at_100": {"relevant": 7.87692, "distractor": 82.49231}, "rc_at_200": {"relevant": 9.43077, "distractor": 94.36923}, "rc_at_300": {"relevant": 9.63077, "distractor": 95.98462}, "rc_at_500": {"relevant": 9.78462, "distractor": 97.07692}, "rc_at_1000": {"relevant": 9.84615, "distractor": 98.13846}}