{"ndcg_at_1": 0.199, "ndcg_at_3": 0.22816, "ndcg_at_5": 0.24433, "ndcg_at_10": 0.26302, "ndcg_at_20": 0.27965, "ndcg_at_100": 0.31574, "ndcg_at_200": 0.328, "ndcg_at_300": 0.33427, "ndcg_at_500": 0.34076, "ndcg_at_1000": 0.34937, "map_at_1": 0.1644, "map_at_3": 0.20376, "map_at_5": 0.21443, "map_at_10": 0.22265, "map_at_20": 0.22773, "map_at_100": 0.23296, "map_at_200": 0.23372, "map_at_300": 0.23398, "map_at_500": 0.23416, "map_at_1000": 0.23432, "recall_at_1": 0.1644, "recall_at_3": 0.24802, "recall_at_5": 0.29141, "recall_at_10": 0.34604, "recall_at_20": 0.40583, "recall_at_100": 0.58733, "recall_at_200": 0.66419, "recall_at_300": 0.70754, "recall_at_500": 0.75719, "recall_at_1000": 0.82677, "precision_at_1": 0.199, "precision_at_3": 0.10779, "precision_at_5": 0.07662, "precision_at_10": 0.04689, "precision_at_20": 0.02811, "precision_at_100": 0.00828, "precision_at_200": 0.00482, "precision_at_300": 0.00348, "precision_at_500": 0.00225, "precision_at_1000": 0.00127, "mrr_at_1": 0.199, "mrr_at_3": 0.24502, "mrr_at_5": 0.25603, "mrr_at_10": 0.2648, "mrr_at_20": 0.2688, "mrr_at_100": 0.27339, "mrr_at_200": 0.27389, "mrr_at_300": 0.27404, "mrr_at_500": 0.27415, "mrr_at_1000": 0.27424, "rc_at_1": {"relevant": 0.0, "distractor": 0.0}, "rc_at_3": {"relevant": 0.0, "distractor": 0.0}, "rc_at_5": {"relevant": 0.0, "distractor": 0.0}, "rc_at_10": {"relevant": 0.0, "distractor": 0.0}, "rc_at_20": {"relevant": 0.0, "distractor": 0.0}, "rc_at_100": {"relevant": 0.0, "distractor": 0.0}, "rc_at_200": {"relevant": 0.0, "distractor": 0.0}, "rc_at_300": {"relevant": 0.0, "distractor": 0.0}, "rc_at_500": {"relevant": 0.0, "distractor": 0.0}, "rc_at_1000": {"relevant": 0.0, "distractor": 0.0}}