{"ndcg_at_1": 0.18893, "ndcg_at_3": 0.16677, "ndcg_at_5": 0.18, "ndcg_at_10": 0.20464, "ndcg_at_20": 0.229, "ndcg_at_100": 0.26914, "ndcg_at_200": 0.28401, "ndcg_at_300": 0.29085, "ndcg_at_500": 0.29921, "ndcg_at_1000": 0.30779, "map_at_1": 0.09035, "map_at_3": 0.12345, "map_at_5": 0.13421, "map_at_10": 0.14463, "map_at_20": 0.15258, "map_at_100": 0.15942, "map_at_200": 0.16053, "map_at_300": 0.16085, "map_at_500": 0.16114, "map_at_1000": 0.16133, "recall_at_1": 0.09035, "recall_at_3": 0.15508, "recall_at_5": 0.19195, "recall_at_10": 0.24875, "recall_at_20": 0.31888, "recall_at_100": 0.47395, "recall_at_200": 0.54984, "recall_at_300": 0.58866, "recall_at_500": 0.63969, "recall_at_1000": 0.69516, "precision_at_1": 0.18893, "precision_at_3": 0.12052, "precision_at_5": 0.09199, "precision_at_10": 0.06189, "precision_at_20": 0.04104, "precision_at_100": 0.01309, "precision_at_200": 0.0077, "precision_at_300": 0.00553, "precision_at_500": 0.00364, "precision_at_1000": 0.00201, "mrr_at_1": 0.18893, "mrr_at_3": 0.24875, "mrr_at_5": 0.26409, "mrr_at_10": 0.27635, "mrr_at_20": 0.28275, "mrr_at_100": 0.28698, "mrr_at_200": 0.28741, "mrr_at_300": 0.28752, "mrr_at_500": 0.28762, "mrr_at_1000": 0.28767, "rc_at_1": {"relevant": 0.0, "distractor": 0.0}, "rc_at_3": {"relevant": 0.0, "distractor": 0.0}, "rc_at_5": {"relevant": 0.0, "distractor": 0.0}, "rc_at_10": {"relevant": 0.0, "distractor": 0.0}, "rc_at_20": {"relevant": 0.0, "distractor": 0.0}, "rc_at_100": {"relevant": 0.0, "distractor": 0.0}, "rc_at_200": {"relevant": 0.0, "distractor": 0.0}, "rc_at_300": {"relevant": 0.0, "distractor": 0.0}, "rc_at_500": {"relevant": 0.0, "distractor": 0.0}, "rc_at_1000": {"relevant": 0.0, "distractor": 0.0}}