{"ndcg_at_1": 0.02932, "ndcg_at_3": 0.02894, "ndcg_at_5": 0.02995, "ndcg_at_10": 0.03286, "ndcg_at_20": 0.03868, "ndcg_at_100": 0.05588, "ndcg_at_200": 0.06473, "ndcg_at_300": 0.06934, "ndcg_at_500": 0.07807, "ndcg_at_1000": 0.08919, "map_at_1": 0.01587, "map_at_3": 0.02082, "map_at_5": 0.02214, "map_at_10": 0.02344, "map_at_20": 0.02499, "map_at_100": 0.02711, "map_at_200": 0.02756, "map_at_300": 0.02772, "map_at_500": 0.02793, "map_at_1000": 0.02812, "recall_at_1": 0.01587, "recall_at_3": 0.02732, "recall_at_5": 0.03175, "recall_at_10": 0.04158, "recall_at_20": 0.06005, "recall_at_100": 0.13825, "recall_at_200": 0.18764, "recall_at_300": 0.21655, "recall_at_500": 0.27348, "recall_at_1000": 0.35441, "precision_at_1": 0.02932, "precision_at_3": 0.01955, "precision_at_5": 0.01481, "precision_at_10": 0.00941, "precision_at_20": 0.00694, "precision_at_100": 0.00329, "precision_at_200": 0.00229, "precision_at_300": 0.00176, "precision_at_500": 0.00138, "precision_at_1000": 0.0009, "mrr_at_1": 0.02932, "mrr_at_3": 0.03858, "mrr_at_5": 0.04066, "mrr_at_10": 0.04337, "mrr_at_20": 0.04588, "mrr_at_100": 0.04862, "mrr_at_200": 0.0492, "mrr_at_300": 0.0494, "mrr_at_500": 0.0496, "mrr_at_1000": 0.04974, "rc_at_1": {"relevant": 0.0, "distractor": 0.0}, "rc_at_3": {"relevant": 0.0, "distractor": 0.0}, "rc_at_5": {"relevant": 0.0, "distractor": 0.0}, "rc_at_10": {"relevant": 0.0, "distractor": 0.0}, "rc_at_20": {"relevant": 0.0, "distractor": 0.0}, "rc_at_100": {"relevant": 0.0, "distractor": 0.0}, "rc_at_200": {"relevant": 0.0, "distractor": 0.0}, "rc_at_300": {"relevant": 0.0, "distractor": 0.0}, "rc_at_500": {"relevant": 0.0, "distractor": 0.0}, "rc_at_1000": {"relevant": 0.0, "distractor": 0.0}}