{"ndcg_at_1": 0.32609, "ndcg_at_3": 0.39039, "ndcg_at_5": 0.41001, "ndcg_at_10": 0.43332, "ndcg_at_20": 0.45667, "ndcg_at_100": 0.49102, "ndcg_at_200": 0.50016, "ndcg_at_300": 0.50453, "ndcg_at_500": 0.50988, "ndcg_at_1000": 0.51488, "map_at_1": 0.27015, "map_at_3": 0.34287, "map_at_5": 0.35818, "map_at_10": 0.37222, "map_at_20": 0.3811, "map_at_100": 0.38829, "map_at_200": 0.38948, "map_at_300": 0.38988, "map_at_500": 0.39021, "map_at_1000": 0.39048, "recall_at_1": 0.27015, "recall_at_3": 0.4217, "recall_at_5": 0.47736, "recall_at_10": 0.54654, "recall_at_20": 0.63662, "recall_at_100": 0.80862, "recall_at_200": 0.86037, "recall_at_300": 0.88653, "recall_at_500": 0.92225, "recall_at_1000": 0.95615, "precision_at_1": 0.32609, "precision_at_3": 0.18445, "precision_at_5": 0.13162, "precision_at_10": 0.0832, "precision_at_20": 0.05198, "precision_at_100": 0.01561, "precision_at_200": 0.0093, "precision_at_300": 0.00671, "precision_at_500": 0.00443, "precision_at_1000": 0.00245, "mrr_at_1": 0.32609, "mrr_at_3": 0.39526, "mrr_at_5": 0.4086, "mrr_at_10": 0.41759, "mrr_at_20": 0.4244, "mrr_at_100": 0.42813, "mrr_at_200": 0.42838, "mrr_at_300": 0.42847, "mrr_at_500": 0.42854, "mrr_at_1000": 0.42857, "rc_at_1": {"relevant": 0.0, "distractor": 0.0}, "rc_at_3": {"relevant": 0.0, "distractor": 0.0}, "rc_at_5": {"relevant": 0.0, "distractor": 0.0}, "rc_at_10": {"relevant": 0.0, "distractor": 0.0}, "rc_at_20": {"relevant": 0.0, "distractor": 0.0}, "rc_at_100": {"relevant": 0.0, "distractor": 0.0}, "rc_at_200": {"relevant": 0.0, "distractor": 0.0}, "rc_at_300": {"relevant": 0.0, "distractor": 0.0}, "rc_at_500": {"relevant": 0.0, "distractor": 0.0}, "rc_at_1000": {"relevant": 0.0, "distractor": 0.0}}