{"ndcg_at_1": 0.02984, "ndcg_at_3": 0.04134, "ndcg_at_5": 0.04596, "ndcg_at_10": 0.05298, "ndcg_at_20": 0.06108, "ndcg_at_100": 0.08159, "ndcg_at_200": 0.09164, "ndcg_at_300": 0.1002, "ndcg_at_500": 0.10876, "ndcg_at_1000": 0.11968, "map_at_1": 0.0215, "map_at_3": 0.03423, "map_at_5": 0.03671, "map_at_10": 0.03955, "map_at_20": 0.04173, "map_at_100": 0.04429, "map_at_200": 0.04481, "map_at_300": 0.0451, "map_at_500": 0.04532, "map_at_1000": 0.0455, "recall_at_1": 0.0215, "recall_at_3": 0.05072, "recall_at_5": 0.0617, "recall_at_10": 0.08356, "recall_at_20": 0.11329, "recall_at_100": 0.21789, "recall_at_200": 0.28276, "recall_at_300": 0.34495, "recall_at_500": 0.40873, "recall_at_1000": 0.50042, "precision_at_1": 0.02984, "precision_at_3": 0.0215, "precision_at_5": 0.01636, "precision_at_10": 0.01116, "precision_at_20": 0.00775, "precision_at_100": 0.00326, "precision_at_200": 0.00218, "precision_at_300": 0.00178, "precision_at_500": 0.00132, "precision_at_1000": 0.00083, "mrr_at_1": 0.0308, "mrr_at_3": 0.04443, "mrr_at_5": 0.04843, "mrr_at_10": 0.05203, "mrr_at_20": 0.05483, "mrr_at_100": 0.05759, "mrr_at_200": 0.05815, "mrr_at_300": 0.05843, "mrr_at_500": 0.0586, "mrr_at_1000": 0.05874, "rc_at_1": {"relevant": 0.0, "distractor": 0.0}, "rc_at_3": {"relevant": 0.0, "distractor": 0.0}, "rc_at_5": {"relevant": 0.0, "distractor": 0.0}, "rc_at_10": {"relevant": 0.0, "distractor": 0.0}, "rc_at_20": {"relevant": 0.0, "distractor": 0.0}, "rc_at_100": {"relevant": 0.0, "distractor": 0.0}, "rc_at_200": {"relevant": 0.0, "distractor": 0.0}, "rc_at_300": {"relevant": 0.0, "distractor": 0.0}, "rc_at_500": {"relevant": 0.0, "distractor": 0.0}, "rc_at_1000": {"relevant": 0.0, "distractor": 0.0}}