{"ndcg_at_1": 0.21238, "ndcg_at_3": 0.1819, "ndcg_at_5": 0.19822, "ndcg_at_10": 0.22025, "ndcg_at_20": 0.237, "ndcg_at_100": 0.26418, "ndcg_at_200": 0.27312, "ndcg_at_300": 0.278, "ndcg_at_500": 0.28444, "ndcg_at_1000": 0.29175, "map_at_1": 0.10058, "map_at_3": 0.13574, "map_at_5": 0.14936, "map_at_10": 0.15899, "map_at_20": 0.1645, "map_at_100": 0.16903, "map_at_200": 0.16966, "map_at_300": 0.16989, "map_at_500": 0.17008, "map_at_1000": 0.17023, "recall_at_1": 0.10058, "recall_at_3": 0.16658, "recall_at_5": 0.21051, "recall_at_10": 0.26067, "recall_at_20": 0.3085, "recall_at_100": 0.41388, "recall_at_200": 0.45882, "recall_at_300": 0.48662, "recall_at_500": 0.52586, "recall_at_1000": 0.57469, "precision_at_1": 0.21238, "precision_at_3": 0.13029, "precision_at_5": 0.10085, "precision_at_10": 0.0643, "precision_at_20": 0.03935, "precision_at_100": 0.0111, "precision_at_200": 0.00626, "precision_at_300": 0.00445, "precision_at_500": 0.00292, "precision_at_1000": 0.00161, "mrr_at_1": 0.21238, "mrr_at_3": 0.27025, "mrr_at_5": 0.28634, "mrr_at_10": 0.29705, "mrr_at_20": 0.30134, "mrr_at_100": 0.30466, "mrr_at_200": 0.30501, "mrr_at_300": 0.3051, "mrr_at_500": 0.30521, "mrr_at_1000": 0.30527, "rc_at_1": {"relevant": 0.0, "distractor": 0.0}, "rc_at_3": {"relevant": 0.0, "distractor": 0.0}, "rc_at_5": {"relevant": 0.0, "distractor": 0.0}, "rc_at_10": {"relevant": 0.0, "distractor": 0.0}, "rc_at_20": {"relevant": 0.0, "distractor": 0.0}, "rc_at_100": {"relevant": 0.0, "distractor": 0.0}, "rc_at_200": {"relevant": 0.0, "distractor": 0.0}, "rc_at_300": {"relevant": 0.0, "distractor": 0.0}, "rc_at_500": {"relevant": 0.0, "distractor": 0.0}, "rc_at_1000": {"relevant": 0.0, "distractor": 0.0}}