{"ndcg_at_1": 0.34331, "ndcg_at_3": 0.39309, "ndcg_at_5": 0.4152, "ndcg_at_10": 0.44252, "ndcg_at_20": 0.46189, "ndcg_at_100": 0.4931, "ndcg_at_200": 0.50219, "ndcg_at_300": 0.50687, "ndcg_at_500": 0.5111, "ndcg_at_1000": 0.51557, "map_at_1": 0.27069, "map_at_3": 0.34483, "map_at_5": 0.36254, "map_at_10": 0.37844, "map_at_20": 0.38608, "map_at_100": 0.39307, "map_at_200": 0.39395, "map_at_300": 0.39425, "map_at_500": 0.39445, "map_at_1000": 0.39458, "recall_at_1": 0.27069, "recall_at_3": 0.41531, "recall_at_5": 0.47679, "recall_at_10": 0.56009, "recall_at_20": 0.63043, "recall_at_100": 0.77221, "recall_at_200": 0.82406, "recall_at_300": 0.85385, "recall_at_500": 0.88136, "recall_at_1000": 0.91326, "precision_at_1": 0.34331, "precision_at_3": 0.19448, "precision_at_5": 0.14025, "precision_at_10": 0.08841, "precision_at_20": 0.0529, "precision_at_100": 0.015, "precision_at_200": 0.00839, "precision_at_300": 0.00593, "precision_at_500": 0.00377, "precision_at_1000": 0.00202, "mrr_at_1": 0.33822, "mrr_at_3": 0.40849, "mrr_at_5": 0.42493, "mrr_at_10": 0.43492, "mrr_at_20": 0.4395, "mrr_at_100": 0.44271, "mrr_at_200": 0.44302, "mrr_at_300": 0.44313, "mrr_at_500": 0.44318, "mrr_at_1000": 0.44322, "rc_at_1": {"relevant": 0.0, "distractor": 0.0}, "rc_at_3": {"relevant": 0.0, "distractor": 0.0}, "rc_at_5": {"relevant": 0.0, "distractor": 0.0}, "rc_at_10": {"relevant": 0.0, "distractor": 0.0}, "rc_at_20": {"relevant": 0.0, "distractor": 0.0}, "rc_at_100": {"relevant": 0.0, "distractor": 0.0}, "rc_at_200": {"relevant": 0.0, "distractor": 0.0}, "rc_at_300": {"relevant": 0.0, "distractor": 0.0}, "rc_at_500": {"relevant": 0.0, "distractor": 0.0}, "rc_at_1000": {"relevant": 0.0, "distractor": 0.0}}