{"ndcg_at_1": 0.54333, "ndcg_at_3": 0.62238, "ndcg_at_5": 0.64809, "ndcg_at_10": 0.66502, "ndcg_at_20": 0.67449, "ndcg_at_100": 0.69193, "ndcg_at_200": 0.6948, "ndcg_at_300": 0.69802, "ndcg_at_500": 0.70032, "ndcg_at_1000": 0.70101, "map_at_1": 0.51328, "map_at_3": 0.59272, "map_at_5": 0.60997, "map_at_10": 0.61813, "map_at_20": 0.6212, "map_at_100": 0.62392, "map_at_200": 0.62411, "map_at_300": 0.62422, "map_at_500": 0.62427, "map_at_1000": 0.62428, "recall_at_1": 0.51328, "recall_at_3": 0.67628, "recall_at_5": 0.741, "recall_at_10": 0.79056, "recall_at_20": 0.82567, "recall_at_100": 0.916, "recall_at_200": 0.935, "recall_at_300": 0.96, "recall_at_500": 0.98, "recall_at_1000": 0.98667, "precision_at_1": 0.54333, "precision_at_3": 0.24667, "precision_at_5": 0.16467, "precision_at_10": 0.089, "precision_at_20": 0.04667, "precision_at_100": 0.0104, "precision_at_200": 0.00532, "precision_at_300": 0.00363, "precision_at_500": 0.00222, "precision_at_1000": 0.00112, "mrr_at_1": 0.54333, "mrr_at_3": 0.61389, "mrr_at_5": 0.62872, "mrr_at_10": 0.63466, "mrr_at_20": 0.63683, "mrr_at_100": 0.63887, "mrr_at_200": 0.63901, "mrr_at_300": 0.63911, "mrr_at_500": 0.63916, "mrr_at_1000": 0.63917, "rc_at_1": {"relevant": 0.0, "distractor": 0.0}, "rc_at_3": {"relevant": 0.0, "distractor": 0.0}, "rc_at_5": {"relevant": 0.0, "distractor": 0.0}, "rc_at_10": {"relevant": 0.0, "distractor": 0.0}, "rc_at_20": {"relevant": 0.0, "distractor": 0.0}, "rc_at_100": {"relevant": 0.0, "distractor": 0.0}, "rc_at_200": {"relevant": 0.0, "distractor": 0.0}, "rc_at_300": {"relevant": 0.0, "distractor": 0.0}, "rc_at_500": {"relevant": 0.0, "distractor": 0.0}, "rc_at_1000": {"relevant": 0.0, "distractor": 0.0}}