{"ndcg_at_1": 0.46154, "ndcg_at_3": 0.37095, "ndcg_at_5": 0.33052, "ndcg_at_10": 0.27132, "ndcg_at_20": 0.32417, "ndcg_at_100": 0.50859, "ndcg_at_200": 0.55884, "ndcg_at_300": 0.56313, "ndcg_at_500": 0.56553, "ndcg_at_1000": 0.56911, "map_at_1": 0.04615, "map_at_3": 0.09359, "map_at_5": 0.12497, "map_at_10": 0.15838, "map_at_20": 0.18891, "map_at_100": 0.24425, "map_at_200": 0.25532, "map_at_300": 0.25586, "map_at_500": 0.25609, "map_at_1000": 0.2563, "recall_at_1": 0.04615, "recall_at_3": 0.10308, "recall_at_5": 0.14769, "recall_at_10": 0.22769, "recall_at_20": 0.32154, "recall_at_100": 0.79692, "recall_at_200": 0.95385, "recall_at_300": 0.96923, "recall_at_500": 0.97846, "recall_at_1000": 0.99385, "precision_at_1": 0.46154, "precision_at_3": 0.34359, "precision_at_5": 0.29538, "precision_at_10": 0.22769, "precision_at_20": 0.16077, "precision_at_100": 0.07969, "precision_at_200": 0.04769, "precision_at_300": 0.03231, "precision_at_500": 0.01957, "precision_at_1000": 0.00994, "mrr_at_1": 0.46154, "mrr_at_3": 0.52564, "mrr_at_5": 0.53641, "mrr_at_10": 0.55521, "mrr_at_20": 0.55978, "mrr_at_100": 0.56491, "mrr_at_200": 0.56491, "mrr_at_300": 0.56491, "mrr_at_500": 0.56491, "mrr_at_1000": 0.56491, "rc_at_1": {"relevant": 0.46154, "distractor": 0.53846}, "rc_at_3": {"relevant": 1.03077, "distractor": 1.96923}, "rc_at_5": {"relevant": 1.47692, "distractor": 3.50769}, "rc_at_10": {"relevant": 2.29231, "distractor": 7.67692}, "rc_at_20": {"relevant": 3.21538, "distractor": 16.61538}, "rc_at_100": {"relevant": 7.95385, "distractor": 86.87692}, "rc_at_200": {"relevant": 9.53846, "distractor": 97.33846}, "rc_at_300": {"relevant": 9.70769, "distractor": 97.95385}, "rc_at_500": {"relevant": 9.78462, "distractor": 98.64615}, "rc_at_1000": {"relevant": 9.93846, "distractor": 99.16923}}