{"ndcg_at_1": 0.03512, "ndcg_at_3": 0.04732, "ndcg_at_5": 0.05075, "ndcg_at_10": 0.06469, "ndcg_at_20": 0.07635, "ndcg_at_100": 0.09817, "ndcg_at_200": 0.10995, "ndcg_at_300": 0.11435, "ndcg_at_500": 0.12148, "ndcg_at_1000": 0.13261, "map_at_1": 0.03389, "map_at_3": 0.04317, "map_at_5": 0.04507, "map_at_10": 0.05052, "map_at_20": 0.05373, "map_at_100": 0.05649, "map_at_200": 0.05712, "map_at_300": 0.05727, "map_at_500": 0.05744, "map_at_1000": 0.0576, "recall_at_1": 0.03389, "recall_at_3": 0.05431, "recall_at_5": 0.063, "recall_at_10": 0.10487, "recall_at_20": 0.14947, "recall_at_100": 0.26635, "recall_at_200": 0.34571, "recall_at_300": 0.37891, "recall_at_500": 0.43663, "recall_at_1000": 0.53666, "precision_at_1": 0.03512, "precision_at_3": 0.02033, "precision_at_5": 0.01442, "precision_at_10": 0.01257, "precision_at_20": 0.00906, "precision_at_100": 0.00325, "precision_at_200": 0.00217, "precision_at_300": 0.00161, "precision_at_500": 0.00113, "precision_at_1000": 0.0007, "mrr_at_1": 0.03697, "mrr_at_3": 0.04806, "mrr_at_5": 0.05046, "mrr_at_10": 0.05655, "mrr_at_20": 0.05982, "mrr_at_100": 0.06297, "mrr_at_200": 0.06353, "mrr_at_300": 0.06367, "mrr_at_500": 0.06383, "mrr_at_1000": 0.06398, "rc_at_1": {"relevant": 0.0, "distractor": 0.0}, "rc_at_3": {"relevant": 0.0, "distractor": 0.0}, "rc_at_5": {"relevant": 0.0, "distractor": 0.0}, "rc_at_10": {"relevant": 0.0, "distractor": 0.0}, "rc_at_20": {"relevant": 0.0, "distractor": 0.0}, "rc_at_100": {"relevant": 0.0, "distractor": 0.0}, "rc_at_200": {"relevant": 0.0, "distractor": 0.0}, "rc_at_300": {"relevant": 0.0, "distractor": 0.0}, "rc_at_500": {"relevant": 0.0, "distractor": 0.0}, "rc_at_1000": {"relevant": 0.0, "distractor": 0.0}}