{"ndcg_at_1": 0.41538, "ndcg_at_3": 0.34912, "ndcg_at_5": 0.3163, "ndcg_at_10": 0.24971, "ndcg_at_20": 0.30175, "ndcg_at_100": 0.49216, "ndcg_at_200": 0.54779, "ndcg_at_300": 0.55034, "ndcg_at_500": 0.55233, "ndcg_at_1000": 0.55376, "map_at_1": 0.04154, "map_at_3": 0.08462, "map_at_5": 0.11346, "map_at_10": 0.13949, "map_at_20": 0.16393, "map_at_100": 0.21897, "map_at_200": 0.23164, "map_at_300": 0.23198, "map_at_500": 0.23216, "map_at_1000": 0.23223, "recall_at_1": 0.04154, "recall_at_3": 0.1, "recall_at_5": 0.14615, "recall_at_10": 0.20923, "recall_at_20": 0.30308, "recall_at_100": 0.8, "recall_at_200": 0.97231, "recall_at_300": 0.98154, "recall_at_500": 0.98923, "recall_at_1000": 0.99538, "precision_at_1": 0.41538, "precision_at_3": 0.33333, "precision_at_5": 0.29231, "precision_at_10": 0.20923, "precision_at_20": 0.15154, "precision_at_100": 0.08, "precision_at_200": 0.04862, "precision_at_300": 0.03272, "precision_at_500": 0.01978, "precision_at_1000": 0.00995, "mrr_at_1": 0.43077, "mrr_at_3": 0.51795, "mrr_at_5": 0.53256, "mrr_at_10": 0.54471, "mrr_at_20": 0.55328, "mrr_at_100": 0.55599, "mrr_at_200": 0.55599, "mrr_at_300": 0.55599, "mrr_at_500": 0.55599, "mrr_at_1000": 0.55599, "rc_at_1": {"relevant": 0.43077, "distractor": 0.56923}, "rc_at_3": {"relevant": 1.0, "distractor": 2.0}, "rc_at_5": {"relevant": 1.50769, "distractor": 3.49231}, "rc_at_10": {"relevant": 2.09231, "distractor": 7.89231}, "rc_at_20": {"relevant": 3.06154, "distractor": 16.89231}, "rc_at_100": {"relevant": 8.03077, "distractor": 89.63077}, "rc_at_200": {"relevant": 9.72308, "distractor": 98.73846}, "rc_at_300": {"relevant": 9.81538, "distractor": 99.24615}, "rc_at_500": {"relevant": 9.89231, "distractor": 99.41538}, "rc_at_1000": {"relevant": 9.95385, "distractor": 99.63077}}