{"ndcg_at_1": 0.41538, "ndcg_at_3": 0.34912, "ndcg_at_5": 0.3163, "ndcg_at_10": 0.24971, "ndcg_at_20": 0.30097, "ndcg_at_100": 0.48301, "ndcg_at_200": 0.54162, "ndcg_at_300": 0.54334, "ndcg_at_500": 0.54569, "ndcg_at_1000": 0.54678, "map_at_1": 0.04154, "map_at_3": 0.08462, "map_at_5": 0.11346, "map_at_10": 0.13949, "map_at_20": 0.16339, "map_at_100": 0.21615, "map_at_200": 0.22903, "map_at_300": 0.22928, "map_at_500": 0.2295, "map_at_1000": 0.22957, "recall_at_1": 0.04154, "recall_at_3": 0.1, "recall_at_5": 0.14615, "recall_at_10": 0.20923, "recall_at_20": 0.30154, "recall_at_100": 0.77385, "recall_at_200": 0.95692, "recall_at_300": 0.96308, "recall_at_500": 0.97231, "recall_at_1000": 0.97692, "precision_at_1": 0.41538, "precision_at_3": 0.33333, "precision_at_5": 0.29231, "precision_at_10": 0.20923, "precision_at_20": 0.15077, "precision_at_100": 0.07738, "precision_at_200": 0.04785, "precision_at_300": 0.0321, "precision_at_500": 0.01945, "precision_at_1000": 0.00977, "mrr_at_1": 0.43077, "mrr_at_3": 0.51795, "mrr_at_5": 0.53256, "mrr_at_10": 0.54471, "mrr_at_20": 0.55328, "mrr_at_100": 0.55599, "mrr_at_200": 0.55599, "mrr_at_300": 0.55599, "mrr_at_500": 0.55599, "mrr_at_1000": 0.55599, "rc_at_1": {"relevant": 0.43077, "distractor": 0.56923}, "rc_at_3": {"relevant": 1.0, "distractor": 2.0}, "rc_at_5": {"relevant": 1.50769, "distractor": 3.49231}, "rc_at_10": {"relevant": 2.09231, "distractor": 7.89231}, "rc_at_20": {"relevant": 3.06154, "distractor": 16.83077}, "rc_at_100": {"relevant": 7.75385, "distractor": 87.16923}, "rc_at_200": {"relevant": 9.6, "distractor": 97.2}, "rc_at_300": {"relevant": 9.64615, "distractor": 97.96923}, "rc_at_500": {"relevant": 9.72308, "distractor": 98.41538}, "rc_at_1000": {"relevant": 9.76923, "distractor": 98.92308}}