{"ndcg_at_1": 0.04545, "ndcg_at_3": 0.05481, "ndcg_at_5": 0.05798, "ndcg_at_10": 0.06779, "ndcg_at_20": 0.07544, "ndcg_at_100": 0.10393, "ndcg_at_200": 0.11611, "ndcg_at_300": 0.12412, "ndcg_at_500": 0.1312, "ndcg_at_1000": 0.14422, "map_at_1": 0.03459, "map_at_3": 0.04647, "map_at_5": 0.04885, "map_at_10": 0.0532, "map_at_20": 0.05519, "map_at_100": 0.05926, "map_at_200": 0.05994, "map_at_300": 0.06029, "map_at_500": 0.06049, "map_at_1000": 0.06075, "recall_at_1": 0.03459, "recall_at_3": 0.0599, "recall_at_5": 0.0708, "recall_at_10": 0.10054, "recall_at_20": 0.12891, "recall_at_100": 0.27316, "recall_at_200": 0.35087, "recall_at_300": 0.40589, "recall_at_500": 0.45692, "recall_at_1000": 0.5638, "precision_at_1": 0.04545, "precision_at_3": 0.02767, "precision_at_5": 0.01976, "precision_at_10": 0.01364, "precision_at_20": 0.00958, "precision_at_100": 0.00457, "precision_at_200": 0.00329, "precision_at_300": 0.00266, "precision_at_500": 0.00191, "precision_at_1000": 0.00126, "mrr_at_1": 0.04348, "mrr_at_3": 0.05896, "mrr_at_5": 0.06301, "mrr_at_10": 0.06559, "mrr_at_20": 0.07055, "mrr_at_100": 0.07414, "mrr_at_200": 0.0747, "mrr_at_300": 0.07492, "mrr_at_500": 0.07508, "mrr_at_1000": 0.07522, "rc_at_1": {"relevant": 0.0, "distractor": 0.0}, "rc_at_3": {"relevant": 0.0, "distractor": 0.0}, "rc_at_5": {"relevant": 0.0, "distractor": 0.0}, "rc_at_10": {"relevant": 0.0, "distractor": 0.0}, "rc_at_20": {"relevant": 0.0, "distractor": 0.0}, "rc_at_100": {"relevant": 0.0, "distractor": 0.0}, "rc_at_200": {"relevant": 0.0, "distractor": 0.0}, "rc_at_300": {"relevant": 0.0, "distractor": 0.0}, "rc_at_500": {"relevant": 0.0, "distractor": 0.0}, "rc_at_1000": {"relevant": 0.0, "distractor": 0.0}}