{"ndcg_at_1": 0.38462, "ndcg_at_3": 0.27125, "ndcg_at_5": 0.24971, "ndcg_at_10": 0.19935, "ndcg_at_20": 0.23542, "ndcg_at_100": 0.31352, "ndcg_at_200": 0.34399, "ndcg_at_300": 0.35601, "ndcg_at_500": 0.37023, "ndcg_at_1000": 0.39372, "map_at_1": 0.03846, "map_at_3": 0.06205, "map_at_5": 0.08274, "map_at_10": 0.10691, "map_at_20": 0.12241, "map_at_100": 0.14085, "map_at_200": 0.14482, "map_at_300": 0.14598, "map_at_500": 0.14686, "map_at_1000": 0.1478, "recall_at_1": 0.03846, "recall_at_3": 0.07231, "recall_at_5": 0.11077, "recall_at_10": 0.16308, "recall_at_20": 0.22769, "recall_at_100": 0.42615, "recall_at_200": 0.52462, "recall_at_300": 0.56769, "recall_at_500": 0.62308, "recall_at_1000": 0.72462, "precision_at_1": 0.38462, "precision_at_3": 0.24103, "precision_at_5": 0.22154, "precision_at_10": 0.16308, "precision_at_20": 0.11385, "precision_at_100": 0.04262, "precision_at_200": 0.02623, "precision_at_300": 0.01892, "precision_at_500": 0.01246, "precision_at_1000": 0.00725, "mrr_at_1": 0.38462, "mrr_at_3": 0.45128, "mrr_at_5": 0.46205, "mrr_at_10": 0.48064, "mrr_at_20": 0.48495, "mrr_at_100": 0.48947, "mrr_at_200": 0.48947, "mrr_at_300": 0.48947, "mrr_at_500": 0.48947, "mrr_at_1000": 0.48949, "rc_at_1": {"relevant": 0.38462, "distractor": 0.58462}, "rc_at_3": {"relevant": 0.73846, "distractor": 2.03077}, "rc_at_5": {"relevant": 1.10769, "distractor": 3.4}, "rc_at_10": {"relevant": 1.70769, "distractor": 6.78462}, "rc_at_20": {"relevant": 2.35385, "distractor": 13.2}, "rc_at_100": {"relevant": 4.49231, "distractor": 43.43077}, "rc_at_200": {"relevant": 5.46154, "distractor": 54.92308}, "rc_at_300": {"relevant": 5.86154, "distractor": 60.16923}, "rc_at_500": {"relevant": 6.46154, "distractor": 66.52308}, "rc_at_1000": {"relevant": 7.27692, "distractor": 73.43077}}