{"ndcg_at_1": 0.7603, "ndcg_at_3": 0.60209, "ndcg_at_5": 0.62288, "ndcg_at_10": 0.64197, "ndcg_at_20": 0.6537, "ndcg_at_100": 0.67094, "ndcg_at_200": 0.67552, "ndcg_at_300": 0.67814, "ndcg_at_500": 0.68091, "ndcg_at_1000": 0.68431, "map_at_1": 0.38015, "map_at_3": 0.52713, "map_at_5": 0.54318, "map_at_10": 0.55425, "map_at_20": 0.55892, "map_at_100": 0.56232, "map_at_200": 0.56268, "map_at_300": 0.56281, "map_at_500": 0.5629, "map_at_1000": 0.56298, "recall_at_1": 0.38015, "recall_at_3": 0.56529, "recall_at_5": 0.60648, "recall_at_10": 0.65429, "recall_at_20": 0.69183, "recall_at_100": 0.76806, "recall_at_200": 0.79473, "recall_at_300": 0.81168, "recall_at_500": 0.83113, "recall_at_1000": 0.85726, "precision_at_1": 0.7603, "precision_at_3": 0.37686, "precision_at_5": 0.24259, "precision_at_10": 0.13086, "precision_at_20": 0.06918, "precision_at_100": 0.01536, "precision_at_200": 0.00795, "precision_at_300": 0.00541, "precision_at_500": 0.00332, "precision_at_1000": 0.00171, "mrr_at_1": 0.75598, "mrr_at_3": 0.80392, "mrr_at_5": 0.80974, "mrr_at_10": 0.81348, "mrr_at_20": 0.81468, "mrr_at_100": 0.81551, "mrr_at_200": 0.81557, "mrr_at_300": 0.81559, "mrr_at_500": 0.81561, "mrr_at_1000": 0.81562, "rc_at_1": {"relevant": 0.0, "distractor": 0.0}, "rc_at_3": {"relevant": 0.0, "distractor": 0.0}, "rc_at_5": {"relevant": 0.0, "distractor": 0.0}, "rc_at_10": {"relevant": 0.0, "distractor": 0.0}, "rc_at_20": {"relevant": 0.0, "distractor": 0.0}, "rc_at_100": {"relevant": 0.0, "distractor": 0.0}, "rc_at_200": {"relevant": 0.0, "distractor": 0.0}, "rc_at_300": {"relevant": 0.0, "distractor": 0.0}, "rc_at_500": {"relevant": 0.0, "distractor": 0.0}, "rc_at_1000": {"relevant": 0.0, "distractor": 0.0}}