{"ndcg_at_1": 0.01755, "ndcg_at_3": 0.02227, "ndcg_at_5": 0.02534, "ndcg_at_10": 0.03096, "ndcg_at_20": 0.03553, "ndcg_at_100": 0.05025, "ndcg_at_200": 0.05623, "ndcg_at_300": 0.06067, "ndcg_at_500": 0.06643, "ndcg_at_1000": 0.07602, "map_at_1": 0.01352, "map_at_3": 0.01882, "map_at_5": 0.02057, "map_at_10": 0.02285, "map_at_20": 0.02405, "map_at_100": 0.02589, "map_at_200": 0.02621, "map_at_300": 0.02636, "map_at_500": 0.02649, "map_at_1000": 0.02663, "recall_at_1": 0.01352, "recall_at_3": 0.02567, "recall_at_5": 0.03339, "recall_at_10": 0.05043, "recall_at_20": 0.06722, "recall_at_100": 0.14303, "recall_at_200": 0.18187, "recall_at_300": 0.21442, "recall_at_500": 0.25967, "recall_at_1000": 0.34269, "precision_at_1": 0.01755, "precision_at_3": 0.01101, "precision_at_5": 0.00874, "precision_at_10": 0.00671, "precision_at_20": 0.00466, "precision_at_100": 0.00213, "precision_at_200": 0.00139, "precision_at_300": 0.00109, "precision_at_500": 0.0008, "precision_at_1000": 0.00054, "mrr_at_1": 0.01755, "mrr_at_3": 0.02409, "mrr_at_5": 0.02632, "mrr_at_10": 0.02925, "mrr_at_20": 0.03083, "mrr_at_100": 0.03292, "mrr_at_200": 0.03326, "mrr_at_300": 0.03341, "mrr_at_500": 0.03354, "mrr_at_1000": 0.03367, "rc_at_1": {"relevant": 0.0, "distractor": 0.0}, "rc_at_3": {"relevant": 0.0, "distractor": 0.0}, "rc_at_5": {"relevant": 0.0, "distractor": 0.0}, "rc_at_10": {"relevant": 0.0, "distractor": 0.0}, "rc_at_20": {"relevant": 0.0, "distractor": 0.0}, "rc_at_100": {"relevant": 0.0, "distractor": 0.0}, "rc_at_200": {"relevant": 0.0, "distractor": 0.0}, "rc_at_300": {"relevant": 0.0, "distractor": 0.0}, "rc_at_500": {"relevant": 0.0, "distractor": 0.0}, "rc_at_1000": {"relevant": 0.0, "distractor": 0.0}}