{"ndcg_at_1": 0.64321, "ndcg_at_3": 0.48911, "ndcg_at_5": 0.51097, "ndcg_at_10": 0.53157, "ndcg_at_20": 0.54538, "ndcg_at_100": 0.5651, "ndcg_at_200": 0.57152, "ndcg_at_300": 0.57463, "ndcg_at_500": 0.57814, "ndcg_at_1000": 0.58246, "map_at_1": 0.32161, "map_at_3": 0.41103, "map_at_5": 0.42645, "map_at_10": 0.43752, "map_at_20": 0.44249, "map_at_100": 0.44611, "map_at_200": 0.44659, "map_at_300": 0.44674, "map_at_500": 0.44685, "map_at_1000": 0.44694, "recall_at_1": 0.32161, "recall_at_3": 0.4526, "recall_at_5": 0.49575, "recall_at_10": 0.54754, "recall_at_20": 0.5921, "recall_at_100": 0.67968, "recall_at_200": 0.71708, "recall_at_300": 0.7372, "recall_at_500": 0.76178, "recall_at_1000": 0.79514, "precision_at_1": 0.64321, "precision_at_3": 0.30173, "precision_at_5": 0.1983, "precision_at_10": 0.10951, "precision_at_20": 0.05921, "precision_at_100": 0.01359, "precision_at_200": 0.00717, "precision_at_300": 0.00491, "precision_at_500": 0.00305, "precision_at_1000": 0.00159, "mrr_at_1": 0.64173, "mrr_at_3": 0.69761, "mrr_at_5": 0.7063, "mrr_at_10": 0.71198, "mrr_at_20": 0.71455, "mrr_at_100": 0.71598, "mrr_at_200": 0.71611, "mrr_at_300": 0.71614, "mrr_at_500": 0.71616, "mrr_at_1000": 0.71618, "rc_at_1": {"relevant": 0.0, "distractor": 0.0}, "rc_at_3": {"relevant": 0.0, "distractor": 0.0}, "rc_at_5": {"relevant": 0.0, "distractor": 0.0}, "rc_at_10": {"relevant": 0.0, "distractor": 0.0}, "rc_at_20": {"relevant": 0.0, "distractor": 0.0}, "rc_at_100": {"relevant": 0.0, "distractor": 0.0}, "rc_at_200": {"relevant": 0.0, "distractor": 0.0}, "rc_at_300": {"relevant": 0.0, "distractor": 0.0}, "rc_at_500": {"relevant": 0.0, "distractor": 0.0}, "rc_at_1000": {"relevant": 0.0, "distractor": 0.0}}