{"ndcg_at_1": 0.27866, "ndcg_at_3": 0.32051, "ndcg_at_5": 0.34127, "ndcg_at_10": 0.36939, "ndcg_at_20": 0.38858, "ndcg_at_100": 0.42531, "ndcg_at_200": 0.43651, "ndcg_at_300": 0.44155, "ndcg_at_500": 0.44684, "ndcg_at_1000": 0.45262, "map_at_1": 0.23149, "map_at_3": 0.2836, "map_at_5": 0.29729, "map_at_10": 0.31178, "map_at_20": 0.31923, "map_at_100": 0.32659, "map_at_200": 0.32774, "map_at_300": 0.32814, "map_at_500": 0.32849, "map_at_1000": 0.32872, "recall_at_1": 0.23149, "recall_at_3": 0.33966, "recall_at_5": 0.39634, "recall_at_10": 0.47675, "recall_at_20": 0.55029, "recall_at_100": 0.72801, "recall_at_200": 0.79343, "recall_at_300": 0.82446, "recall_at_500": 0.85854, "recall_at_1000": 0.90265, "precision_at_1": 0.27866, "precision_at_3": 0.14756, "precision_at_5": 0.10791, "precision_at_10": 0.07075, "precision_at_20": 0.04407, "precision_at_100": 0.01427, "precision_at_200": 0.00858, "precision_at_300": 0.00625, "precision_at_500": 0.00415, "precision_at_1000": 0.00229, "mrr_at_1": 0.27866, "mrr_at_3": 0.33465, "mrr_at_5": 0.35086, "mrr_at_10": 0.36174, "mrr_at_20": 0.36633, "mrr_at_100": 0.37078, "mrr_at_200": 0.37123, "mrr_at_300": 0.37131, "mrr_at_500": 0.37138, "mrr_at_1000": 0.37143, "rc_at_1": {"relevant": 0.0, "distractor": 0.0}, "rc_at_3": {"relevant": 0.0, "distractor": 0.0}, "rc_at_5": {"relevant": 0.0, "distractor": 0.0}, "rc_at_10": {"relevant": 0.0, "distractor": 0.0}, "rc_at_20": {"relevant": 0.0, "distractor": 0.0}, "rc_at_100": {"relevant": 0.0, "distractor": 0.0}, "rc_at_200": {"relevant": 0.0, "distractor": 0.0}, "rc_at_300": {"relevant": 0.0, "distractor": 0.0}, "rc_at_500": {"relevant": 0.0, "distractor": 0.0}, "rc_at_1000": {"relevant": 0.0, "distractor": 0.0}}