{"ndcg_at_1": 0.1937, "ndcg_at_3": 0.22729, "ndcg_at_5": 0.24316, "ndcg_at_10": 0.26265, "ndcg_at_20": 0.27789, "ndcg_at_100": 0.30558, "ndcg_at_200": 0.31513, "ndcg_at_300": 0.32002, "ndcg_at_500": 0.32524, "ndcg_at_1000": 0.33184, "map_at_1": 0.1675, "map_at_3": 0.20729, "map_at_5": 0.21781, "map_at_10": 0.22681, "map_at_20": 0.23167, "map_at_100": 0.23608, "map_at_200": 0.23668, "map_at_300": 0.23688, "map_at_500": 0.23703, "map_at_1000": 0.23715, "recall_at_1": 0.1675, "recall_at_3": 0.24869, "recall_at_5": 0.28849, "recall_at_10": 0.34691, "recall_at_20": 0.4027, "recall_at_100": 0.53813, "recall_at_200": 0.59923, "recall_at_300": 0.63428, "recall_at_500": 0.67446, "recall_at_1000": 0.73096, "precision_at_1": 0.1937, "precision_at_3": 0.1026, "precision_at_5": 0.07384, "precision_at_10": 0.04588, "precision_at_20": 0.02759, "precision_at_100": 0.00792, "precision_at_200": 0.00449, "precision_at_300": 0.00319, "precision_at_500": 0.00206, "precision_at_1000": 0.00112, "mrr_at_1": 0.1937, "mrr_at_3": 0.23245, "mrr_at_5": 0.24211, "mrr_at_10": 0.25063, "mrr_at_20": 0.25459, "mrr_at_100": 0.25796, "mrr_at_200": 0.25837, "mrr_at_300": 0.25851, "mrr_at_500": 0.2586, "mrr_at_1000": 0.25868, "rc_at_1": {"relevant": 0.0, "distractor": 0.0}, "rc_at_3": {"relevant": 0.0, "distractor": 0.0}, "rc_at_5": {"relevant": 0.0, "distractor": 0.0}, "rc_at_10": {"relevant": 0.0, "distractor": 0.0}, "rc_at_20": {"relevant": 0.0, "distractor": 0.0}, "rc_at_100": {"relevant": 0.0, "distractor": 0.0}, "rc_at_200": {"relevant": 0.0, "distractor": 0.0}, "rc_at_300": {"relevant": 0.0, "distractor": 0.0}, "rc_at_500": {"relevant": 0.0, "distractor": 0.0}, "rc_at_1000": {"relevant": 0.0, "distractor": 0.0}}