{"ndcg_at_1": 0.32669, "ndcg_at_3": 0.36789, "ndcg_at_5": 0.38496, "ndcg_at_10": 0.41147, "ndcg_at_20": 0.42778, "ndcg_at_100": 0.45643, "ndcg_at_200": 0.46469, "ndcg_at_300": 0.46878, "ndcg_at_500": 0.47343, "ndcg_at_1000": 0.47805, "map_at_1": 0.28954, "map_at_3": 0.3415, "map_at_5": 0.35334, "map_at_10": 0.36553, "map_at_20": 0.37069, "map_at_100": 0.37493, "map_at_200": 0.37542, "map_at_300": 0.37558, "map_at_500": 0.37571, "map_at_1000": 0.37579, "recall_at_1": 0.28954, "recall_at_3": 0.39823, "recall_at_5": 0.44074, "recall_at_10": 0.52138, "recall_at_20": 0.58268, "recall_at_100": 0.72675, "recall_at_200": 0.78039, "recall_at_300": 0.8102, "recall_at_500": 0.84644, "recall_at_1000": 0.88499, "precision_at_1": 0.32669, "precision_at_3": 0.15491, "precision_at_5": 0.10613, "precision_at_10": 0.06411, "precision_at_20": 0.03604, "precision_at_100": 0.00939, "precision_at_200": 0.00513, "precision_at_300": 0.00357, "precision_at_500": 0.00226, "precision_at_1000": 0.00121, "mrr_at_1": 0.32669, "mrr_at_3": 0.37602, "mrr_at_5": 0.38584, "mrr_at_10": 0.39725, "mrr_at_20": 0.40149, "mrr_at_100": 0.40486, "mrr_at_200": 0.40523, "mrr_at_300": 0.40535, "mrr_at_500": 0.40542, "mrr_at_1000": 0.40547, "rc_at_1": {"relevant": 0.0, "distractor": 0.0}, "rc_at_3": {"relevant": 0.0, "distractor": 0.0}, "rc_at_5": {"relevant": 0.0, "distractor": 0.0}, "rc_at_10": {"relevant": 0.0, "distractor": 0.0}, "rc_at_20": {"relevant": 0.0, "distractor": 0.0}, "rc_at_100": {"relevant": 0.0, "distractor": 0.0}, "rc_at_200": {"relevant": 0.0, "distractor": 0.0}, "rc_at_300": {"relevant": 0.0, "distractor": 0.0}, "rc_at_500": {"relevant": 0.0, "distractor": 0.0}, "rc_at_1000": {"relevant": 0.0, "distractor": 0.0}}