{"ndcg_at_1": 0.32653, "ndcg_at_3": 0.26099, "ndcg_at_5": 0.25124, "ndcg_at_10": 0.22995, "ndcg_at_20": 0.23836, "ndcg_at_100": 0.31613, "ndcg_at_200": 0.35686, "ndcg_at_300": 0.37428, "ndcg_at_500": 0.39642, "ndcg_at_1000": 0.42078, "map_at_1": 0.02473, "map_at_3": 0.04394, "map_at_5": 0.05974, "map_at_10": 0.08454, "map_at_20": 0.10415, "map_at_100": 0.12603, "map_at_200": 0.13236, "map_at_300": 0.13445, "map_at_500": 0.13642, "map_at_1000": 0.13825, "recall_at_1": 0.02473, "recall_at_3": 0.05528, "recall_at_5": 0.08671, "recall_at_10": 0.14213, "recall_at_20": 0.20932, "recall_at_100": 0.37469, "recall_at_200": 0.48205, "recall_at_300": 0.53133, "recall_at_500": 0.6028, "recall_at_1000": 0.69156, "precision_at_1": 0.34694, "precision_at_3": 0.2517, "precision_at_5": 0.24082, "precision_at_10": 0.19796, "precision_at_20": 0.15408, "precision_at_100": 0.06143, "precision_at_200": 0.04112, "precision_at_300": 0.03109, "precision_at_500": 0.02155, "precision_at_1000": 0.0128, "mrr_at_1": 0.34694, "mrr_at_3": 0.45578, "mrr_at_5": 0.47415, "mrr_at_10": 0.49257, "mrr_at_20": 0.49763, "mrr_at_100": 0.4994, "mrr_at_200": 0.49954, "mrr_at_300": 0.49954, "mrr_at_500": 0.49954, "mrr_at_1000": 0.49954, "rc_at_1": {"relevant": 0.0, "distractor": 0.0}, "rc_at_3": {"relevant": 0.0, "distractor": 0.0}, "rc_at_5": {"relevant": 0.0, "distractor": 0.0}, "rc_at_10": {"relevant": 0.0, "distractor": 0.0}, "rc_at_20": {"relevant": 0.0, "distractor": 0.0}, "rc_at_100": {"relevant": 0.0, "distractor": 0.0}, "rc_at_200": {"relevant": 0.0, "distractor": 0.0}, "rc_at_300": {"relevant": 0.0, "distractor": 0.0}, "rc_at_500": {"relevant": 0.0, "distractor": 0.0}, "rc_at_1000": {"relevant": 0.0, "distractor": 0.0}}