{"ndcg_at_1": 0.01741, "ndcg_at_3": 0.02384, "ndcg_at_5": 0.02983, "ndcg_at_10": 0.03614, "ndcg_at_20": 0.04419, "ndcg_at_100": 0.06673, "ndcg_at_200": 0.07578, "ndcg_at_300": 0.0809, "ndcg_at_500": 0.08976, "ndcg_at_1000": 0.1028, "map_at_1": 0.01279, "map_at_3": 0.01963, "map_at_5": 0.02307, "map_at_10": 0.02552, "map_at_20": 0.02756, "map_at_100": 0.03036, "map_at_200": 0.03082, "map_at_300": 0.03099, "map_at_500": 0.03119, "map_at_1000": 0.03139, "recall_at_1": 0.01279, "recall_at_3": 0.02917, "recall_at_5": 0.04378, "recall_at_10": 0.06233, "recall_at_20": 0.09244, "recall_at_100": 0.20809, "recall_at_200": 0.26778, "recall_at_300": 0.30438, "recall_at_500": 0.37445, "recall_at_1000": 0.48797, "precision_at_1": 0.01741, "precision_at_3": 0.01244, "precision_at_5": 0.01095, "precision_at_10": 0.00784, "precision_at_20": 0.00603, "precision_at_100": 0.00284, "precision_at_200": 0.00187, "precision_at_300": 0.00144, "precision_at_500": 0.00107, "precision_at_1000": 0.00071, "mrr_at_1": 0.02239, "mrr_at_3": 0.03255, "mrr_at_5": 0.03447, "mrr_at_10": 0.03859, "mrr_at_20": 0.04178, "mrr_at_100": 0.04458, "mrr_at_200": 0.04509, "mrr_at_300": 0.04533, "mrr_at_500": 0.04551, "mrr_at_1000": 0.04567, "rc_at_1": {"relevant": 0.0, "distractor": 0.0}, "rc_at_3": {"relevant": 0.0, "distractor": 0.0}, "rc_at_5": {"relevant": 0.0, "distractor": 0.0}, "rc_at_10": {"relevant": 0.0, "distractor": 0.0}, "rc_at_20": {"relevant": 0.0, "distractor": 0.0}, "rc_at_100": {"relevant": 0.0, "distractor": 0.0}, "rc_at_200": {"relevant": 0.0, "distractor": 0.0}, "rc_at_300": {"relevant": 0.0, "distractor": 0.0}, "rc_at_500": {"relevant": 0.0, "distractor": 0.0}, "rc_at_1000": {"relevant": 0.0, "distractor": 0.0}}