{"ndcg_at_1": 0.32761, "ndcg_at_3": 0.37945, "ndcg_at_5": 0.40265, "ndcg_at_10": 0.43406, "ndcg_at_20": 0.45461, "ndcg_at_100": 0.48615, "ndcg_at_200": 0.4964, "ndcg_at_300": 0.50119, "ndcg_at_500": 0.5064, "ndcg_at_1000": 0.51125, "map_at_1": 0.2693, "map_at_3": 0.33738, "map_at_5": 0.35529, "map_at_10": 0.3717, "map_at_20": 0.37898, "map_at_100": 0.38509, "map_at_200": 0.38593, "map_at_300": 0.38622, "map_at_500": 0.38644, "map_at_1000": 0.38658, "recall_at_1": 0.2693, "recall_at_3": 0.40315, "recall_at_5": 0.46511, "recall_at_10": 0.5603, "recall_at_20": 0.63606, "recall_at_100": 0.7804, "recall_at_200": 0.84038, "recall_at_300": 0.87074, "recall_at_500": 0.90674, "recall_at_1000": 0.94227, "precision_at_1": 0.32761, "precision_at_3": 0.18121, "precision_at_5": 0.13362, "precision_at_10": 0.08498, "precision_at_20": 0.05014, "precision_at_100": 0.01368, "precision_at_200": 0.00772, "precision_at_300": 0.00548, "precision_at_500": 0.00356, "precision_at_1000": 0.00192, "mrr_at_1": 0.32475, "mrr_at_3": 0.39318, "mrr_at_5": 0.40913, "mrr_at_10": 0.42229, "mrr_at_20": 0.42688, "mrr_at_100": 0.4301, "mrr_at_200": 0.43045, "mrr_at_300": 0.43055, "mrr_at_500": 0.43062, "mrr_at_1000": 0.43066, "rc_at_1": {"relevant": 0.0, "distractor": 0.0}, "rc_at_3": {"relevant": 0.0, "distractor": 0.0}, "rc_at_5": {"relevant": 0.0, "distractor": 0.0}, "rc_at_10": {"relevant": 0.0, "distractor": 0.0}, "rc_at_20": {"relevant": 0.0, "distractor": 0.0}, "rc_at_100": {"relevant": 0.0, "distractor": 0.0}, "rc_at_200": {"relevant": 0.0, "distractor": 0.0}, "rc_at_300": {"relevant": 0.0, "distractor": 0.0}, "rc_at_500": {"relevant": 0.0, "distractor": 0.0}, "rc_at_1000": {"relevant": 0.0, "distractor": 0.0}}