{"ndcg_at_1": 0.27273, "ndcg_at_3": 0.21168, "ndcg_at_5": 0.18085, "ndcg_at_10": 0.13408, "ndcg_at_20": 0.1541, "ndcg_at_100": 0.19779, "ndcg_at_200": 0.22283, "ndcg_at_300": 0.2349, "ndcg_at_500": 0.24839, "ndcg_at_1000": 0.26189, "map_at_1": 0.02727, "map_at_3": 0.05303, "map_at_5": 0.06676, "map_at_10": 0.07486, "map_at_20": 0.08203, "map_at_100": 0.08971, "map_at_200": 0.09227, "map_at_300": 0.09301, "map_at_500": 0.09376, "map_at_1000": 0.09417, "recall_at_1": 0.02727, "recall_at_3": 0.05818, "recall_at_5": 0.07818, "recall_at_10": 0.10182, "recall_at_20": 0.13818, "recall_at_100": 0.24909, "recall_at_200": 0.33091, "recall_at_300": 0.37455, "recall_at_500": 0.42727, "recall_at_1000": 0.48545, "precision_at_1": 0.27273, "precision_at_3": 0.19394, "precision_at_5": 0.15636, "precision_at_10": 0.10182, "precision_at_20": 0.06909, "precision_at_100": 0.02491, "precision_at_200": 0.01655, "precision_at_300": 0.01248, "precision_at_500": 0.00855, "precision_at_1000": 0.00485, "mrr_at_1": 0.27273, "mrr_at_3": 0.31212, "mrr_at_5": 0.32394, "mrr_at_10": 0.33729, "mrr_at_20": 0.34261, "mrr_at_100": 0.34768, "mrr_at_200": 0.34801, "mrr_at_300": 0.34816, "mrr_at_500": 0.34816, "mrr_at_1000": 0.34819, "rc_at_1": {"relevant": 0.27273, "distractor": 0.29091}, "rc_at_3": {"relevant": 0.58182, "distractor": 0.98182}, "rc_at_5": {"relevant": 0.78182, "distractor": 1.49091}, "rc_at_10": {"relevant": 1.01818, "distractor": 2.69091}, "rc_at_20": {"relevant": 1.4, "distractor": 4.29091}, "rc_at_100": {"relevant": 2.49091, "distractor": 11.98182}, "rc_at_200": {"relevant": 3.32727, "distractor": 16.67273}, "rc_at_300": {"relevant": 3.74545, "distractor": 19.83636}, "rc_at_500": {"relevant": 4.27273, "distractor": 24.52727}, "rc_at_1000": {"relevant": 4.85455, "distractor": 30.8}}