{"ndcg_at_1": 0.45016, "ndcg_at_3": 0.36158, "ndcg_at_5": 0.37653, "ndcg_at_10": 0.40824, "ndcg_at_20": 0.42829, "ndcg_at_100": 0.46458, "ndcg_at_200": 0.4757, "ndcg_at_300": 0.48153, "ndcg_at_500": 0.48707, "ndcg_at_1000": 0.49358, "map_at_1": 0.19154, "map_at_3": 0.27133, "map_at_5": 0.29528, "map_at_10": 0.3131, "map_at_20": 0.32062, "map_at_100": 0.32785, "map_at_200": 0.32881, "map_at_300": 0.32912, "map_at_500": 0.32934, "map_at_1000": 0.32951, "recall_at_1": 0.19154, "recall_at_3": 0.31634, "recall_at_5": 0.37777, "recall_at_10": 0.44725, "recall_at_20": 0.50325, "recall_at_100": 0.64153, "recall_at_200": 0.69602, "recall_at_300": 0.72897, "recall_at_500": 0.76175, "recall_at_1000": 0.80357, "precision_at_1": 0.45016, "precision_at_3": 0.26884, "precision_at_5": 0.19583, "precision_at_10": 0.11974, "precision_at_20": 0.0686, "precision_at_100": 0.01823, "precision_at_200": 0.01004, "precision_at_300": 0.00703, "precision_at_500": 0.00444, "precision_at_1000": 0.00237, "mrr_at_1": 0.45081, "mrr_at_3": 0.52921, "mrr_at_5": 0.54351, "mrr_at_10": 0.55179, "mrr_at_20": 0.55512, "mrr_at_100": 0.55753, "mrr_at_200": 0.55772, "mrr_at_300": 0.55779, "mrr_at_500": 0.55782, "mrr_at_1000": 0.55783, "rc_at_1": {"relevant": 0.0, "distractor": 0.0}, "rc_at_3": {"relevant": 0.0, "distractor": 0.0}, "rc_at_5": {"relevant": 0.0, "distractor": 0.0}, "rc_at_10": {"relevant": 0.0, "distractor": 0.0}, "rc_at_20": {"relevant": 0.0, "distractor": 0.0}, "rc_at_100": {"relevant": 0.0, "distractor": 0.0}, "rc_at_200": {"relevant": 0.0, "distractor": 0.0}, "rc_at_300": {"relevant": 0.0, "distractor": 0.0}, "rc_at_500": {"relevant": 0.0, "distractor": 0.0}, "rc_at_1000": {"relevant": 0.0, "distractor": 0.0}}