{"ndcg_at_1": 0.02239, "ndcg_at_3": 0.0255, "ndcg_at_5": 0.0294, "ndcg_at_10": 0.03652, "ndcg_at_20": 0.04178, "ndcg_at_100": 0.05592, "ndcg_at_200": 0.06665, "ndcg_at_300": 0.07221, "ndcg_at_500": 0.07985, "ndcg_at_1000": 0.09271, "map_at_1": 0.01772, "map_at_3": 0.02191, "map_at_5": 0.02433, "map_at_10": 0.02707, "map_at_20": 0.02838, "map_at_100": 0.03006, "map_at_200": 0.0306, "map_at_300": 0.0308, "map_at_500": 0.03098, "map_at_1000": 0.03116, "recall_at_1": 0.01772, "recall_at_3": 0.02847, "recall_at_5": 0.03842, "recall_at_10": 0.05865, "recall_at_20": 0.07824, "recall_at_100": 0.1522, "recall_at_200": 0.2229, "recall_at_300": 0.26303, "recall_at_500": 0.3229, "recall_at_1000": 0.43293, "precision_at_1": 0.02239, "precision_at_3": 0.01285, "precision_at_5": 0.0102, "precision_at_10": 0.00808, "precision_at_20": 0.00541, "precision_at_100": 0.00214, "precision_at_200": 0.00161, "precision_at_300": 0.00128, "precision_at_500": 0.00096, "precision_at_1000": 0.00066, "mrr_at_1": 0.02239, "mrr_at_3": 0.02923, "mrr_at_5": 0.03078, "mrr_at_10": 0.0351, "mrr_at_20": 0.03662, "mrr_at_100": 0.03862, "mrr_at_200": 0.03922, "mrr_at_300": 0.03939, "mrr_at_500": 0.03955, "mrr_at_1000": 0.03973, "rc_at_1": {"relevant": 0.0, "distractor": 0.0}, "rc_at_3": {"relevant": 0.0, "distractor": 0.0}, "rc_at_5": {"relevant": 0.0, "distractor": 0.0}, "rc_at_10": {"relevant": 0.0, "distractor": 0.0}, "rc_at_20": {"relevant": 0.0, "distractor": 0.0}, "rc_at_100": {"relevant": 0.0, "distractor": 0.0}, "rc_at_200": {"relevant": 0.0, "distractor": 0.0}, "rc_at_300": {"relevant": 0.0, "distractor": 0.0}, "rc_at_500": {"relevant": 0.0, "distractor": 0.0}, "rc_at_1000": {"relevant": 0.0, "distractor": 0.0}}