{"ndcg_at_1": 0.01941, "ndcg_at_3": 0.03205, "ndcg_at_5": 0.03566, "ndcg_at_10": 0.0438, "ndcg_at_20": 0.05245, "ndcg_at_100": 0.07505, "ndcg_at_200": 0.08818, "ndcg_at_300": 0.0962, "ndcg_at_500": 0.10545, "ndcg_at_1000": 0.11657, "map_at_1": 0.01693, "map_at_3": 0.02732, "map_at_5": 0.02935, "map_at_10": 0.03256, "map_at_20": 0.03491, "map_at_100": 0.03799, "map_at_200": 0.0387, "map_at_300": 0.03897, "map_at_500": 0.03919, "map_at_1000": 0.03936, "recall_at_1": 0.01693, "recall_at_3": 0.03936, "recall_at_5": 0.04815, "recall_at_10": 0.07147, "recall_at_20": 0.10278, "recall_at_100": 0.2166, "recall_at_200": 0.30234, "recall_at_300": 0.36033, "recall_at_500": 0.43297, "recall_at_1000": 0.52561, "precision_at_1": 0.01941, "precision_at_3": 0.01674, "precision_at_5": 0.01233, "precision_at_10": 0.00959, "precision_at_20": 0.00713, "precision_at_100": 0.00306, "precision_at_200": 0.00217, "precision_at_300": 0.00175, "precision_at_500": 0.00128, "precision_at_1000": 0.0008, "mrr_at_1": 0.01826, "mrr_at_3": 0.03196, "mrr_at_5": 0.03487, "mrr_at_10": 0.03895, "mrr_at_20": 0.04177, "mrr_at_100": 0.04498, "mrr_at_200": 0.04566, "mrr_at_300": 0.04594, "mrr_at_500": 0.04613, "mrr_at_1000": 0.04627, "rc_at_1": {"relevant": 0.0, "distractor": 0.0}, "rc_at_3": {"relevant": 0.0, "distractor": 0.0}, "rc_at_5": {"relevant": 0.0, "distractor": 0.0}, "rc_at_10": {"relevant": 0.0, "distractor": 0.0}, "rc_at_20": {"relevant": 0.0, "distractor": 0.0}, "rc_at_100": {"relevant": 0.0, "distractor": 0.0}, "rc_at_200": {"relevant": 0.0, "distractor": 0.0}, "rc_at_300": {"relevant": 0.0, "distractor": 0.0}, "rc_at_500": {"relevant": 0.0, "distractor": 0.0}, "rc_at_1000": {"relevant": 0.0, "distractor": 0.0}}