{"ndcg_at_1": 0.14, "ndcg_at_3": 0.12592, "ndcg_at_5": 0.10618, "ndcg_at_10": 0.08887, "ndcg_at_20": 0.07909, "ndcg_at_100": 0.05653, "ndcg_at_200": 0.04997, "ndcg_at_300": 0.04769, "ndcg_at_500": 0.04915, "ndcg_at_1000": 0.06711, "map_at_1": 0.00042, "map_at_3": 0.00083, "map_at_5": 0.001, "map_at_10": 0.0013, "map_at_20": 0.00175, "map_at_100": 0.00306, "map_at_200": 0.00404, "map_at_300": 0.00464, "map_at_500": 0.00548, "map_at_1000": 0.00698, "recall_at_1": 0.00042, "recall_at_3": 0.00102, "recall_at_5": 0.00142, "recall_at_10": 0.00234, "recall_at_20": 0.00391, "recall_at_100": 0.0132, "recall_at_200": 0.02255, "recall_at_300": 0.02985, "recall_at_500": 0.04171, "recall_at_1000": 0.06971, "precision_at_1": 0.16, "precision_at_3": 0.13333, "precision_at_5": 0.104, "precision_at_10": 0.086, "precision_at_20": 0.077, "precision_at_100": 0.055, "precision_at_200": 0.0478, "precision_at_300": 0.04327, "precision_at_500": 0.03672, "precision_at_1000": 0.03106, "mrr_at_1": 0.18, "mrr_at_3": 0.23, "mrr_at_5": 0.239, "mrr_at_10": 0.2533, "mrr_at_20": 0.25804, "mrr_at_100": 0.26793, "mrr_at_200": 0.26833, "mrr_at_300": 0.26843, "mrr_at_500": 0.26855, "mrr_at_1000": 0.26855, "rc_at_1": {"relevant": 0.0, "distractor": 0.0}, "rc_at_3": {"relevant": 0.0, "distractor": 0.0}, "rc_at_5": {"relevant": 0.0, "distractor": 0.0}, "rc_at_10": {"relevant": 0.0, "distractor": 0.0}, "rc_at_20": {"relevant": 0.0, "distractor": 0.0}, "rc_at_100": {"relevant": 0.0, "distractor": 0.0}, "rc_at_200": {"relevant": 0.0, "distractor": 0.0}, "rc_at_300": {"relevant": 0.0, "distractor": 0.0}, "rc_at_500": {"relevant": 0.0, "distractor": 0.0}, "rc_at_1000": {"relevant": 0.0, "distractor": 0.0}}