{"ndcg_at_1": 0.07585, "ndcg_at_3": 0.06398, "ndcg_at_5": 0.05758, "ndcg_at_10": 0.05597, "ndcg_at_20": 0.05393, "ndcg_at_100": 0.07473, "ndcg_at_200": 0.09332, "ndcg_at_300": 0.10712, "ndcg_at_500": 0.13002, "ndcg_at_1000": 0.17556, "map_at_1": 0.00733, "map_at_3": 0.00967, "map_at_5": 0.01076, "map_at_10": 0.01259, "map_at_20": 0.01381, "map_at_100": 0.0178, "map_at_200": 0.01968, "map_at_300": 0.02088, "map_at_500": 0.02249, "map_at_1000": 0.02527, "recall_at_1": 0.00733, "recall_at_3": 0.01159, "recall_at_5": 0.0145, "recall_at_10": 0.02474, "recall_at_20": 0.03319, "recall_at_100": 0.10682, "recall_at_200": 0.15984, "recall_at_300": 0.20334, "recall_at_500": 0.28456, "recall_at_1000": 0.45237, "precision_at_1": 0.0805, "precision_at_3": 0.06192, "precision_at_5": 0.05201, "precision_at_10": 0.04458, "precision_at_20": 0.03669, "precision_at_100": 0.02607, "precision_at_200": 0.02231, "precision_at_300": 0.02031, "precision_at_500": 0.0175, "precision_at_1000": 0.01481, "mrr_at_1": 0.0805, "mrr_at_3": 0.11146, "mrr_at_5": 0.11796, "mrr_at_10": 0.1299, "mrr_at_20": 0.13516, "mrr_at_100": 0.14194, "mrr_at_200": 0.14255, "mrr_at_300": 0.14277, "mrr_at_500": 0.14289, "mrr_at_1000": 0.14302, "rc_at_1": {"relevant": 0.0, "distractor": 0.0}, "rc_at_3": {"relevant": 0.0, "distractor": 0.0}, "rc_at_5": {"relevant": 0.0, "distractor": 0.0}, "rc_at_10": {"relevant": 0.0, "distractor": 0.0}, "rc_at_20": {"relevant": 0.0, "distractor": 0.0}, "rc_at_100": {"relevant": 0.0, "distractor": 0.0}, "rc_at_200": {"relevant": 0.0, "distractor": 0.0}, "rc_at_300": {"relevant": 0.0, "distractor": 0.0}, "rc_at_500": {"relevant": 0.0, "distractor": 0.0}, "rc_at_1000": {"relevant": 0.0, "distractor": 0.0}}