{"ndcg_at_1": 0.35669, "ndcg_at_3": 0.40337, "ndcg_at_5": 0.42332, "ndcg_at_10": 0.44629, "ndcg_at_20": 0.46327, "ndcg_at_100": 0.48987, "ndcg_at_200": 0.49748, "ndcg_at_300": 0.50176, "ndcg_at_500": 0.50599, "ndcg_at_1000": 0.51063, "map_at_1": 0.28741, "map_at_3": 0.36029, "map_at_5": 0.37682, "map_at_10": 0.38939, "map_at_20": 0.39567, "map_at_100": 0.40084, "map_at_200": 0.4015, "map_at_300": 0.40173, "map_at_500": 0.40189, "map_at_1000": 0.40204, "recall_at_1": 0.28741, "recall_at_3": 0.42864, "recall_at_5": 0.48255, "recall_at_10": 0.55317, "recall_at_20": 0.61497, "recall_at_100": 0.73666, "recall_at_200": 0.7794, "recall_at_300": 0.8076, "recall_at_500": 0.83604, "recall_at_1000": 0.86913, "precision_at_1": 0.35669, "precision_at_3": 0.19406, "precision_at_5": 0.13758, "precision_at_10": 0.08325, "precision_at_20": 0.04857, "precision_at_100": 0.01325, "precision_at_200": 0.00736, "precision_at_300": 0.00518, "precision_at_500": 0.00331, "precision_at_1000": 0.00179, "mrr_at_1": 0.35669, "mrr_at_3": 0.42272, "mrr_at_5": 0.43568, "mrr_at_10": 0.44518, "mrr_at_20": 0.4497, "mrr_at_100": 0.4523, "mrr_at_200": 0.45255, "mrr_at_300": 0.45266, "mrr_at_500": 0.45272, "mrr_at_1000": 0.45275, "rc_at_1": {"relevant": 0.0, "distractor": 0.0}, "rc_at_3": {"relevant": 0.0, "distractor": 0.0}, "rc_at_5": {"relevant": 0.0, "distractor": 0.0}, "rc_at_10": {"relevant": 0.0, "distractor": 0.0}, "rc_at_20": {"relevant": 0.0, "distractor": 0.0}, "rc_at_100": {"relevant": 0.0, "distractor": 0.0}, "rc_at_200": {"relevant": 0.0, "distractor": 0.0}, "rc_at_300": {"relevant": 0.0, "distractor": 0.0}, "rc_at_500": {"relevant": 0.0, "distractor": 0.0}, "rc_at_1000": {"relevant": 0.0, "distractor": 0.0}}