{"ndcg_at_1": 0.04338, "ndcg_at_3": 0.06187, "ndcg_at_5": 0.07166, "ndcg_at_10": 0.08292, "ndcg_at_20": 0.09233, "ndcg_at_100": 0.11703, "ndcg_at_200": 0.12932, "ndcg_at_300": 0.13484, "ndcg_at_500": 0.14332, "ndcg_at_1000": 0.15458, "map_at_1": 0.03484, "map_at_3": 0.05266, "map_at_5": 0.05819, "map_at_10": 0.06273, "map_at_20": 0.06525, "map_at_100": 0.0684, "map_at_200": 0.06905, "map_at_300": 0.06924, "map_at_500": 0.06947, "map_at_1000": 0.06966, "recall_at_1": 0.03484, "recall_at_3": 0.07489, "recall_at_5": 0.09858, "recall_at_10": 0.13146, "recall_at_20": 0.16604, "recall_at_100": 0.2917, "recall_at_200": 0.37195, "recall_at_300": 0.41138, "recall_at_500": 0.47562, "recall_at_1000": 0.56938, "precision_at_1": 0.04338, "precision_at_3": 0.03044, "precision_at_5": 0.02489, "precision_at_10": 0.01758, "precision_at_20": 0.01142, "precision_at_100": 0.00425, "precision_at_200": 0.00276, "precision_at_300": 0.00205, "precision_at_500": 0.00147, "precision_at_1000": 0.00091, "mrr_at_1": 0.04452, "mrr_at_3": 0.06374, "mrr_at_5": 0.0707, "mrr_at_10": 0.07661, "mrr_at_20": 0.07964, "mrr_at_100": 0.08312, "mrr_at_200": 0.08379, "mrr_at_300": 0.08395, "mrr_at_500": 0.08413, "mrr_at_1000": 0.08425, "rc_at_1": {"relevant": 0.0, "distractor": 0.0}, "rc_at_3": {"relevant": 0.0, "distractor": 0.0}, "rc_at_5": {"relevant": 0.0, "distractor": 0.0}, "rc_at_10": {"relevant": 0.0, "distractor": 0.0}, "rc_at_20": {"relevant": 0.0, "distractor": 0.0}, "rc_at_100": {"relevant": 0.0, "distractor": 0.0}, "rc_at_200": {"relevant": 0.0, "distractor": 0.0}, "rc_at_300": {"relevant": 0.0, "distractor": 0.0}, "rc_at_500": {"relevant": 0.0, "distractor": 0.0}, "rc_at_1000": {"relevant": 0.0, "distractor": 0.0}}