{"ndcg_at_1": 0.09049, "ndcg_at_3": 0.1064, "ndcg_at_5": 0.11278, "ndcg_at_10": 0.12109, "ndcg_at_20": 0.13235, "ndcg_at_100": 0.15656, "ndcg_at_200": 0.16529, "ndcg_at_300": 0.17157, "ndcg_at_500": 0.17731, "ndcg_at_1000": 0.18654, "map_at_1": 0.08281, "map_at_3": 0.09904, "map_at_5": 0.10269, "map_at_10": 0.10618, "map_at_20": 0.10915, "map_at_100": 0.11217, "map_at_200": 0.11263, "map_at_300": 0.11285, "map_at_500": 0.11298, "map_at_1000": 0.11312, "recall_at_1": 0.08281, "recall_at_3": 0.11751, "recall_at_5": 0.13281, "recall_at_10": 0.15791, "recall_at_20": 0.20165, "recall_at_100": 0.32811, "recall_at_200": 0.38682, "recall_at_300": 0.43367, "recall_at_500": 0.47877, "recall_at_1000": 0.56058, "precision_at_1": 0.09049, "precision_at_3": 0.04294, "precision_at_5": 0.02975, "precision_at_10": 0.0181, "precision_at_20": 0.01173, "precision_at_100": 0.00405, "precision_at_200": 0.00243, "precision_at_300": 0.00183, "precision_at_500": 0.00123, "precision_at_1000": 0.00073, "mrr_at_1": 0.08742, "mrr_at_3": 0.10787, "mrr_at_5": 0.11071, "mrr_at_10": 0.11406, "mrr_at_20": 0.1179, "mrr_at_100": 0.12147, "mrr_at_200": 0.12187, "mrr_at_300": 0.1221, "mrr_at_500": 0.12222, "mrr_at_1000": 0.12232, "rc_at_1": {"relevant": 0.0, "distractor": 0.0}, "rc_at_3": {"relevant": 0.0, "distractor": 0.0}, "rc_at_5": {"relevant": 0.0, "distractor": 0.0}, "rc_at_10": {"relevant": 0.0, "distractor": 0.0}, "rc_at_20": {"relevant": 0.0, "distractor": 0.0}, "rc_at_100": {"relevant": 0.0, "distractor": 0.0}, "rc_at_200": {"relevant": 0.0, "distractor": 0.0}, "rc_at_300": {"relevant": 0.0, "distractor": 0.0}, "rc_at_500": {"relevant": 0.0, "distractor": 0.0}, "rc_at_1000": {"relevant": 0.0, "distractor": 0.0}}