{"ndcg_at_1": 0.4, "ndcg_at_3": 0.29832, "ndcg_at_5": 0.25274, "ndcg_at_10": 0.19224, "ndcg_at_20": 0.21871, "ndcg_at_100": 0.27122, "ndcg_at_200": 0.29317, "ndcg_at_300": 0.30281, "ndcg_at_500": 0.31359, "ndcg_at_1000": 0.32765, "map_at_1": 0.04, "map_at_3": 0.0697, "map_at_5": 0.08433, "map_at_10": 0.09946, "map_at_20": 0.11291, "map_at_100": 0.12476, "map_at_200": 0.12724, "map_at_300": 0.12801, "map_at_500": 0.12871, "map_at_1000": 0.12919, "recall_at_1": 0.04, "recall_at_3": 0.08, "recall_at_5": 0.10727, "recall_at_10": 0.14727, "recall_at_20": 0.19455, "recall_at_100": 0.32545, "recall_at_200": 0.39636, "recall_at_300": 0.43091, "recall_at_500": 0.47273, "recall_at_1000": 0.53273, "precision_at_1": 0.4, "precision_at_3": 0.26667, "precision_at_5": 0.21455, "precision_at_10": 0.14727, "precision_at_20": 0.09727, "precision_at_100": 0.03255, "precision_at_200": 0.01982, "precision_at_300": 0.01436, "precision_at_500": 0.00945, "precision_at_1000": 0.00533, "mrr_at_1": 0.4, "mrr_at_3": 0.47576, "mrr_at_5": 0.48758, "mrr_at_10": 0.50061, "mrr_at_20": 0.50319, "mrr_at_100": 0.505, "mrr_at_200": 0.50516, "mrr_at_300": 0.50516, "mrr_at_500": 0.5052, "mrr_at_1000": 0.50524, "rc_at_1": {"relevant": 0.4, "distractor": 0.41818}, "rc_at_3": {"relevant": 0.8, "distractor": 1.38182}, "rc_at_5": {"relevant": 1.10909, "distractor": 2.09091}, "rc_at_10": {"relevant": 1.56364, "distractor": 3.90909}, "rc_at_20": {"relevant": 1.98182, "distractor": 6.70909}, "rc_at_100": {"relevant": 3.27273, "distractor": 16.45455}, "rc_at_200": {"relevant": 4.03636, "distractor": 21.23636}, "rc_at_300": {"relevant": 4.36364, "distractor": 24.49091}, "rc_at_500": {"relevant": 4.76364, "distractor": 29.50909}, "rc_at_1000": {"relevant": 5.32727, "distractor": 35.83636}}