{"ndcg_at_1": 0.35385, "ndcg_at_3": 0.29764, "ndcg_at_5": 0.27011, "ndcg_at_10": 0.22448, "ndcg_at_20": 0.27491, "ndcg_at_100": 0.33502, "ndcg_at_200": 0.36465, "ndcg_at_300": 0.37871, "ndcg_at_500": 0.39218, "ndcg_at_1000": 0.40688, "map_at_1": 0.03538, "map_at_3": 0.07077, "map_at_5": 0.09208, "map_at_10": 0.12197, "map_at_20": 0.14405, "map_at_100": 0.16048, "map_at_200": 0.16472, "map_at_300": 0.16603, "map_at_500": 0.16689, "map_at_1000": 0.1675, "recall_at_1": 0.03538, "recall_at_3": 0.08462, "recall_at_5": 0.12462, "recall_at_10": 0.19385, "recall_at_20": 0.28615, "recall_at_100": 0.43538, "recall_at_200": 0.53077, "recall_at_300": 0.58154, "recall_at_500": 0.63385, "recall_at_1000": 0.69692, "precision_at_1": 0.35385, "precision_at_3": 0.28205, "precision_at_5": 0.24923, "precision_at_10": 0.19385, "precision_at_20": 0.14308, "precision_at_100": 0.04354, "precision_at_200": 0.02654, "precision_at_300": 0.01938, "precision_at_500": 0.01268, "precision_at_1000": 0.00697, "mrr_at_1": 0.35385, "mrr_at_3": 0.4359, "mrr_at_5": 0.45513, "mrr_at_10": 0.4729, "mrr_at_20": 0.47974, "mrr_at_100": 0.48179, "mrr_at_200": 0.48193, "mrr_at_300": 0.48193, "mrr_at_500": 0.48197, "mrr_at_1000": 0.48197, "rc_at_1": {"relevant": 0.35385, "distractor": 0.55385}, "rc_at_3": {"relevant": 0.84615, "distractor": 1.87692}, "rc_at_5": {"relevant": 1.24615, "distractor": 3.16923}, "rc_at_10": {"relevant": 1.93846, "distractor": 6.38462}, "rc_at_20": {"relevant": 2.86154, "distractor": 11.83077}, "rc_at_100": {"relevant": 4.35385, "distractor": 37.46154}, "rc_at_200": {"relevant": 5.30769, "distractor": 48.81538}, "rc_at_300": {"relevant": 5.81538, "distractor": 54.72308}, "rc_at_500": {"relevant": 6.33846, "distractor": 60.58462}, "rc_at_1000": {"relevant": 6.96923, "distractor": 68.13846}}