{"ndcg_at_1": 0.38462, "ndcg_at_3": 0.33468, "ndcg_at_5": 0.30766, "ndcg_at_10": 0.25138, "ndcg_at_20": 0.3048, "ndcg_at_100": 0.48936, "ndcg_at_200": 0.53749, "ndcg_at_300": 0.5431, "ndcg_at_500": 0.54738, "ndcg_at_1000": 0.54918, "map_at_1": 0.03846, "map_at_3": 0.08051, "map_at_5": 0.10705, "map_at_10": 0.14243, "map_at_20": 0.16613, "map_at_100": 0.22069, "map_at_200": 0.2307, "map_at_300": 0.23147, "map_at_500": 0.23182, "map_at_1000": 0.23193, "recall_at_1": 0.03846, "recall_at_3": 0.09692, "recall_at_5": 0.14462, "recall_at_10": 0.21692, "recall_at_20": 0.31231, "recall_at_100": 0.79231, "recall_at_200": 0.94462, "recall_at_300": 0.96462, "recall_at_500": 0.98154, "recall_at_1000": 0.98923, "precision_at_1": 0.38462, "precision_at_3": 0.32308, "precision_at_5": 0.28923, "precision_at_10": 0.21692, "precision_at_20": 0.15615, "precision_at_100": 0.07923, "precision_at_200": 0.04723, "precision_at_300": 0.03215, "precision_at_500": 0.01963, "precision_at_1000": 0.00989, "mrr_at_1": 0.38462, "mrr_at_3": 0.47692, "mrr_at_5": 0.49615, "mrr_at_10": 0.51068, "mrr_at_20": 0.51879, "mrr_at_100": 0.52129, "mrr_at_200": 0.52129, "mrr_at_300": 0.52129, "mrr_at_500": 0.52129, "mrr_at_1000": 0.52129, "rc_at_1": {"relevant": 0.38462, "distractor": 0.61538}, "rc_at_3": {"relevant": 0.96923, "distractor": 2.03077}, "rc_at_5": {"relevant": 1.44615, "distractor": 3.55385}, "rc_at_10": {"relevant": 2.16923, "distractor": 7.76923}, "rc_at_20": {"relevant": 3.12308, "distractor": 16.63077}, "rc_at_100": {"relevant": 7.92308, "distractor": 83.01538}, "rc_at_200": {"relevant": 9.44615, "distractor": 94.55385}, "rc_at_300": {"relevant": 9.64615, "distractor": 96.09231}, "rc_at_500": {"relevant": 9.81538, "distractor": 97.24615}, "rc_at_1000": {"relevant": 9.89231, "distractor": 98.13846}}