{"ndcg_at_1": 0.78785, "ndcg_at_3": 0.61235, "ndcg_at_5": 0.63334, "ndcg_at_10": 0.65103, "ndcg_at_20": 0.6629, "ndcg_at_100": 0.67898, "ndcg_at_200": 0.6836, "ndcg_at_300": 0.68606, "ndcg_at_500": 0.6889, "ndcg_at_1000": 0.69208, "map_at_1": 0.39392, "map_at_3": 0.53354, "map_at_5": 0.55015, "map_at_10": 0.56047, "map_at_20": 0.56517, "map_at_100": 0.56838, "map_at_200": 0.56874, "map_at_300": 0.56886, "map_at_500": 0.56896, "map_at_1000": 0.56903, "recall_at_1": 0.39392, "recall_at_3": 0.57009, "recall_at_5": 0.61155, "recall_at_10": 0.65611, "recall_at_20": 0.69419, "recall_at_100": 0.76556, "recall_at_200": 0.79251, "recall_at_300": 0.80844, "recall_at_500": 0.82836, "recall_at_1000": 0.85287, "precision_at_1": 0.78785, "precision_at_3": 0.38006, "precision_at_5": 0.24462, "precision_at_10": 0.13122, "precision_at_20": 0.06942, "precision_at_100": 0.01531, "precision_at_200": 0.00793, "precision_at_300": 0.00539, "precision_at_500": 0.00331, "precision_at_1000": 0.00171, "mrr_at_1": 0.78785, "mrr_at_3": 0.83183, "mrr_at_5": 0.83667, "mrr_at_10": 0.83987, "mrr_at_20": 0.84123, "mrr_at_100": 0.84188, "mrr_at_200": 0.84194, "mrr_at_300": 0.84195, "mrr_at_500": 0.84196, "mrr_at_1000": 0.84197, "rc_at_1": {"relevant": 0.0, "distractor": 0.0}, "rc_at_3": {"relevant": 0.0, "distractor": 0.0}, "rc_at_5": {"relevant": 0.0, "distractor": 0.0}, "rc_at_10": {"relevant": 0.0, "distractor": 0.0}, "rc_at_20": {"relevant": 0.0, "distractor": 0.0}, "rc_at_100": {"relevant": 0.0, "distractor": 0.0}, "rc_at_200": {"relevant": 0.0, "distractor": 0.0}, "rc_at_300": {"relevant": 0.0, "distractor": 0.0}, "rc_at_500": {"relevant": 0.0, "distractor": 0.0}, "rc_at_1000": {"relevant": 0.0, "distractor": 0.0}}