{"ndcg_at_1": 0.24928, "ndcg_at_3": 0.29164, "ndcg_at_5": 0.3091, "ndcg_at_10": 0.33048, "ndcg_at_20": 0.34818, "ndcg_at_100": 0.38105, "ndcg_at_200": 0.39068, "ndcg_at_300": 0.39588, "ndcg_at_500": 0.40161, "ndcg_at_1000": 0.40806, "map_at_1": 0.20623, "map_at_3": 0.26041, "map_at_5": 0.27346, "map_at_10": 0.28351, "map_at_20": 0.28879, "map_at_100": 0.29412, "map_at_200": 0.29476, "map_at_300": 0.29499, "map_at_500": 0.29517, "map_at_1000": 0.29529, "recall_at_1": 0.20623, "recall_at_3": 0.31353, "recall_at_5": 0.3606, "recall_at_10": 0.42735, "recall_at_20": 0.49231, "recall_at_100": 0.64885, "recall_at_200": 0.70886, "recall_at_300": 0.74411, "recall_at_500": 0.78568, "recall_at_1000": 0.8368, "precision_at_1": 0.24928, "precision_at_3": 0.1402, "precision_at_5": 0.09933, "precision_at_10": 0.05987, "precision_at_20": 0.03527, "precision_at_100": 0.01004, "precision_at_200": 0.00561, "precision_at_300": 0.00398, "precision_at_500": 0.00257, "precision_at_1000": 0.00141, "mrr_at_1": 0.2512, "mrr_at_3": 0.30606, "mrr_at_5": 0.31853, "mrr_at_10": 0.32892, "mrr_at_20": 0.3337, "mrr_at_100": 0.3373, "mrr_at_200": 0.33767, "mrr_at_300": 0.33778, "mrr_at_500": 0.33788, "mrr_at_1000": 0.33794, "rc_at_1": {"relevant": 0.0, "distractor": 0.0}, "rc_at_3": {"relevant": 0.0, "distractor": 0.0}, "rc_at_5": {"relevant": 0.0, "distractor": 0.0}, "rc_at_10": {"relevant": 0.0, "distractor": 0.0}, "rc_at_20": {"relevant": 0.0, "distractor": 0.0}, "rc_at_100": {"relevant": 0.0, "distractor": 0.0}, "rc_at_200": {"relevant": 0.0, "distractor": 0.0}, "rc_at_300": {"relevant": 0.0, "distractor": 0.0}, "rc_at_500": {"relevant": 0.0, "distractor": 0.0}, "rc_at_1000": {"relevant": 0.0, "distractor": 0.0}}