{"ndcg_at_1": 0.25799, "ndcg_at_3": 0.30174, "ndcg_at_5": 0.3161, "ndcg_at_10": 0.33635, "ndcg_at_20": 0.35802, "ndcg_at_100": 0.39323, "ndcg_at_200": 0.40104, "ndcg_at_300": 0.40696, "ndcg_at_500": 0.41421, "ndcg_at_1000": 0.42098, "map_at_1": 0.20758, "map_at_3": 0.26726, "map_at_5": 0.27852, "map_at_10": 0.28826, "map_at_20": 0.29527, "map_at_100": 0.30113, "map_at_200": 0.3017, "map_at_300": 0.30194, "map_at_500": 0.30214, "map_at_1000": 0.30227, "recall_at_1": 0.20758, "recall_at_3": 0.33162, "recall_at_5": 0.37246, "recall_at_10": 0.43398, "recall_at_20": 0.51247, "recall_at_100": 0.67866, "recall_at_200": 0.72528, "recall_at_300": 0.7666, "recall_at_500": 0.82174, "recall_at_1000": 0.87594, "precision_at_1": 0.25799, "precision_at_3": 0.14422, "precision_at_5": 0.10046, "precision_at_10": 0.06016, "precision_at_20": 0.03642, "precision_at_100": 0.01032, "precision_at_200": 0.00569, "precision_at_300": 0.00404, "precision_at_500": 0.00262, "precision_at_1000": 0.00143, "mrr_at_1": 0.25799, "mrr_at_3": 0.31716, "mrr_at_5": 0.32789, "mrr_at_10": 0.33698, "mrr_at_20": 0.34206, "mrr_at_100": 0.34623, "mrr_at_200": 0.34651, "mrr_at_300": 0.34667, "mrr_at_500": 0.34681, "mrr_at_1000": 0.34687, "rc_at_1": {"relevant": 0.0, "distractor": 0.0}, "rc_at_3": {"relevant": 0.0, "distractor": 0.0}, "rc_at_5": {"relevant": 0.0, "distractor": 0.0}, "rc_at_10": {"relevant": 0.0, "distractor": 0.0}, "rc_at_20": {"relevant": 0.0, "distractor": 0.0}, "rc_at_100": {"relevant": 0.0, "distractor": 0.0}, "rc_at_200": {"relevant": 0.0, "distractor": 0.0}, "rc_at_300": {"relevant": 0.0, "distractor": 0.0}, "rc_at_500": {"relevant": 0.0, "distractor": 0.0}, "rc_at_1000": {"relevant": 0.0, "distractor": 0.0}}