{"ndcg_at_1": 0.43636, "ndcg_at_3": 0.33245, "ndcg_at_5": 0.30131, "ndcg_at_10": 0.23827, "ndcg_at_20": 0.30926, "ndcg_at_100": 0.47769, "ndcg_at_200": 0.4974, "ndcg_at_300": 0.50693, "ndcg_at_500": 0.51632, "ndcg_at_1000": 0.52259, "map_at_1": 0.04364, "map_at_3": 0.07818, "map_at_5": 0.10282, "map_at_10": 0.12794, "map_at_20": 0.16219, "map_at_100": 0.21822, "map_at_200": 0.2216, "map_at_300": 0.22266, "map_at_500": 0.22343, "map_at_1000": 0.22369, "recall_at_1": 0.04364, "recall_at_3": 0.09091, "recall_at_5": 0.13455, "recall_at_10": 0.19455, "recall_at_20": 0.32182, "recall_at_100": 0.74364, "recall_at_200": 0.80727, "recall_at_300": 0.84182, "recall_at_500": 0.87818, "recall_at_1000": 0.90545, "precision_at_1": 0.43636, "precision_at_3": 0.30303, "precision_at_5": 0.26909, "precision_at_10": 0.19455, "precision_at_20": 0.16091, "precision_at_100": 0.07436, "precision_at_200": 0.04036, "precision_at_300": 0.02806, "precision_at_500": 0.01756, "precision_at_1000": 0.00905, "mrr_at_1": 0.43636, "mrr_at_3": 0.52121, "mrr_at_5": 0.54576, "mrr_at_10": 0.56022, "mrr_at_20": 0.56586, "mrr_at_100": 0.56653, "mrr_at_200": 0.56695, "mrr_at_300": 0.56695, "mrr_at_500": 0.56695, "mrr_at_1000": 0.56695, "rc_at_1": {"relevant": 0.43636, "distractor": 0.56364}, "rc_at_3": {"relevant": 0.90909, "distractor": 2.09091}, "rc_at_5": {"relevant": 1.34545, "distractor": 3.65455}, "rc_at_10": {"relevant": 1.94545, "distractor": 7.92727}, "rc_at_20": {"relevant": 3.21818, "distractor": 16.18182}, "rc_at_100": {"relevant": 7.43636, "distractor": 63.61818}, "rc_at_200": {"relevant": 8.07273, "distractor": 74.8}, "rc_at_300": {"relevant": 8.41818, "distractor": 78.52727}, "rc_at_500": {"relevant": 8.78182, "distractor": 82.43636}, "rc_at_1000": {"relevant": 9.05455, "distractor": 87.36364}}