{"ndcg_at_1": 0.14706, "ndcg_at_3": 0.11214, "ndcg_at_5": 0.10208, "ndcg_at_10": 0.09464, "ndcg_at_20": 0.09079, "ndcg_at_100": 0.10629, "ndcg_at_200": 0.12423, "ndcg_at_300": 0.13798, "ndcg_at_500": 0.16285, "ndcg_at_1000": 0.20565, "map_at_1": 0.009, "map_at_3": 0.01418, "map_at_5": 0.01754, "map_at_10": 0.02121, "map_at_20": 0.02434, "map_at_100": 0.02992, "map_at_200": 0.03217, "map_at_300": 0.03346, "map_at_500": 0.03528, "map_at_1000": 0.03808, "recall_at_1": 0.009, "recall_at_3": 0.01849, "recall_at_5": 0.02753, "recall_at_10": 0.03992, "recall_at_20": 0.05923, "recall_at_100": 0.14276, "recall_at_200": 0.19849, "recall_at_300": 0.24189, "recall_at_500": 0.32924, "recall_at_1000": 0.48469, "precision_at_1": 0.1548, "precision_at_3": 0.10836, "precision_at_5": 0.0904, "precision_at_10": 0.07461, "precision_at_20": 0.05851, "precision_at_100": 0.03294, "precision_at_200": 0.02608, "precision_at_300": 0.02266, "precision_at_500": 0.01924, "precision_at_1000": 0.01551, "mrr_at_1": 0.1548, "mrr_at_3": 0.1904, "mrr_at_5": 0.20325, "mrr_at_10": 0.21338, "mrr_at_20": 0.21929, "mrr_at_100": 0.22453, "mrr_at_200": 0.22524, "mrr_at_300": 0.22545, "mrr_at_500": 0.22558, "mrr_at_1000": 0.22569, "rc_at_1": {"relevant": 0.0, "distractor": 0.0}, "rc_at_3": {"relevant": 0.0, "distractor": 0.0}, "rc_at_5": {"relevant": 0.0, "distractor": 0.0}, "rc_at_10": {"relevant": 0.0, "distractor": 0.0}, "rc_at_20": {"relevant": 0.0, "distractor": 0.0}, "rc_at_100": {"relevant": 0.0, "distractor": 0.0}, "rc_at_200": {"relevant": 0.0, "distractor": 0.0}, "rc_at_300": {"relevant": 0.0, "distractor": 0.0}, "rc_at_500": {"relevant": 0.0, "distractor": 0.0}, "rc_at_1000": {"relevant": 0.0, "distractor": 0.0}}