{"ndcg_at_1": 0.12438, "ndcg_at_3": 0.15738, "ndcg_at_5": 0.17273, "ndcg_at_10": 0.20143, "ndcg_at_20": 0.22237, "ndcg_at_100": 0.26283, "ndcg_at_200": 0.27768, "ndcg_at_300": 0.28506, "ndcg_at_500": 0.29298, "ndcg_at_1000": 0.30141, "map_at_1": 0.10361, "map_at_3": 0.13817, "map_at_5": 0.14716, "map_at_10": 0.16015, "map_at_20": 0.16607, "map_at_100": 0.17189, "map_at_200": 0.17281, "map_at_300": 0.17311, "map_at_500": 0.17332, "map_at_1000": 0.17347, "recall_at_1": 0.10361, "recall_at_3": 0.18111, "recall_at_5": 0.21958, "recall_at_10": 0.3011, "recall_at_20": 0.37713, "recall_at_100": 0.578, "recall_at_200": 0.67302, "recall_at_300": 0.72557, "recall_at_500": 0.78636, "recall_at_1000": 0.85501, "precision_at_1": 0.12438, "precision_at_3": 0.07587, "precision_at_5": 0.05622, "precision_at_10": 0.0403, "precision_at_20": 0.02575, "precision_at_100": 0.00831, "precision_at_200": 0.00494, "precision_at_300": 0.00357, "precision_at_500": 0.00234, "precision_at_1000": 0.00131, "mrr_at_1": 0.12438, "mrr_at_3": 0.16459, "mrr_at_5": 0.17529, "mrr_at_10": 0.18753, "mrr_at_20": 0.19345, "mrr_at_100": 0.19854, "mrr_at_200": 0.19915, "mrr_at_300": 0.19935, "mrr_at_500": 0.1995, "mrr_at_1000": 0.19959, "rc_at_1": {"relevant": 0.0, "distractor": 0.0}, "rc_at_3": {"relevant": 0.0, "distractor": 0.0}, "rc_at_5": {"relevant": 0.0, "distractor": 0.0}, "rc_at_10": {"relevant": 0.0, "distractor": 0.0}, "rc_at_20": {"relevant": 0.0, "distractor": 0.0}, "rc_at_100": {"relevant": 0.0, "distractor": 0.0}, "rc_at_200": {"relevant": 0.0, "distractor": 0.0}, "rc_at_300": {"relevant": 0.0, "distractor": 0.0}, "rc_at_500": {"relevant": 0.0, "distractor": 0.0}, "rc_at_1000": {"relevant": 0.0, "distractor": 0.0}}