{"ndcg_at_1": 0.34, "ndcg_at_3": 0.2805, "ndcg_at_5": 0.26444, "ndcg_at_10": 0.22903, "ndcg_at_20": 0.1999, "ndcg_at_100": 0.13784, "ndcg_at_200": 0.11939, "ndcg_at_300": 0.11139, "ndcg_at_500": 0.10812, "ndcg_at_1000": 0.13044, "map_at_1": 0.00085, "map_at_3": 0.00169, "map_at_5": 0.0023, "map_at_10": 0.00327, "map_at_20": 0.00466, "map_at_100": 0.01014, "map_at_200": 0.0141, "map_at_300": 0.01669, "map_at_500": 0.01966, "map_at_1000": 0.0236, "recall_at_1": 0.00085, "recall_at_3": 0.00189, "recall_at_5": 0.0029, "recall_at_10": 0.00459, "recall_at_20": 0.00784, "recall_at_100": 0.02723, "recall_at_200": 0.04781, "recall_at_300": 0.06323, "recall_at_500": 0.08417, "recall_at_1000": 0.12488, "precision_at_1": 0.34, "precision_at_3": 0.27333, "precision_at_5": 0.264, "precision_at_10": 0.222, "precision_at_20": 0.193, "precision_at_100": 0.1324, "precision_at_200": 0.1142, "precision_at_300": 0.10113, "precision_at_500": 0.08172, "precision_at_1000": 0.06072, "mrr_at_1": 0.32, "mrr_at_3": 0.37667, "mrr_at_5": 0.41467, "mrr_at_10": 0.42238, "mrr_at_20": 0.43076, "mrr_at_100": 0.43309, "mrr_at_200": 0.43353, "mrr_at_300": 0.43363, "mrr_at_500": 0.43363, "mrr_at_1000": 0.43366, "rc_at_1": {"relevant": 0.0, "distractor": 0.0}, "rc_at_3": {"relevant": 0.0, "distractor": 0.0}, "rc_at_5": {"relevant": 0.0, "distractor": 0.0}, "rc_at_10": {"relevant": 0.0, "distractor": 0.0}, "rc_at_20": {"relevant": 0.0, "distractor": 0.0}, "rc_at_100": {"relevant": 0.0, "distractor": 0.0}, "rc_at_200": {"relevant": 0.0, "distractor": 0.0}, "rc_at_300": {"relevant": 0.0, "distractor": 0.0}, "rc_at_500": {"relevant": 0.0, "distractor": 0.0}, "rc_at_1000": {"relevant": 0.0, "distractor": 0.0}}