{"ndcg_at_1": 0.34545, "ndcg_at_3": 0.28867, "ndcg_at_5": 0.2649, "ndcg_at_10": 0.21682, "ndcg_at_20": 0.28019, "ndcg_at_100": 0.45002, "ndcg_at_200": 0.48387, "ndcg_at_300": 0.49397, "ndcg_at_500": 0.49957, "ndcg_at_1000": 0.50632, "map_at_1": 0.03455, "map_at_3": 0.07091, "map_at_5": 0.09627, "map_at_10": 0.11545, "map_at_20": 0.14349, "map_at_100": 0.20144, "map_at_200": 0.20762, "map_at_300": 0.20885, "map_at_500": 0.20923, "map_at_1000": 0.20952, "recall_at_1": 0.03455, "recall_at_3": 0.08182, "recall_at_5": 0.12182, "recall_at_10": 0.18545, "recall_at_20": 0.30182, "recall_at_100": 0.72, "recall_at_200": 0.82909, "recall_at_300": 0.86545, "recall_at_500": 0.88727, "recall_at_1000": 0.91636, "precision_at_1": 0.34545, "precision_at_3": 0.27273, "precision_at_5": 0.24364, "precision_at_10": 0.18545, "precision_at_20": 0.15091, "precision_at_100": 0.072, "precision_at_200": 0.04145, "precision_at_300": 0.02885, "precision_at_500": 0.01775, "precision_at_1000": 0.00916, "mrr_at_1": 0.34545, "mrr_at_3": 0.42424, "mrr_at_5": 0.44515, "mrr_at_10": 0.47239, "mrr_at_20": 0.4795, "mrr_at_100": 0.48195, "mrr_at_200": 0.48195, "mrr_at_300": 0.48195, "mrr_at_500": 0.482, "mrr_at_1000": 0.482, "rc_at_1": {"relevant": 0.34545, "distractor": 0.65455}, "rc_at_3": {"relevant": 0.81818, "distractor": 2.14545}, "rc_at_5": {"relevant": 1.21818, "distractor": 3.69091}, "rc_at_10": {"relevant": 1.85455, "distractor": 7.85455}, "rc_at_20": {"relevant": 3.01818, "distractor": 16.12727}, "rc_at_100": {"relevant": 7.2, "distractor": 61.65455}, "rc_at_200": {"relevant": 8.29091, "distractor": 74.21818}, "rc_at_300": {"relevant": 8.65455, "distractor": 78.18182}, "rc_at_500": {"relevant": 8.87273, "distractor": 82.12727}, "rc_at_1000": {"relevant": 9.16364, "distractor": 87.05455}}