{"ndcg_at_1": 0.31465, "ndcg_at_3": 0.3629, "ndcg_at_5": 0.38174, "ndcg_at_10": 0.41139, "ndcg_at_20": 0.43091, "ndcg_at_100": 0.46343, "ndcg_at_200": 0.47272, "ndcg_at_300": 0.47686, "ndcg_at_500": 0.48129, "ndcg_at_1000": 0.4858, "map_at_1": 0.24756, "map_at_3": 0.31702, "map_at_5": 0.33224, "map_at_10": 0.34828, "map_at_20": 0.35602, "map_at_100": 0.36271, "map_at_200": 0.36357, "map_at_300": 0.36385, "map_at_500": 0.36405, "map_at_1000": 0.36419, "recall_at_1": 0.24756, "recall_at_3": 0.38599, "recall_at_5": 0.44038, "recall_at_10": 0.52843, "recall_at_20": 0.59881, "recall_at_100": 0.74993, "recall_at_200": 0.80345, "recall_at_300": 0.8293, "recall_at_500": 0.85886, "recall_at_1000": 0.89054, "precision_at_1": 0.31465, "precision_at_3": 0.18047, "precision_at_5": 0.12866, "precision_at_10": 0.08274, "precision_at_20": 0.04997, "precision_at_100": 0.01447, "precision_at_200": 0.0081, "precision_at_300": 0.00571, "precision_at_500": 0.00365, "precision_at_1000": 0.00196, "mrr_at_1": 0.31465, "mrr_at_3": 0.38291, "mrr_at_5": 0.39613, "mrr_at_10": 0.40838, "mrr_at_20": 0.41255, "mrr_at_100": 0.41593, "mrr_at_200": 0.41624, "mrr_at_300": 0.41632, "mrr_at_500": 0.41639, "mrr_at_1000": 0.41642, "rc_at_1": {"relevant": 0.0, "distractor": 0.0}, "rc_at_3": {"relevant": 0.0, "distractor": 0.0}, "rc_at_5": {"relevant": 0.0, "distractor": 0.0}, "rc_at_10": {"relevant": 0.0, "distractor": 0.0}, "rc_at_20": {"relevant": 0.0, "distractor": 0.0}, "rc_at_100": {"relevant": 0.0, "distractor": 0.0}, "rc_at_200": {"relevant": 0.0, "distractor": 0.0}, "rc_at_300": {"relevant": 0.0, "distractor": 0.0}, "rc_at_500": {"relevant": 0.0, "distractor": 0.0}, "rc_at_1000": {"relevant": 0.0, "distractor": 0.0}}