{"ndcg_at_1": 0.30612, "ndcg_at_3": 0.20148, "ndcg_at_5": 0.1794, "ndcg_at_10": 0.18683, "ndcg_at_20": 0.19491, "ndcg_at_100": 0.26052, "ndcg_at_200": 0.29725, "ndcg_at_300": 0.31774, "ndcg_at_500": 0.34311, "ndcg_at_1000": 0.3711, "map_at_1": 0.02621, "map_at_3": 0.04212, "map_at_5": 0.04791, "map_at_10": 0.06926, "map_at_20": 0.0854, "map_at_100": 0.1008, "map_at_200": 0.10603, "map_at_300": 0.1081, "map_at_500": 0.11053, "map_at_1000": 0.11217, "recall_at_1": 0.02621, "recall_at_3": 0.04615, "recall_at_5": 0.05914, "recall_at_10": 0.1193, "recall_at_20": 0.1758, "recall_at_100": 0.31527, "recall_at_200": 0.41201, "recall_at_300": 0.47264, "recall_at_500": 0.54722, "recall_at_1000": 0.64509, "precision_at_1": 0.32653, "precision_at_3": 0.18367, "precision_at_5": 0.1551, "precision_at_10": 0.16122, "precision_at_20": 0.12347, "precision_at_100": 0.0498, "precision_at_200": 0.03449, "precision_at_300": 0.02694, "precision_at_500": 0.01959, "precision_at_1000": 0.01198, "mrr_at_1": 0.32653, "mrr_at_3": 0.37755, "mrr_at_5": 0.40306, "mrr_at_10": 0.42083, "mrr_at_20": 0.42631, "mrr_at_100": 0.4319, "mrr_at_200": 0.4319, "mrr_at_300": 0.43197, "mrr_at_500": 0.43197, "mrr_at_1000": 0.43197, "rc_at_1": {"relevant": 0.0, "distractor": 0.0}, "rc_at_3": {"relevant": 0.0, "distractor": 0.0}, "rc_at_5": {"relevant": 0.0, "distractor": 0.0}, "rc_at_10": {"relevant": 0.0, "distractor": 0.0}, "rc_at_20": {"relevant": 0.0, "distractor": 0.0}, "rc_at_100": {"relevant": 0.0, "distractor": 0.0}, "rc_at_200": {"relevant": 0.0, "distractor": 0.0}, "rc_at_300": {"relevant": 0.0, "distractor": 0.0}, "rc_at_500": {"relevant": 0.0, "distractor": 0.0}, "rc_at_1000": {"relevant": 0.0, "distractor": 0.0}}