{"ndcg_at_1": 0.27625, "ndcg_at_3": 0.24011, "ndcg_at_5": 0.22257, "ndcg_at_10": 0.21234, "ndcg_at_20": 0.2013, "ndcg_at_100": 0.22347, "ndcg_at_200": 0.24156, "ndcg_at_300": 0.25175, "ndcg_at_500": 0.26463, "ndcg_at_1000": 0.28161, "map_at_1": 0.03925, "map_at_3": 0.06126, "map_at_5": 0.06919, "map_at_10": 0.08029, "map_at_20": 0.08878, "map_at_100": 0.10254, "map_at_200": 0.1053, "map_at_300": 0.10648, "map_at_500": 0.10769, "map_at_1000": 0.10886, "recall_at_1": 0.03925, "recall_at_3": 0.07545, "recall_at_5": 0.09167, "recall_at_10": 0.12415, "recall_at_20": 0.15776, "recall_at_100": 0.25991, "recall_at_200": 0.3178, "recall_at_300": 0.3517, "recall_at_500": 0.39748, "recall_at_1000": 0.45838, "precision_at_1": 0.345, "precision_at_3": 0.26833, "precision_at_5": 0.22, "precision_at_10": 0.1705, "precision_at_20": 0.11863, "precision_at_100": 0.04867, "precision_at_200": 0.03182, "precision_at_300": 0.02467, "precision_at_500": 0.01778, "precision_at_1000": 0.01124, "mrr_at_1": 0.3525, "mrr_at_3": 0.43125, "mrr_at_5": 0.447, "mrr_at_10": 0.45865, "mrr_at_20": 0.46393, "mrr_at_100": 0.46662, "mrr_at_200": 0.46695, "mrr_at_300": 0.46699, "mrr_at_500": 0.46704, "mrr_at_1000": 0.46705, "rc_at_1": {"relevant": 0.0, "distractor": 0.0}, "rc_at_3": {"relevant": 0.0, "distractor": 0.0}, "rc_at_5": {"relevant": 0.0, "distractor": 0.0}, "rc_at_10": {"relevant": 0.0, "distractor": 0.0}, "rc_at_20": {"relevant": 0.0, "distractor": 0.0}, "rc_at_100": {"relevant": 0.0, "distractor": 0.0}, "rc_at_200": {"relevant": 0.0, "distractor": 0.0}, "rc_at_300": {"relevant": 0.0, "distractor": 0.0}, "rc_at_500": {"relevant": 0.0, "distractor": 0.0}, "rc_at_1000": {"relevant": 0.0, "distractor": 0.0}}