{"ndcg_at_1": 0.01652, "ndcg_at_3": 0.02436, "ndcg_at_5": 0.0291, "ndcg_at_10": 0.03424, "ndcg_at_20": 0.03938, "ndcg_at_100": 0.05345, "ndcg_at_200": 0.06057, "ndcg_at_300": 0.06487, "ndcg_at_500": 0.07049, "ndcg_at_1000": 0.07998, "map_at_1": 0.01292, "map_at_3": 0.0205, "map_at_5": 0.02319, "map_at_10": 0.02523, "map_at_20": 0.0266, "map_at_100": 0.02838, "map_at_200": 0.02875, "map_at_300": 0.02891, "map_at_500": 0.02904, "map_at_1000": 0.02918, "recall_at_1": 0.01292, "recall_at_3": 0.03002, "recall_at_5": 0.04164, "recall_at_10": 0.05661, "recall_at_20": 0.075, "recall_at_100": 0.14763, "recall_at_200": 0.19409, "recall_at_300": 0.22513, "recall_at_500": 0.26964, "recall_at_1000": 0.35266, "precision_at_1": 0.01652, "precision_at_3": 0.01262, "precision_at_5": 0.01046, "precision_at_10": 0.00736, "precision_at_20": 0.00514, "precision_at_100": 0.00212, "precision_at_200": 0.00143, "precision_at_300": 0.00112, "precision_at_500": 0.00081, "precision_at_1000": 0.00053, "mrr_at_1": 0.01652, "mrr_at_3": 0.02541, "mrr_at_5": 0.02838, "mrr_at_10": 0.03088, "mrr_at_20": 0.03269, "mrr_at_100": 0.0346, "mrr_at_200": 0.035, "mrr_at_300": 0.03514, "mrr_at_500": 0.03527, "mrr_at_1000": 0.0354, "rc_at_1": {"relevant": 0.0, "distractor": 0.0}, "rc_at_3": {"relevant": 0.0, "distractor": 0.0}, "rc_at_5": {"relevant": 0.0, "distractor": 0.0}, "rc_at_10": {"relevant": 0.0, "distractor": 0.0}, "rc_at_20": {"relevant": 0.0, "distractor": 0.0}, "rc_at_100": {"relevant": 0.0, "distractor": 0.0}, "rc_at_200": {"relevant": 0.0, "distractor": 0.0}, "rc_at_300": {"relevant": 0.0, "distractor": 0.0}, "rc_at_500": {"relevant": 0.0, "distractor": 0.0}, "rc_at_1000": {"relevant": 0.0, "distractor": 0.0}}