{"ndcg_at_1": 0.19368, "ndcg_at_3": 0.24967, "ndcg_at_5": 0.28627, "ndcg_at_10": 0.31952, "ndcg_at_20": 0.33984, "ndcg_at_100": 0.38461, "ndcg_at_200": 0.39672, "ndcg_at_300": 0.40216, "ndcg_at_500": 0.40701, "ndcg_at_1000": 0.41178, "map_at_1": 0.16347, "map_at_3": 0.21835, "map_at_5": 0.23951, "map_at_10": 0.25545, "map_at_20": 0.26265, "map_at_100": 0.27094, "map_at_200": 0.27207, "map_at_300": 0.27248, "map_at_500": 0.27284, "map_at_1000": 0.27307, "recall_at_1": 0.16347, "recall_at_3": 0.28349, "recall_at_5": 0.36909, "recall_at_10": 0.46563, "recall_at_20": 0.54186, "recall_at_100": 0.76056, "recall_at_200": 0.83206, "recall_at_300": 0.86746, "recall_at_500": 0.8945, "recall_at_1000": 0.92639, "precision_at_1": 0.19368, "precision_at_3": 0.11989, "precision_at_5": 0.09881, "precision_at_10": 0.06719, "precision_at_20": 0.04289, "precision_at_100": 0.01429, "precision_at_200": 0.00865, "precision_at_300": 0.00632, "precision_at_500": 0.00424, "precision_at_1000": 0.00234, "mrr_at_1": 0.19368, "mrr_at_3": 0.25165, "mrr_at_5": 0.27487, "mrr_at_10": 0.28891, "mrr_at_20": 0.29427, "mrr_at_100": 0.29928, "mrr_at_200": 0.29972, "mrr_at_300": 0.29984, "mrr_at_500": 0.29989, "mrr_at_1000": 0.29993, "rc_at_1": {"relevant": 0.0, "distractor": 0.0}, "rc_at_3": {"relevant": 0.0, "distractor": 0.0}, "rc_at_5": {"relevant": 0.0, "distractor": 0.0}, "rc_at_10": {"relevant": 0.0, "distractor": 0.0}, "rc_at_20": {"relevant": 0.0, "distractor": 0.0}, "rc_at_100": {"relevant": 0.0, "distractor": 0.0}, "rc_at_200": {"relevant": 0.0, "distractor": 0.0}, "rc_at_300": {"relevant": 0.0, "distractor": 0.0}, "rc_at_500": {"relevant": 0.0, "distractor": 0.0}, "rc_at_1000": {"relevant": 0.0, "distractor": 0.0}}