{"ndcg_at_1": 0.29231, "ndcg_at_3": 0.21349, "ndcg_at_5": 0.19292, "ndcg_at_10": 0.17701, "ndcg_at_20": 0.21427, "ndcg_at_100": 0.30613, "ndcg_at_200": 0.33449, "ndcg_at_300": 0.34348, "ndcg_at_500": 0.35365, "ndcg_at_1000": 0.3665, "map_at_1": 0.02923, "map_at_3": 0.04615, "map_at_5": 0.05969, "map_at_10": 0.08551, "map_at_20": 0.09957, "map_at_100": 0.12319, "map_at_200": 0.12749, "map_at_300": 0.12834, "map_at_500": 0.12897, "map_at_1000": 0.12949, "recall_at_1": 0.02923, "recall_at_3": 0.05692, "recall_at_5": 0.08462, "recall_at_10": 0.15846, "recall_at_20": 0.22615, "recall_at_100": 0.45385, "recall_at_200": 0.54462, "recall_at_300": 0.57692, "recall_at_500": 0.61692, "recall_at_1000": 0.67231, "precision_at_1": 0.29231, "precision_at_3": 0.18974, "precision_at_5": 0.16923, "precision_at_10": 0.15846, "precision_at_20": 0.11308, "precision_at_100": 0.04538, "precision_at_200": 0.02723, "precision_at_300": 0.01923, "precision_at_500": 0.01234, "precision_at_1000": 0.00672, "mrr_at_1": 0.29231, "mrr_at_3": 0.37949, "mrr_at_5": 0.39641, "mrr_at_10": 0.41583, "mrr_at_20": 0.42273, "mrr_at_100": 0.42711, "mrr_at_200": 0.42751, "mrr_at_300": 0.42751, "mrr_at_500": 0.42751, "mrr_at_1000": 0.42751, "rc_at_1": {"relevant": 0.29231, "distractor": 0.66154}, "rc_at_3": {"relevant": 0.56923, "distractor": 2.09231}, "rc_at_5": {"relevant": 0.84615, "distractor": 3.44615}, "rc_at_10": {"relevant": 1.58462, "distractor": 6.72308}, "rc_at_20": {"relevant": 2.26154, "distractor": 12.78462}, "rc_at_100": {"relevant": 4.53846, "distractor": 38.96923}, "rc_at_200": {"relevant": 5.44615, "distractor": 49.26154}, "rc_at_300": {"relevant": 5.76923, "distractor": 54.41538}, "rc_at_500": {"relevant": 6.16923, "distractor": 59.58462}, "rc_at_1000": {"relevant": 6.72308, "distractor": 65.23077}}