{"ndcg_at_1": 0.03636, "ndcg_at_3": 0.02133, "ndcg_at_5": 0.01542, "ndcg_at_10": 0.01127, "ndcg_at_20": 0.01822, "ndcg_at_100": 0.03114, "ndcg_at_200": 0.03562, "ndcg_at_300": 0.03813, "ndcg_at_500": 0.0432, "ndcg_at_1000": 0.05037, "map_at_1": 0.00364, "map_at_3": 0.00424, "map_at_5": 0.00424, "map_at_10": 0.0047, "map_at_20": 0.00572, "map_at_100": 0.00728, "map_at_200": 0.00768, "map_at_300": 0.00775, "map_at_500": 0.00793, "map_at_1000": 0.00805, "recall_at_1": 0.00364, "recall_at_3": 0.00545, "recall_at_5": 0.00545, "recall_at_10": 0.00727, "recall_at_20": 0.02, "recall_at_100": 0.05273, "recall_at_200": 0.06727, "recall_at_300": 0.07636, "recall_at_500": 0.09636, "recall_at_1000": 0.12727, "precision_at_1": 0.03636, "precision_at_3": 0.01818, "precision_at_5": 0.01091, "precision_at_10": 0.00727, "precision_at_20": 0.01, "precision_at_100": 0.00527, "precision_at_200": 0.00336, "precision_at_300": 0.00255, "precision_at_500": 0.00193, "precision_at_1000": 0.00127, "mrr_at_1": 0.03636, "mrr_at_3": 0.04242, "mrr_at_5": 0.04242, "mrr_at_10": 0.04242, "mrr_at_20": 0.04907, "mrr_at_100": 0.05187, "mrr_at_200": 0.05196, "mrr_at_300": 0.05219, "mrr_at_500": 0.05233, "mrr_at_1000": 0.05246, "rc_at_1": {"relevant": 0.03636, "distractor": 0.12727}, "rc_at_3": {"relevant": 0.05455, "distractor": 0.23636}, "rc_at_5": {"relevant": 0.05455, "distractor": 0.30909}, "rc_at_10": {"relevant": 0.07273, "distractor": 0.45455}, "rc_at_20": {"relevant": 0.2, "distractor": 0.78182}, "rc_at_100": {"relevant": 0.54545, "distractor": 2.09091}, "rc_at_200": {"relevant": 0.67273, "distractor": 3.12727}, "rc_at_300": {"relevant": 0.76364, "distractor": 4.27273}, "rc_at_500": {"relevant": 0.96364, "distractor": 5.6}, "rc_at_1000": {"relevant": 1.27273, "distractor": 8.09091}}