{"ndcg_at_1": 0.13846, "ndcg_at_3": 0.11569, "ndcg_at_5": 0.10875, "ndcg_at_10": 0.10602, "ndcg_at_20": 0.1565, "ndcg_at_100": 0.28426, "ndcg_at_200": 0.33042, "ndcg_at_300": 0.34746, "ndcg_at_500": 0.36486, "ndcg_at_1000": 0.38322, "map_at_1": 0.01385, "map_at_3": 0.02308, "map_at_5": 0.02946, "map_at_10": 0.04049, "map_at_20": 0.05661, "map_at_100": 0.08718, "map_at_200": 0.09462, "map_at_300": 0.09644, "map_at_500": 0.09776, "map_at_1000": 0.09869, "recall_at_1": 0.01385, "recall_at_3": 0.03385, "recall_at_5": 0.05231, "recall_at_10": 0.10308, "recall_at_20": 0.19385, "recall_at_100": 0.51385, "recall_at_200": 0.66308, "recall_at_300": 0.72462, "recall_at_500": 0.79231, "recall_at_1000": 0.87077, "precision_at_1": 0.13846, "precision_at_3": 0.11282, "precision_at_5": 0.10462, "precision_at_10": 0.10308, "precision_at_20": 0.09692, "precision_at_100": 0.05138, "precision_at_200": 0.03315, "precision_at_300": 0.02415, "precision_at_500": 0.01585, "precision_at_1000": 0.00871, "mrr_at_1": 0.13846, "mrr_at_3": 0.2, "mrr_at_5": 0.21923, "mrr_at_10": 0.2495, "mrr_at_20": 0.26288, "mrr_at_100": 0.26934, "mrr_at_200": 0.26934, "mrr_at_300": 0.26934, "mrr_at_500": 0.26934, "mrr_at_1000": 0.26934, "rc_at_1": {"relevant": 0.13846, "distractor": 0.8}, "rc_at_3": {"relevant": 0.33846, "distractor": 2.44615}, "rc_at_5": {"relevant": 0.52308, "distractor": 4.04615}, "rc_at_10": {"relevant": 1.03077, "distractor": 7.95385}, "rc_at_20": {"relevant": 1.93846, "distractor": 14.83077}, "rc_at_100": {"relevant": 5.13846, "distractor": 50.86154}, "rc_at_200": {"relevant": 6.63077, "distractor": 65.81538}, "rc_at_300": {"relevant": 7.24615, "distractor": 71.89231}, "rc_at_500": {"relevant": 7.92308, "distractor": 78.98462}, "rc_at_1000": {"relevant": 8.70769, "distractor": 87.41538}}