{"ndcg_at_1": 0.00284, "ndcg_at_3": 0.03556, "ndcg_at_5": 0.05007, "ndcg_at_10": 0.07205, "ndcg_at_20": 0.09146, "ndcg_at_100": 0.1325, "ndcg_at_200": 0.14718, "ndcg_at_300": 0.15504, "ndcg_at_500": 0.16505, "ndcg_at_1000": 0.17622, "map_at_1": 0.00284, "map_at_3": 0.02703, "map_at_5": 0.03517, "map_at_10": 0.04418, "map_at_20": 0.04941, "map_at_100": 0.05499, "map_at_200": 0.05575, "map_at_300": 0.056, "map_at_500": 0.05623, "map_at_1000": 0.05638, "recall_at_1": 0.00284, "recall_at_3": 0.06046, "recall_at_5": 0.09531, "recall_at_10": 0.16358, "recall_at_20": 0.24111, "recall_at_100": 0.46373, "recall_at_200": 0.56828, "recall_at_300": 0.63087, "recall_at_500": 0.71693, "recall_at_1000": 0.8229, "precision_at_1": 0.00284, "precision_at_3": 0.02015, "precision_at_5": 0.01906, "precision_at_10": 0.01636, "precision_at_20": 0.01206, "precision_at_100": 0.00464, "precision_at_200": 0.00284, "precision_at_300": 0.0021, "precision_at_500": 0.00143, "precision_at_1000": 0.00082, "mrr_at_1": 0.00284, "mrr_at_3": 0.02703, "mrr_at_5": 0.03517, "mrr_at_10": 0.04418, "mrr_at_20": 0.04941, "mrr_at_100": 0.05499, "mrr_at_200": 0.05575, "mrr_at_300": 0.056, "mrr_at_500": 0.05623, "mrr_at_1000": 0.05638, "rc_at_1": {"relevant": 0.0, "distractor": 0.0}, "rc_at_3": {"relevant": 0.0, "distractor": 0.0}, "rc_at_5": {"relevant": 0.0, "distractor": 0.0}, "rc_at_10": {"relevant": 0.0, "distractor": 0.0}, "rc_at_20": {"relevant": 0.0, "distractor": 0.0}, "rc_at_100": {"relevant": 0.0, "distractor": 0.0}, "rc_at_200": {"relevant": 0.0, "distractor": 0.0}, "rc_at_300": {"relevant": 0.0, "distractor": 0.0}, "rc_at_500": {"relevant": 0.0, "distractor": 0.0}, "rc_at_1000": {"relevant": 0.0, "distractor": 0.0}}