{"ndcg_at_1": 0.36735, "ndcg_at_3": 0.33839, "ndcg_at_5": 0.31969, "ndcg_at_10": 0.30499, "ndcg_at_20": 0.30284, "ndcg_at_100": 0.41285, "ndcg_at_200": 0.4556, "ndcg_at_300": 0.47402, "ndcg_at_500": 0.49769, "ndcg_at_1000": 0.52325, "map_at_1": 0.02917, "map_at_3": 0.06516, "map_at_5": 0.08752, "map_at_10": 0.12065, "map_at_20": 0.1502, "map_at_100": 0.1883, "map_at_200": 0.19743, "map_at_300": 0.20048, "map_at_500": 0.20315, "map_at_1000": 0.20535, "recall_at_1": 0.02917, "recall_at_3": 0.07778, "recall_at_5": 0.11723, "recall_at_10": 0.19095, "recall_at_20": 0.27105, "recall_at_100": 0.51335, "recall_at_200": 0.62281, "recall_at_300": 0.68072, "recall_at_500": 0.75572, "recall_at_1000": 0.84764, "precision_at_1": 0.40816, "precision_at_3": 0.35374, "precision_at_5": 0.32245, "precision_at_10": 0.26939, "precision_at_20": 0.19388, "precision_at_100": 0.08408, "precision_at_200": 0.05357, "precision_at_300": 0.03986, "precision_at_500": 0.02735, "precision_at_1000": 0.01571, "mrr_at_1": 0.40816, "mrr_at_3": 0.52721, "mrr_at_5": 0.56497, "mrr_at_10": 0.57695, "mrr_at_20": 0.57972, "mrr_at_100": 0.5815, "mrr_at_200": 0.5815, "mrr_at_300": 0.5815, "mrr_at_500": 0.5815, "mrr_at_1000": 0.5815, "rc_at_1": {"relevant": 0.0, "distractor": 0.0}, "rc_at_3": {"relevant": 0.0, "distractor": 0.0}, "rc_at_5": {"relevant": 0.0, "distractor": 0.0}, "rc_at_10": {"relevant": 0.0, "distractor": 0.0}, "rc_at_20": {"relevant": 0.0, "distractor": 0.0}, "rc_at_100": {"relevant": 0.0, "distractor": 0.0}, "rc_at_200": {"relevant": 0.0, "distractor": 0.0}, "rc_at_300": {"relevant": 0.0, "distractor": 0.0}, "rc_at_500": {"relevant": 0.0, "distractor": 0.0}, "rc_at_1000": {"relevant": 0.0, "distractor": 0.0}}