{"ndcg_at_1": 0.24615, "ndcg_at_3": 0.19166, "ndcg_at_5": 0.17535, "ndcg_at_10": 0.15747, "ndcg_at_20": 0.20988, "ndcg_at_100": 0.3406, "ndcg_at_200": 0.37441, "ndcg_at_300": 0.38591, "ndcg_at_500": 0.39889, "ndcg_at_1000": 0.41465, "map_at_1": 0.02462, "map_at_3": 0.04051, "map_at_5": 0.05282, "map_at_10": 0.07198, "map_at_20": 0.09403, "map_at_100": 0.12815, "map_at_200": 0.13346, "map_at_300": 0.13448, "map_at_500": 0.13531, "map_at_1000": 0.13606, "recall_at_1": 0.02462, "recall_at_3": 0.05385, "recall_at_5": 0.08, "recall_at_10": 0.14154, "recall_at_20": 0.23692, "recall_at_100": 0.56769, "recall_at_200": 0.67692, "recall_at_300": 0.71846, "recall_at_500": 0.76923, "recall_at_1000": 0.83692, "precision_at_1": 0.24615, "precision_at_3": 0.17949, "precision_at_5": 0.16, "precision_at_10": 0.14154, "precision_at_20": 0.11846, "precision_at_100": 0.05677, "precision_at_200": 0.03385, "precision_at_300": 0.02395, "precision_at_500": 0.01538, "precision_at_1000": 0.00837, "mrr_at_1": 0.24615, "mrr_at_3": 0.32821, "mrr_at_5": 0.35051, "mrr_at_10": 0.37725, "mrr_at_20": 0.3814, "mrr_at_100": 0.38828, "mrr_at_200": 0.38828, "mrr_at_300": 0.38828, "mrr_at_500": 0.38828, "mrr_at_1000": 0.38828, "rc_at_1": {"relevant": 0.24615, "distractor": 0.72308}, "rc_at_3": {"relevant": 0.53846, "distractor": 2.29231}, "rc_at_5": {"relevant": 0.8, "distractor": 3.86154}, "rc_at_10": {"relevant": 1.41538, "distractor": 7.64615}, "rc_at_20": {"relevant": 2.36923, "distractor": 14.83077}, "rc_at_100": {"relevant": 5.67692, "distractor": 55.29231}, "rc_at_200": {"relevant": 6.76923, "distractor": 68.81538}, "rc_at_300": {"relevant": 7.18462, "distractor": 73.32308}, "rc_at_500": {"relevant": 7.69231, "distractor": 78.29231}, "rc_at_1000": {"relevant": 8.36923, "distractor": 83.6}}