{"ndcg_at_1": 0.15741, "ndcg_at_3": 0.14375, "ndcg_at_5": 0.14815, "ndcg_at_10": 0.15936, "ndcg_at_20": 0.17337, "ndcg_at_100": 0.2052, "ndcg_at_200": 0.21736, "ndcg_at_300": 0.22251, "ndcg_at_500": 0.23199, "ndcg_at_1000": 0.24302, "map_at_1": 0.08321, "map_at_3": 0.10883, "map_at_5": 0.11608, "map_at_10": 0.12203, "map_at_20": 0.12621, "map_at_100": 0.13091, "map_at_200": 0.13167, "map_at_300": 0.13187, "map_at_500": 0.13214, "map_at_1000": 0.13236, "recall_at_1": 0.08321, "recall_at_3": 0.131, "recall_at_5": 0.15704, "recall_at_10": 0.19322, "recall_at_20": 0.23694, "recall_at_100": 0.3774, "recall_at_200": 0.44579, "recall_at_300": 0.47865, "recall_at_500": 0.54079, "recall_at_1000": 0.61666, "precision_at_1": 0.15741, "precision_at_3": 0.09105, "precision_at_5": 0.06574, "precision_at_10": 0.04074, "precision_at_20": 0.02616, "precision_at_100": 0.0085, "precision_at_200": 0.0051, "precision_at_300": 0.00366, "precision_at_500": 0.00253, "precision_at_1000": 0.0015, "mrr_at_1": 0.15741, "mrr_at_3": 0.1911, "mrr_at_5": 0.19943, "mrr_at_10": 0.20535, "mrr_at_20": 0.20958, "mrr_at_100": 0.21374, "mrr_at_200": 0.21433, "mrr_at_300": 0.21448, "mrr_at_500": 0.21468, "mrr_at_1000": 0.21477, "rc_at_1": {"relevant": 0.0, "distractor": 0.0}, "rc_at_3": {"relevant": 0.0, "distractor": 0.0}, "rc_at_5": {"relevant": 0.0, "distractor": 0.0}, "rc_at_10": {"relevant": 0.0, "distractor": 0.0}, "rc_at_20": {"relevant": 0.0, "distractor": 0.0}, "rc_at_100": {"relevant": 0.0, "distractor": 0.0}, "rc_at_200": {"relevant": 0.0, "distractor": 0.0}, "rc_at_300": {"relevant": 0.0, "distractor": 0.0}, "rc_at_500": {"relevant": 0.0, "distractor": 0.0}, "rc_at_1000": {"relevant": 0.0, "distractor": 0.0}}