{"ndcg_at_1": 0.0385, "ndcg_at_3": 0.04394, "ndcg_at_5": 0.04926, "ndcg_at_10": 0.05886, "ndcg_at_20": 0.06611, "ndcg_at_100": 0.08742, "ndcg_at_200": 0.09977, "ndcg_at_300": 0.1059, "ndcg_at_500": 0.11376, "ndcg_at_1000": 0.12642, "map_at_1": 0.02969, "map_at_3": 0.03822, "map_at_5": 0.04156, "map_at_10": 0.04552, "map_at_20": 0.04746, "map_at_100": 0.05011, "map_at_200": 0.05077, "map_at_300": 0.05097, "map_at_500": 0.05117, "map_at_1000": 0.05137, "recall_at_1": 0.02969, "recall_at_3": 0.04957, "recall_at_5": 0.06329, "recall_at_10": 0.09194, "recall_at_20": 0.11879, "recall_at_100": 0.22707, "recall_at_200": 0.3082, "recall_at_300": 0.35198, "recall_at_500": 0.41192, "recall_at_1000": 0.51949, "precision_at_1": 0.0385, "precision_at_3": 0.02053, "precision_at_5": 0.01521, "precision_at_10": 0.01126, "precision_at_20": 0.00746, "precision_at_100": 0.00317, "precision_at_200": 0.00218, "precision_at_300": 0.0017, "precision_at_500": 0.00123, "precision_at_1000": 0.00079, "mrr_at_1": 0.0385, "mrr_at_3": 0.04876, "mrr_at_5": 0.05194, "mrr_at_10": 0.05616, "mrr_at_20": 0.05844, "mrr_at_100": 0.06146, "mrr_at_200": 0.06214, "mrr_at_300": 0.06236, "mrr_at_500": 0.06253, "mrr_at_1000": 0.06269, "rc_at_1": {"relevant": 0.0, "distractor": 0.0}, "rc_at_3": {"relevant": 0.0, "distractor": 0.0}, "rc_at_5": {"relevant": 0.0, "distractor": 0.0}, "rc_at_10": {"relevant": 0.0, "distractor": 0.0}, "rc_at_20": {"relevant": 0.0, "distractor": 0.0}, "rc_at_100": {"relevant": 0.0, "distractor": 0.0}, "rc_at_200": {"relevant": 0.0, "distractor": 0.0}, "rc_at_300": {"relevant": 0.0, "distractor": 0.0}, "rc_at_500": {"relevant": 0.0, "distractor": 0.0}, "rc_at_1000": {"relevant": 0.0, "distractor": 0.0}}