{"ndcg_at_1": 0.025, "ndcg_at_3": 0.01971, "ndcg_at_5": 0.02096, "ndcg_at_10": 0.01967, "ndcg_at_20": 0.01779, "ndcg_at_100": 0.02122, "ndcg_at_200": 0.02571, "ndcg_at_300": 0.02803, "ndcg_at_500": 0.03055, "ndcg_at_1000": 0.03674, "map_at_1": 0.00103, "map_at_3": 0.00206, "map_at_5": 0.00284, "map_at_10": 0.00351, "map_at_20": 0.00397, "map_at_100": 0.00454, "map_at_200": 0.00478, "map_at_300": 0.00486, "map_at_500": 0.00493, "map_at_1000": 0.00504, "recall_at_1": 0.00103, "recall_at_3": 0.00295, "recall_at_5": 0.00617, "recall_at_10": 0.00962, "recall_at_20": 0.01255, "recall_at_100": 0.02799, "recall_at_200": 0.04401, "recall_at_300": 0.05163, "recall_at_500": 0.06134, "recall_at_1000": 0.0865, "precision_at_1": 0.0325, "precision_at_3": 0.02333, "precision_at_5": 0.024, "precision_at_10": 0.01925, "precision_at_20": 0.01412, "precision_at_100": 0.0065, "precision_at_200": 0.00459, "precision_at_300": 0.00368, "precision_at_500": 0.00275, "precision_at_1000": 0.00196, "mrr_at_1": 0.03, "mrr_at_3": 0.045, "mrr_at_5": 0.05287, "mrr_at_10": 0.05697, "mrr_at_20": 0.05927, "mrr_at_100": 0.06248, "mrr_at_200": 0.06307, "mrr_at_300": 0.06323, "mrr_at_500": 0.06345, "mrr_at_1000": 0.06357, "rc_at_1": {"relevant": 0.0, "distractor": 0.0}, "rc_at_3": {"relevant": 0.0, "distractor": 0.0}, "rc_at_5": {"relevant": 0.0, "distractor": 0.0}, "rc_at_10": {"relevant": 0.0, "distractor": 0.0}, "rc_at_20": {"relevant": 0.0, "distractor": 0.0}, "rc_at_100": {"relevant": 0.0, "distractor": 0.0}, "rc_at_200": {"relevant": 0.0, "distractor": 0.0}, "rc_at_300": {"relevant": 0.0, "distractor": 0.0}, "rc_at_500": {"relevant": 0.0, "distractor": 0.0}, "rc_at_1000": {"relevant": 0.0, "distractor": 0.0}}