{"ndcg_at_1": 0.17786, "ndcg_at_3": 0.22721, "ndcg_at_5": 0.25302, "ndcg_at_10": 0.27934, "ndcg_at_20": 0.30264, "ndcg_at_100": 0.34124, "ndcg_at_200": 0.35203, "ndcg_at_300": 0.35685, "ndcg_at_500": 0.36275, "ndcg_at_1000": 0.36957, "map_at_1": 0.1455, "map_at_3": 0.19806, "map_at_5": 0.21442, "map_at_10": 0.22616, "map_at_20": 0.23306, "map_at_100": 0.23898, "map_at_200": 0.2397, "map_at_300": 0.23989, "map_at_500": 0.24008, "map_at_1000": 0.2402, "recall_at_1": 0.1455, "recall_at_3": 0.26234, "recall_at_5": 0.3261, "recall_at_10": 0.40379, "recall_at_20": 0.48826, "recall_at_100": 0.67459, "recall_at_200": 0.74089, "recall_at_300": 0.77466, "recall_at_500": 0.81838, "recall_at_1000": 0.87554, "precision_at_1": 0.17786, "precision_at_3": 0.11111, "precision_at_5": 0.08483, "precision_at_10": 0.05361, "precision_at_20": 0.03308, "precision_at_100": 0.00978, "precision_at_200": 0.00552, "precision_at_300": 0.00388, "precision_at_500": 0.00249, "precision_at_1000": 0.00134, "mrr_at_1": 0.17786, "mrr_at_3": 0.23839, "mrr_at_5": 0.254, "mrr_at_10": 0.2658, "mrr_at_20": 0.27204, "mrr_at_100": 0.2766, "mrr_at_200": 0.27702, "mrr_at_300": 0.27715, "mrr_at_500": 0.27725, "mrr_at_1000": 0.27733, "rc_at_1": {"relevant": 0.0, "distractor": 0.0}, "rc_at_3": {"relevant": 0.0, "distractor": 0.0}, "rc_at_5": {"relevant": 0.0, "distractor": 0.0}, "rc_at_10": {"relevant": 0.0, "distractor": 0.0}, "rc_at_20": {"relevant": 0.0, "distractor": 0.0}, "rc_at_100": {"relevant": 0.0, "distractor": 0.0}, "rc_at_200": {"relevant": 0.0, "distractor": 0.0}, "rc_at_300": {"relevant": 0.0, "distractor": 0.0}, "rc_at_500": {"relevant": 0.0, "distractor": 0.0}, "rc_at_1000": {"relevant": 0.0, "distractor": 0.0}}