{"ndcg_at_1": 0.01294, "ndcg_at_3": 0.01829, "ndcg_at_5": 0.02219, "ndcg_at_10": 0.02925, "ndcg_at_20": 0.03648, "ndcg_at_100": 0.05439, "ndcg_at_200": 0.06332, "ndcg_at_300": 0.0688, "ndcg_at_500": 0.0788, "ndcg_at_1000": 0.08933, "map_at_1": 0.01294, "map_at_3": 0.01694, "map_at_5": 0.01916, "map_at_10": 0.02193, "map_at_20": 0.02379, "map_at_100": 0.02579, "map_at_200": 0.02626, "map_at_300": 0.02644, "map_at_500": 0.02666, "map_at_1000": 0.02681, "recall_at_1": 0.01294, "recall_at_3": 0.02218, "recall_at_5": 0.03142, "recall_at_10": 0.05222, "recall_at_20": 0.0801, "recall_at_100": 0.17905, "recall_at_200": 0.241, "recall_at_300": 0.28306, "recall_at_500": 0.36731, "recall_at_1000": 0.46303, "precision_at_1": 0.01294, "precision_at_3": 0.00739, "precision_at_5": 0.00628, "precision_at_10": 0.00573, "precision_at_20": 0.00453, "precision_at_100": 0.00209, "precision_at_200": 0.0014, "precision_at_300": 0.0011, "precision_at_500": 0.00085, "precision_at_1000": 0.00054, "mrr_at_1": 0.01109, "mrr_at_3": 0.01602, "mrr_at_5": 0.01787, "mrr_at_10": 0.02148, "mrr_at_20": 0.02366, "mrr_at_100": 0.02586, "mrr_at_200": 0.02633, "mrr_at_300": 0.02652, "mrr_at_500": 0.02673, "mrr_at_1000": 0.02687, "rc_at_1": {"relevant": 0.0, "distractor": 0.0}, "rc_at_3": {"relevant": 0.0, "distractor": 0.0}, "rc_at_5": {"relevant": 0.0, "distractor": 0.0}, "rc_at_10": {"relevant": 0.0, "distractor": 0.0}, "rc_at_20": {"relevant": 0.0, "distractor": 0.0}, "rc_at_100": {"relevant": 0.0, "distractor": 0.0}, "rc_at_200": {"relevant": 0.0, "distractor": 0.0}, "rc_at_300": {"relevant": 0.0, "distractor": 0.0}, "rc_at_500": {"relevant": 0.0, "distractor": 0.0}, "rc_at_1000": {"relevant": 0.0, "distractor": 0.0}}