{"ndcg_at_1": 0.30784, "ndcg_at_3": 0.35248, "ndcg_at_5": 0.38007, "ndcg_at_10": 0.39796, "ndcg_at_20": 0.42216, "ndcg_at_100": 0.45142, "ndcg_at_200": 0.4594, "ndcg_at_300": 0.46408, "ndcg_at_500": 0.4691, "ndcg_at_1000": 0.47425, "map_at_1": 0.26378, "map_at_3": 0.32336, "map_at_5": 0.34101, "map_at_10": 0.34964, "map_at_20": 0.35715, "map_at_100": 0.36193, "map_at_200": 0.36246, "map_at_300": 0.36267, "map_at_500": 0.36281, "map_at_1000": 0.36292, "recall_at_1": 0.26378, "recall_at_3": 0.38239, "recall_at_5": 0.45175, "recall_at_10": 0.50463, "recall_at_20": 0.59048, "recall_at_100": 0.73298, "recall_at_200": 0.78214, "recall_at_300": 0.8146, "recall_at_500": 0.85241, "recall_at_1000": 0.8938, "precision_at_1": 0.30784, "precision_at_3": 0.15858, "precision_at_5": 0.1153, "precision_at_10": 0.06604, "precision_at_20": 0.03997, "precision_at_100": 0.01032, "precision_at_200": 0.00562, "precision_at_300": 0.00395, "precision_at_500": 0.00251, "precision_at_1000": 0.00133, "mrr_at_1": 0.30784, "mrr_at_3": 0.36458, "mrr_at_5": 0.38119, "mrr_at_10": 0.38857, "mrr_at_20": 0.39465, "mrr_at_100": 0.39792, "mrr_at_200": 0.39824, "mrr_at_300": 0.39836, "mrr_at_500": 0.39844, "mrr_at_1000": 0.39848, "rc_at_1": {"relevant": 0.0, "distractor": 0.0}, "rc_at_3": {"relevant": 0.0, "distractor": 0.0}, "rc_at_5": {"relevant": 0.0, "distractor": 0.0}, "rc_at_10": {"relevant": 0.0, "distractor": 0.0}, "rc_at_20": {"relevant": 0.0, "distractor": 0.0}, "rc_at_100": {"relevant": 0.0, "distractor": 0.0}, "rc_at_200": {"relevant": 0.0, "distractor": 0.0}, "rc_at_300": {"relevant": 0.0, "distractor": 0.0}, "rc_at_500": {"relevant": 0.0, "distractor": 0.0}, "rc_at_1000": {"relevant": 0.0, "distractor": 0.0}}