{"ndcg_at_1": 0.36073, "ndcg_at_3": 0.39652, "ndcg_at_5": 0.41498, "ndcg_at_10": 0.44389, "ndcg_at_20": 0.46702, "ndcg_at_100": 0.4985, "ndcg_at_200": 0.5075, "ndcg_at_300": 0.51178, "ndcg_at_500": 0.51595, "ndcg_at_1000": 0.52013, "map_at_1": 0.29784, "map_at_3": 0.35884, "map_at_5": 0.37434, "map_at_10": 0.38924, "map_at_20": 0.39674, "map_at_100": 0.4023, "map_at_200": 0.40296, "map_at_300": 0.40317, "map_at_500": 0.40331, "map_at_1000": 0.4034, "recall_at_1": 0.29784, "recall_at_3": 0.41789, "recall_at_5": 0.46687, "recall_at_10": 0.553, "recall_at_20": 0.6354, "recall_at_100": 0.78292, "recall_at_200": 0.83733, "recall_at_300": 0.86498, "recall_at_500": 0.8952, "recall_at_1000": 0.92709, "precision_at_1": 0.36073, "precision_at_3": 0.18417, "precision_at_5": 0.12877, "precision_at_10": 0.0782, "precision_at_20": 0.04606, "precision_at_100": 0.01207, "precision_at_200": 0.00664, "precision_at_300": 0.00466, "precision_at_500": 0.00295, "precision_at_1000": 0.00156, "mrr_at_1": 0.36073, "mrr_at_3": 0.4218, "mrr_at_5": 0.43259, "mrr_at_10": 0.44371, "mrr_at_20": 0.44964, "mrr_at_100": 0.45314, "mrr_at_200": 0.45345, "mrr_at_300": 0.45353, "mrr_at_500": 0.4536, "mrr_at_1000": 0.45363, "rc_at_1": {"relevant": 0.0, "distractor": 0.0}, "rc_at_3": {"relevant": 0.0, "distractor": 0.0}, "rc_at_5": {"relevant": 0.0, "distractor": 0.0}, "rc_at_10": {"relevant": 0.0, "distractor": 0.0}, "rc_at_20": {"relevant": 0.0, "distractor": 0.0}, "rc_at_100": {"relevant": 0.0, "distractor": 0.0}, "rc_at_200": {"relevant": 0.0, "distractor": 0.0}, "rc_at_300": {"relevant": 0.0, "distractor": 0.0}, "rc_at_500": {"relevant": 0.0, "distractor": 0.0}, "rc_at_1000": {"relevant": 0.0, "distractor": 0.0}}