{"ndcg_at_1": 0.47685, "ndcg_at_3": 0.43285, "ndcg_at_5": 0.44033, "ndcg_at_10": 0.47378, "ndcg_at_20": 0.49972, "ndcg_at_100": 0.54546, "ndcg_at_200": 0.55462, "ndcg_at_300": 0.55875, "ndcg_at_500": 0.56306, "ndcg_at_1000": 0.56744, "map_at_1": 0.23604, "map_at_3": 0.33888, "map_at_5": 0.36379, "map_at_10": 0.38931, "map_at_20": 0.4003, "map_at_100": 0.41039, "map_at_200": 0.41125, "map_at_300": 0.41149, "map_at_500": 0.41168, "map_at_1000": 0.4118, "recall_at_1": 0.23604, "recall_at_3": 0.38534, "recall_at_5": 0.44685, "recall_at_10": 0.54707, "recall_at_20": 0.62647, "recall_at_100": 0.81534, "recall_at_200": 0.86232, "recall_at_300": 0.88795, "recall_at_500": 0.91553, "recall_at_1000": 0.94668, "precision_at_1": 0.47685, "precision_at_3": 0.29218, "precision_at_5": 0.20957, "precision_at_10": 0.13488, "precision_at_20": 0.07863, "precision_at_100": 0.02094, "precision_at_200": 0.01122, "precision_at_300": 0.0077, "precision_at_500": 0.00479, "precision_at_1000": 0.00248, "mrr_at_1": 0.47685, "mrr_at_3": 0.53395, "mrr_at_5": 0.54614, "mrr_at_10": 0.55867, "mrr_at_20": 0.56258, "mrr_at_100": 0.56535, "mrr_at_200": 0.56553, "mrr_at_300": 0.56559, "mrr_at_500": 0.56562, "mrr_at_1000": 0.56564, "rc_at_1": {"relevant": 0.0, "distractor": 0.0}, "rc_at_3": {"relevant": 0.0, "distractor": 0.0}, "rc_at_5": {"relevant": 0.0, "distractor": 0.0}, "rc_at_10": {"relevant": 0.0, "distractor": 0.0}, "rc_at_20": {"relevant": 0.0, "distractor": 0.0}, "rc_at_100": {"relevant": 0.0, "distractor": 0.0}, "rc_at_200": {"relevant": 0.0, "distractor": 0.0}, "rc_at_300": {"relevant": 0.0, "distractor": 0.0}, "rc_at_500": {"relevant": 0.0, "distractor": 0.0}, "rc_at_1000": {"relevant": 0.0, "distractor": 0.0}}