{"ndcg_at_1": 0.2, "ndcg_at_3": 0.15825, "ndcg_at_5": 0.13188, "ndcg_at_10": 0.10721, "ndcg_at_20": 0.13192, "ndcg_at_100": 0.21245, "ndcg_at_200": 0.23873, "ndcg_at_300": 0.25523, "ndcg_at_500": 0.27755, "ndcg_at_1000": 0.30538, "map_at_1": 0.02, "map_at_3": 0.03485, "map_at_5": 0.04158, "map_at_10": 0.04907, "map_at_20": 0.05603, "map_at_100": 0.07474, "map_at_200": 0.0778, "map_at_300": 0.0789, "map_at_500": 0.08007, "map_at_1000": 0.08118, "recall_at_1": 0.02, "recall_at_3": 0.04364, "recall_at_5": 0.05636, "recall_at_10": 0.08727, "recall_at_20": 0.13273, "recall_at_100": 0.33636, "recall_at_200": 0.42182, "recall_at_300": 0.48182, "recall_at_500": 0.56909, "recall_at_1000": 0.68909, "precision_at_1": 0.2, "precision_at_3": 0.14545, "precision_at_5": 0.11273, "precision_at_10": 0.08727, "precision_at_20": 0.06636, "precision_at_100": 0.03364, "precision_at_200": 0.02109, "precision_at_300": 0.01606, "precision_at_500": 0.01138, "precision_at_1000": 0.00689, "mrr_at_1": 0.18182, "mrr_at_3": 0.24545, "mrr_at_5": 0.25455, "mrr_at_10": 0.27887, "mrr_at_20": 0.28405, "mrr_at_100": 0.29051, "mrr_at_200": 0.29082, "mrr_at_300": 0.29096, "mrr_at_500": 0.29111, "mrr_at_1000": 0.29114, "rc_at_1": {"relevant": 0.18182, "distractor": 0.4}, "rc_at_3": {"relevant": 0.41818, "distractor": 1.21818}, "rc_at_5": {"relevant": 0.58182, "distractor": 2.09091}, "rc_at_10": {"relevant": 0.90909, "distractor": 3.87273}, "rc_at_20": {"relevant": 1.36364, "distractor": 7.45455}, "rc_at_100": {"relevant": 3.4, "distractor": 21.87273}, "rc_at_200": {"relevant": 4.27273, "distractor": 30.96364}, "rc_at_300": {"relevant": 4.85455, "distractor": 36.45455}, "rc_at_500": {"relevant": 5.74545, "distractor": 44.2}, "rc_at_1000": {"relevant": 6.92727, "distractor": 56.89091}}