{"ndcg_at_1": 0.27692, "ndcg_at_3": 0.23421, "ndcg_at_5": 0.20587, "ndcg_at_10": 0.16735, "ndcg_at_20": 0.2187, "ndcg_at_100": 0.36343, "ndcg_at_200": 0.40329, "ndcg_at_300": 0.41782, "ndcg_at_500": 0.42845, "ndcg_at_1000": 0.43713, "map_at_1": 0.02769, "map_at_3": 0.05205, "map_at_5": 0.06521, "map_at_10": 0.08234, "map_at_20": 0.10085, "map_at_100": 0.14288, "map_at_200": 0.14914, "map_at_300": 0.15071, "map_at_500": 0.15153, "map_at_1000": 0.15194, "recall_at_1": 0.02769, "recall_at_3": 0.06769, "recall_at_5": 0.09385, "recall_at_10": 0.14, "recall_at_20": 0.23385, "recall_at_100": 0.59846, "recall_at_200": 0.72615, "recall_at_300": 0.77846, "recall_at_500": 0.82, "recall_at_1000": 0.85692, "precision_at_1": 0.27692, "precision_at_3": 0.22564, "precision_at_5": 0.18769, "precision_at_10": 0.14, "precision_at_20": 0.11692, "precision_at_100": 0.05985, "precision_at_200": 0.03631, "precision_at_300": 0.02595, "precision_at_500": 0.0164, "precision_at_1000": 0.00857, "mrr_at_1": 0.27692, "mrr_at_3": 0.36667, "mrr_at_5": 0.38513, "mrr_at_10": 0.39941, "mrr_at_20": 0.40913, "mrr_at_100": 0.41372, "mrr_at_200": 0.41382, "mrr_at_300": 0.41382, "mrr_at_500": 0.41382, "mrr_at_1000": 0.41382, "rc_at_1": {"relevant": 0.27692, "distractor": 0.70769}, "rc_at_3": {"relevant": 0.67692, "distractor": 2.26154}, "rc_at_5": {"relevant": 0.92308, "distractor": 3.86154}, "rc_at_10": {"relevant": 1.4, "distractor": 7.96923}, "rc_at_20": {"relevant": 2.36923, "distractor": 15.63077}, "rc_at_100": {"relevant": 5.98462, "distractor": 62.2}, "rc_at_200": {"relevant": 7.26154, "distractor": 76.18462}, "rc_at_300": {"relevant": 7.78462, "distractor": 80.23077}, "rc_at_500": {"relevant": 8.2, "distractor": 84.50769}, "rc_at_1000": {"relevant": 8.56923, "distractor": 88.92308}}