{"ndcg_at_1": 0.2, "ndcg_at_3": 0.15007, "ndcg_at_5": 0.12575, "ndcg_at_10": 0.09481, "ndcg_at_20": 0.10544, "ndcg_at_100": 0.13756, "ndcg_at_200": 0.15455, "ndcg_at_300": 0.16394, "ndcg_at_500": 0.17581, "ndcg_at_1000": 0.18799, "map_at_1": 0.02, "map_at_3": 0.03308, "map_at_5": 0.03792, "map_at_10": 0.04341, "map_at_20": 0.04589, "map_at_100": 0.05137, "map_at_200": 0.053, "map_at_300": 0.05357, "map_at_500": 0.05409, "map_at_1000": 0.05445, "recall_at_1": 0.02, "recall_at_3": 0.04154, "recall_at_5": 0.05385, "recall_at_10": 0.07231, "recall_at_20": 0.09077, "recall_at_100": 0.17231, "recall_at_200": 0.22769, "recall_at_300": 0.26154, "recall_at_500": 0.30769, "recall_at_1000": 0.36, "precision_at_1": 0.2, "precision_at_3": 0.13846, "precision_at_5": 0.10769, "precision_at_10": 0.07231, "precision_at_20": 0.04538, "precision_at_100": 0.01723, "precision_at_200": 0.01138, "precision_at_300": 0.00872, "precision_at_500": 0.00615, "precision_at_1000": 0.0036, "mrr_at_1": 0.21538, "mrr_at_3": 0.25641, "mrr_at_5": 0.27103, "mrr_at_10": 0.27713, "mrr_at_20": 0.28468, "mrr_at_100": 0.28847, "mrr_at_200": 0.28856, "mrr_at_300": 0.28876, "mrr_at_500": 0.28885, "mrr_at_1000": 0.28889, "rc_at_1": {"relevant": 0.21538, "distractor": 0.38462}, "rc_at_3": {"relevant": 0.41538, "distractor": 1.01538}, "rc_at_5": {"relevant": 0.53846, "distractor": 1.6}, "rc_at_10": {"relevant": 0.72308, "distractor": 2.76923}, "rc_at_20": {"relevant": 0.92308, "distractor": 4.53846}, "rc_at_100": {"relevant": 1.73846, "distractor": 11.98462}, "rc_at_200": {"relevant": 2.30769, "distractor": 16.23077}, "rc_at_300": {"relevant": 2.63077, "distractor": 19.23077}, "rc_at_500": {"relevant": 3.07692, "distractor": 23.58462}, "rc_at_1000": {"relevant": 3.63077, "distractor": 29.87692}}