{"ndcg_at_1": 0.54875, "ndcg_at_3": 0.45445, "ndcg_at_5": 0.42362, "ndcg_at_10": 0.40009, "ndcg_at_20": 0.39185, "ndcg_at_100": 0.43737, "ndcg_at_200": 0.46282, "ndcg_at_300": 0.47714, "ndcg_at_500": 0.49198, "ndcg_at_1000": 0.50937, "map_at_1": 0.08881, "map_at_3": 0.13321, "map_at_5": 0.15378, "map_at_10": 0.18102, "map_at_20": 0.20771, "map_at_100": 0.25066, "map_at_200": 0.25859, "map_at_300": 0.26181, "map_at_500": 0.26461, "map_at_1000": 0.26718, "recall_at_1": 0.08881, "recall_at_3": 0.1436, "recall_at_5": 0.17652, "recall_at_10": 0.22929, "recall_at_20": 0.29392, "recall_at_100": 0.47686, "recall_at_200": 0.55416, "recall_at_300": 0.59645, "recall_at_500": 0.64669, "recall_at_1000": 0.71038, "precision_at_1": 0.6625, "precision_at_3": 0.47833, "precision_at_5": 0.3995, "precision_at_10": 0.30725, "precision_at_20": 0.23475, "precision_at_100": 0.10018, "precision_at_200": 0.06385, "precision_at_300": 0.04883, "precision_at_500": 0.03424, "precision_at_1000": 0.02084, "mrr_at_1": 0.6625, "mrr_at_3": 0.72167, "mrr_at_5": 0.72992, "mrr_at_10": 0.73596, "mrr_at_20": 0.73874, "mrr_at_100": 0.73987, "mrr_at_200": 0.73998, "mrr_at_300": 0.74002, "mrr_at_500": 0.74002, "mrr_at_1000": 0.74003, "rc_at_1": {"relevant": 0.0, "distractor": 0.0}, "rc_at_3": {"relevant": 0.0, "distractor": 0.0}, "rc_at_5": {"relevant": 0.0, "distractor": 0.0}, "rc_at_10": {"relevant": 0.0, "distractor": 0.0}, "rc_at_20": {"relevant": 0.0, "distractor": 0.0}, "rc_at_100": {"relevant": 0.0, "distractor": 0.0}, "rc_at_200": {"relevant": 0.0, "distractor": 0.0}, "rc_at_300": {"relevant": 0.0, "distractor": 0.0}, "rc_at_500": {"relevant": 0.0, "distractor": 0.0}, "rc_at_1000": {"relevant": 0.0, "distractor": 0.0}}