{"ndcg_at_1": 0.35385, "ndcg_at_3": 0.31397, "ndcg_at_5": 0.2754, "ndcg_at_10": 0.2378, "ndcg_at_20": 0.29296, "ndcg_at_100": 0.50334, "ndcg_at_200": 0.54766, "ndcg_at_300": 0.54937, "ndcg_at_500": 0.54977, "ndcg_at_1000": 0.54977, "map_at_1": 0.03538, "map_at_3": 0.0741, "map_at_5": 0.09333, "map_at_10": 0.12628, "map_at_20": 0.15383, "map_at_100": 0.21971, "map_at_200": 0.22998, "map_at_300": 0.23023, "map_at_500": 0.23027, "map_at_1000": 0.23027, "recall_at_1": 0.03538, "recall_at_3": 0.09077, "recall_at_5": 0.12615, "recall_at_10": 0.20923, "recall_at_20": 0.30923, "recall_at_100": 0.85231, "recall_at_200": 0.99077, "recall_at_300": 0.99692, "recall_at_500": 0.99846, "recall_at_1000": 0.99846, "precision_at_1": 0.35385, "precision_at_3": 0.30256, "precision_at_5": 0.25231, "precision_at_10": 0.20923, "precision_at_20": 0.15462, "precision_at_100": 0.08523, "precision_at_200": 0.04954, "precision_at_300": 0.03323, "precision_at_500": 0.01997, "precision_at_1000": 0.00998, "mrr_at_1": 0.35385, "mrr_at_3": 0.45385, "mrr_at_5": 0.47, "mrr_at_10": 0.48998, "mrr_at_20": 0.49838, "mrr_at_100": 0.50163, "mrr_at_200": 0.50163, "mrr_at_300": 0.50163, "mrr_at_500": 0.50163, "mrr_at_1000": 0.50163, "rc_at_1": {"relevant": 0.35385, "distractor": 0.64615}, "rc_at_3": {"relevant": 0.90769, "distractor": 2.09231}, "rc_at_5": {"relevant": 1.26154, "distractor": 3.73846}, "rc_at_10": {"relevant": 2.09231, "distractor": 7.89231}, "rc_at_20": {"relevant": 3.09231, "distractor": 16.8}, "rc_at_100": {"relevant": 8.52308, "distractor": 87.24615}, "rc_at_200": {"relevant": 9.90769, "distractor": 97.55385}, "rc_at_300": {"relevant": 9.96923, "distractor": 98.33846}, "rc_at_500": {"relevant": 9.98462, "distractor": 98.8}, "rc_at_1000": {"relevant": 9.98462, "distractor": 99.23077}}