{"ndcg_at_1": 0.0, "ndcg_at_3": 0.0, "ndcg_at_5": 0.0, "ndcg_at_10": 0.0, "ndcg_at_20": 0.00249, "ndcg_at_100": 0.00609, "ndcg_at_200": 0.00706, "ndcg_at_300": 0.00918, "ndcg_at_500": 0.01117, "ndcg_at_1000": 0.01475, "map_at_1": 0.0, "map_at_3": 0.0, "map_at_5": 0.0, "map_at_10": 0.0, "map_at_20": 0.00029, "map_at_100": 0.00058, "map_at_200": 0.00062, "map_at_300": 0.00067, "map_at_500": 0.00069, "map_at_1000": 0.00075, "recall_at_1": 0.0, "recall_at_3": 0.0, "recall_at_5": 0.0, "recall_at_10": 0.0, "recall_at_20": 0.00462, "recall_at_100": 0.01385, "recall_at_200": 0.01692, "recall_at_300": 0.02462, "recall_at_500": 0.03231, "recall_at_1000": 0.04769, "precision_at_1": 0.0, "precision_at_3": 0.0, "precision_at_5": 0.0, "precision_at_10": 0.0, "precision_at_20": 0.00231, "precision_at_100": 0.00138, "precision_at_200": 0.00085, "precision_at_300": 0.00082, "precision_at_500": 0.00065, "precision_at_1000": 0.00048, "mrr_at_1": 0.0, "mrr_at_3": 0.0, "mrr_at_5": 0.0, "mrr_at_10": 0.0, "mrr_at_20": 0.00292, "mrr_at_100": 0.00416, "mrr_at_200": 0.0043, "mrr_at_300": 0.00443, "mrr_at_500": 0.00461, "mrr_at_1000": 0.00466, "rc_at_1": {"relevant": 0.0, "distractor": 0.04615}, "rc_at_3": {"relevant": 0.0, "distractor": 0.07692}, "rc_at_5": {"relevant": 0.0, "distractor": 0.12308}, "rc_at_10": {"relevant": 0.0, "distractor": 0.16923}, "rc_at_20": {"relevant": 0.04615, "distractor": 0.27692}, "rc_at_100": {"relevant": 0.13846, "distractor": 0.61538}, "rc_at_200": {"relevant": 0.16923, "distractor": 0.78462}, "rc_at_300": {"relevant": 0.24615, "distractor": 1.0}, "rc_at_500": {"relevant": 0.32308, "distractor": 1.26154}, "rc_at_1000": {"relevant": 0.47692, "distractor": 1.63077}}