{"ndcg_at_1": 0.12308, "ndcg_at_3": 0.10675, "ndcg_at_5": 0.09623, "ndcg_at_10": 0.09168, "ndcg_at_20": 0.12691, "ndcg_at_100": 0.19201, "ndcg_at_200": 0.20918, "ndcg_at_300": 0.21862, "ndcg_at_500": 0.22843, "ndcg_at_1000": 0.24241, "map_at_1": 0.01231, "map_at_3": 0.02333, "map_at_5": 0.0281, "map_at_10": 0.03683, "map_at_20": 0.04918, "map_at_100": 0.06613, "map_at_200": 0.06841, "map_at_300": 0.06919, "map_at_500": 0.06971, "map_at_1000": 0.07017, "recall_at_1": 0.01231, "recall_at_3": 0.03077, "recall_at_5": 0.04462, "recall_at_10": 0.08615, "recall_at_20": 0.15077, "recall_at_100": 0.31077, "recall_at_200": 0.36615, "recall_at_300": 0.4, "recall_at_500": 0.43846, "recall_at_1000": 0.49846, "precision_at_1": 0.12308, "precision_at_3": 0.10256, "precision_at_5": 0.08923, "precision_at_10": 0.08615, "precision_at_20": 0.07538, "precision_at_100": 0.03108, "precision_at_200": 0.01831, "precision_at_300": 0.01333, "precision_at_500": 0.00877, "precision_at_1000": 0.00498, "mrr_at_1": 0.12308, "mrr_at_3": 0.17179, "mrr_at_5": 0.18872, "mrr_at_10": 0.21689, "mrr_at_20": 0.22322, "mrr_at_100": 0.22676, "mrr_at_200": 0.22689, "mrr_at_300": 0.22703, "mrr_at_500": 0.22707, "mrr_at_1000": 0.22717, "rc_at_1": {"relevant": 0.12308, "distractor": 0.53846}, "rc_at_3": {"relevant": 0.30769, "distractor": 1.55385}, "rc_at_5": {"relevant": 0.44615, "distractor": 2.52308}, "rc_at_10": {"relevant": 0.86154, "distractor": 4.66154}, "rc_at_20": {"relevant": 1.50769, "distractor": 8.53846}, "rc_at_100": {"relevant": 3.10769, "distractor": 23.89231}, "rc_at_200": {"relevant": 3.66154, "distractor": 29.58462}, "rc_at_300": {"relevant": 4.0, "distractor": 32.87692}, "rc_at_500": {"relevant": 4.38462, "distractor": 37.09231}, "rc_at_1000": {"relevant": 4.98462, "distractor": 42.33846}}