{"ndcg_at_1": 0.16375, "ndcg_at_3": 0.12462, "ndcg_at_5": 0.11285, "ndcg_at_10": 0.10212, "ndcg_at_20": 0.09346, "ndcg_at_100": 0.10016, "ndcg_at_200": 0.10931, "ndcg_at_300": 0.11479, "ndcg_at_500": 0.12196, "ndcg_at_1000": 0.13319, "map_at_1": 0.01634, "map_at_3": 0.0231, "map_at_5": 0.02567, "map_at_10": 0.02954, "map_at_20": 0.0321, "map_at_100": 0.0359, "map_at_200": 0.03669, "map_at_300": 0.03707, "map_at_500": 0.03742, "map_at_1000": 0.03779, "recall_at_1": 0.01634, "recall_at_3": 0.02883, "recall_at_5": 0.03477, "recall_at_10": 0.05178, "recall_at_20": 0.06397, "recall_at_100": 0.1083, "recall_at_200": 0.13832, "recall_at_300": 0.1563, "recall_at_500": 0.18291, "recall_at_1000": 0.2265, "precision_at_1": 0.205, "precision_at_3": 0.13583, "precision_at_5": 0.1105, "precision_at_10": 0.078, "precision_at_20": 0.05375, "precision_at_100": 0.0203, "precision_at_200": 0.01332, "precision_at_300": 0.01047, "precision_at_500": 0.00748, "precision_at_1000": 0.00486, "mrr_at_1": 0.205, "mrr_at_3": 0.24542, "mrr_at_5": 0.25917, "mrr_at_10": 0.26763, "mrr_at_20": 0.27136, "mrr_at_100": 0.27528, "mrr_at_200": 0.27576, "mrr_at_300": 0.2759, "mrr_at_500": 0.27603, "mrr_at_1000": 0.27609, "rc_at_1": {"relevant": 0.0, "distractor": 0.0}, "rc_at_3": {"relevant": 0.0, "distractor": 0.0}, "rc_at_5": {"relevant": 0.0, "distractor": 0.0}, "rc_at_10": {"relevant": 0.0, "distractor": 0.0}, "rc_at_20": {"relevant": 0.0, "distractor": 0.0}, "rc_at_100": {"relevant": 0.0, "distractor": 0.0}, "rc_at_200": {"relevant": 0.0, "distractor": 0.0}, "rc_at_300": {"relevant": 0.0, "distractor": 0.0}, "rc_at_500": {"relevant": 0.0, "distractor": 0.0}, "rc_at_1000": {"relevant": 0.0, "distractor": 0.0}}