{"ndcg_at_1": 0.5825, "ndcg_at_3": 0.48403, "ndcg_at_5": 0.44429, "ndcg_at_10": 0.42408, "ndcg_at_20": 0.41808, "ndcg_at_100": 0.46387, "ndcg_at_200": 0.49066, "ndcg_at_300": 0.50406, "ndcg_at_500": 0.51954, "ndcg_at_1000": 0.53664, "map_at_1": 0.09815, "map_at_3": 0.14828, "map_at_5": 0.1685, "map_at_10": 0.20055, "map_at_20": 0.23192, "map_at_100": 0.27757, "map_at_200": 0.28631, "map_at_300": 0.28913, "map_at_500": 0.29168, "map_at_1000": 0.29374, "recall_at_1": 0.09815, "recall_at_3": 0.16071, "recall_at_5": 0.19233, "recall_at_10": 0.25084, "recall_at_20": 0.3246, "recall_at_100": 0.51167, "recall_at_200": 0.5896, "recall_at_300": 0.63044, "recall_at_500": 0.68138, "recall_at_1000": 0.74204, "precision_at_1": 0.7075, "precision_at_3": 0.51833, "precision_at_5": 0.419, "precision_at_10": 0.32975, "precision_at_20": 0.25175, "precision_at_100": 0.10373, "precision_at_200": 0.0653, "precision_at_300": 0.04873, "precision_at_500": 0.03352, "precision_at_1000": 0.01987, "mrr_at_1": 0.7125, "mrr_at_3": 0.76667, "mrr_at_5": 0.77517, "mrr_at_10": 0.78069, "mrr_at_20": 0.78282, "mrr_at_100": 0.78351, "mrr_at_200": 0.78354, "mrr_at_300": 0.78356, "mrr_at_500": 0.78357, "mrr_at_1000": 0.78358, "rc_at_1": {"relevant": 0.0, "distractor": 0.0}, "rc_at_3": {"relevant": 0.0, "distractor": 0.0}, "rc_at_5": {"relevant": 0.0, "distractor": 0.0}, "rc_at_10": {"relevant": 0.0, "distractor": 0.0}, "rc_at_20": {"relevant": 0.0, "distractor": 0.0}, "rc_at_100": {"relevant": 0.0, "distractor": 0.0}, "rc_at_200": {"relevant": 0.0, "distractor": 0.0}, "rc_at_300": {"relevant": 0.0, "distractor": 0.0}, "rc_at_500": {"relevant": 0.0, "distractor": 0.0}, "rc_at_1000": {"relevant": 0.0, "distractor": 0.0}}