{"ndcg_at_1": 0.21592, "ndcg_at_3": 0.25207, "ndcg_at_5": 0.26811, "ndcg_at_10": 0.28624, "ndcg_at_20": 0.3058, "ndcg_at_100": 0.33987, "ndcg_at_200": 0.35274, "ndcg_at_300": 0.35819, "ndcg_at_500": 0.36501, "ndcg_at_1000": 0.37251, "map_at_1": 0.16931, "map_at_3": 0.21907, "map_at_5": 0.23059, "map_at_10": 0.2405, "map_at_20": 0.24715, "map_at_100": 0.25317, "map_at_200": 0.25413, "map_at_300": 0.25443, "map_at_500": 0.25468, "map_at_1000": 0.25487, "recall_at_1": 0.16931, "recall_at_3": 0.26922, "recall_at_5": 0.31119, "recall_at_10": 0.3692, "recall_at_20": 0.44202, "recall_at_100": 0.6042, "recall_at_200": 0.68146, "recall_at_300": 0.71685, "recall_at_500": 0.7655, "recall_at_1000": 0.82323, "precision_at_1": 0.21592, "precision_at_3": 0.12463, "precision_at_5": 0.09083, "precision_at_10": 0.0572, "precision_at_20": 0.03631, "precision_at_100": 0.01126, "precision_at_200": 0.00662, "precision_at_300": 0.00477, "precision_at_500": 0.00314, "precision_at_1000": 0.00175, "mrr_at_1": 0.21592, "mrr_at_3": 0.26709, "mrr_at_5": 0.27846, "mrr_at_10": 0.28637, "mrr_at_20": 0.29189, "mrr_at_100": 0.29611, "mrr_at_200": 0.29663, "mrr_at_300": 0.29675, "mrr_at_500": 0.29685, "mrr_at_1000": 0.29692, "rc_at_1": {"relevant": 0.0, "distractor": 0.0}, "rc_at_3": {"relevant": 0.0, "distractor": 0.0}, "rc_at_5": {"relevant": 0.0, "distractor": 0.0}, "rc_at_10": {"relevant": 0.0, "distractor": 0.0}, "rc_at_20": {"relevant": 0.0, "distractor": 0.0}, "rc_at_100": {"relevant": 0.0, "distractor": 0.0}, "rc_at_200": {"relevant": 0.0, "distractor": 0.0}, "rc_at_300": {"relevant": 0.0, "distractor": 0.0}, "rc_at_500": {"relevant": 0.0, "distractor": 0.0}, "rc_at_1000": {"relevant": 0.0, "distractor": 0.0}}