{"ndcg_at_1": 0.1847, "ndcg_at_3": 0.2112, "ndcg_at_5": 0.22266, "ndcg_at_10": 0.23868, "ndcg_at_20": 0.25366, "ndcg_at_100": 0.28298, "ndcg_at_200": 0.29241, "ndcg_at_300": 0.29862, "ndcg_at_500": 0.30605, "ndcg_at_1000": 0.31307, "map_at_1": 0.16197, "map_at_3": 0.19434, "map_at_5": 0.20153, "map_at_10": 0.20822, "map_at_20": 0.21268, "map_at_100": 0.21669, "map_at_200": 0.2172, "map_at_300": 0.21742, "map_at_500": 0.21762, "map_at_1000": 0.21774, "recall_at_1": 0.16197, "recall_at_3": 0.22993, "recall_at_5": 0.26024, "recall_at_10": 0.30899, "recall_at_20": 0.36342, "recall_at_100": 0.51183, "recall_at_200": 0.57451, "recall_at_300": 0.61948, "recall_at_500": 0.67691, "recall_at_1000": 0.73633, "precision_at_1": 0.1847, "precision_at_3": 0.09142, "precision_at_5": 0.06269, "precision_at_10": 0.03769, "precision_at_20": 0.02281, "precision_at_100": 0.00685, "precision_at_200": 0.00387, "precision_at_300": 0.0028, "precision_at_500": 0.00187, "precision_at_1000": 0.00103, "mrr_at_1": 0.1847, "mrr_at_3": 0.21859, "mrr_at_5": 0.22643, "mrr_at_10": 0.23341, "mrr_at_20": 0.23754, "mrr_at_100": 0.24123, "mrr_at_200": 0.24168, "mrr_at_300": 0.24186, "mrr_at_500": 0.24201, "mrr_at_1000": 0.24209, "rc_at_1": {"relevant": 0.0, "distractor": 0.0}, "rc_at_3": {"relevant": 0.0, "distractor": 0.0}, "rc_at_5": {"relevant": 0.0, "distractor": 0.0}, "rc_at_10": {"relevant": 0.0, "distractor": 0.0}, "rc_at_20": {"relevant": 0.0, "distractor": 0.0}, "rc_at_100": {"relevant": 0.0, "distractor": 0.0}, "rc_at_200": {"relevant": 0.0, "distractor": 0.0}, "rc_at_300": {"relevant": 0.0, "distractor": 0.0}, "rc_at_500": {"relevant": 0.0, "distractor": 0.0}, "rc_at_1000": {"relevant": 0.0, "distractor": 0.0}}