{"ndcg_at_1": 0.83, "ndcg_at_3": 0.73386, "ndcg_at_5": 0.70798, "ndcg_at_10": 0.68212, "ndcg_at_20": 0.65639, "ndcg_at_100": 0.51179, "ndcg_at_200": 0.43085, "ndcg_at_300": 0.39986, "ndcg_at_500": 0.39289, "ndcg_at_1000": 0.44313, "map_at_1": 0.00213, "map_at_3": 0.00568, "map_at_5": 0.00895, "map_at_10": 0.01601, "map_at_20": 0.02913, "map_at_100": 0.08939, "map_at_200": 0.12531, "map_at_300": 0.14753, "map_at_500": 0.17357, "map_at_1000": 0.20183, "recall_at_1": 0.00213, "recall_at_3": 0.00609, "recall_at_5": 0.00994, "recall_at_10": 0.01869, "recall_at_20": 0.03519, "recall_at_100": 0.12255, "recall_at_200": 0.19043, "recall_at_300": 0.2392, "recall_at_500": 0.30773, "recall_at_1000": 0.41297, "precision_at_1": 0.88, "precision_at_3": 0.78, "precision_at_5": 0.756, "precision_at_10": 0.728, "precision_at_20": 0.694, "precision_at_100": 0.521, "precision_at_200": 0.4174, "precision_at_300": 0.35833, "precision_at_500": 0.28464, "precision_at_1000": 0.19508, "mrr_at_1": 0.84, "mrr_at_3": 0.9, "mrr_at_5": 0.9, "mrr_at_10": 0.902, "mrr_at_20": 0.90382, "mrr_at_100": 0.90382, "mrr_at_200": 0.90382, "mrr_at_300": 0.90382, "mrr_at_500": 0.90382, "mrr_at_1000": 0.90382, "rc_at_1": {"relevant": 0.0, "distractor": 0.0}, "rc_at_3": {"relevant": 0.0, "distractor": 0.0}, "rc_at_5": {"relevant": 0.0, "distractor": 0.0}, "rc_at_10": {"relevant": 0.0, "distractor": 0.0}, "rc_at_20": {"relevant": 0.0, "distractor": 0.0}, "rc_at_100": {"relevant": 0.0, "distractor": 0.0}, "rc_at_200": {"relevant": 0.0, "distractor": 0.0}, "rc_at_300": {"relevant": 0.0, "distractor": 0.0}, "rc_at_500": {"relevant": 0.0, "distractor": 0.0}, "rc_at_1000": {"relevant": 0.0, "distractor": 0.0}}