{"ndcg_at_1": 0.194, "ndcg_at_3": 0.16684, "ndcg_at_5": 0.14632, "ndcg_at_10": 0.17804, "ndcg_at_20": 0.20356, "ndcg_at_100": 0.25103, "ndcg_at_200": 0.26902, "ndcg_at_300": 0.27961, "ndcg_at_500": 0.29176, "ndcg_at_1000": 0.30649, "map_at_1": 0.0393, "map_at_3": 0.07313, "map_at_5": 0.08829, "map_at_10": 0.10378, "map_at_20": 0.11293, "map_at_100": 0.12219, "map_at_200": 0.12373, "map_at_300": 0.12433, "map_at_500": 0.12482, "map_at_1000": 0.12521, "recall_at_1": 0.0393, "recall_at_3": 0.09563, "recall_at_5": 0.1316, "recall_at_10": 0.18985, "recall_at_20": 0.24978, "recall_at_100": 0.40373, "recall_at_200": 0.48038, "recall_at_300": 0.53008, "recall_at_500": 0.59203, "recall_at_1000": 0.675, "precision_at_1": 0.194, "precision_at_3": 0.15733, "precision_at_5": 0.1296, "precision_at_10": 0.0937, "precision_at_20": 0.0616, "precision_at_100": 0.01988, "precision_at_200": 0.01182, "precision_at_300": 0.0087, "precision_at_500": 0.00583, "precision_at_1000": 0.00332, "mrr_at_1": 0.194, "mrr_at_3": 0.2755, "mrr_at_5": 0.29155, "mrr_at_10": 0.30593, "mrr_at_20": 0.31234, "mrr_at_100": 0.31658, "mrr_at_200": 0.31698, "mrr_at_300": 0.31715, "mrr_at_500": 0.31726, "mrr_at_1000": 0.31729, "rc_at_1": {"relevant": 0.0, "distractor": 0.0}, "rc_at_3": {"relevant": 0.0, "distractor": 0.0}, "rc_at_5": {"relevant": 0.0, "distractor": 0.0}, "rc_at_10": {"relevant": 0.0, "distractor": 0.0}, "rc_at_20": {"relevant": 0.0, "distractor": 0.0}, "rc_at_100": {"relevant": 0.0, "distractor": 0.0}, "rc_at_200": {"relevant": 0.0, "distractor": 0.0}, "rc_at_300": {"relevant": 0.0, "distractor": 0.0}, "rc_at_500": {"relevant": 0.0, "distractor": 0.0}, "rc_at_1000": {"relevant": 0.0, "distractor": 0.0}}