{"ndcg_at_1": 0.60324, "ndcg_at_3": 0.49226, "ndcg_at_5": 0.522, "ndcg_at_10": 0.54748, "ndcg_at_20": 0.56471, "ndcg_at_100": 0.58984, "ndcg_at_200": 0.59598, "ndcg_at_300": 0.59877, "ndcg_at_500": 0.60227, "ndcg_at_1000": 0.6061, "map_at_1": 0.30162, "map_at_3": 0.42172, "map_at_5": 0.44331, "map_at_10": 0.45731, "map_at_20": 0.46383, "map_at_100": 0.46853, "map_at_200": 0.46898, "map_at_300": 0.46912, "map_at_500": 0.46923, "map_at_1000": 0.46931, "recall_at_1": 0.30162, "recall_at_3": 0.4709, "recall_at_5": 0.52971, "recall_at_10": 0.59365, "recall_at_20": 0.64895, "recall_at_100": 0.76036, "recall_at_200": 0.79608, "recall_at_300": 0.81411, "recall_at_500": 0.83862, "recall_at_1000": 0.8682, "precision_at_1": 0.60324, "precision_at_3": 0.31393, "precision_at_5": 0.21188, "precision_at_10": 0.11873, "precision_at_20": 0.0649, "precision_at_100": 0.01521, "precision_at_200": 0.00796, "precision_at_300": 0.00543, "precision_at_500": 0.00335, "precision_at_1000": 0.00174, "mrr_at_1": 0.60513, "mrr_at_3": 0.66664, "mrr_at_5": 0.67769, "mrr_at_10": 0.68399, "mrr_at_20": 0.68657, "mrr_at_100": 0.68822, "mrr_at_200": 0.68835, "mrr_at_300": 0.68839, "mrr_at_500": 0.68841, "mrr_at_1000": 0.68843, "rc_at_1": {"relevant": 0.0, "distractor": 0.0}, "rc_at_3": {"relevant": 0.0, "distractor": 0.0}, "rc_at_5": {"relevant": 0.0, "distractor": 0.0}, "rc_at_10": {"relevant": 0.0, "distractor": 0.0}, "rc_at_20": {"relevant": 0.0, "distractor": 0.0}, "rc_at_100": {"relevant": 0.0, "distractor": 0.0}, "rc_at_200": {"relevant": 0.0, "distractor": 0.0}, "rc_at_300": {"relevant": 0.0, "distractor": 0.0}, "rc_at_500": {"relevant": 0.0, "distractor": 0.0}, "rc_at_1000": {"relevant": 0.0, "distractor": 0.0}}