{"ndcg_at_1": 0.05436, "ndcg_at_3": 0.06141, "ndcg_at_5": 0.06971, "ndcg_at_10": 0.08088, "ndcg_at_20": 0.08977, "ndcg_at_100": 0.11618, "ndcg_at_200": 0.12732, "ndcg_at_300": 0.13312, "ndcg_at_500": 0.14222, "ndcg_at_1000": 0.15375, "map_at_1": 0.04849, "map_at_3": 0.05674, "map_at_5": 0.06154, "map_at_10": 0.06632, "map_at_20": 0.06861, "map_at_100": 0.07184, "map_at_200": 0.07246, "map_at_300": 0.07267, "map_at_500": 0.07289, "map_at_1000": 0.07309, "recall_at_1": 0.04849, "recall_at_3": 0.06666, "recall_at_5": 0.08638, "recall_at_10": 0.11947, "recall_at_20": 0.15132, "recall_at_100": 0.28495, "recall_at_200": 0.35646, "recall_at_300": 0.39723, "recall_at_500": 0.4664, "recall_at_1000": 0.55864, "precision_at_1": 0.05436, "precision_at_3": 0.02527, "precision_at_5": 0.02031, "precision_at_10": 0.01431, "precision_at_20": 0.00987, "precision_at_100": 0.00421, "precision_at_200": 0.0027, "precision_at_300": 0.00205, "precision_at_500": 0.0015, "precision_at_1000": 0.00097, "mrr_at_1": 0.05436, "mrr_at_3": 0.06414, "mrr_at_5": 0.0695, "mrr_at_10": 0.07419, "mrr_at_20": 0.07726, "mrr_at_100": 0.08102, "mrr_at_200": 0.08159, "mrr_at_300": 0.0818, "mrr_at_500": 0.082, "mrr_at_1000": 0.08212, "rc_at_1": {"relevant": 0.0, "distractor": 0.0}, "rc_at_3": {"relevant": 0.0, "distractor": 0.0}, "rc_at_5": {"relevant": 0.0, "distractor": 0.0}, "rc_at_10": {"relevant": 0.0, "distractor": 0.0}, "rc_at_20": {"relevant": 0.0, "distractor": 0.0}, "rc_at_100": {"relevant": 0.0, "distractor": 0.0}, "rc_at_200": {"relevant": 0.0, "distractor": 0.0}, "rc_at_300": {"relevant": 0.0, "distractor": 0.0}, "rc_at_500": {"relevant": 0.0, "distractor": 0.0}, "rc_at_1000": {"relevant": 0.0, "distractor": 0.0}}