{"ndcg_at_1": 0.09982, "ndcg_at_3": 0.1306, "ndcg_at_5": 0.15214, "ndcg_at_10": 0.17604, "ndcg_at_20": 0.19288, "ndcg_at_100": 0.22712, "ndcg_at_200": 0.24069, "ndcg_at_300": 0.24586, "ndcg_at_500": 0.2524, "ndcg_at_1000": 0.26064, "map_at_1": 0.09002, "map_at_3": 0.11763, "map_at_5": 0.13008, "map_at_10": 0.14009, "map_at_20": 0.14477, "map_at_100": 0.14958, "map_at_200": 0.15035, "map_at_300": 0.15053, "map_at_500": 0.1507, "map_at_1000": 0.15084, "recall_at_1": 0.09002, "recall_at_3": 0.15185, "recall_at_5": 0.20607, "recall_at_10": 0.27822, "recall_at_20": 0.34239, "recall_at_100": 0.51934, "recall_at_200": 0.60983, "recall_at_300": 0.64941, "recall_at_500": 0.7023, "recall_at_1000": 0.77448, "precision_at_1": 0.09982, "precision_at_3": 0.05853, "precision_at_5": 0.04658, "precision_at_10": 0.03161, "precision_at_20": 0.01978, "precision_at_100": 0.00641, "precision_at_200": 0.00384, "precision_at_300": 0.00274, "precision_at_500": 0.00181, "precision_at_1000": 0.00103, "mrr_at_1": 0.09982, "mrr_at_3": 0.13124, "mrr_at_5": 0.14316, "mrr_at_10": 0.15306, "mrr_at_20": 0.15778, "mrr_at_100": 0.162, "mrr_at_200": 0.1627, "mrr_at_300": 0.16286, "mrr_at_500": 0.16301, "mrr_at_1000": 0.16311, "rc_at_1": {"relevant": 0.0, "distractor": 0.0}, "rc_at_3": {"relevant": 0.0, "distractor": 0.0}, "rc_at_5": {"relevant": 0.0, "distractor": 0.0}, "rc_at_10": {"relevant": 0.0, "distractor": 0.0}, "rc_at_20": {"relevant": 0.0, "distractor": 0.0}, "rc_at_100": {"relevant": 0.0, "distractor": 0.0}, "rc_at_200": {"relevant": 0.0, "distractor": 0.0}, "rc_at_300": {"relevant": 0.0, "distractor": 0.0}, "rc_at_500": {"relevant": 0.0, "distractor": 0.0}, "rc_at_1000": {"relevant": 0.0, "distractor": 0.0}}