{"ndcg_at_1": 0.45455, "ndcg_at_3": 0.32707, "ndcg_at_5": 0.28653, "ndcg_at_10": 0.2381, "ndcg_at_20": 0.30592, "ndcg_at_100": 0.43315, "ndcg_at_200": 0.45622, "ndcg_at_300": 0.46476, "ndcg_at_500": 0.47411, "ndcg_at_1000": 0.48253, "map_at_1": 0.04545, "map_at_3": 0.07818, "map_at_5": 0.09809, "map_at_10": 0.12632, "map_at_20": 0.15488, "map_at_100": 0.19768, "map_at_200": 0.20145, "map_at_300": 0.20233, "map_at_500": 0.20308, "map_at_1000": 0.20345, "recall_at_1": 0.04545, "recall_at_3": 0.08727, "recall_at_5": 0.12364, "recall_at_10": 0.19818, "recall_at_20": 0.32, "recall_at_100": 0.63455, "recall_at_200": 0.70909, "recall_at_300": 0.74, "recall_at_500": 0.77636, "recall_at_1000": 0.81273, "precision_at_1": 0.45455, "precision_at_3": 0.29091, "precision_at_5": 0.24727, "precision_at_10": 0.19818, "precision_at_20": 0.16, "precision_at_100": 0.06345, "precision_at_200": 0.03545, "precision_at_300": 0.02467, "precision_at_500": 0.01553, "precision_at_1000": 0.00813, "mrr_at_1": 0.45455, "mrr_at_3": 0.51515, "mrr_at_5": 0.53879, "mrr_at_10": 0.55659, "mrr_at_20": 0.5649, "mrr_at_100": 0.56569, "mrr_at_200": 0.56569, "mrr_at_300": 0.56569, "mrr_at_500": 0.56573, "mrr_at_1000": 0.56576, "rc_at_1": {"relevant": 0.45455, "distractor": 0.52727}, "rc_at_3": {"relevant": 0.87273, "distractor": 2.0}, "rc_at_5": {"relevant": 1.23636, "distractor": 3.52727}, "rc_at_10": {"relevant": 1.98182, "distractor": 7.4}, "rc_at_20": {"relevant": 3.2, "distractor": 14.49091}, "rc_at_100": {"relevant": 6.34545, "distractor": 46.41818}, "rc_at_200": {"relevant": 7.09091, "distractor": 56.61818}, "rc_at_300": {"relevant": 7.4, "distractor": 61.05455}, "rc_at_500": {"relevant": 7.76364, "distractor": 65.65455}, "rc_at_1000": {"relevant": 8.12727, "distractor": 71.4}}