{"ndcg_at_1": 0.41, "ndcg_at_3": 0.50001, "ndcg_at_5": 0.52338, "ndcg_at_10": 0.55013, "ndcg_at_20": 0.56396, "ndcg_at_100": 0.58997, "ndcg_at_200": 0.59558, "ndcg_at_300": 0.59946, "ndcg_at_500": 0.60062, "ndcg_at_1000": 0.60261, "map_at_1": 0.38511, "map_at_3": 0.46852, "map_at_5": 0.48298, "map_at_10": 0.49484, "map_at_20": 0.49938, "map_at_100": 0.5035, "map_at_200": 0.50379, "map_at_300": 0.50393, "map_at_500": 0.50395, "map_at_1000": 0.50398, "recall_at_1": 0.38511, "recall_at_3": 0.56717, "recall_at_5": 0.62578, "recall_at_10": 0.70589, "recall_at_20": 0.75572, "recall_at_100": 0.88833, "recall_at_200": 0.92833, "recall_at_300": 0.95833, "recall_at_500": 0.96833, "recall_at_1000": 0.98667, "precision_at_1": 0.41, "precision_at_3": 0.20556, "precision_at_5": 0.13667, "precision_at_10": 0.07833, "precision_at_20": 0.04267, "precision_at_100": 0.01013, "precision_at_200": 0.00527, "precision_at_300": 0.00362, "precision_at_500": 0.00219, "precision_at_1000": 0.00112, "mrr_at_1": 0.41, "mrr_at_3": 0.48667, "mrr_at_5": 0.50067, "mrr_at_10": 0.51056, "mrr_at_20": 0.51373, "mrr_at_100": 0.51729, "mrr_at_200": 0.51758, "mrr_at_300": 0.51769, "mrr_at_500": 0.51772, "mrr_at_1000": 0.51774, "rc_at_1": {"relevant": 0.0, "distractor": 0.0}, "rc_at_3": {"relevant": 0.0, "distractor": 0.0}, "rc_at_5": {"relevant": 0.0, "distractor": 0.0}, "rc_at_10": {"relevant": 0.0, "distractor": 0.0}, "rc_at_20": {"relevant": 0.0, "distractor": 0.0}, "rc_at_100": {"relevant": 0.0, "distractor": 0.0}, "rc_at_200": {"relevant": 0.0, "distractor": 0.0}, "rc_at_300": {"relevant": 0.0, "distractor": 0.0}, "rc_at_500": {"relevant": 0.0, "distractor": 0.0}, "rc_at_1000": {"relevant": 0.0, "distractor": 0.0}}