{"ndcg_at_1": 0.09745, "ndcg_at_3": 0.11841, "ndcg_at_5": 0.12632, "ndcg_at_10": 0.13896, "ndcg_at_20": 0.15076, "ndcg_at_100": 0.17633, "ndcg_at_200": 0.18689, "ndcg_at_300": 0.19314, "ndcg_at_500": 0.20067, "ndcg_at_1000": 0.21017, "map_at_1": 0.0743, "map_at_3": 0.10019, "map_at_5": 0.10603, "map_at_10": 0.11211, "map_at_20": 0.11572, "map_at_100": 0.11947, "map_at_200": 0.12012, "map_at_300": 0.12038, "map_at_500": 0.1206, "map_at_1000": 0.12077, "recall_at_1": 0.0743, "recall_at_3": 0.1286, "recall_at_5": 0.1525, "recall_at_10": 0.19173, "recall_at_20": 0.23624, "recall_at_100": 0.36183, "recall_at_200": 0.42723, "recall_at_300": 0.47065, "recall_at_500": 0.52636, "recall_at_1000": 0.60287, "precision_at_1": 0.09745, "precision_at_3": 0.06093, "precision_at_5": 0.04382, "precision_at_10": 0.02879, "precision_at_20": 0.01838, "precision_at_100": 0.00623, "precision_at_200": 0.00382, "precision_at_300": 0.00285, "precision_at_500": 0.00196, "precision_at_1000": 0.00116, "mrr_at_1": 0.09745, "mrr_at_3": 0.12633, "mrr_at_5": 0.13266, "mrr_at_10": 0.13848, "mrr_at_20": 0.14232, "mrr_at_100": 0.14583, "mrr_at_200": 0.14637, "mrr_at_300": 0.14654, "mrr_at_500": 0.1467, "mrr_at_1000": 0.1468, "rc_at_1": {"relevant": 0.0, "distractor": 0.0}, "rc_at_3": {"relevant": 0.0, "distractor": 0.0}, "rc_at_5": {"relevant": 0.0, "distractor": 0.0}, "rc_at_10": {"relevant": 0.0, "distractor": 0.0}, "rc_at_20": {"relevant": 0.0, "distractor": 0.0}, "rc_at_100": {"relevant": 0.0, "distractor": 0.0}, "rc_at_200": {"relevant": 0.0, "distractor": 0.0}, "rc_at_300": {"relevant": 0.0, "distractor": 0.0}, "rc_at_500": {"relevant": 0.0, "distractor": 0.0}, "rc_at_1000": {"relevant": 0.0, "distractor": 0.0}}