{"ndcg_at_1": 0.12625, "ndcg_at_3": 0.12074, "ndcg_at_5": 0.11307, "ndcg_at_10": 0.10288, "ndcg_at_20": 0.09906, "ndcg_at_100": 0.11715, "ndcg_at_200": 0.13124, "ndcg_at_300": 0.1391, "ndcg_at_500": 0.14981, "ndcg_at_1000": 0.16413, "map_at_1": 0.01599, "map_at_3": 0.02828, "map_at_5": 0.0319, "map_at_10": 0.03512, "map_at_20": 0.03833, "map_at_100": 0.04345, "map_at_200": 0.04487, "map_at_300": 0.04549, "map_at_500": 0.04622, "map_at_1000": 0.04688, "recall_at_1": 0.01599, "recall_at_3": 0.03854, "recall_at_5": 0.04828, "recall_at_10": 0.06192, "recall_at_20": 0.08115, "recall_at_100": 0.1478, "recall_at_200": 0.18989, "recall_at_300": 0.21345, "recall_at_500": 0.24839, "recall_at_1000": 0.30089, "precision_at_1": 0.165, "precision_at_3": 0.14333, "precision_at_5": 0.119, "precision_at_10": 0.084, "precision_at_20": 0.05975, "precision_at_100": 0.02677, "precision_at_200": 0.01876, "precision_at_300": 0.0149, "precision_at_500": 0.01134, "precision_at_1000": 0.00747, "mrr_at_1": 0.165, "mrr_at_3": 0.23333, "mrr_at_5": 0.24796, "mrr_at_10": 0.25893, "mrr_at_20": 0.26389, "mrr_at_100": 0.26882, "mrr_at_200": 0.26939, "mrr_at_300": 0.26949, "mrr_at_500": 0.26958, "mrr_at_1000": 0.26961, "rc_at_1": {"relevant": 0.0, "distractor": 0.0}, "rc_at_3": {"relevant": 0.0, "distractor": 0.0}, "rc_at_5": {"relevant": 0.0, "distractor": 0.0}, "rc_at_10": {"relevant": 0.0, "distractor": 0.0}, "rc_at_20": {"relevant": 0.0, "distractor": 0.0}, "rc_at_100": {"relevant": 0.0, "distractor": 0.0}, "rc_at_200": {"relevant": 0.0, "distractor": 0.0}, "rc_at_300": {"relevant": 0.0, "distractor": 0.0}, "rc_at_500": {"relevant": 0.0, "distractor": 0.0}, "rc_at_1000": {"relevant": 0.0, "distractor": 0.0}}