{"ndcg_at_1": 0.01067, "ndcg_at_3": 0.0155, "ndcg_at_5": 0.01959, "ndcg_at_10": 0.02561, "ndcg_at_20": 0.03164, "ndcg_at_100": 0.04943, "ndcg_at_200": 0.06046, "ndcg_at_300": 0.0669, "ndcg_at_500": 0.07467, "ndcg_at_1000": 0.08805, "map_at_1": 0.009, "map_at_3": 0.01321, "map_at_5": 0.01545, "map_at_10": 0.01783, "map_at_20": 0.01943, "map_at_100": 0.02161, "map_at_200": 0.02218, "map_at_300": 0.0224, "map_at_500": 0.02259, "map_at_1000": 0.02279, "recall_at_1": 0.009, "recall_at_3": 0.01828, "recall_at_5": 0.02813, "recall_at_10": 0.04621, "recall_at_20": 0.06876, "recall_at_100": 0.16222, "recall_at_200": 0.23578, "recall_at_300": 0.28258, "recall_at_500": 0.34397, "recall_at_1000": 0.45851, "precision_at_1": 0.01067, "precision_at_3": 0.00803, "precision_at_5": 0.00723, "precision_at_10": 0.00595, "precision_at_20": 0.00451, "precision_at_100": 0.00221, "precision_at_200": 0.00163, "precision_at_300": 0.00133, "precision_at_500": 0.00098, "precision_at_1000": 0.00068, "mrr_at_1": 0.01067, "mrr_at_3": 0.01629, "mrr_at_5": 0.01904, "mrr_at_10": 0.02186, "mrr_at_20": 0.02383, "mrr_at_100": 0.02625, "mrr_at_200": 0.02685, "mrr_at_300": 0.02705, "mrr_at_500": 0.02722, "mrr_at_1000": 0.02739, "rc_at_1": {"relevant": 0.0, "distractor": 0.0}, "rc_at_3": {"relevant": 0.0, "distractor": 0.0}, "rc_at_5": {"relevant": 0.0, "distractor": 0.0}, "rc_at_10": {"relevant": 0.0, "distractor": 0.0}, "rc_at_20": {"relevant": 0.0, "distractor": 0.0}, "rc_at_100": {"relevant": 0.0, "distractor": 0.0}, "rc_at_200": {"relevant": 0.0, "distractor": 0.0}, "rc_at_300": {"relevant": 0.0, "distractor": 0.0}, "rc_at_500": {"relevant": 0.0, "distractor": 0.0}, "rc_at_1000": {"relevant": 0.0, "distractor": 0.0}}