{"ndcg_at_1": 0.26227, "ndcg_at_3": 0.30028, "ndcg_at_5": 0.32226, "ndcg_at_10": 0.34677, "ndcg_at_20": 0.36453, "ndcg_at_100": 0.39478, "ndcg_at_200": 0.40474, "ndcg_at_300": 0.40947, "ndcg_at_500": 0.41544, "ndcg_at_1000": 0.42052, "map_at_1": 0.23658, "map_at_3": 0.27858, "map_at_5": 0.29233, "map_at_10": 0.30317, "map_at_20": 0.30851, "map_at_100": 0.31315, "map_at_200": 0.31373, "map_at_300": 0.31391, "map_at_500": 0.31406, "map_at_1000": 0.31416, "recall_at_1": 0.23658, "recall_at_3": 0.32617, "recall_at_5": 0.37975, "recall_at_10": 0.45366, "recall_at_20": 0.5197, "recall_at_100": 0.67226, "recall_at_200": 0.7384, "recall_at_300": 0.77365, "recall_at_500": 0.82094, "recall_at_1000": 0.86218, "precision_at_1": 0.26227, "precision_at_3": 0.1273, "precision_at_5": 0.0908, "precision_at_10": 0.05537, "precision_at_20": 0.03259, "precision_at_100": 0.00874, "precision_at_200": 0.00483, "precision_at_300": 0.00338, "precision_at_500": 0.00217, "precision_at_1000": 0.00117, "mrr_at_1": 0.26534, "mrr_at_3": 0.3093, "mrr_at_5": 0.32119, "mrr_at_10": 0.33155, "mrr_at_20": 0.33626, "mrr_at_100": 0.33977, "mrr_at_200": 0.34024, "mrr_at_300": 0.34037, "mrr_at_500": 0.3405, "mrr_at_1000": 0.34055, "rc_at_1": {"relevant": 0.0, "distractor": 0.0}, "rc_at_3": {"relevant": 0.0, "distractor": 0.0}, "rc_at_5": {"relevant": 0.0, "distractor": 0.0}, "rc_at_10": {"relevant": 0.0, "distractor": 0.0}, "rc_at_20": {"relevant": 0.0, "distractor": 0.0}, "rc_at_100": {"relevant": 0.0, "distractor": 0.0}, "rc_at_200": {"relevant": 0.0, "distractor": 0.0}, "rc_at_300": {"relevant": 0.0, "distractor": 0.0}, "rc_at_500": {"relevant": 0.0, "distractor": 0.0}, "rc_at_1000": {"relevant": 0.0, "distractor": 0.0}}