{"ndcg_at_1": 0.19763, "ndcg_at_3": 0.25152, "ndcg_at_5": 0.28482, "ndcg_at_10": 0.31903, "ndcg_at_20": 0.34317, "ndcg_at_100": 0.38516, "ndcg_at_200": 0.39899, "ndcg_at_300": 0.40416, "ndcg_at_500": 0.40822, "ndcg_at_1000": 0.41254, "map_at_1": 0.16972, "map_at_3": 0.22138, "map_at_5": 0.24024, "map_at_10": 0.25657, "map_at_20": 0.26509, "map_at_100": 0.27332, "map_at_200": 0.27448, "map_at_300": 0.27481, "map_at_500": 0.27517, "map_at_1000": 0.27538, "recall_at_1": 0.16972, "recall_at_3": 0.28133, "recall_at_5": 0.36078, "recall_at_10": 0.45911, "recall_at_20": 0.54988, "recall_at_100": 0.75172, "recall_at_200": 0.83571, "recall_at_300": 0.87016, "recall_at_500": 0.89129, "recall_at_1000": 0.91864, "precision_at_1": 0.19763, "precision_at_3": 0.11989, "precision_at_5": 0.09684, "precision_at_10": 0.067, "precision_at_20": 0.04348, "precision_at_100": 0.01405, "precision_at_200": 0.00853, "precision_at_300": 0.00615, "precision_at_500": 0.00415, "precision_at_1000": 0.00229, "mrr_at_1": 0.19763, "mrr_at_3": 0.25165, "mrr_at_5": 0.27329, "mrr_at_10": 0.28976, "mrr_at_20": 0.29578, "mrr_at_100": 0.30042, "mrr_at_200": 0.30101, "mrr_at_300": 0.30114, "mrr_at_500": 0.30117, "mrr_at_1000": 0.3012, "rc_at_1": {"relevant": 0.0, "distractor": 0.0}, "rc_at_3": {"relevant": 0.0, "distractor": 0.0}, "rc_at_5": {"relevant": 0.0, "distractor": 0.0}, "rc_at_10": {"relevant": 0.0, "distractor": 0.0}, "rc_at_20": {"relevant": 0.0, "distractor": 0.0}, "rc_at_100": {"relevant": 0.0, "distractor": 0.0}, "rc_at_200": {"relevant": 0.0, "distractor": 0.0}, "rc_at_300": {"relevant": 0.0, "distractor": 0.0}, "rc_at_500": {"relevant": 0.0, "distractor": 0.0}, "rc_at_1000": {"relevant": 0.0, "distractor": 0.0}}