{"ndcg_at_1": 0.42346, "ndcg_at_3": 0.47206, "ndcg_at_5": 0.50173, "ndcg_at_10": 0.52914, "ndcg_at_20": 0.54814, "ndcg_at_100": 0.57924, "ndcg_at_200": 0.58726, "ndcg_at_300": 0.58954, "ndcg_at_500": 0.59274, "ndcg_at_1000": 0.59609, "map_at_1": 0.34699, "map_at_3": 0.42354, "map_at_5": 0.44705, "map_at_10": 0.4632, "map_at_20": 0.47111, "map_at_100": 0.47758, "map_at_200": 0.47834, "map_at_300": 0.4785, "map_at_500": 0.47867, "map_at_1000": 0.4788, "recall_at_1": 0.34699, "recall_at_3": 0.49214, "recall_at_5": 0.57154, "recall_at_10": 0.65123, "recall_at_20": 0.7186, "recall_at_100": 0.86278, "recall_at_200": 0.90989, "recall_at_300": 0.92357, "recall_at_500": 0.94378, "recall_at_1000": 0.96599, "precision_at_1": 0.42346, "precision_at_3": 0.22318, "precision_at_5": 0.16395, "precision_at_10": 0.10057, "precision_at_20": 0.05887, "precision_at_100": 0.01568, "precision_at_200": 0.00859, "precision_at_300": 0.00595, "precision_at_500": 0.00377, "precision_at_1000": 0.00203, "mrr_at_1": 0.42489, "mrr_at_3": 0.49309, "mrr_at_5": 0.51454, "mrr_at_10": 0.524, "mrr_at_20": 0.52789, "mrr_at_100": 0.53062, "mrr_at_200": 0.53092, "mrr_at_300": 0.53097, "mrr_at_500": 0.53099, "mrr_at_1000": 0.53101, "rc_at_1": {"relevant": 0.0, "distractor": 0.0}, "rc_at_3": {"relevant": 0.0, "distractor": 0.0}, "rc_at_5": {"relevant": 0.0, "distractor": 0.0}, "rc_at_10": {"relevant": 0.0, "distractor": 0.0}, "rc_at_20": {"relevant": 0.0, "distractor": 0.0}, "rc_at_100": {"relevant": 0.0, "distractor": 0.0}, "rc_at_200": {"relevant": 0.0, "distractor": 0.0}, "rc_at_300": {"relevant": 0.0, "distractor": 0.0}, "rc_at_500": {"relevant": 0.0, "distractor": 0.0}, "rc_at_1000": {"relevant": 0.0, "distractor": 0.0}}