{"ndcg_at_1": 0.159, "ndcg_at_3": 0.1297, "ndcg_at_5": 0.11391, "ndcg_at_10": 0.13484, "ndcg_at_20": 0.1549, "ndcg_at_100": 0.19662, "ndcg_at_200": 0.21234, "ndcg_at_300": 0.22179, "ndcg_at_500": 0.2331, "ndcg_at_1000": 0.24928, "map_at_1": 0.0323, "map_at_3": 0.05674, "map_at_5": 0.0672, "map_at_10": 0.07626, "map_at_20": 0.0831, "map_at_100": 0.09026, "map_at_200": 0.09146, "map_at_300": 0.09195, "map_at_500": 0.09235, "map_at_1000": 0.09272, "recall_at_1": 0.0323, "recall_at_3": 0.07448, "recall_at_5": 0.10228, "recall_at_10": 0.14112, "recall_at_20": 0.1883, "recall_at_100": 0.3242, "recall_at_200": 0.39088, "recall_at_300": 0.43547, "recall_at_500": 0.49335, "recall_at_1000": 0.58455, "precision_at_1": 0.159, "precision_at_3": 0.122, "precision_at_5": 0.1008, "precision_at_10": 0.0695, "precision_at_20": 0.0464, "precision_at_100": 0.01596, "precision_at_200": 0.00963, "precision_at_300": 0.00715, "precision_at_500": 0.00486, "precision_at_1000": 0.00288, "mrr_at_1": 0.157, "mrr_at_3": 0.21617, "mrr_at_5": 0.23162, "mrr_at_10": 0.24373, "mrr_at_20": 0.24985, "mrr_at_100": 0.25501, "mrr_at_200": 0.25545, "mrr_at_300": 0.25564, "mrr_at_500": 0.25577, "mrr_at_1000": 0.25585, "rc_at_1": {"relevant": 0.0, "distractor": 0.0}, "rc_at_3": {"relevant": 0.0, "distractor": 0.0}, "rc_at_5": {"relevant": 0.0, "distractor": 0.0}, "rc_at_10": {"relevant": 0.0, "distractor": 0.0}, "rc_at_20": {"relevant": 0.0, "distractor": 0.0}, "rc_at_100": {"relevant": 0.0, "distractor": 0.0}, "rc_at_200": {"relevant": 0.0, "distractor": 0.0}, "rc_at_300": {"relevant": 0.0, "distractor": 0.0}, "rc_at_500": {"relevant": 0.0, "distractor": 0.0}, "rc_at_1000": {"relevant": 0.0, "distractor": 0.0}}