{"ndcg_at_1": 0.33024, "ndcg_at_3": 0.43927, "ndcg_at_5": 0.47934, "ndcg_at_10": 0.51458, "ndcg_at_20": 0.53538, "ndcg_at_100": 0.55843, "ndcg_at_200": 0.56244, "ndcg_at_300": 0.56417, "ndcg_at_500": 0.56575, "ndcg_at_1000": 0.56721, "map_at_1": 0.29283, "map_at_3": 0.40092, "map_at_5": 0.42464, "map_at_10": 0.44053, "map_at_20": 0.44702, "map_at_100": 0.45078, "map_at_200": 0.45102, "map_at_300": 0.45108, "map_at_500": 0.45112, "map_at_1000": 0.45115, "recall_at_1": 0.29283, "recall_at_3": 0.51789, "recall_at_5": 0.61112, "recall_at_10": 0.71357, "recall_at_20": 0.79058, "recall_at_100": 0.90515, "recall_at_200": 0.9319, "recall_at_300": 0.94484, "recall_at_500": 0.95766, "recall_at_1000": 0.9705, "precision_at_1": 0.33024, "precision_at_3": 0.20037, "precision_at_5": 0.14305, "precision_at_10": 0.08462, "precision_at_20": 0.04712, "precision_at_100": 0.01095, "precision_at_200": 0.00565, "precision_at_300": 0.00382, "precision_at_500": 0.00233, "precision_at_1000": 0.00118, "mrr_at_1": 0.33546, "mrr_at_3": 0.43477, "mrr_at_5": 0.45495, "mrr_at_10": 0.46851, "mrr_at_20": 0.47343, "mrr_at_100": 0.47608, "mrr_at_200": 0.47626, "mrr_at_300": 0.4763, "mrr_at_500": 0.47633, "mrr_at_1000": 0.47635, "rc_at_1": {"relevant": 0.0, "distractor": 0.0}, "rc_at_3": {"relevant": 0.0, "distractor": 0.0}, "rc_at_5": {"relevant": 0.0, "distractor": 0.0}, "rc_at_10": {"relevant": 0.0, "distractor": 0.0}, "rc_at_20": {"relevant": 0.0, "distractor": 0.0}, "rc_at_100": {"relevant": 0.0, "distractor": 0.0}, "rc_at_200": {"relevant": 0.0, "distractor": 0.0}, "rc_at_300": {"relevant": 0.0, "distractor": 0.0}, "rc_at_500": {"relevant": 0.0, "distractor": 0.0}, "rc_at_1000": {"relevant": 0.0, "distractor": 0.0}}