{"ndcg_at_1": 0.199, "ndcg_at_3": 0.23636, "ndcg_at_5": 0.24938, "ndcg_at_10": 0.27154, "ndcg_at_20": 0.29339, "ndcg_at_100": 0.33114, "ndcg_at_200": 0.34235, "ndcg_at_300": 0.34805, "ndcg_at_500": 0.35407, "ndcg_at_1000": 0.36079, "map_at_1": 0.15986, "map_at_3": 0.20937, "map_at_5": 0.21766, "map_at_10": 0.22762, "map_at_20": 0.23408, "map_at_100": 0.24002, "map_at_200": 0.24076, "map_at_300": 0.24099, "map_at_500": 0.24116, "map_at_1000": 0.2413, "recall_at_1": 0.15986, "recall_at_3": 0.26409, "recall_at_5": 0.29836, "recall_at_10": 0.36398, "recall_at_20": 0.44369, "recall_at_100": 0.62431, "recall_at_200": 0.69475, "recall_at_300": 0.73476, "recall_at_500": 0.78052, "recall_at_1000": 0.83336, "precision_at_1": 0.199, "precision_at_3": 0.11401, "precision_at_5": 0.0791, "precision_at_10": 0.04876, "precision_at_20": 0.03022, "precision_at_100": 0.00903, "precision_at_200": 0.00511, "precision_at_300": 0.00365, "precision_at_500": 0.00235, "precision_at_1000": 0.00129, "mrr_at_1": 0.199, "mrr_at_3": 0.25207, "mrr_at_5": 0.26209, "mrr_at_10": 0.27213, "mrr_at_20": 0.27765, "mrr_at_100": 0.28242, "mrr_at_200": 0.28286, "mrr_at_300": 0.283, "mrr_at_500": 0.2831, "mrr_at_1000": 0.28317, "rc_at_1": {"relevant": 0.0, "distractor": 0.0}, "rc_at_3": {"relevant": 0.0, "distractor": 0.0}, "rc_at_5": {"relevant": 0.0, "distractor": 0.0}, "rc_at_10": {"relevant": 0.0, "distractor": 0.0}, "rc_at_20": {"relevant": 0.0, "distractor": 0.0}, "rc_at_100": {"relevant": 0.0, "distractor": 0.0}, "rc_at_200": {"relevant": 0.0, "distractor": 0.0}, "rc_at_300": {"relevant": 0.0, "distractor": 0.0}, "rc_at_500": {"relevant": 0.0, "distractor": 0.0}, "rc_at_1000": {"relevant": 0.0, "distractor": 0.0}}