{"ndcg_at_1": 0.21538, "ndcg_at_3": 0.18633, "ndcg_at_5": 0.16026, "ndcg_at_10": 0.13045, "ndcg_at_20": 0.17161, "ndcg_at_100": 0.24657, "ndcg_at_200": 0.26748, "ndcg_at_300": 0.28064, "ndcg_at_500": 0.29646, "ndcg_at_1000": 0.31181, "map_at_1": 0.02154, "map_at_3": 0.04308, "map_at_5": 0.05369, "map_at_10": 0.06731, "map_at_20": 0.08211, "map_at_100": 0.09996, "map_at_200": 0.10245, "map_at_300": 0.10354, "map_at_500": 0.10434, "map_at_1000": 0.10494, "recall_at_1": 0.02154, "recall_at_3": 0.05385, "recall_at_5": 0.07231, "recall_at_10": 0.10923, "recall_at_20": 0.18462, "recall_at_100": 0.36923, "recall_at_200": 0.43692, "recall_at_300": 0.48462, "recall_at_500": 0.54615, "recall_at_1000": 0.61231, "precision_at_1": 0.21538, "precision_at_3": 0.17949, "precision_at_5": 0.14462, "precision_at_10": 0.10923, "precision_at_20": 0.09231, "precision_at_100": 0.03692, "precision_at_200": 0.02185, "precision_at_300": 0.01615, "precision_at_500": 0.01092, "precision_at_1000": 0.00612, "mrr_at_1": 0.21538, "mrr_at_3": 0.28205, "mrr_at_5": 0.29667, "mrr_at_10": 0.31222, "mrr_at_20": 0.32634, "mrr_at_100": 0.33089, "mrr_at_200": 0.33119, "mrr_at_300": 0.33132, "mrr_at_500": 0.33136, "mrr_at_1000": 0.33136, "rc_at_1": {"relevant": 0.21538, "distractor": 0.53846}, "rc_at_3": {"relevant": 0.53846, "distractor": 1.6}, "rc_at_5": {"relevant": 0.72308, "distractor": 2.70769}, "rc_at_10": {"relevant": 1.09231, "distractor": 4.98462}, "rc_at_20": {"relevant": 1.84615, "distractor": 9.44615}, "rc_at_100": {"relevant": 3.69231, "distractor": 29.81538}, "rc_at_200": {"relevant": 4.36923, "distractor": 38.38462}, "rc_at_300": {"relevant": 4.84615, "distractor": 43.43077}, "rc_at_500": {"relevant": 5.46154, "distractor": 50.01538}, "rc_at_1000": {"relevant": 6.12308, "distractor": 57.16923}}