{"ndcg_at_1": 0.30769, "ndcg_at_3": 0.26231, "ndcg_at_5": 0.22371, "ndcg_at_10": 0.1948, "ndcg_at_20": 0.25701, "ndcg_at_100": 0.44895, "ndcg_at_200": 0.48789, "ndcg_at_300": 0.49557, "ndcg_at_500": 0.50273, "ndcg_at_1000": 0.50637, "map_at_1": 0.03077, "map_at_3": 0.06256, "map_at_5": 0.07779, "map_at_10": 0.10104, "map_at_20": 0.12677, "map_at_100": 0.18202, "map_at_200": 0.19032, "map_at_300": 0.19127, "map_at_500": 0.19193, "map_at_1000": 0.19214, "recall_at_1": 0.03077, "recall_at_3": 0.07538, "recall_at_5": 0.1, "recall_at_10": 0.17077, "recall_at_20": 0.28308, "recall_at_100": 0.78154, "recall_at_200": 0.90462, "recall_at_300": 0.93231, "recall_at_500": 0.96, "recall_at_1000": 0.97538, "precision_at_1": 0.30769, "precision_at_3": 0.25128, "precision_at_5": 0.2, "precision_at_10": 0.17077, "precision_at_20": 0.14154, "precision_at_100": 0.07815, "precision_at_200": 0.04523, "precision_at_300": 0.03108, "precision_at_500": 0.0192, "precision_at_1000": 0.00975, "mrr_at_1": 0.30769, "mrr_at_3": 0.38462, "mrr_at_5": 0.39846, "mrr_at_10": 0.42507, "mrr_at_20": 0.43775, "mrr_at_100": 0.43969, "mrr_at_200": 0.43969, "mrr_at_300": 0.43969, "mrr_at_500": 0.43969, "mrr_at_1000": 0.43969, "rc_at_1": {"relevant": 0.30769, "distractor": 0.69231}, "rc_at_3": {"relevant": 0.75385, "distractor": 2.24615}, "rc_at_5": {"relevant": 1.0, "distractor": 3.98462}, "rc_at_10": {"relevant": 1.70769, "distractor": 8.21538}, "rc_at_20": {"relevant": 2.83077, "distractor": 16.89231}, "rc_at_100": {"relevant": 7.81538, "distractor": 77.73846}, "rc_at_200": {"relevant": 9.04615, "distractor": 90.63077}, "rc_at_300": {"relevant": 9.32308, "distractor": 93.43077}, "rc_at_500": {"relevant": 9.6, "distractor": 95.76923}, "rc_at_1000": {"relevant": 9.75385, "distractor": 97.52308}}