{"ndcg_at_1": 0.01389, "ndcg_at_3": 0.01659, "ndcg_at_5": 0.01777, "ndcg_at_10": 0.02233, "ndcg_at_20": 0.02756, "ndcg_at_100": 0.04414, "ndcg_at_200": 0.05298, "ndcg_at_300": 0.05945, "ndcg_at_500": 0.06661, "ndcg_at_1000": 0.07946, "map_at_1": 0.00683, "map_at_3": 0.01184, "map_at_5": 0.01278, "map_at_10": 0.01444, "map_at_20": 0.01581, "map_at_100": 0.01781, "map_at_200": 0.01827, "map_at_300": 0.01849, "map_at_500": 0.01867, "map_at_1000": 0.01888, "recall_at_1": 0.00683, "recall_at_3": 0.01705, "recall_at_5": 0.02067, "recall_at_10": 0.03332, "recall_at_20": 0.04927, "recall_at_100": 0.11971, "recall_at_200": 0.17067, "recall_at_300": 0.21031, "recall_at_500": 0.25817, "recall_at_1000": 0.35157, "precision_at_1": 0.01389, "precision_at_3": 0.01132, "precision_at_5": 0.00864, "precision_at_10": 0.0071, "precision_at_20": 0.00563, "precision_at_100": 0.00299, "precision_at_200": 0.00208, "precision_at_300": 0.00173, "precision_at_500": 0.00129, "precision_at_1000": 0.0009, "mrr_at_1": 0.01389, "mrr_at_3": 0.0216, "mrr_at_5": 0.02338, "mrr_at_10": 0.027, "mrr_at_20": 0.02896, "mrr_at_100": 0.03244, "mrr_at_200": 0.033, "mrr_at_300": 0.03325, "mrr_at_500": 0.0334, "mrr_at_1000": 0.03356, "rc_at_1": {"relevant": 0.0, "distractor": 0.0}, "rc_at_3": {"relevant": 0.0, "distractor": 0.0}, "rc_at_5": {"relevant": 0.0, "distractor": 0.0}, "rc_at_10": {"relevant": 0.0, "distractor": 0.0}, "rc_at_20": {"relevant": 0.0, "distractor": 0.0}, "rc_at_100": {"relevant": 0.0, "distractor": 0.0}, "rc_at_200": {"relevant": 0.0, "distractor": 0.0}, "rc_at_300": {"relevant": 0.0, "distractor": 0.0}, "rc_at_500": {"relevant": 0.0, "distractor": 0.0}, "rc_at_1000": {"relevant": 0.0, "distractor": 0.0}}