{"ndcg_at_1": 0.1404, "ndcg_at_3": 0.179, "ndcg_at_5": 0.19535, "ndcg_at_10": 0.21929, "ndcg_at_20": 0.24105, "ndcg_at_100": 0.27581, "ndcg_at_200": 0.2879, "ndcg_at_300": 0.29348, "ndcg_at_500": 0.30128, "ndcg_at_1000": 0.31044, "map_at_1": 0.11437, "map_at_3": 0.1552, "map_at_5": 0.16613, "map_at_10": 0.17686, "map_at_20": 0.18337, "map_at_100": 0.18855, "map_at_200": 0.18927, "map_at_300": 0.1895, "map_at_500": 0.18973, "map_at_1000": 0.1899, "recall_at_1": 0.11437, "recall_at_3": 0.20474, "recall_at_5": 0.24735, "recall_at_10": 0.31851, "recall_at_20": 0.39917, "recall_at_100": 0.57145, "recall_at_200": 0.6497, "recall_at_300": 0.68864, "recall_at_500": 0.74727, "recall_at_1000": 0.82306, "precision_at_1": 0.1404, "precision_at_3": 0.08683, "precision_at_5": 0.06401, "precision_at_10": 0.04253, "precision_at_20": 0.02719, "precision_at_100": 0.00835, "precision_at_200": 0.00486, "precision_at_300": 0.0035, "precision_at_500": 0.00233, "precision_at_1000": 0.00132, "mrr_at_1": 0.14074, "mrr_at_3": 0.18714, "mrr_at_5": 0.19767, "mrr_at_10": 0.20802, "mrr_at_20": 0.21394, "mrr_at_100": 0.21844, "mrr_at_200": 0.21895, "mrr_at_300": 0.2191, "mrr_at_500": 0.21924, "mrr_at_1000": 0.21934, "rc_at_1": {"relevant": 0.0, "distractor": 0.0}, "rc_at_3": {"relevant": 0.0, "distractor": 0.0}, "rc_at_5": {"relevant": 0.0, "distractor": 0.0}, "rc_at_10": {"relevant": 0.0, "distractor": 0.0}, "rc_at_20": {"relevant": 0.0, "distractor": 0.0}, "rc_at_100": {"relevant": 0.0, "distractor": 0.0}, "rc_at_200": {"relevant": 0.0, "distractor": 0.0}, "rc_at_300": {"relevant": 0.0, "distractor": 0.0}, "rc_at_500": {"relevant": 0.0, "distractor": 0.0}, "rc_at_1000": {"relevant": 0.0, "distractor": 0.0}}