{"ndcg_at_1": 0.24658, "ndcg_at_3": 0.31214, "ndcg_at_5": 0.33674, "ndcg_at_10": 0.37049, "ndcg_at_20": 0.39059, "ndcg_at_100": 0.42879, "ndcg_at_200": 0.4392, "ndcg_at_300": 0.44351, "ndcg_at_500": 0.44773, "ndcg_at_1000": 0.45273, "map_at_1": 0.19827, "map_at_3": 0.27244, "map_at_5": 0.29002, "map_at_10": 0.30646, "map_at_20": 0.31295, "map_at_100": 0.31959, "map_at_200": 0.3203, "map_at_300": 0.3205, "map_at_500": 0.32065, "map_at_1000": 0.32077, "recall_at_1": 0.19827, "recall_at_3": 0.35479, "recall_at_5": 0.41824, "recall_at_10": 0.51624, "recall_at_20": 0.58717, "recall_at_100": 0.76763, "recall_at_200": 0.8306, "recall_at_300": 0.85885, "recall_at_500": 0.88845, "recall_at_1000": 0.9273, "precision_at_1": 0.24658, "precision_at_3": 0.15601, "precision_at_5": 0.11347, "precision_at_10": 0.07203, "precision_at_20": 0.04229, "precision_at_100": 0.01184, "precision_at_200": 0.00659, "precision_at_300": 0.00464, "precision_at_500": 0.00295, "precision_at_1000": 0.00158, "mrr_at_1": 0.24658, "mrr_at_3": 0.32439, "mrr_at_5": 0.33929, "mrr_at_10": 0.35342, "mrr_at_20": 0.35852, "mrr_at_100": 0.36257, "mrr_at_200": 0.36298, "mrr_at_300": 0.36307, "mrr_at_500": 0.36313, "mrr_at_1000": 0.36317, "rc_at_1": {"relevant": 0.0, "distractor": 0.0}, "rc_at_3": {"relevant": 0.0, "distractor": 0.0}, "rc_at_5": {"relevant": 0.0, "distractor": 0.0}, "rc_at_10": {"relevant": 0.0, "distractor": 0.0}, "rc_at_20": {"relevant": 0.0, "distractor": 0.0}, "rc_at_100": {"relevant": 0.0, "distractor": 0.0}, "rc_at_200": {"relevant": 0.0, "distractor": 0.0}, "rc_at_300": {"relevant": 0.0, "distractor": 0.0}, "rc_at_500": {"relevant": 0.0, "distractor": 0.0}, "rc_at_1000": {"relevant": 0.0, "distractor": 0.0}}