{"ndcg_at_1": 0.32308, "ndcg_at_3": 0.25509, "ndcg_at_5": 0.22972, "ndcg_at_10": 0.20102, "ndcg_at_20": 0.25247, "ndcg_at_100": 0.44715, "ndcg_at_200": 0.49671, "ndcg_at_300": 0.50186, "ndcg_at_500": 0.50582, "ndcg_at_1000": 0.50904, "map_at_1": 0.03231, "map_at_3": 0.05718, "map_at_5": 0.07449, "map_at_10": 0.10411, "map_at_20": 0.12838, "map_at_100": 0.18051, "map_at_200": 0.19109, "map_at_300": 0.19177, "map_at_500": 0.19215, "map_at_1000": 0.19232, "recall_at_1": 0.03231, "recall_at_3": 0.07077, "recall_at_5": 0.10308, "recall_at_10": 0.17692, "recall_at_20": 0.27077, "recall_at_100": 0.77846, "recall_at_200": 0.93538, "recall_at_300": 0.95385, "recall_at_500": 0.96923, "recall_at_1000": 0.98308, "precision_at_1": 0.32308, "precision_at_3": 0.2359, "precision_at_5": 0.20615, "precision_at_10": 0.17692, "precision_at_20": 0.13538, "precision_at_100": 0.07785, "precision_at_200": 0.04677, "precision_at_300": 0.03179, "precision_at_500": 0.01938, "precision_at_1000": 0.00983, "mrr_at_1": 0.32308, "mrr_at_3": 0.41795, "mrr_at_5": 0.43564, "mrr_at_10": 0.45043, "mrr_at_20": 0.45824, "mrr_at_100": 0.46263, "mrr_at_200": 0.46263, "mrr_at_300": 0.46263, "mrr_at_500": 0.46263, "mrr_at_1000": 0.46263, "rc_at_1": {"relevant": 0.32308, "distractor": 0.67692}, "rc_at_3": {"relevant": 0.72308, "distractor": 2.26154}, "rc_at_5": {"relevant": 1.07692, "distractor": 3.89231}, "rc_at_10": {"relevant": 1.75385, "distractor": 8.13846}, "rc_at_20": {"relevant": 2.76923, "distractor": 17.04615}, "rc_at_100": {"relevant": 7.86154, "distractor": 83.56923}, "rc_at_200": {"relevant": 9.36923, "distractor": 94.76923}, "rc_at_300": {"relevant": 9.53846, "distractor": 96.2}, "rc_at_500": {"relevant": 9.70769, "distractor": 97.63077}, "rc_at_1000": {"relevant": 9.83077, "distractor": 98.63077}}