{"ndcg_at_1": 0.4425, "ndcg_at_3": 0.35972, "ndcg_at_5": 0.32679, "ndcg_at_10": 0.30206, "ndcg_at_20": 0.28381, "ndcg_at_100": 0.3142, "ndcg_at_200": 0.33339, "ndcg_at_300": 0.34404, "ndcg_at_500": 0.35702, "ndcg_at_1000": 0.37322, "map_at_1": 0.0588, "map_at_3": 0.09158, "map_at_5": 0.10387, "map_at_10": 0.12002, "map_at_20": 0.13296, "map_at_100": 0.15524, "map_at_200": 0.15966, "map_at_300": 0.16129, "map_at_500": 0.16287, "map_at_1000": 0.16421, "recall_at_1": 0.0588, "recall_at_3": 0.10437, "recall_at_5": 0.12577, "recall_at_10": 0.16606, "recall_at_20": 0.20581, "recall_at_100": 0.35122, "recall_at_200": 0.40721, "recall_at_300": 0.44034, "recall_at_500": 0.48476, "recall_at_1000": 0.54611, "precision_at_1": 0.545, "precision_at_3": 0.38, "precision_at_5": 0.307, "precision_at_10": 0.23225, "precision_at_20": 0.16275, "precision_at_100": 0.06712, "precision_at_200": 0.0425, "precision_at_300": 0.0322, "precision_at_500": 0.02255, "precision_at_1000": 0.01367, "mrr_at_1": 0.545, "mrr_at_3": 0.60875, "mrr_at_5": 0.61963, "mrr_at_10": 0.62879, "mrr_at_20": 0.63121, "mrr_at_100": 0.63333, "mrr_at_200": 0.63346, "mrr_at_300": 0.63347, "mrr_at_500": 0.63348, "mrr_at_1000": 0.6335, "rc_at_1": {"relevant": 0.0, "distractor": 0.0}, "rc_at_3": {"relevant": 0.0, "distractor": 0.0}, "rc_at_5": {"relevant": 0.0, "distractor": 0.0}, "rc_at_10": {"relevant": 0.0, "distractor": 0.0}, "rc_at_20": {"relevant": 0.0, "distractor": 0.0}, "rc_at_100": {"relevant": 0.0, "distractor": 0.0}, "rc_at_200": {"relevant": 0.0, "distractor": 0.0}, "rc_at_300": {"relevant": 0.0, "distractor": 0.0}, "rc_at_500": {"relevant": 0.0, "distractor": 0.0}, "rc_at_1000": {"relevant": 0.0, "distractor": 0.0}}