{"ndcg_at_1": 0.521, "ndcg_at_3": 0.57976, "ndcg_at_5": 0.60866, "ndcg_at_10": 0.63353, "ndcg_at_20": 0.64962, "ndcg_at_100": 0.66802, "ndcg_at_200": 0.67244, "ndcg_at_300": 0.67383, "ndcg_at_500": 0.67559, "ndcg_at_1000": 0.67742, "map_at_1": 0.45535, "map_at_3": 0.54583, "map_at_5": 0.56581, "map_at_10": 0.57919, "map_at_20": 0.58501, "map_at_100": 0.58837, "map_at_200": 0.58869, "map_at_300": 0.58876, "map_at_500": 0.58882, "map_at_1000": 0.58886, "recall_at_1": 0.45535, "recall_at_3": 0.61862, "recall_at_5": 0.68958, "recall_at_10": 0.76097, "recall_at_20": 0.81999, "recall_at_100": 0.90836, "recall_at_200": 0.93646, "recall_at_300": 0.94569, "recall_at_500": 0.959, "recall_at_1000": 0.97395, "precision_at_1": 0.521, "precision_at_3": 0.25455, "precision_at_5": 0.17467, "precision_at_10": 0.09918, "precision_at_20": 0.05467, "precision_at_100": 0.0125, "precision_at_200": 0.00649, "precision_at_300": 0.00439, "precision_at_500": 0.00269, "precision_at_1000": 0.00137, "mrr_at_1": 0.521, "mrr_at_3": 0.58746, "mrr_at_5": 0.60276, "mrr_at_10": 0.61147, "mrr_at_20": 0.61529, "mrr_at_100": 0.61725, "mrr_at_200": 0.61741, "mrr_at_300": 0.61744, "mrr_at_500": 0.61747, "mrr_at_1000": 0.61748, "rc_at_1": {"relevant": 0.0, "distractor": 0.0}, "rc_at_3": {"relevant": 0.0, "distractor": 0.0}, "rc_at_5": {"relevant": 0.0, "distractor": 0.0}, "rc_at_10": {"relevant": 0.0, "distractor": 0.0}, "rc_at_20": {"relevant": 0.0, "distractor": 0.0}, "rc_at_100": {"relevant": 0.0, "distractor": 0.0}, "rc_at_200": {"relevant": 0.0, "distractor": 0.0}, "rc_at_300": {"relevant": 0.0, "distractor": 0.0}, "rc_at_500": {"relevant": 0.0, "distractor": 0.0}, "rc_at_1000": {"relevant": 0.0, "distractor": 0.0}}