{"ndcg_at_1": 0.0017, "ndcg_at_3": 0.00249, "ndcg_at_5": 0.00316, "ndcg_at_10": 0.00408, "ndcg_at_20": 0.00541, "ndcg_at_100": 0.00863, "ndcg_at_200": 0.01049, "ndcg_at_300": 0.01155, "ndcg_at_500": 0.01341, "ndcg_at_1000": 0.01639, "map_at_1": 0.00126, "map_at_3": 0.00206, "map_at_5": 0.00243, "map_at_10": 0.00278, "map_at_20": 0.00314, "map_at_100": 0.00353, "map_at_200": 0.00362, "map_at_300": 0.00366, "map_at_500": 0.0037, "map_at_1000": 0.00374, "recall_at_1": 0.00126, "recall_at_3": 0.00318, "recall_at_5": 0.00477, "recall_at_10": 0.00756, "recall_at_20": 0.01262, "recall_at_100": 0.02972, "recall_at_200": 0.04236, "recall_at_300": 0.05028, "recall_at_500": 0.06532, "recall_at_1000": 0.09094, "precision_at_1": 0.0017, "precision_at_3": 0.0013, "precision_at_5": 0.00116, "precision_at_10": 0.00094, "precision_at_20": 0.00078, "precision_at_100": 0.00037, "precision_at_200": 0.00027, "precision_at_300": 0.00021, "precision_at_500": 0.00017, "precision_at_1000": 0.00012, "mrr_at_1": 0.0021, "mrr_at_3": 0.00308, "mrr_at_5": 0.00349, "mrr_at_10": 0.00394, "mrr_at_20": 0.00434, "mrr_at_100": 0.00478, "mrr_at_200": 0.00491, "mrr_at_300": 0.00496, "mrr_at_500": 0.005, "mrr_at_1000": 0.00504, "rc_at_1": {"relevant": 0.0, "distractor": 0.0}, "rc_at_3": {"relevant": 0.0, "distractor": 0.0}, "rc_at_5": {"relevant": 0.0, "distractor": 0.0}, "rc_at_10": {"relevant": 0.0, "distractor": 0.0}, "rc_at_20": {"relevant": 0.0, "distractor": 0.0}, "rc_at_100": {"relevant": 0.0, "distractor": 0.0}, "rc_at_200": {"relevant": 0.0, "distractor": 0.0}, "rc_at_300": {"relevant": 0.0, "distractor": 0.0}, "rc_at_500": {"relevant": 0.0, "distractor": 0.0}, "rc_at_1000": {"relevant": 0.0, "distractor": 0.0}}