{"ndcg_at_1": 0.85334, "ndcg_at_3": 0.68186, "ndcg_at_5": 0.70223, "ndcg_at_10": 0.71748, "ndcg_at_20": 0.72771, "ndcg_at_100": 0.74145, "ndcg_at_200": 0.74574, "ndcg_at_300": 0.74761, "ndcg_at_500": 0.75016, "ndcg_at_1000": 0.75293, "map_at_1": 0.42667, "map_at_3": 0.60863, "map_at_5": 0.62513, "map_at_10": 0.63455, "map_at_20": 0.6387, "map_at_100": 0.64156, "map_at_200": 0.6419, "map_at_300": 0.642, "map_at_500": 0.64209, "map_at_1000": 0.64215, "recall_at_1": 0.42667, "recall_at_3": 0.64153, "recall_at_5": 0.68177, "recall_at_10": 0.71985, "recall_at_20": 0.7528, "recall_at_100": 0.81364, "recall_at_200": 0.83862, "recall_at_300": 0.85071, "recall_at_500": 0.8686, "recall_at_1000": 0.88994, "precision_at_1": 0.85334, "precision_at_3": 0.42768, "precision_at_5": 0.27271, "precision_at_10": 0.14397, "precision_at_20": 0.07528, "precision_at_100": 0.01627, "precision_at_200": 0.00839, "precision_at_300": 0.00567, "precision_at_500": 0.00347, "precision_at_1000": 0.00178, "mrr_at_1": 0.85334, "mrr_at_3": 0.88758, "mrr_at_5": 0.89156, "mrr_at_10": 0.89351, "mrr_at_20": 0.89438, "mrr_at_100": 0.89476, "mrr_at_200": 0.89479, "mrr_at_300": 0.89479, "mrr_at_500": 0.8948, "mrr_at_1000": 0.8948, "rc_at_1": {"relevant": 0.0, "distractor": 0.0}, "rc_at_3": {"relevant": 0.0, "distractor": 0.0}, "rc_at_5": {"relevant": 0.0, "distractor": 0.0}, "rc_at_10": {"relevant": 0.0, "distractor": 0.0}, "rc_at_20": {"relevant": 0.0, "distractor": 0.0}, "rc_at_100": {"relevant": 0.0, "distractor": 0.0}, "rc_at_200": {"relevant": 0.0, "distractor": 0.0}, "rc_at_300": {"relevant": 0.0, "distractor": 0.0}, "rc_at_500": {"relevant": 0.0, "distractor": 0.0}, "rc_at_1000": {"relevant": 0.0, "distractor": 0.0}}