{"ndcg_at_1": 0.54, "ndcg_at_3": 0.61324, "ndcg_at_5": 0.63948, "ndcg_at_10": 0.66065, "ndcg_at_20": 0.67186, "ndcg_at_100": 0.68962, "ndcg_at_200": 0.69242, "ndcg_at_300": 0.69368, "ndcg_at_500": 0.69522, "ndcg_at_1000": 0.69667, "map_at_1": 0.51444, "map_at_3": 0.58579, "map_at_5": 0.60466, "map_at_10": 0.6138, "map_at_20": 0.61713, "map_at_100": 0.61984, "map_at_200": 0.61998, "map_at_300": 0.62002, "map_at_500": 0.62006, "map_at_1000": 0.62008, "recall_at_1": 0.51444, "recall_at_3": 0.66228, "recall_at_5": 0.72433, "recall_at_10": 0.78844, "recall_at_20": 0.83122, "recall_at_100": 0.92333, "recall_at_200": 0.94333, "recall_at_300": 0.95333, "recall_at_500": 0.96667, "recall_at_1000": 0.98, "precision_at_1": 0.54, "precision_at_3": 0.24, "precision_at_5": 0.16133, "precision_at_10": 0.089, "precision_at_20": 0.047, "precision_at_100": 0.01053, "precision_at_200": 0.00537, "precision_at_300": 0.00361, "precision_at_500": 0.00219, "precision_at_1000": 0.00111, "mrr_at_1": 0.54, "mrr_at_3": 0.60944, "mrr_at_5": 0.62144, "mrr_at_10": 0.62901, "mrr_at_20": 0.6318, "mrr_at_100": 0.63377, "mrr_at_200": 0.63392, "mrr_at_300": 0.63396, "mrr_at_500": 0.63399, "mrr_at_1000": 0.63401, "rc_at_1": {"relevant": 0.0, "distractor": 0.0}, "rc_at_3": {"relevant": 0.0, "distractor": 0.0}, "rc_at_5": {"relevant": 0.0, "distractor": 0.0}, "rc_at_10": {"relevant": 0.0, "distractor": 0.0}, "rc_at_20": {"relevant": 0.0, "distractor": 0.0}, "rc_at_100": {"relevant": 0.0, "distractor": 0.0}, "rc_at_200": {"relevant": 0.0, "distractor": 0.0}, "rc_at_300": {"relevant": 0.0, "distractor": 0.0}, "rc_at_500": {"relevant": 0.0, "distractor": 0.0}, "rc_at_1000": {"relevant": 0.0, "distractor": 0.0}}