{"ndcg_at_1": 0.47531, "ndcg_at_3": 0.43172, "ndcg_at_5": 0.4408, "ndcg_at_10": 0.47261, "ndcg_at_20": 0.49888, "ndcg_at_100": 0.54373, "ndcg_at_200": 0.55386, "ndcg_at_300": 0.55843, "ndcg_at_500": 0.56273, "ndcg_at_1000": 0.56676, "map_at_1": 0.23629, "map_at_3": 0.33918, "map_at_5": 0.36584, "map_at_10": 0.38994, "map_at_20": 0.40125, "map_at_100": 0.41127, "map_at_200": 0.41217, "map_at_300": 0.41243, "map_at_500": 0.41261, "map_at_1000": 0.41272, "recall_at_1": 0.23629, "recall_at_3": 0.38413, "recall_at_5": 0.44599, "recall_at_10": 0.54456, "recall_at_20": 0.62561, "recall_at_100": 0.80824, "recall_at_200": 0.86285, "recall_at_300": 0.8904, "recall_at_500": 0.91793, "recall_at_1000": 0.9463, "precision_at_1": 0.47531, "precision_at_3": 0.29064, "precision_at_5": 0.21204, "precision_at_10": 0.1341, "precision_at_20": 0.07832, "precision_at_100": 0.02076, "precision_at_200": 0.01115, "precision_at_300": 0.00769, "precision_at_500": 0.00478, "precision_at_1000": 0.00248, "mrr_at_1": 0.47531, "mrr_at_3": 0.52649, "mrr_at_5": 0.54092, "mrr_at_10": 0.55394, "mrr_at_20": 0.55788, "mrr_at_100": 0.56072, "mrr_at_200": 0.56093, "mrr_at_300": 0.56101, "mrr_at_500": 0.56104, "mrr_at_1000": 0.56105, "rc_at_1": {"relevant": 0.0, "distractor": 0.0}, "rc_at_3": {"relevant": 0.0, "distractor": 0.0}, "rc_at_5": {"relevant": 0.0, "distractor": 0.0}, "rc_at_10": {"relevant": 0.0, "distractor": 0.0}, "rc_at_20": {"relevant": 0.0, "distractor": 0.0}, "rc_at_100": {"relevant": 0.0, "distractor": 0.0}, "rc_at_200": {"relevant": 0.0, "distractor": 0.0}, "rc_at_300": {"relevant": 0.0, "distractor": 0.0}, "rc_at_500": {"relevant": 0.0, "distractor": 0.0}, "rc_at_1000": {"relevant": 0.0, "distractor": 0.0}}