{"ndcg_at_1": 0.5425, "ndcg_at_3": 0.44749, "ndcg_at_5": 0.41192, "ndcg_at_10": 0.39005, "ndcg_at_20": 0.38431, "ndcg_at_100": 0.42823, "ndcg_at_200": 0.45418, "ndcg_at_300": 0.46708, "ndcg_at_500": 0.48223, "ndcg_at_1000": 0.50044, "map_at_1": 0.0883, "map_at_3": 0.13147, "map_at_5": 0.14951, "map_at_10": 0.17611, "map_at_20": 0.20329, "map_at_100": 0.24493, "map_at_200": 0.25263, "map_at_300": 0.25561, "map_at_500": 0.2583, "map_at_1000": 0.26065, "recall_at_1": 0.0883, "recall_at_3": 0.1425, "recall_at_5": 0.17142, "recall_at_10": 0.22368, "recall_at_20": 0.2906, "recall_at_100": 0.46497, "recall_at_200": 0.54392, "recall_at_300": 0.58209, "recall_at_500": 0.63619, "recall_at_1000": 0.70222, "precision_at_1": 0.655, "precision_at_3": 0.4725, "precision_at_5": 0.385, "precision_at_10": 0.29825, "precision_at_20": 0.22975, "precision_at_100": 0.09735, "precision_at_200": 0.06194, "precision_at_300": 0.04703, "precision_at_500": 0.03283, "precision_at_1000": 0.01983, "mrr_at_1": 0.655, "mrr_at_3": 0.71667, "mrr_at_5": 0.72454, "mrr_at_10": 0.73097, "mrr_at_20": 0.73302, "mrr_at_100": 0.73454, "mrr_at_200": 0.73465, "mrr_at_300": 0.73466, "mrr_at_500": 0.73467, "mrr_at_1000": 0.73469, "rc_at_1": {"relevant": 0.0, "distractor": 0.0}, "rc_at_3": {"relevant": 0.0, "distractor": 0.0}, "rc_at_5": {"relevant": 0.0, "distractor": 0.0}, "rc_at_10": {"relevant": 0.0, "distractor": 0.0}, "rc_at_20": {"relevant": 0.0, "distractor": 0.0}, "rc_at_100": {"relevant": 0.0, "distractor": 0.0}, "rc_at_200": {"relevant": 0.0, "distractor": 0.0}, "rc_at_300": {"relevant": 0.0, "distractor": 0.0}, "rc_at_500": {"relevant": 0.0, "distractor": 0.0}, "rc_at_1000": {"relevant": 0.0, "distractor": 0.0}}