{"ndcg_at_1": 0.42857, "ndcg_at_3": 0.31146, "ndcg_at_5": 0.27239, "ndcg_at_10": 0.24545, "ndcg_at_20": 0.25482, "ndcg_at_100": 0.34186, "ndcg_at_200": 0.38306, "ndcg_at_300": 0.40695, "ndcg_at_500": 0.43426, "ndcg_at_1000": 0.46213, "map_at_1": 0.03382, "map_at_3": 0.05516, "map_at_5": 0.07219, "map_at_10": 0.09558, "map_at_20": 0.11905, "map_at_100": 0.1481, "map_at_200": 0.1547, "map_at_300": 0.15775, "map_at_500": 0.16047, "map_at_1000": 0.16261, "recall_at_1": 0.03382, "recall_at_3": 0.06342, "recall_at_5": 0.09193, "recall_at_10": 0.14706, "recall_at_20": 0.22374, "recall_at_100": 0.40704, "recall_at_200": 0.51359, "recall_at_300": 0.58122, "recall_at_500": 0.6651, "recall_at_1000": 0.7625, "precision_at_1": 0.44898, "precision_at_3": 0.29252, "precision_at_5": 0.2449, "precision_at_10": 0.2, "precision_at_20": 0.15408, "precision_at_100": 0.06388, "precision_at_200": 0.04276, "precision_at_300": 0.03327, "precision_at_500": 0.02363, "precision_at_1000": 0.01398, "mrr_at_1": 0.44898, "mrr_at_3": 0.54082, "mrr_at_5": 0.54592, "mrr_at_10": 0.55938, "mrr_at_20": 0.56466, "mrr_at_100": 0.56694, "mrr_at_200": 0.56721, "mrr_at_300": 0.5673, "mrr_at_500": 0.56735, "mrr_at_1000": 0.56735, "rc_at_1": {"relevant": 0.0, "distractor": 0.0}, "rc_at_3": {"relevant": 0.0, "distractor": 0.0}, "rc_at_5": {"relevant": 0.0, "distractor": 0.0}, "rc_at_10": {"relevant": 0.0, "distractor": 0.0}, "rc_at_20": {"relevant": 0.0, "distractor": 0.0}, "rc_at_100": {"relevant": 0.0, "distractor": 0.0}, "rc_at_200": {"relevant": 0.0, "distractor": 0.0}, "rc_at_300": {"relevant": 0.0, "distractor": 0.0}, "rc_at_500": {"relevant": 0.0, "distractor": 0.0}, "rc_at_1000": {"relevant": 0.0, "distractor": 0.0}}