{"ndcg_at_1": 0.89364, "ndcg_at_3": 0.90507, "ndcg_at_5": 0.91001, "ndcg_at_10": 0.91263, "ndcg_at_20": 0.91474, "ndcg_at_100": 0.91751, "ndcg_at_200": 0.91829, "ndcg_at_300": 0.91871, "ndcg_at_500": 0.91921, "ndcg_at_1000": 0.91977, "map_at_1": 0.8291, "map_at_3": 0.87964, "map_at_5": 0.88382, "map_at_10": 0.88558, "map_at_20": 0.88643, "map_at_100": 0.88704, "map_at_200": 0.88711, "map_at_300": 0.88713, "map_at_500": 0.88715, "map_at_1000": 0.88717, "recall_at_1": 0.8291, "recall_at_3": 0.92379, "recall_at_5": 0.93831, "recall_at_10": 0.94637, "recall_at_20": 0.95334, "recall_at_100": 0.96486, "recall_at_200": 0.96898, "recall_at_300": 0.97141, "recall_at_500": 0.97451, "recall_at_1000": 0.97846, "precision_at_1": 0.89364, "precision_at_3": 0.33618, "precision_at_5": 0.20558, "precision_at_10": 0.10423, "precision_at_20": 0.05281, "precision_at_100": 0.01085, "precision_at_200": 0.00548, "precision_at_300": 0.00368, "precision_at_500": 0.00223, "precision_at_1000": 0.00112, "mrr_at_1": 0.89364, "mrr_at_3": 0.93469, "mrr_at_5": 0.93736, "mrr_at_10": 0.93785, "mrr_at_20": 0.93801, "mrr_at_100": 0.93805, "mrr_at_200": 0.93806, "mrr_at_300": 0.93806, "mrr_at_500": 0.93806, "mrr_at_1000": 0.93806, "rc_at_1": {"relevant": 0.0, "distractor": 0.0}, "rc_at_3": {"relevant": 0.0, "distractor": 0.0}, "rc_at_5": {"relevant": 0.0, "distractor": 0.0}, "rc_at_10": {"relevant": 0.0, "distractor": 0.0}, "rc_at_20": {"relevant": 0.0, "distractor": 0.0}, "rc_at_100": {"relevant": 0.0, "distractor": 0.0}, "rc_at_200": {"relevant": 0.0, "distractor": 0.0}, "rc_at_300": {"relevant": 0.0, "distractor": 0.0}, "rc_at_500": {"relevant": 0.0, "distractor": 0.0}, "rc_at_1000": {"relevant": 0.0, "distractor": 0.0}}