{"ndcg_at_1": 0.27692, "ndcg_at_3": 0.23077, "ndcg_at_5": 0.20224, "ndcg_at_10": 0.16463, "ndcg_at_20": 0.21539, "ndcg_at_100": 0.33009, "ndcg_at_200": 0.36549, "ndcg_at_300": 0.37884, "ndcg_at_500": 0.3927, "ndcg_at_1000": 0.40745, "map_at_1": 0.02769, "map_at_3": 0.05256, "map_at_5": 0.06526, "map_at_10": 0.08437, "map_at_20": 0.10136, "map_at_100": 0.13238, "map_at_200": 0.13764, "map_at_300": 0.13903, "map_at_500": 0.13998, "map_at_1000": 0.14063, "recall_at_1": 0.02769, "recall_at_3": 0.06462, "recall_at_5": 0.09077, "recall_at_10": 0.13846, "recall_at_20": 0.23077, "recall_at_100": 0.52, "recall_at_200": 0.63385, "recall_at_300": 0.68154, "recall_at_500": 0.73538, "recall_at_1000": 0.79846, "precision_at_1": 0.27692, "precision_at_3": 0.21538, "precision_at_5": 0.18154, "precision_at_10": 0.13846, "precision_at_20": 0.11538, "precision_at_100": 0.052, "precision_at_200": 0.03169, "precision_at_300": 0.02272, "precision_at_500": 0.01471, "precision_at_1000": 0.00798, "mrr_at_1": 0.27692, "mrr_at_3": 0.36154, "mrr_at_5": 0.38077, "mrr_at_10": 0.39348, "mrr_at_20": 0.40538, "mrr_at_100": 0.41063, "mrr_at_200": 0.41073, "mrr_at_300": 0.41073, "mrr_at_500": 0.41073, "mrr_at_1000": 0.41073, "rc_at_1": {"relevant": 0.27692, "distractor": 0.67692}, "rc_at_3": {"relevant": 0.64615, "distractor": 2.13846}, "rc_at_5": {"relevant": 0.90769, "distractor": 3.61538}, "rc_at_10": {"relevant": 1.38462, "distractor": 7.27692}, "rc_at_20": {"relevant": 2.30769, "distractor": 13.98462}, "rc_at_100": {"relevant": 5.2, "distractor": 50.73846}, "rc_at_200": {"relevant": 6.33846, "distractor": 63.32308}, "rc_at_300": {"relevant": 6.81538, "distractor": 68.30769}, "rc_at_500": {"relevant": 7.35385, "distractor": 73.96923}, "rc_at_1000": {"relevant": 7.98462, "distractor": 80.64615}}