{"ndcg_at_1": 0.25228, "ndcg_at_3": 0.30247, "ndcg_at_5": 0.32592, "ndcg_at_10": 0.35928, "ndcg_at_20": 0.38086, "ndcg_at_100": 0.41685, "ndcg_at_200": 0.42732, "ndcg_at_300": 0.43268, "ndcg_at_500": 0.43666, "ndcg_at_1000": 0.44115, "map_at_1": 0.20397, "map_at_3": 0.26585, "map_at_5": 0.28194, "map_at_10": 0.29848, "map_at_20": 0.30516, "map_at_100": 0.31123, "map_at_200": 0.3119, "map_at_300": 0.31214, "map_at_500": 0.31227, "map_at_1000": 0.31238, "recall_at_1": 0.20397, "recall_at_3": 0.3361, "recall_at_5": 0.39719, "recall_at_10": 0.49681, "recall_at_20": 0.57463, "recall_at_100": 0.74449, "recall_at_200": 0.81011, "recall_at_300": 0.84698, "recall_at_500": 0.87387, "recall_at_1000": 0.9087, "precision_at_1": 0.25228, "precision_at_3": 0.14878, "precision_at_5": 0.10799, "precision_at_10": 0.06906, "precision_at_20": 0.04121, "precision_at_100": 0.01148, "precision_at_200": 0.0064, "precision_at_300": 0.00452, "precision_at_500": 0.00289, "precision_at_1000": 0.00154, "mrr_at_1": 0.25228, "mrr_at_3": 0.31849, "mrr_at_5": 0.33282, "mrr_at_10": 0.34579, "mrr_at_20": 0.35129, "mrr_at_100": 0.35521, "mrr_at_200": 0.35561, "mrr_at_300": 0.35574, "mrr_at_500": 0.35578, "mrr_at_1000": 0.35582, "rc_at_1": {"relevant": 0.0, "distractor": 0.0}, "rc_at_3": {"relevant": 0.0, "distractor": 0.0}, "rc_at_5": {"relevant": 0.0, "distractor": 0.0}, "rc_at_10": {"relevant": 0.0, "distractor": 0.0}, "rc_at_20": {"relevant": 0.0, "distractor": 0.0}, "rc_at_100": {"relevant": 0.0, "distractor": 0.0}, "rc_at_200": {"relevant": 0.0, "distractor": 0.0}, "rc_at_300": {"relevant": 0.0, "distractor": 0.0}, "rc_at_500": {"relevant": 0.0, "distractor": 0.0}, "rc_at_1000": {"relevant": 0.0, "distractor": 0.0}}