{"ndcg_at_1": 0.29091, "ndcg_at_3": 0.20091, "ndcg_at_5": 0.16033, "ndcg_at_10": 0.13091, "ndcg_at_20": 0.15932, "ndcg_at_100": 0.22015, "ndcg_at_200": 0.23793, "ndcg_at_300": 0.24799, "ndcg_at_500": 0.25642, "ndcg_at_1000": 0.26865, "map_at_1": 0.02909, "map_at_3": 0.04485, "map_at_5": 0.05076, "map_at_10": 0.06266, "map_at_20": 0.07459, "map_at_100": 0.09035, "map_at_200": 0.09189, "map_at_300": 0.09244, "map_at_500": 0.093, "map_at_1000": 0.09338, "recall_at_1": 0.02909, "recall_at_3": 0.05273, "recall_at_5": 0.06364, "recall_at_10": 0.10182, "recall_at_20": 0.15273, "recall_at_100": 0.30182, "recall_at_200": 0.36, "recall_at_300": 0.39636, "recall_at_500": 0.42909, "recall_at_1000": 0.48182, "precision_at_1": 0.29091, "precision_at_3": 0.17576, "precision_at_5": 0.12727, "precision_at_10": 0.10182, "precision_at_20": 0.07636, "precision_at_100": 0.03018, "precision_at_200": 0.018, "precision_at_300": 0.01321, "precision_at_500": 0.00858, "precision_at_1000": 0.00482, "mrr_at_1": 0.29091, "mrr_at_3": 0.34545, "mrr_at_5": 0.34909, "mrr_at_10": 0.36444, "mrr_at_20": 0.36713, "mrr_at_100": 0.37271, "mrr_at_200": 0.37324, "mrr_at_300": 0.37345, "mrr_at_500": 0.37345, "mrr_at_1000": 0.37347, "rc_at_1": {"relevant": 0.29091, "distractor": 0.36364}, "rc_at_3": {"relevant": 0.52727, "distractor": 1.2}, "rc_at_5": {"relevant": 0.63636, "distractor": 1.92727}, "rc_at_10": {"relevant": 1.01818, "distractor": 3.61818}, "rc_at_20": {"relevant": 1.52727, "distractor": 6.16364}, "rc_at_100": {"relevant": 3.01818, "distractor": 15.92727}, "rc_at_200": {"relevant": 3.6, "distractor": 20.70909}, "rc_at_300": {"relevant": 3.96364, "distractor": 23.74545}, "rc_at_500": {"relevant": 4.29091, "distractor": 27.76364}, "rc_at_1000": {"relevant": 4.81818, "distractor": 32.27273}}