{"ndcg_at_1": 0.7085, "ndcg_at_3": 0.76304, "ndcg_at_5": 0.78237, "ndcg_at_10": 0.80071, "ndcg_at_20": 0.8108, "ndcg_at_100": 0.82092, "ndcg_at_200": 0.8227, "ndcg_at_300": 0.82348, "ndcg_at_500": 0.8241, "ndcg_at_1000": 0.82454, "map_at_1": 0.61616, "map_at_3": 0.72156, "map_at_5": 0.74025, "map_at_10": 0.75288, "map_at_20": 0.75779, "map_at_100": 0.76047, "map_at_200": 0.76068, "map_at_300": 0.76074, "map_at_500": 0.76078, "map_at_1000": 0.76079, "recall_at_1": 0.61616, "recall_at_3": 0.7926, "recall_at_5": 0.84475, "recall_at_10": 0.89776, "recall_at_20": 0.93187, "recall_at_100": 0.97442, "recall_at_200": 0.98361, "recall_at_300": 0.98823, "recall_at_500": 0.99214, "recall_at_1000": 0.99503, "precision_at_1": 0.7085, "precision_at_3": 0.33477, "precision_at_5": 0.22238, "precision_at_10": 0.12365, "precision_at_20": 0.06645, "precision_at_100": 0.01467, "precision_at_200": 0.00752, "precision_at_300": 0.00507, "precision_at_500": 0.00308, "precision_at_1000": 0.00155, "mrr_at_1": 0.7084, "mrr_at_3": 0.77487, "mrr_at_5": 0.78401, "mrr_at_10": 0.78941, "mrr_at_20": 0.79119, "mrr_at_100": 0.79194, "mrr_at_200": 0.79198, "mrr_at_300": 0.79199, "mrr_at_500": 0.79199, "mrr_at_1000": 0.79199, "rc_at_1": {"relevant": 0.0, "distractor": 0.0}, "rc_at_3": {"relevant": 0.0, "distractor": 0.0}, "rc_at_5": {"relevant": 0.0, "distractor": 0.0}, "rc_at_10": {"relevant": 0.0, "distractor": 0.0}, "rc_at_20": {"relevant": 0.0, "distractor": 0.0}, "rc_at_100": {"relevant": 0.0, "distractor": 0.0}, "rc_at_200": {"relevant": 0.0, "distractor": 0.0}, "rc_at_300": {"relevant": 0.0, "distractor": 0.0}, "rc_at_500": {"relevant": 0.0, "distractor": 0.0}, "rc_at_1000": {"relevant": 0.0, "distractor": 0.0}}