{"ndcg_at_1": 0.16364, "ndcg_at_3": 0.1937, "ndcg_at_5": 0.1684, "ndcg_at_10": 0.14521, "ndcg_at_20": 0.18227, "ndcg_at_100": 0.24857, "ndcg_at_200": 0.26992, "ndcg_at_300": 0.27952, "ndcg_at_500": 0.29448, "ndcg_at_1000": 0.30292, "map_at_1": 0.01636, "map_at_3": 0.04515, "map_at_5": 0.05688, "map_at_10": 0.07392, "map_at_20": 0.0891, "map_at_100": 0.10493, "map_at_200": 0.1074, "map_at_300": 0.10819, "map_at_500": 0.10906, "map_at_1000": 0.10937, "recall_at_1": 0.01636, "recall_at_3": 0.06, "recall_at_5": 0.08, "recall_at_10": 0.13091, "recall_at_20": 0.19818, "recall_at_100": 0.36364, "recall_at_200": 0.43273, "recall_at_300": 0.46727, "recall_at_500": 0.52545, "recall_at_1000": 0.56182, "precision_at_1": 0.16364, "precision_at_3": 0.2, "precision_at_5": 0.16, "precision_at_10": 0.13091, "precision_at_20": 0.09909, "precision_at_100": 0.03636, "precision_at_200": 0.02164, "precision_at_300": 0.01558, "precision_at_500": 0.01051, "precision_at_1000": 0.00562, "mrr_at_1": 0.16364, "mrr_at_3": 0.2697, "mrr_at_5": 0.27788, "mrr_at_10": 0.29947, "mrr_at_20": 0.30726, "mrr_at_100": 0.31249, "mrr_at_200": 0.31263, "mrr_at_300": 0.31263, "mrr_at_500": 0.31263, "mrr_at_1000": 0.31263, "rc_at_1": {"relevant": 0.16364, "distractor": 0.52727}, "rc_at_3": {"relevant": 0.6, "distractor": 1.41818}, "rc_at_5": {"relevant": 0.8, "distractor": 2.32727}, "rc_at_10": {"relevant": 1.30909, "distractor": 4.2}, "rc_at_20": {"relevant": 1.98182, "distractor": 7.43636}, "rc_at_100": {"relevant": 3.63636, "distractor": 20.23636}, "rc_at_200": {"relevant": 4.32727, "distractor": 25.98182}, "rc_at_300": {"relevant": 4.67273, "distractor": 29.6}, "rc_at_500": {"relevant": 5.25455, "distractor": 34.36364}, "rc_at_1000": {"relevant": 5.61818, "distractor": 40.78182}}