{"ndcg_at_1": 0.10736, "ndcg_at_3": 0.13184, "ndcg_at_5": 0.14384, "ndcg_at_10": 0.1584, "ndcg_at_20": 0.17149, "ndcg_at_100": 0.19983, "ndcg_at_200": 0.2105, "ndcg_at_300": 0.21596, "ndcg_at_500": 0.22269, "ndcg_at_1000": 0.23116, "map_at_1": 0.08771, "map_at_3": 0.11559, "map_at_5": 0.12311, "map_at_10": 0.12949, "map_at_20": 0.13323, "map_at_100": 0.13718, "map_at_200": 0.13778, "map_at_300": 0.13798, "map_at_500": 0.13815, "map_at_1000": 0.13829, "recall_at_1": 0.08771, "recall_at_3": 0.14868, "recall_at_5": 0.17915, "recall_at_10": 0.22333, "recall_at_20": 0.27196, "recall_at_100": 0.41668, "recall_at_200": 0.48641, "recall_at_300": 0.52558, "recall_at_500": 0.57768, "recall_at_1000": 0.64915, "precision_at_1": 0.10736, "precision_at_3": 0.0632, "precision_at_5": 0.04652, "precision_at_10": 0.02966, "precision_at_20": 0.01832, "precision_at_100": 0.00578, "precision_at_200": 0.00343, "precision_at_300": 0.00251, "precision_at_500": 0.00168, "precision_at_1000": 0.00097, "mrr_at_1": 0.10736, "mrr_at_3": 0.13948, "mrr_at_5": 0.14748, "mrr_at_10": 0.15378, "mrr_at_20": 0.15752, "mrr_at_100": 0.16126, "mrr_at_200": 0.16179, "mrr_at_300": 0.16195, "mrr_at_500": 0.16209, "mrr_at_1000": 0.16219, "rc_at_1": {"relevant": 0.0, "distractor": 0.0}, "rc_at_3": {"relevant": 0.0, "distractor": 0.0}, "rc_at_5": {"relevant": 0.0, "distractor": 0.0}, "rc_at_10": {"relevant": 0.0, "distractor": 0.0}, "rc_at_20": {"relevant": 0.0, "distractor": 0.0}, "rc_at_100": {"relevant": 0.0, "distractor": 0.0}, "rc_at_200": {"relevant": 0.0, "distractor": 0.0}, "rc_at_300": {"relevant": 0.0, "distractor": 0.0}, "rc_at_500": {"relevant": 0.0, "distractor": 0.0}, "rc_at_1000": {"relevant": 0.0, "distractor": 0.0}}