{"ndcg_at_1": 0.54, "ndcg_at_3": 0.59872, "ndcg_at_5": 0.62083, "ndcg_at_10": 0.64843, "ndcg_at_20": 0.6701, "ndcg_at_100": 0.68245, "ndcg_at_200": 0.68575, "ndcg_at_300": 0.68742, "ndcg_at_500": 0.68898, "ndcg_at_1000": 0.69096, "map_at_1": 0.51344, "map_at_3": 0.57565, "map_at_5": 0.58997, "map_at_10": 0.60245, "map_at_20": 0.60911, "map_at_100": 0.61106, "map_at_200": 0.61124, "map_at_300": 0.61129, "map_at_500": 0.61133, "map_at_1000": 0.61135, "recall_at_1": 0.51344, "recall_at_3": 0.64106, "recall_at_5": 0.69617, "recall_at_10": 0.77728, "recall_at_20": 0.85833, "recall_at_100": 0.92167, "recall_at_200": 0.945, "recall_at_300": 0.95833, "recall_at_500": 0.97167, "recall_at_1000": 0.99, "precision_at_1": 0.54, "precision_at_3": 0.23222, "precision_at_5": 0.15333, "precision_at_10": 0.08633, "precision_at_20": 0.04833, "precision_at_100": 0.0105, "precision_at_200": 0.00537, "precision_at_300": 0.00362, "precision_at_500": 0.0022, "precision_at_1000": 0.00112, "mrr_at_1": 0.54333, "mrr_at_3": 0.59556, "mrr_at_5": 0.60822, "mrr_at_10": 0.61858, "mrr_at_20": 0.62382, "mrr_at_100": 0.62522, "mrr_at_200": 0.62539, "mrr_at_300": 0.62544, "mrr_at_500": 0.62548, "mrr_at_1000": 0.6255, "rc_at_1": {"relevant": 0.0, "distractor": 0.0}, "rc_at_3": {"relevant": 0.0, "distractor": 0.0}, "rc_at_5": {"relevant": 0.0, "distractor": 0.0}, "rc_at_10": {"relevant": 0.0, "distractor": 0.0}, "rc_at_20": {"relevant": 0.0, "distractor": 0.0}, "rc_at_100": {"relevant": 0.0, "distractor": 0.0}, "rc_at_200": {"relevant": 0.0, "distractor": 0.0}, "rc_at_300": {"relevant": 0.0, "distractor": 0.0}, "rc_at_500": {"relevant": 0.0, "distractor": 0.0}, "rc_at_1000": {"relevant": 0.0, "distractor": 0.0}}