{"ndcg_at_1": 0.32351, "ndcg_at_3": 0.37481, "ndcg_at_5": 0.39522, "ndcg_at_10": 0.41839, "ndcg_at_20": 0.43671, "ndcg_at_100": 0.46414, "ndcg_at_200": 0.47291, "ndcg_at_300": 0.47591, "ndcg_at_500": 0.47992, "ndcg_at_1000": 0.48337, "map_at_1": 0.28229, "map_at_3": 0.34768, "map_at_5": 0.36089, "map_at_10": 0.37177, "map_at_20": 0.37767, "map_at_100": 0.38191, "map_at_200": 0.38246, "map_at_300": 0.38258, "map_at_500": 0.3827, "map_at_1000": 0.38276, "recall_at_1": 0.28229, "recall_at_3": 0.40977, "recall_at_5": 0.46014, "recall_at_10": 0.52893, "recall_at_20": 0.59664, "recall_at_100": 0.73264, "recall_at_200": 0.78992, "recall_at_300": 0.81146, "recall_at_500": 0.84209, "recall_at_1000": 0.87147, "precision_at_1": 0.32351, "precision_at_3": 0.16656, "precision_at_5": 0.11448, "precision_at_10": 0.06721, "precision_at_20": 0.0389, "precision_at_100": 0.0099, "precision_at_200": 0.00539, "precision_at_300": 0.00371, "precision_at_500": 0.00233, "precision_at_1000": 0.00121, "mrr_at_1": 0.32351, "mrr_at_3": 0.38067, "mrr_at_5": 0.39271, "mrr_at_10": 0.40189, "mrr_at_20": 0.40624, "mrr_at_100": 0.40963, "mrr_at_200": 0.41002, "mrr_at_300": 0.4101, "mrr_at_500": 0.41017, "mrr_at_1000": 0.41021, "rc_at_1": {"relevant": 0.0, "distractor": 0.0}, "rc_at_3": {"relevant": 0.0, "distractor": 0.0}, "rc_at_5": {"relevant": 0.0, "distractor": 0.0}, "rc_at_10": {"relevant": 0.0, "distractor": 0.0}, "rc_at_20": {"relevant": 0.0, "distractor": 0.0}, "rc_at_100": {"relevant": 0.0, "distractor": 0.0}, "rc_at_200": {"relevant": 0.0, "distractor": 0.0}, "rc_at_300": {"relevant": 0.0, "distractor": 0.0}, "rc_at_500": {"relevant": 0.0, "distractor": 0.0}, "rc_at_1000": {"relevant": 0.0, "distractor": 0.0}}