{"ndcg_at_1": 0.13822, "ndcg_at_3": 0.15791, "ndcg_at_5": 0.16936, "ndcg_at_10": 0.18342, "ndcg_at_20": 0.19483, "ndcg_at_100": 0.21746, "ndcg_at_200": 0.22657, "ndcg_at_300": 0.2319, "ndcg_at_500": 0.23802, "ndcg_at_1000": 0.24719, "map_at_1": 0.10638, "map_at_3": 0.13531, "map_at_5": 0.14336, "map_at_10": 0.15034, "map_at_20": 0.15416, "map_at_100": 0.15755, "map_at_200": 0.15811, "map_at_300": 0.15833, "map_at_500": 0.15852, "map_at_1000": 0.15869, "recall_at_1": 0.10638, "recall_at_3": 0.16793, "recall_at_5": 0.19942, "recall_at_10": 0.24305, "recall_at_20": 0.28666, "recall_at_100": 0.39865, "recall_at_200": 0.45403, "recall_at_300": 0.4901, "recall_at_500": 0.53495, "recall_at_1000": 0.60886, "precision_at_1": 0.13822, "precision_at_3": 0.07941, "precision_at_5": 0.05796, "precision_at_10": 0.03726, "precision_at_20": 0.02277, "precision_at_100": 0.00693, "precision_at_200": 0.00414, "precision_at_300": 0.00303, "precision_at_500": 0.00204, "precision_at_1000": 0.0012, "mrr_at_1": 0.13822, "mrr_at_3": 0.17229, "mrr_at_5": 0.1807, "mrr_at_10": 0.18722, "mrr_at_20": 0.19077, "mrr_at_100": 0.19378, "mrr_at_200": 0.19419, "mrr_at_300": 0.19433, "mrr_at_500": 0.19444, "mrr_at_1000": 0.19454, "rc_at_1": {"relevant": 0.0, "distractor": 0.0}, "rc_at_3": {"relevant": 0.0, "distractor": 0.0}, "rc_at_5": {"relevant": 0.0, "distractor": 0.0}, "rc_at_10": {"relevant": 0.0, "distractor": 0.0}, "rc_at_20": {"relevant": 0.0, "distractor": 0.0}, "rc_at_100": {"relevant": 0.0, "distractor": 0.0}, "rc_at_200": {"relevant": 0.0, "distractor": 0.0}, "rc_at_300": {"relevant": 0.0, "distractor": 0.0}, "rc_at_500": {"relevant": 0.0, "distractor": 0.0}, "rc_at_1000": {"relevant": 0.0, "distractor": 0.0}}