{"ndcg_at_1": 0.087, "ndcg_at_3": 0.07634, "ndcg_at_5": 0.0674, "ndcg_at_10": 0.08101, "ndcg_at_20": 0.09485, "ndcg_at_100": 0.13043, "ndcg_at_200": 0.14303, "ndcg_at_300": 0.15098, "ndcg_at_500": 0.16193, "ndcg_at_1000": 0.17848, "map_at_1": 0.01785, "map_at_3": 0.03258, "map_at_5": 0.0382, "map_at_10": 0.04338, "map_at_20": 0.04711, "map_at_100": 0.05252, "map_at_200": 0.0534, "map_at_300": 0.05377, "map_at_500": 0.05413, "map_at_1000": 0.05449, "recall_at_1": 0.01785, "recall_at_3": 0.04488, "recall_at_5": 0.06153, "recall_at_10": 0.08652, "recall_at_20": 0.1194, "recall_at_100": 0.23607, "recall_at_200": 0.28965, "recall_at_300": 0.32715, "recall_at_500": 0.38308, "recall_at_1000": 0.47613, "precision_at_1": 0.087, "precision_at_3": 0.07333, "precision_at_5": 0.0606, "precision_at_10": 0.0426, "precision_at_20": 0.02935, "precision_at_100": 0.01162, "precision_at_200": 0.00713, "precision_at_300": 0.00537, "precision_at_500": 0.00377, "precision_at_1000": 0.00234, "mrr_at_1": 0.087, "mrr_at_3": 0.128, "mrr_at_5": 0.1397, "mrr_at_10": 0.14901, "mrr_at_20": 0.15506, "mrr_at_100": 0.16046, "mrr_at_200": 0.16099, "mrr_at_300": 0.16114, "mrr_at_500": 0.16135, "mrr_at_1000": 0.16146, "rc_at_1": {"relevant": 0.0, "distractor": 0.0}, "rc_at_3": {"relevant": 0.0, "distractor": 0.0}, "rc_at_5": {"relevant": 0.0, "distractor": 0.0}, "rc_at_10": {"relevant": 0.0, "distractor": 0.0}, "rc_at_20": {"relevant": 0.0, "distractor": 0.0}, "rc_at_100": {"relevant": 0.0, "distractor": 0.0}, "rc_at_200": {"relevant": 0.0, "distractor": 0.0}, "rc_at_300": {"relevant": 0.0, "distractor": 0.0}, "rc_at_500": {"relevant": 0.0, "distractor": 0.0}, "rc_at_1000": {"relevant": 0.0, "distractor": 0.0}}