{"ndcg_at_1": 0.14968, "ndcg_at_3": 0.17077, "ndcg_at_5": 0.17987, "ndcg_at_10": 0.19607, "ndcg_at_20": 0.20997, "ndcg_at_100": 0.23662, "ndcg_at_200": 0.24725, "ndcg_at_300": 0.2536, "ndcg_at_500": 0.25956, "ndcg_at_1000": 0.26773, "map_at_1": 0.12031, "map_at_3": 0.15084, "map_at_5": 0.15712, "map_at_10": 0.16458, "map_at_20": 0.16879, "map_at_100": 0.17269, "map_at_200": 0.17333, "map_at_300": 0.17359, "map_at_500": 0.17377, "map_at_1000": 0.17392, "recall_at_1": 0.12031, "recall_at_3": 0.1844, "recall_at_5": 0.20902, "recall_at_10": 0.2571, "recall_at_20": 0.30889, "recall_at_100": 0.44052, "recall_at_200": 0.50553, "recall_at_300": 0.5489, "recall_at_500": 0.59269, "recall_at_1000": 0.65696, "precision_at_1": 0.14968, "precision_at_3": 0.0811, "precision_at_5": 0.05758, "precision_at_10": 0.03707, "precision_at_20": 0.02312, "precision_at_100": 0.00716, "precision_at_200": 0.00429, "precision_at_300": 0.00318, "precision_at_500": 0.00211, "precision_at_1000": 0.00122, "mrr_at_1": 0.14968, "mrr_at_3": 0.18142, "mrr_at_5": 0.18881, "mrr_at_10": 0.19683, "mrr_at_20": 0.20113, "mrr_at_100": 0.20455, "mrr_at_200": 0.20507, "mrr_at_300": 0.20524, "mrr_at_500": 0.20535, "mrr_at_1000": 0.20544, "rc_at_1": {"relevant": 0.0, "distractor": 0.0}, "rc_at_3": {"relevant": 0.0, "distractor": 0.0}, "rc_at_5": {"relevant": 0.0, "distractor": 0.0}, "rc_at_10": {"relevant": 0.0, "distractor": 0.0}, "rc_at_20": {"relevant": 0.0, "distractor": 0.0}, "rc_at_100": {"relevant": 0.0, "distractor": 0.0}, "rc_at_200": {"relevant": 0.0, "distractor": 0.0}, "rc_at_300": {"relevant": 0.0, "distractor": 0.0}, "rc_at_500": {"relevant": 0.0, "distractor": 0.0}, "rc_at_1000": {"relevant": 0.0, "distractor": 0.0}}