{"ndcg_at_1": 0.17466, "ndcg_at_3": 0.20624, "ndcg_at_5": 0.22406, "ndcg_at_10": 0.24538, "ndcg_at_20": 0.26472, "ndcg_at_100": 0.29767, "ndcg_at_200": 0.30652, "ndcg_at_300": 0.31332, "ndcg_at_500": 0.31969, "ndcg_at_1000": 0.32655, "map_at_1": 0.13946, "map_at_3": 0.18119, "map_at_5": 0.19302, "map_at_10": 0.20301, "map_at_20": 0.20866, "map_at_100": 0.21352, "map_at_200": 0.21409, "map_at_300": 0.21436, "map_at_500": 0.21456, "map_at_1000": 0.21468, "recall_at_1": 0.13946, "recall_at_3": 0.22936, "recall_at_5": 0.2744, "recall_at_10": 0.33606, "recall_at_20": 0.40713, "recall_at_100": 0.57191, "recall_at_200": 0.62641, "recall_at_300": 0.67371, "recall_at_500": 0.7204, "recall_at_1000": 0.77674, "precision_at_1": 0.17466, "precision_at_3": 0.10008, "precision_at_5": 0.07374, "precision_at_10": 0.04635, "precision_at_20": 0.02842, "precision_at_100": 0.00824, "precision_at_200": 0.00465, "precision_at_300": 0.00339, "precision_at_500": 0.00222, "precision_at_1000": 0.00122, "mrr_at_1": 0.17466, "mrr_at_3": 0.22013, "mrr_at_5": 0.232, "mrr_at_10": 0.24116, "mrr_at_20": 0.2464, "mrr_at_100": 0.25044, "mrr_at_200": 0.25081, "mrr_at_300": 0.25099, "mrr_at_500": 0.25109, "mrr_at_1000": 0.25117, "rc_at_1": {"relevant": 0.0, "distractor": 0.0}, "rc_at_3": {"relevant": 0.0, "distractor": 0.0}, "rc_at_5": {"relevant": 0.0, "distractor": 0.0}, "rc_at_10": {"relevant": 0.0, "distractor": 0.0}, "rc_at_20": {"relevant": 0.0, "distractor": 0.0}, "rc_at_100": {"relevant": 0.0, "distractor": 0.0}, "rc_at_200": {"relevant": 0.0, "distractor": 0.0}, "rc_at_300": {"relevant": 0.0, "distractor": 0.0}, "rc_at_500": {"relevant": 0.0, "distractor": 0.0}, "rc_at_1000": {"relevant": 0.0, "distractor": 0.0}}