{"ndcg_at_1": 0.27692, "ndcg_at_3": 0.21616, "ndcg_at_5": 0.19911, "ndcg_at_10": 0.16982, "ndcg_at_20": 0.2295, "ndcg_at_100": 0.38618, "ndcg_at_200": 0.43004, "ndcg_at_300": 0.44798, "ndcg_at_500": 0.45632, "ndcg_at_1000": 0.46854, "map_at_1": 0.02769, "map_at_3": 0.04795, "map_at_5": 0.0621, "map_at_10": 0.08349, "map_at_20": 0.10691, "map_at_100": 0.14942, "map_at_200": 0.1572, "map_at_300": 0.15925, "map_at_500": 0.15997, "map_at_1000": 0.16062, "recall_at_1": 0.02769, "recall_at_3": 0.06, "recall_at_5": 0.09077, "recall_at_10": 0.14769, "recall_at_20": 0.25538, "recall_at_100": 0.65385, "recall_at_200": 0.79538, "recall_at_300": 0.86, "recall_at_500": 0.89231, "recall_at_1000": 0.94462, "precision_at_1": 0.27692, "precision_at_3": 0.2, "precision_at_5": 0.18154, "precision_at_10": 0.14769, "precision_at_20": 0.12769, "precision_at_100": 0.06538, "precision_at_200": 0.03977, "precision_at_300": 0.02867, "precision_at_500": 0.01785, "precision_at_1000": 0.00945, "mrr_at_1": 0.27692, "mrr_at_3": 0.35128, "mrr_at_5": 0.37667, "mrr_at_10": 0.39871, "mrr_at_20": 0.4104, "mrr_at_100": 0.41429, "mrr_at_200": 0.41429, "mrr_at_300": 0.41429, "mrr_at_500": 0.41429, "mrr_at_1000": 0.41429, "rc_at_1": {"relevant": 0.27692, "distractor": 0.69231}, "rc_at_3": {"relevant": 0.6, "distractor": 2.29231}, "rc_at_5": {"relevant": 0.90769, "distractor": 3.90769}, "rc_at_10": {"relevant": 1.47692, "distractor": 8.01538}, "rc_at_20": {"relevant": 2.55385, "distractor": 15.86154}, "rc_at_100": {"relevant": 6.53846, "distractor": 65.26154}, "rc_at_200": {"relevant": 7.95385, "distractor": 80.44615}, "rc_at_300": {"relevant": 8.6, "distractor": 85.58462}, "rc_at_500": {"relevant": 8.92308, "distractor": 90.4}, "rc_at_1000": {"relevant": 9.44615, "distractor": 94.96923}}