{"ndcg_at_1": 0.24639, "ndcg_at_3": 0.30418, "ndcg_at_5": 0.32948, "ndcg_at_10": 0.35225, "ndcg_at_20": 0.37591, "ndcg_at_100": 0.41382, "ndcg_at_200": 0.42398, "ndcg_at_300": 0.42867, "ndcg_at_500": 0.43464, "ndcg_at_1000": 0.44054, "map_at_1": 0.2053, "map_at_3": 0.26881, "map_at_5": 0.28532, "map_at_10": 0.29684, "map_at_20": 0.3043, "map_at_100": 0.31068, "map_at_200": 0.31139, "map_at_300": 0.31161, "map_at_500": 0.31181, "map_at_1000": 0.31195, "recall_at_1": 0.2053, "recall_at_3": 0.33709, "recall_at_5": 0.40172, "recall_at_10": 0.46796, "recall_at_20": 0.55094, "recall_at_100": 0.73069, "recall_at_200": 0.79293, "recall_at_300": 0.82439, "recall_at_500": 0.86713, "recall_at_1000": 0.91302, "precision_at_1": 0.24639, "precision_at_3": 0.1479, "precision_at_5": 0.10818, "precision_at_10": 0.0666, "precision_at_20": 0.04081, "precision_at_100": 0.01157, "precision_at_200": 0.00642, "precision_at_300": 0.00453, "precision_at_500": 0.00292, "precision_at_1000": 0.00158, "mrr_at_1": 0.24735, "mrr_at_3": 0.3189, "mrr_at_5": 0.33487, "mrr_at_10": 0.34488, "mrr_at_20": 0.3507, "mrr_at_100": 0.35489, "mrr_at_200": 0.35527, "mrr_at_300": 0.35537, "mrr_at_500": 0.35546, "mrr_at_1000": 0.3555, "rc_at_1": {"relevant": 0.0, "distractor": 0.0}, "rc_at_3": {"relevant": 0.0, "distractor": 0.0}, "rc_at_5": {"relevant": 0.0, "distractor": 0.0}, "rc_at_10": {"relevant": 0.0, "distractor": 0.0}, "rc_at_20": {"relevant": 0.0, "distractor": 0.0}, "rc_at_100": {"relevant": 0.0, "distractor": 0.0}, "rc_at_200": {"relevant": 0.0, "distractor": 0.0}, "rc_at_300": {"relevant": 0.0, "distractor": 0.0}, "rc_at_500": {"relevant": 0.0, "distractor": 0.0}, "rc_at_1000": {"relevant": 0.0, "distractor": 0.0}}