{"ndcg_at_1": 0.0192, "ndcg_at_3": 0.17278, "ndcg_at_5": 0.23252, "ndcg_at_10": 0.3141, "ndcg_at_20": 0.35839, "ndcg_at_100": 0.38145, "ndcg_at_200": 0.38335, "ndcg_at_300": 0.38371, "ndcg_at_500": 0.38405, "ndcg_at_1000": 0.38435, "map_at_1": 0.0192, "map_at_3": 0.13407, "map_at_5": 0.16703, "map_at_10": 0.20092, "map_at_20": 0.21339, "map_at_100": 0.21697, "map_at_200": 0.21707, "map_at_300": 0.21709, "map_at_500": 0.21709, "map_at_1000": 0.2171, "recall_at_1": 0.0192, "recall_at_3": 0.28521, "recall_at_5": 0.43101, "recall_at_10": 0.68208, "recall_at_20": 0.85491, "recall_at_100": 0.97368, "recall_at_200": 0.9872, "recall_at_300": 0.99004, "recall_at_500": 0.99289, "recall_at_1000": 0.99573, "precision_at_1": 0.0192, "precision_at_3": 0.09507, "precision_at_5": 0.0862, "precision_at_10": 0.06821, "precision_at_20": 0.04275, "precision_at_100": 0.00974, "precision_at_200": 0.00494, "precision_at_300": 0.0033, "precision_at_500": 0.00199, "precision_at_1000": 0.001, "mrr_at_1": 0.01849, "mrr_at_3": 0.13348, "mrr_at_5": 0.16665, "mrr_at_10": 0.20068, "mrr_at_20": 0.21279, "mrr_at_100": 0.21642, "mrr_at_200": 0.21652, "mrr_at_300": 0.21653, "mrr_at_500": 0.21654, "mrr_at_1000": 0.21654, "rc_at_1": {"relevant": 0.0, "distractor": 0.0}, "rc_at_3": {"relevant": 0.0, "distractor": 0.0}, "rc_at_5": {"relevant": 0.0, "distractor": 0.0}, "rc_at_10": {"relevant": 0.0, "distractor": 0.0}, "rc_at_20": {"relevant": 0.0, "distractor": 0.0}, "rc_at_100": {"relevant": 0.0, "distractor": 0.0}, "rc_at_200": {"relevant": 0.0, "distractor": 0.0}, "rc_at_300": {"relevant": 0.0, "distractor": 0.0}, "rc_at_500": {"relevant": 0.0, "distractor": 0.0}, "rc_at_1000": {"relevant": 0.0, "distractor": 0.0}}