{"ndcg_at_1": 0.28571, "ndcg_at_3": 0.2376, "ndcg_at_5": 0.21818, "ndcg_at_10": 0.20489, "ndcg_at_20": 0.21908, "ndcg_at_100": 0.30166, "ndcg_at_200": 0.34213, "ndcg_at_300": 0.35812, "ndcg_at_500": 0.37968, "ndcg_at_1000": 0.41448, "map_at_1": 0.02422, "map_at_3": 0.04761, "map_at_5": 0.06088, "map_at_10": 0.08004, "map_at_20": 0.09967, "map_at_100": 0.12282, "map_at_200": 0.13038, "map_at_300": 0.13213, "map_at_500": 0.13413, "map_at_1000": 0.13642, "recall_at_1": 0.02422, "recall_at_3": 0.05993, "recall_at_5": 0.08341, "recall_at_10": 0.13031, "recall_at_20": 0.20315, "recall_at_100": 0.38316, "recall_at_200": 0.49695, "recall_at_300": 0.54159, "recall_at_500": 0.60844, "recall_at_1000": 0.72866, "precision_at_1": 0.32653, "precision_at_3": 0.2517, "precision_at_5": 0.22041, "precision_at_10": 0.18163, "precision_at_20": 0.14388, "precision_at_100": 0.06265, "precision_at_200": 0.04204, "precision_at_300": 0.03122, "precision_at_500": 0.02176, "precision_at_1000": 0.01347, "mrr_at_1": 0.32653, "mrr_at_3": 0.42177, "mrr_at_5": 0.4483, "mrr_at_10": 0.46482, "mrr_at_20": 0.4678, "mrr_at_100": 0.47187, "mrr_at_200": 0.47199, "mrr_at_300": 0.47199, "mrr_at_500": 0.47199, "mrr_at_1000": 0.47199, "rc_at_1": {"relevant": 0.0, "distractor": 0.0}, "rc_at_3": {"relevant": 0.0, "distractor": 0.0}, "rc_at_5": {"relevant": 0.0, "distractor": 0.0}, "rc_at_10": {"relevant": 0.0, "distractor": 0.0}, "rc_at_20": {"relevant": 0.0, "distractor": 0.0}, "rc_at_100": {"relevant": 0.0, "distractor": 0.0}, "rc_at_200": {"relevant": 0.0, "distractor": 0.0}, "rc_at_300": {"relevant": 0.0, "distractor": 0.0}, "rc_at_500": {"relevant": 0.0, "distractor": 0.0}, "rc_at_1000": {"relevant": 0.0, "distractor": 0.0}}