{"ndcg_at_1": 0.07155, "ndcg_at_3": 0.09405, "ndcg_at_5": 0.10516, "ndcg_at_10": 0.11984, "ndcg_at_20": 0.13085, "ndcg_at_100": 0.15617, "ndcg_at_200": 0.16565, "ndcg_at_300": 0.17068, "ndcg_at_500": 0.17698, "ndcg_at_1000": 0.18546, "map_at_1": 0.06404, "map_at_3": 0.08497, "map_at_5": 0.09117, "map_at_10": 0.09724, "map_at_20": 0.10031, "map_at_100": 0.10369, "map_at_200": 0.1042, "map_at_300": 0.10437, "map_at_500": 0.10452, "map_at_1000": 0.10464, "recall_at_1": 0.06404, "recall_at_3": 0.11155, "recall_at_5": 0.13772, "recall_at_10": 0.18159, "recall_at_20": 0.22349, "recall_at_100": 0.35711, "recall_at_200": 0.42142, "recall_at_300": 0.45971, "recall_at_500": 0.51154, "recall_at_1000": 0.58809, "precision_at_1": 0.07155, "precision_at_3": 0.0422, "precision_at_5": 0.03134, "precision_at_10": 0.02092, "precision_at_20": 0.01295, "precision_at_100": 0.00417, "precision_at_200": 0.00248, "precision_at_300": 0.00181, "precision_at_500": 0.00121, "precision_at_1000": 0.0007, "mrr_at_1": 0.07155, "mrr_at_3": 0.0942, "mrr_at_5": 0.10054, "mrr_at_10": 0.10676, "mrr_at_20": 0.10982, "mrr_at_100": 0.11326, "mrr_at_200": 0.11374, "mrr_at_300": 0.1139, "mrr_at_500": 0.11404, "mrr_at_1000": 0.11415, "rc_at_1": {"relevant": 0.0, "distractor": 0.0}, "rc_at_3": {"relevant": 0.0, "distractor": 0.0}, "rc_at_5": {"relevant": 0.0, "distractor": 0.0}, "rc_at_10": {"relevant": 0.0, "distractor": 0.0}, "rc_at_20": {"relevant": 0.0, "distractor": 0.0}, "rc_at_100": {"relevant": 0.0, "distractor": 0.0}, "rc_at_200": {"relevant": 0.0, "distractor": 0.0}, "rc_at_300": {"relevant": 0.0, "distractor": 0.0}, "rc_at_500": {"relevant": 0.0, "distractor": 0.0}, "rc_at_1000": {"relevant": 0.0, "distractor": 0.0}}