{"ndcg_at_1": 0.12074, "ndcg_at_3": 0.11504, "ndcg_at_5": 0.1082, "ndcg_at_10": 0.09902, "ndcg_at_20": 0.09892, "ndcg_at_100": 0.11955, "ndcg_at_200": 0.1389, "ndcg_at_300": 0.15361, "ndcg_at_500": 0.17639, "ndcg_at_1000": 0.22082, "map_at_1": 0.00777, "map_at_3": 0.01495, "map_at_5": 0.01847, "map_at_10": 0.02177, "map_at_20": 0.02578, "map_at_100": 0.03278, "map_at_200": 0.03532, "map_at_300": 0.03691, "map_at_500": 0.03885, "map_at_1000": 0.04203, "recall_at_1": 0.00777, "recall_at_3": 0.02157, "recall_at_5": 0.03035, "recall_at_10": 0.04309, "recall_at_20": 0.06404, "recall_at_100": 0.16608, "recall_at_200": 0.22958, "recall_at_300": 0.27709, "recall_at_500": 0.35391, "recall_at_1000": 0.50747, "precision_at_1": 0.13003, "precision_at_3": 0.11455, "precision_at_5": 0.09969, "precision_at_10": 0.08019, "precision_at_20": 0.0678, "precision_at_100": 0.03802, "precision_at_200": 0.02932, "precision_at_300": 0.0253, "precision_at_500": 0.02087, "precision_at_1000": 0.01661, "mrr_at_1": 0.13003, "mrr_at_3": 0.19143, "mrr_at_5": 0.20351, "mrr_at_10": 0.21388, "mrr_at_20": 0.22033, "mrr_at_100": 0.22583, "mrr_at_200": 0.22641, "mrr_at_300": 0.22652, "mrr_at_500": 0.22666, "mrr_at_1000": 0.22674, "rc_at_1": {"relevant": 0.0, "distractor": 0.0}, "rc_at_3": {"relevant": 0.0, "distractor": 0.0}, "rc_at_5": {"relevant": 0.0, "distractor": 0.0}, "rc_at_10": {"relevant": 0.0, "distractor": 0.0}, "rc_at_20": {"relevant": 0.0, "distractor": 0.0}, "rc_at_100": {"relevant": 0.0, "distractor": 0.0}, "rc_at_200": {"relevant": 0.0, "distractor": 0.0}, "rc_at_300": {"relevant": 0.0, "distractor": 0.0}, "rc_at_500": {"relevant": 0.0, "distractor": 0.0}, "rc_at_1000": {"relevant": 0.0, "distractor": 0.0}}