{"ndcg_at_1": 0.03616, "ndcg_at_3": 0.04831, "ndcg_at_5": 0.05662, "ndcg_at_10": 0.06588, "ndcg_at_20": 0.07382, "ndcg_at_100": 0.096, "ndcg_at_200": 0.10731, "ndcg_at_300": 0.11512, "ndcg_at_500": 0.12266, "ndcg_at_1000": 0.13285, "map_at_1": 0.03123, "map_at_3": 0.04257, "map_at_5": 0.04729, "map_at_10": 0.05106, "map_at_20": 0.05316, "map_at_100": 0.05593, "map_at_200": 0.05653, "map_at_300": 0.05681, "map_at_500": 0.05698, "map_at_1000": 0.05713, "recall_at_1": 0.03123, "recall_at_3": 0.05736, "recall_at_5": 0.07826, "recall_at_10": 0.10717, "recall_at_20": 0.13752, "recall_at_100": 0.25825, "recall_at_200": 0.335, "recall_at_300": 0.39385, "recall_at_500": 0.45605, "recall_at_1000": 0.54685, "precision_at_1": 0.03616, "precision_at_3": 0.02222, "precision_at_5": 0.01808, "precision_at_10": 0.01232, "precision_at_20": 0.00797, "precision_at_100": 0.00299, "precision_at_200": 0.00197, "precision_at_300": 0.00156, "precision_at_500": 0.00108, "precision_at_1000": 0.00066, "mrr_at_1": 0.03842, "mrr_at_3": 0.05273, "mrr_at_5": 0.05663, "mrr_at_10": 0.06105, "mrr_at_20": 0.06269, "mrr_at_100": 0.06583, "mrr_at_200": 0.06649, "mrr_at_300": 0.06673, "mrr_at_500": 0.0669, "mrr_at_1000": 0.06702, "rc_at_1": {"relevant": 0.0, "distractor": 0.0}, "rc_at_3": {"relevant": 0.0, "distractor": 0.0}, "rc_at_5": {"relevant": 0.0, "distractor": 0.0}, "rc_at_10": {"relevant": 0.0, "distractor": 0.0}, "rc_at_20": {"relevant": 0.0, "distractor": 0.0}, "rc_at_100": {"relevant": 0.0, "distractor": 0.0}, "rc_at_200": {"relevant": 0.0, "distractor": 0.0}, "rc_at_300": {"relevant": 0.0, "distractor": 0.0}, "rc_at_500": {"relevant": 0.0, "distractor": 0.0}, "rc_at_1000": {"relevant": 0.0, "distractor": 0.0}}