{"ndcg_at_1": 0.03195, "ndcg_at_3": 0.04434, "ndcg_at_5": 0.0507, "ndcg_at_10": 0.05741, "ndcg_at_20": 0.0641, "ndcg_at_100": 0.0769, "ndcg_at_200": 0.08318, "ndcg_at_300": 0.08647, "ndcg_at_500": 0.09099, "ndcg_at_1000": 0.09745, "map_at_1": 0.03008, "map_at_3": 0.04029, "map_at_5": 0.04376, "map_at_10": 0.04646, "map_at_20": 0.04824, "map_at_100": 0.04988, "map_at_200": 0.0502, "map_at_300": 0.05031, "map_at_500": 0.05041, "map_at_1000": 0.05049, "recall_at_1": 0.03008, "recall_at_3": 0.05365, "recall_at_5": 0.06874, "recall_at_10": 0.08937, "recall_at_20": 0.11562, "recall_at_100": 0.1852, "recall_at_200": 0.22945, "recall_at_300": 0.25511, "recall_at_500": 0.29316, "recall_at_1000": 0.35287, "precision_at_1": 0.03195, "precision_at_3": 0.019, "precision_at_5": 0.01473, "precision_at_10": 0.0096, "precision_at_20": 0.00622, "precision_at_100": 0.002, "precision_at_200": 0.00124, "precision_at_300": 0.00092, "precision_at_500": 0.00063, "precision_at_1000": 0.00038, "mrr_at_1": 0.03195, "mrr_at_3": 0.04283, "mrr_at_5": 0.04664, "mrr_at_10": 0.04953, "mrr_at_20": 0.05141, "mrr_at_100": 0.05314, "mrr_at_200": 0.05348, "mrr_at_300": 0.05359, "mrr_at_500": 0.05369, "mrr_at_1000": 0.05378, "rc_at_1": {"relevant": 0.0, "distractor": 0.0}, "rc_at_3": {"relevant": 0.0, "distractor": 0.0}, "rc_at_5": {"relevant": 0.0, "distractor": 0.0}, "rc_at_10": {"relevant": 0.0, "distractor": 0.0}, "rc_at_20": {"relevant": 0.0, "distractor": 0.0}, "rc_at_100": {"relevant": 0.0, "distractor": 0.0}, "rc_at_200": {"relevant": 0.0, "distractor": 0.0}, "rc_at_300": {"relevant": 0.0, "distractor": 0.0}, "rc_at_500": {"relevant": 0.0, "distractor": 0.0}, "rc_at_1000": {"relevant": 0.0, "distractor": 0.0}}