{"ndcg_at_1": 0.032, "ndcg_at_3": 0.03886, "ndcg_at_5": 0.04366, "ndcg_at_10": 0.05136, "ndcg_at_20": 0.05834, "ndcg_at_100": 0.07521, "ndcg_at_200": 0.08301, "ndcg_at_300": 0.08781, "ndcg_at_500": 0.0942, "ndcg_at_1000": 0.1036, "map_at_1": 0.02307, "map_at_3": 0.03249, "map_at_5": 0.03542, "map_at_10": 0.03863, "map_at_20": 0.04057, "map_at_100": 0.04279, "map_at_200": 0.0432, "map_at_300": 0.04337, "map_at_500": 0.04352, "map_at_1000": 0.04366, "recall_at_1": 0.02307, "recall_at_3": 0.04457, "recall_at_5": 0.05701, "recall_at_10": 0.08003, "recall_at_20": 0.10597, "recall_at_100": 0.19282, "recall_at_200": 0.24356, "recall_at_300": 0.27787, "recall_at_500": 0.32725, "recall_at_1000": 0.40866, "precision_at_1": 0.032, "precision_at_3": 0.01973, "precision_at_5": 0.01507, "precision_at_10": 0.01063, "precision_at_20": 0.00719, "precision_at_100": 0.00274, "precision_at_200": 0.00178, "precision_at_300": 0.00138, "precision_at_500": 0.001, "precision_at_1000": 0.00064, "mrr_at_1": 0.032, "mrr_at_3": 0.04319, "mrr_at_5": 0.04668, "mrr_at_10": 0.05047, "mrr_at_20": 0.0527, "mrr_at_100": 0.05504, "mrr_at_200": 0.05546, "mrr_at_300": 0.05562, "mrr_at_500": 0.05576, "mrr_at_1000": 0.05589, "rc_at_1": {"relevant": 0.0, "distractor": 0.0}, "rc_at_3": {"relevant": 0.0, "distractor": 0.0}, "rc_at_5": {"relevant": 0.0, "distractor": 0.0}, "rc_at_10": {"relevant": 0.0, "distractor": 0.0}, "rc_at_20": {"relevant": 0.0, "distractor": 0.0}, "rc_at_100": {"relevant": 0.0, "distractor": 0.0}, "rc_at_200": {"relevant": 0.0, "distractor": 0.0}, "rc_at_300": {"relevant": 0.0, "distractor": 0.0}, "rc_at_500": {"relevant": 0.0, "distractor": 0.0}, "rc_at_1000": {"relevant": 0.0, "distractor": 0.0}}