{"ndcg_at_1": 0.38119, "ndcg_at_3": 0.42642, "ndcg_at_5": 0.45011, "ndcg_at_10": 0.47714, "ndcg_at_20": 0.49282, "ndcg_at_100": 0.5162, "ndcg_at_200": 0.5222, "ndcg_at_300": 0.52623, "ndcg_at_500": 0.52925, "ndcg_at_1000": 0.5336, "map_at_1": 0.33346, "map_at_3": 0.39838, "map_at_5": 0.41408, "map_at_10": 0.42686, "map_at_20": 0.43217, "map_at_100": 0.43598, "map_at_200": 0.43638, "map_at_300": 0.43654, "map_at_500": 0.43663, "map_at_1000": 0.43671, "recall_at_1": 0.33346, "recall_at_3": 0.45874, "recall_at_5": 0.51732, "recall_at_10": 0.59528, "recall_at_20": 0.65351, "recall_at_100": 0.76845, "recall_at_200": 0.8071, "recall_at_300": 0.83571, "recall_at_500": 0.8591, "recall_at_1000": 0.89636, "precision_at_1": 0.38119, "precision_at_3": 0.18579, "precision_at_5": 0.12853, "precision_at_10": 0.07618, "precision_at_20": 0.04257, "precision_at_100": 0.01044, "precision_at_200": 0.00554, "precision_at_300": 0.00385, "precision_at_500": 0.00238, "precision_at_1000": 0.00125, "mrr_at_1": 0.38119, "mrr_at_3": 0.43595, "mrr_at_5": 0.44914, "mrr_at_10": 0.45963, "mrr_at_20": 0.46351, "mrr_at_100": 0.46612, "mrr_at_200": 0.46635, "mrr_at_300": 0.46646, "mrr_at_500": 0.46652, "mrr_at_1000": 0.46657, "rc_at_1": {"relevant": 0.0, "distractor": 0.0}, "rc_at_3": {"relevant": 0.0, "distractor": 0.0}, "rc_at_5": {"relevant": 0.0, "distractor": 0.0}, "rc_at_10": {"relevant": 0.0, "distractor": 0.0}, "rc_at_20": {"relevant": 0.0, "distractor": 0.0}, "rc_at_100": {"relevant": 0.0, "distractor": 0.0}, "rc_at_200": {"relevant": 0.0, "distractor": 0.0}, "rc_at_300": {"relevant": 0.0, "distractor": 0.0}, "rc_at_500": {"relevant": 0.0, "distractor": 0.0}, "rc_at_1000": {"relevant": 0.0, "distractor": 0.0}}