{"ndcg_at_1": 0.14333, "ndcg_at_3": 0.16703, "ndcg_at_5": 0.17712, "ndcg_at_10": 0.19305, "ndcg_at_20": 0.21038, "ndcg_at_100": 0.24969, "ndcg_at_200": 0.26284, "ndcg_at_300": 0.26826, "ndcg_at_500": 0.27769, "ndcg_at_1000": 0.29034, "map_at_1": 0.13056, "map_at_3": 0.15565, "map_at_5": 0.16181, "map_at_10": 0.1679, "map_at_20": 0.17298, "map_at_100": 0.17878, "map_at_200": 0.17949, "map_at_300": 0.17968, "map_at_500": 0.17989, "map_at_1000": 0.18007, "recall_at_1": 0.13056, "recall_at_3": 0.18417, "recall_at_5": 0.21083, "recall_at_10": 0.2595, "recall_at_20": 0.3245, "recall_at_100": 0.52967, "recall_at_200": 0.62089, "recall_at_300": 0.66322, "recall_at_500": 0.74322, "recall_at_1000": 0.861, "precision_at_1": 0.14333, "precision_at_3": 0.07111, "precision_at_5": 0.048, "precision_at_10": 0.03, "precision_at_20": 0.019, "precision_at_100": 0.0062, "precision_at_200": 0.00362, "precision_at_300": 0.00257, "precision_at_500": 0.00171, "precision_at_1000": 0.00098, "mrr_at_1": 0.14667, "mrr_at_3": 0.17111, "mrr_at_5": 0.17644, "mrr_at_10": 0.18497, "mrr_at_20": 0.18842, "mrr_at_100": 0.19357, "mrr_at_200": 0.19428, "mrr_at_300": 0.19442, "mrr_at_500": 0.19462, "mrr_at_1000": 0.19478, "rc_at_1": {"relevant": 0.0, "distractor": 0.0}, "rc_at_3": {"relevant": 0.0, "distractor": 0.0}, "rc_at_5": {"relevant": 0.0, "distractor": 0.0}, "rc_at_10": {"relevant": 0.0, "distractor": 0.0}, "rc_at_20": {"relevant": 0.0, "distractor": 0.0}, "rc_at_100": {"relevant": 0.0, "distractor": 0.0}, "rc_at_200": {"relevant": 0.0, "distractor": 0.0}, "rc_at_300": {"relevant": 0.0, "distractor": 0.0}, "rc_at_500": {"relevant": 0.0, "distractor": 0.0}, "rc_at_1000": {"relevant": 0.0, "distractor": 0.0}}