{"ndcg_at_1": 0.4257, "ndcg_at_3": 0.38345, "ndcg_at_5": 0.35956, "ndcg_at_10": 0.32587, "ndcg_at_20": 0.3012, "ndcg_at_100": 0.29797, "ndcg_at_200": 0.31604, "ndcg_at_300": 0.3304, "ndcg_at_500": 0.35226, "ndcg_at_1000": 0.38796, "map_at_1": 0.05608, "map_at_3": 0.09041, "map_at_5": 0.10493, "map_at_10": 0.12114, "map_at_20": 0.13295, "map_at_100": 0.15009, "map_at_200": 0.15517, "map_at_300": 0.1577, "map_at_500": 0.16038, "map_at_1000": 0.16368, "recall_at_1": 0.05608, "recall_at_3": 0.10096, "recall_at_5": 0.12651, "recall_at_10": 0.159, "recall_at_20": 0.19297, "recall_at_100": 0.30192, "recall_at_200": 0.36879, "recall_at_300": 0.41914, "recall_at_500": 0.49906, "recall_at_1000": 0.62324, "precision_at_1": 0.43963, "precision_at_3": 0.36017, "precision_at_5": 0.30898, "precision_at_10": 0.23591, "precision_at_20": 0.17136, "precision_at_100": 0.07464, "precision_at_200": 0.05042, "precision_at_300": 0.03993, "precision_at_500": 0.02955, "precision_at_1000": 0.01999, "mrr_at_1": 0.45201, "mrr_at_3": 0.51806, "mrr_at_5": 0.52921, "mrr_at_10": 0.53644, "mrr_at_20": 0.53978, "mrr_at_100": 0.54229, "mrr_at_200": 0.54244, "mrr_at_300": 0.54253, "mrr_at_500": 0.54261, "mrr_at_1000": 0.54266, "rc_at_1": {"relevant": 0.0, "distractor": 0.0}, "rc_at_3": {"relevant": 0.0, "distractor": 0.0}, "rc_at_5": {"relevant": 0.0, "distractor": 0.0}, "rc_at_10": {"relevant": 0.0, "distractor": 0.0}, "rc_at_20": {"relevant": 0.0, "distractor": 0.0}, "rc_at_100": {"relevant": 0.0, "distractor": 0.0}, "rc_at_200": {"relevant": 0.0, "distractor": 0.0}, "rc_at_300": {"relevant": 0.0, "distractor": 0.0}, "rc_at_500": {"relevant": 0.0, "distractor": 0.0}, "rc_at_1000": {"relevant": 0.0, "distractor": 0.0}}