{"ndcg_at_1": 0.07463, "ndcg_at_3": 0.10583, "ndcg_at_5": 0.1204, "ndcg_at_10": 0.14311, "ndcg_at_20": 0.16155, "ndcg_at_100": 0.20549, "ndcg_at_200": 0.22086, "ndcg_at_300": 0.22961, "ndcg_at_500": 0.23874, "ndcg_at_1000": 0.24882, "map_at_1": 0.06592, "map_at_3": 0.09187, "map_at_5": 0.10023, "map_at_10": 0.10943, "map_at_20": 0.11451, "map_at_100": 0.12071, "map_at_200": 0.12162, "map_at_300": 0.12196, "map_at_500": 0.12221, "map_at_1000": 0.12239, "recall_at_1": 0.06592, "recall_at_3": 0.12434, "recall_at_5": 0.15954, "recall_at_10": 0.22731, "recall_at_20": 0.29474, "recall_at_100": 0.51245, "recall_at_200": 0.6126, "recall_at_300": 0.67466, "recall_at_500": 0.74385, "recall_at_1000": 0.82748, "precision_at_1": 0.07463, "precision_at_3": 0.05182, "precision_at_5": 0.04104, "precision_at_10": 0.0296, "precision_at_20": 0.01978, "precision_at_100": 0.0074, "precision_at_200": 0.00447, "precision_at_300": 0.00332, "precision_at_500": 0.00223, "precision_at_1000": 0.00126, "mrr_at_1": 0.07463, "mrr_at_3": 0.10987, "mrr_at_5": 0.11938, "mrr_at_10": 0.13029, "mrr_at_20": 0.13548, "mrr_at_100": 0.14104, "mrr_at_200": 0.14172, "mrr_at_300": 0.14195, "mrr_at_500": 0.14213, "mrr_at_1000": 0.14223, "rc_at_1": {"relevant": 0.0, "distractor": 0.0}, "rc_at_3": {"relevant": 0.0, "distractor": 0.0}, "rc_at_5": {"relevant": 0.0, "distractor": 0.0}, "rc_at_10": {"relevant": 0.0, "distractor": 0.0}, "rc_at_20": {"relevant": 0.0, "distractor": 0.0}, "rc_at_100": {"relevant": 0.0, "distractor": 0.0}, "rc_at_200": {"relevant": 0.0, "distractor": 0.0}, "rc_at_300": {"relevant": 0.0, "distractor": 0.0}, "rc_at_500": {"relevant": 0.0, "distractor": 0.0}, "rc_at_1000": {"relevant": 0.0, "distractor": 0.0}}