{"ndcg_at_1": 0.41001, "ndcg_at_3": 0.46052, "ndcg_at_5": 0.4837, "ndcg_at_10": 0.50674, "ndcg_at_20": 0.52813, "ndcg_at_100": 0.55885, "ndcg_at_200": 0.56602, "ndcg_at_300": 0.5695, "ndcg_at_500": 0.57322, "ndcg_at_1000": 0.57649, "map_at_1": 0.33116, "map_at_3": 0.4138, "map_at_5": 0.43253, "map_at_10": 0.44632, "map_at_20": 0.45374, "map_at_100": 0.45966, "map_at_200": 0.46027, "map_at_300": 0.46046, "map_at_500": 0.4606, "map_at_1000": 0.46069, "recall_at_1": 0.33116, "recall_at_3": 0.4897, "recall_at_5": 0.55433, "recall_at_10": 0.62417, "recall_at_20": 0.6988, "recall_at_100": 0.83775, "recall_at_200": 0.87792, "recall_at_300": 0.90062, "recall_at_500": 0.92676, "recall_at_1000": 0.95136, "precision_at_1": 0.41001, "precision_at_3": 0.22137, "precision_at_5": 0.15399, "precision_at_10": 0.09057, "precision_at_20": 0.05236, "precision_at_100": 0.0135, "precision_at_200": 0.00735, "precision_at_300": 0.0051, "precision_at_500": 0.00321, "precision_at_1000": 0.00168, "mrr_at_1": 0.41001, "mrr_at_3": 0.48444, "mrr_at_5": 0.49825, "mrr_at_10": 0.50637, "mrr_at_20": 0.51134, "mrr_at_100": 0.51438, "mrr_at_200": 0.51461, "mrr_at_300": 0.51468, "mrr_at_500": 0.51473, "mrr_at_1000": 0.51475, "rc_at_1": {"relevant": 0.0, "distractor": 0.0}, "rc_at_3": {"relevant": 0.0, "distractor": 0.0}, "rc_at_5": {"relevant": 0.0, "distractor": 0.0}, "rc_at_10": {"relevant": 0.0, "distractor": 0.0}, "rc_at_20": {"relevant": 0.0, "distractor": 0.0}, "rc_at_100": {"relevant": 0.0, "distractor": 0.0}, "rc_at_200": {"relevant": 0.0, "distractor": 0.0}, "rc_at_300": {"relevant": 0.0, "distractor": 0.0}, "rc_at_500": {"relevant": 0.0, "distractor": 0.0}, "rc_at_1000": {"relevant": 0.0, "distractor": 0.0}}