{"ndcg_at_1": 0.029, "ndcg_at_3": 0.02045, "ndcg_at_5": 0.0191, "ndcg_at_10": 0.02374, "ndcg_at_20": 0.02938, "ndcg_at_100": 0.0464, "ndcg_at_200": 0.0558, "ndcg_at_300": 0.06298, "ndcg_at_500": 0.07141, "ndcg_at_1000": 0.08575, "map_at_1": 0.0058, "map_at_3": 0.0081, "map_at_5": 0.00988, "map_at_10": 0.01119, "map_at_20": 0.01244, "map_at_100": 0.01431, "map_at_200": 0.01482, "map_at_300": 0.01509, "map_at_500": 0.01531, "map_at_1000": 0.01555, "recall_at_1": 0.0058, "recall_at_3": 0.011, "recall_at_5": 0.0172, "recall_at_10": 0.02575, "recall_at_20": 0.03925, "recall_at_100": 0.09588, "recall_at_200": 0.13597, "recall_at_300": 0.16977, "recall_at_500": 0.21283, "recall_at_1000": 0.29372, "precision_at_1": 0.029, "precision_at_3": 0.01833, "precision_at_5": 0.0172, "precision_at_10": 0.0128, "precision_at_20": 0.0097, "precision_at_100": 0.00472, "precision_at_200": 0.00334, "precision_at_300": 0.00278, "precision_at_500": 0.00209, "precision_at_1000": 0.00144, "mrr_at_1": 0.029, "mrr_at_3": 0.03883, "mrr_at_5": 0.04423, "mrr_at_10": 0.04894, "mrr_at_20": 0.05184, "mrr_at_100": 0.05574, "mrr_at_200": 0.05644, "mrr_at_300": 0.05673, "mrr_at_500": 0.05696, "mrr_at_1000": 0.05716, "rc_at_1": {"relevant": 0.0, "distractor": 0.0}, "rc_at_3": {"relevant": 0.0, "distractor": 0.0}, "rc_at_5": {"relevant": 0.0, "distractor": 0.0}, "rc_at_10": {"relevant": 0.0, "distractor": 0.0}, "rc_at_20": {"relevant": 0.0, "distractor": 0.0}, "rc_at_100": {"relevant": 0.0, "distractor": 0.0}, "rc_at_200": {"relevant": 0.0, "distractor": 0.0}, "rc_at_300": {"relevant": 0.0, "distractor": 0.0}, "rc_at_500": {"relevant": 0.0, "distractor": 0.0}, "rc_at_1000": {"relevant": 0.0, "distractor": 0.0}}