{"ndcg_at_1": 0.4429, "ndcg_at_3": 0.41213, "ndcg_at_5": 0.41635, "ndcg_at_10": 0.44564, "ndcg_at_20": 0.47194, "ndcg_at_100": 0.51039, "ndcg_at_200": 0.52211, "ndcg_at_300": 0.52633, "ndcg_at_500": 0.5321, "ndcg_at_1000": 0.53839, "map_at_1": 0.22285, "map_at_3": 0.31997, "map_at_5": 0.34205, "map_at_10": 0.36466, "map_at_20": 0.37515, "map_at_100": 0.38314, "map_at_200": 0.38422, "map_at_300": 0.38448, "map_at_500": 0.38472, "map_at_1000": 0.38488, "recall_at_1": 0.22285, "recall_at_3": 0.37399, "recall_at_5": 0.42578, "recall_at_10": 0.51578, "recall_at_20": 0.59774, "recall_at_100": 0.75498, "recall_at_200": 0.81712, "recall_at_300": 0.84169, "recall_at_500": 0.87894, "recall_at_1000": 0.92444, "precision_at_1": 0.4429, "precision_at_3": 0.27521, "precision_at_5": 0.19753, "precision_at_10": 0.125, "precision_at_20": 0.07346, "precision_at_100": 0.01926, "precision_at_200": 0.01052, "precision_at_300": 0.00726, "precision_at_500": 0.00457, "precision_at_1000": 0.00241, "mrr_at_1": 0.4429, "mrr_at_3": 0.50437, "mrr_at_5": 0.51494, "mrr_at_10": 0.52541, "mrr_at_20": 0.5299, "mrr_at_100": 0.53256, "mrr_at_200": 0.53284, "mrr_at_300": 0.53288, "mrr_at_500": 0.53293, "mrr_at_1000": 0.53297, "rc_at_1": {"relevant": 0.0, "distractor": 0.0}, "rc_at_3": {"relevant": 0.0, "distractor": 0.0}, "rc_at_5": {"relevant": 0.0, "distractor": 0.0}, "rc_at_10": {"relevant": 0.0, "distractor": 0.0}, "rc_at_20": {"relevant": 0.0, "distractor": 0.0}, "rc_at_100": {"relevant": 0.0, "distractor": 0.0}, "rc_at_200": {"relevant": 0.0, "distractor": 0.0}, "rc_at_300": {"relevant": 0.0, "distractor": 0.0}, "rc_at_500": {"relevant": 0.0, "distractor": 0.0}, "rc_at_1000": {"relevant": 0.0, "distractor": 0.0}}