{"ndcg_at_1": 0.36101, "ndcg_at_3": 0.4187, "ndcg_at_5": 0.44452, "ndcg_at_10": 0.47087, "ndcg_at_20": 0.49223, "ndcg_at_100": 0.52087, "ndcg_at_200": 0.52832, "ndcg_at_300": 0.53309, "ndcg_at_500": 0.53736, "ndcg_at_1000": 0.54114, "map_at_1": 0.31159, "map_at_3": 0.38512, "map_at_5": 0.40287, "map_at_10": 0.41623, "map_at_20": 0.42312, "map_at_100": 0.42788, "map_at_200": 0.4284, "map_at_300": 0.4286, "map_at_500": 0.42873, "map_at_1000": 0.42881, "recall_at_1": 0.31159, "recall_at_3": 0.45627, "recall_at_5": 0.52197, "recall_at_10": 0.5972, "recall_at_20": 0.67318, "recall_at_100": 0.80992, "recall_at_200": 0.85536, "recall_at_300": 0.88878, "recall_at_500": 0.91996, "recall_at_1000": 0.94933, "precision_at_1": 0.36101, "precision_at_3": 0.18843, "precision_at_5": 0.13302, "precision_at_10": 0.07882, "precision_at_20": 0.04566, "precision_at_100": 0.01154, "precision_at_200": 0.00623, "precision_at_300": 0.00435, "precision_at_500": 0.00273, "precision_at_1000": 0.00143, "mrr_at_1": 0.36101, "mrr_at_3": 0.42724, "mrr_at_5": 0.44324, "mrr_at_10": 0.45254, "mrr_at_20": 0.45793, "mrr_at_100": 0.46112, "mrr_at_200": 0.46141, "mrr_at_300": 0.46152, "mrr_at_500": 0.46158, "mrr_at_1000": 0.46161, "rc_at_1": {"relevant": 0.0, "distractor": 0.0}, "rc_at_3": {"relevant": 0.0, "distractor": 0.0}, "rc_at_5": {"relevant": 0.0, "distractor": 0.0}, "rc_at_10": {"relevant": 0.0, "distractor": 0.0}, "rc_at_20": {"relevant": 0.0, "distractor": 0.0}, "rc_at_100": {"relevant": 0.0, "distractor": 0.0}, "rc_at_200": {"relevant": 0.0, "distractor": 0.0}, "rc_at_300": {"relevant": 0.0, "distractor": 0.0}, "rc_at_500": {"relevant": 0.0, "distractor": 0.0}, "rc_at_1000": {"relevant": 0.0, "distractor": 0.0}}