{"ndcg_at_1": 0.0, "ndcg_at_3": 0.00314, "ndcg_at_5": 0.00349, "ndcg_at_10": 0.00505, "ndcg_at_20": 0.00594, "ndcg_at_100": 0.01258, "ndcg_at_200": 0.01692, "ndcg_at_300": 0.02002, "ndcg_at_500": 0.02581, "ndcg_at_1000": 0.03645, "map_at_1": 0.0, "map_at_3": 0.00208, "map_at_5": 0.00231, "map_at_10": 0.00292, "map_at_20": 0.00315, "map_at_100": 0.00394, "map_at_200": 0.00416, "map_at_300": 0.00426, "map_at_500": 0.00438, "map_at_1000": 0.00452, "recall_at_1": 0.0, "recall_at_3": 0.00473, "recall_at_5": 0.00587, "recall_at_10": 0.01082, "recall_at_20": 0.01431, "recall_at_100": 0.04944, "recall_at_200": 0.07762, "recall_at_300": 0.09943, "recall_at_500": 0.14568, "recall_at_1000": 0.23761, "precision_at_1": 0.0, "precision_at_3": 0.00228, "precision_at_5": 0.0016, "precision_at_10": 0.00137, "precision_at_20": 0.00091, "precision_at_100": 0.00066, "precision_at_200": 0.00055, "precision_at_300": 0.00049, "precision_at_500": 0.00043, "precision_at_1000": 0.00036, "mrr_at_1": 0.00114, "mrr_at_3": 0.00152, "mrr_at_5": 0.00221, "mrr_at_10": 0.00267, "mrr_at_20": 0.00347, "mrr_at_100": 0.00435, "mrr_at_200": 0.00465, "mrr_at_300": 0.00477, "mrr_at_500": 0.00493, "mrr_at_1000": 0.00508, "rc_at_1": {"relevant": 0.0, "distractor": 0.0}, "rc_at_3": {"relevant": 0.0, "distractor": 0.0}, "rc_at_5": {"relevant": 0.0, "distractor": 0.0}, "rc_at_10": {"relevant": 0.0, "distractor": 0.0}, "rc_at_20": {"relevant": 0.0, "distractor": 0.0}, "rc_at_100": {"relevant": 0.0, "distractor": 0.0}, "rc_at_200": {"relevant": 0.0, "distractor": 0.0}, "rc_at_300": {"relevant": 0.0, "distractor": 0.0}, "rc_at_500": {"relevant": 0.0, "distractor": 0.0}, "rc_at_1000": {"relevant": 0.0, "distractor": 0.0}}