{"ndcg_at_1": 0.23466, "ndcg_at_3": 0.27189, "ndcg_at_5": 0.28877, "ndcg_at_10": 0.30803, "ndcg_at_20": 0.32409, "ndcg_at_100": 0.34928, "ndcg_at_200": 0.35803, "ndcg_at_300": 0.36251, "ndcg_at_500": 0.36806, "ndcg_at_1000": 0.3728, "map_at_1": 0.20697, "map_at_3": 0.25142, "map_at_5": 0.26209, "map_at_10": 0.27082, "map_at_20": 0.27536, "map_at_100": 0.27882, "map_at_200": 0.27932, "map_at_300": 0.27949, "map_at_500": 0.27964, "map_at_1000": 0.27972, "recall_at_1": 0.20697, "recall_at_3": 0.29847, "recall_at_5": 0.3401, "recall_at_10": 0.39756, "recall_at_20": 0.45831, "recall_at_100": 0.58776, "recall_at_200": 0.64463, "recall_at_300": 0.6774, "recall_at_500": 0.72095, "recall_at_1000": 0.76128, "precision_at_1": 0.23466, "precision_at_3": 0.11554, "precision_at_5": 0.08067, "precision_at_10": 0.04801, "precision_at_20": 0.02784, "precision_at_100": 0.00747, "precision_at_200": 0.00416, "precision_at_300": 0.00293, "precision_at_500": 0.0019, "precision_at_1000": 0.00102, "mrr_at_1": 0.23466, "mrr_at_3": 0.27889, "mrr_at_5": 0.28901, "mrr_at_10": 0.29666, "mrr_at_20": 0.30103, "mrr_at_100": 0.30403, "mrr_at_200": 0.30446, "mrr_at_300": 0.30459, "mrr_at_500": 0.30469, "mrr_at_1000": 0.30475, "rc_at_1": {"relevant": 0.0, "distractor": 0.0}, "rc_at_3": {"relevant": 0.0, "distractor": 0.0}, "rc_at_5": {"relevant": 0.0, "distractor": 0.0}, "rc_at_10": {"relevant": 0.0, "distractor": 0.0}, "rc_at_20": {"relevant": 0.0, "distractor": 0.0}, "rc_at_100": {"relevant": 0.0, "distractor": 0.0}, "rc_at_200": {"relevant": 0.0, "distractor": 0.0}, "rc_at_300": {"relevant": 0.0, "distractor": 0.0}, "rc_at_500": {"relevant": 0.0, "distractor": 0.0}, "rc_at_1000": {"relevant": 0.0, "distractor": 0.0}}