{"ndcg_at_1": 0.27273, "ndcg_at_3": 0.21483, "ndcg_at_5": 0.18817, "ndcg_at_10": 0.13871, "ndcg_at_20": 0.16005, "ndcg_at_100": 0.2102, "ndcg_at_200": 0.23202, "ndcg_at_300": 0.24107, "ndcg_at_500": 0.26027, "ndcg_at_1000": 0.27679, "map_at_1": 0.02727, "map_at_3": 0.05182, "map_at_5": 0.06827, "map_at_10": 0.07766, "map_at_20": 0.08543, "map_at_100": 0.0945, "map_at_200": 0.09672, "map_at_300": 0.09743, "map_at_500": 0.09844, "map_at_1000": 0.09902, "recall_at_1": 0.02727, "recall_at_3": 0.06, "recall_at_5": 0.08364, "recall_at_10": 0.10727, "recall_at_20": 0.14545, "recall_at_100": 0.27091, "recall_at_200": 0.34182, "recall_at_300": 0.37455, "recall_at_500": 0.44909, "recall_at_1000": 0.52, "precision_at_1": 0.27273, "precision_at_3": 0.2, "precision_at_5": 0.16727, "precision_at_10": 0.10727, "precision_at_20": 0.07273, "precision_at_100": 0.02709, "precision_at_200": 0.01709, "precision_at_300": 0.01248, "precision_at_500": 0.00898, "precision_at_1000": 0.0052, "mrr_at_1": 0.27273, "mrr_at_3": 0.32424, "mrr_at_5": 0.33333, "mrr_at_10": 0.34315, "mrr_at_20": 0.35204, "mrr_at_100": 0.35759, "mrr_at_200": 0.35759, "mrr_at_300": 0.35782, "mrr_at_500": 0.35786, "mrr_at_1000": 0.35786, "rc_at_1": {"relevant": 0.27273, "distractor": 0.38182}, "rc_at_3": {"relevant": 0.6, "distractor": 1.07273}, "rc_at_5": {"relevant": 0.83636, "distractor": 1.74545}, "rc_at_10": {"relevant": 1.07273, "distractor": 3.10909}, "rc_at_20": {"relevant": 1.45455, "distractor": 5.32727}, "rc_at_100": {"relevant": 2.70909, "distractor": 13.43636}, "rc_at_200": {"relevant": 3.41818, "distractor": 18.74545}, "rc_at_300": {"relevant": 3.74545, "distractor": 21.63636}, "rc_at_500": {"relevant": 4.49091, "distractor": 25.98182}, "rc_at_1000": {"relevant": 5.2, "distractor": 33.54545}}