{"ndcg_at_1": 0.08431, "ndcg_at_3": 0.10089, "ndcg_at_5": 0.10973, "ndcg_at_10": 0.12321, "ndcg_at_20": 0.13454, "ndcg_at_100": 0.15946, "ndcg_at_200": 0.16845, "ndcg_at_300": 0.17464, "ndcg_at_500": 0.1821, "ndcg_at_1000": 0.19178, "map_at_1": 0.06754, "map_at_3": 0.08769, "map_at_5": 0.09348, "map_at_10": 0.09932, "map_at_20": 0.1025, "map_at_100": 0.10585, "map_at_200": 0.10636, "map_at_300": 0.10659, "map_at_500": 0.10678, "map_at_1000": 0.10694, "recall_at_1": 0.06754, "recall_at_3": 0.11217, "recall_at_5": 0.13559, "recall_at_10": 0.17608, "recall_at_20": 0.21912, "recall_at_100": 0.34743, "recall_at_200": 0.40435, "recall_at_300": 0.44862, "recall_at_500": 0.50629, "recall_at_1000": 0.58858, "precision_at_1": 0.08431, "precision_at_3": 0.04829, "precision_at_5": 0.03531, "precision_at_10": 0.02354, "precision_at_20": 0.01475, "precision_at_100": 0.0049, "precision_at_200": 0.00297, "precision_at_300": 0.00223, "precision_at_500": 0.00153, "precision_at_1000": 0.00091, "mrr_at_1": 0.08431, "mrr_at_3": 0.10828, "mrr_at_5": 0.11448, "mrr_at_10": 0.12043, "mrr_at_20": 0.12396, "mrr_at_100": 0.12727, "mrr_at_200": 0.12772, "mrr_at_300": 0.12792, "mrr_at_500": 0.12806, "mrr_at_1000": 0.12818, "rc_at_1": {"relevant": 0.0, "distractor": 0.0}, "rc_at_3": {"relevant": 0.0, "distractor": 0.0}, "rc_at_5": {"relevant": 0.0, "distractor": 0.0}, "rc_at_10": {"relevant": 0.0, "distractor": 0.0}, "rc_at_20": {"relevant": 0.0, "distractor": 0.0}, "rc_at_100": {"relevant": 0.0, "distractor": 0.0}, "rc_at_200": {"relevant": 0.0, "distractor": 0.0}, "rc_at_300": {"relevant": 0.0, "distractor": 0.0}, "rc_at_500": {"relevant": 0.0, "distractor": 0.0}, "rc_at_1000": {"relevant": 0.0, "distractor": 0.0}}