{"ndcg_at_1": 0.183, "ndcg_at_3": 0.15242, "ndcg_at_5": 0.13104, "ndcg_at_10": 0.15852, "ndcg_at_20": 0.1842, "ndcg_at_100": 0.22766, "ndcg_at_200": 0.24495, "ndcg_at_300": 0.25544, "ndcg_at_500": 0.26674, "ndcg_at_1000": 0.28189, "map_at_1": 0.03705, "map_at_3": 0.06662, "map_at_5": 0.0782, "map_at_10": 0.09055, "map_at_20": 0.09958, "map_at_100": 0.10762, "map_at_200": 0.10903, "map_at_300": 0.1096, "map_at_500": 0.11002, "map_at_1000": 0.11042, "recall_at_1": 0.03705, "recall_at_3": 0.08725, "recall_at_5": 0.11618, "recall_at_10": 0.16717, "recall_at_20": 0.22748, "recall_at_100": 0.37045, "recall_at_200": 0.444, "recall_at_300": 0.49323, "recall_at_500": 0.55082, "recall_at_1000": 0.63583, "precision_at_1": 0.183, "precision_at_3": 0.14367, "precision_at_5": 0.1148, "precision_at_10": 0.0823, "precision_at_20": 0.05595, "precision_at_100": 0.01825, "precision_at_200": 0.01092, "precision_at_300": 0.0081, "precision_at_500": 0.00543, "precision_at_1000": 0.00313, "mrr_at_1": 0.183, "mrr_at_3": 0.25217, "mrr_at_5": 0.26717, "mrr_at_10": 0.28114, "mrr_at_20": 0.28851, "mrr_at_100": 0.2921, "mrr_at_200": 0.29264, "mrr_at_300": 0.29281, "mrr_at_500": 0.29292, "mrr_at_1000": 0.29296, "rc_at_1": {"relevant": 0.0, "distractor": 0.0}, "rc_at_3": {"relevant": 0.0, "distractor": 0.0}, "rc_at_5": {"relevant": 0.0, "distractor": 0.0}, "rc_at_10": {"relevant": 0.0, "distractor": 0.0}, "rc_at_20": {"relevant": 0.0, "distractor": 0.0}, "rc_at_100": {"relevant": 0.0, "distractor": 0.0}, "rc_at_200": {"relevant": 0.0, "distractor": 0.0}, "rc_at_300": {"relevant": 0.0, "distractor": 0.0}, "rc_at_500": {"relevant": 0.0, "distractor": 0.0}, "rc_at_1000": {"relevant": 0.0, "distractor": 0.0}}