{"ndcg_at_1": 0.30365, "ndcg_at_3": 0.3534, "ndcg_at_5": 0.37707, "ndcg_at_10": 0.40912, "ndcg_at_20": 0.42953, "ndcg_at_100": 0.46484, "ndcg_at_200": 0.47472, "ndcg_at_300": 0.4788, "ndcg_at_500": 0.48293, "ndcg_at_1000": 0.48774, "map_at_1": 0.24918, "map_at_3": 0.31732, "map_at_5": 0.33502, "map_at_10": 0.35039, "map_at_20": 0.35694, "map_at_100": 0.36271, "map_at_200": 0.36342, "map_at_300": 0.36362, "map_at_500": 0.36377, "map_at_1000": 0.36387, "recall_at_1": 0.24918, "recall_at_3": 0.38401, "recall_at_5": 0.44523, "recall_at_10": 0.53827, "recall_at_20": 0.61112, "recall_at_100": 0.78017, "recall_at_200": 0.83839, "recall_at_300": 0.86469, "recall_at_500": 0.89351, "recall_at_1000": 0.93115, "precision_at_1": 0.30365, "precision_at_3": 0.16743, "precision_at_5": 0.12009, "precision_at_10": 0.07534, "precision_at_20": 0.04412, "precision_at_100": 0.01199, "precision_at_200": 0.00669, "precision_at_300": 0.00467, "precision_at_500": 0.00296, "precision_at_1000": 0.00158, "mrr_at_1": 0.30365, "mrr_at_3": 0.37024, "mrr_at_5": 0.384, "mrr_at_10": 0.39749, "mrr_at_20": 0.40244, "mrr_at_100": 0.40639, "mrr_at_200": 0.40674, "mrr_at_300": 0.40682, "mrr_at_500": 0.40687, "mrr_at_1000": 0.40691, "rc_at_1": {"relevant": 0.0, "distractor": 0.0}, "rc_at_3": {"relevant": 0.0, "distractor": 0.0}, "rc_at_5": {"relevant": 0.0, "distractor": 0.0}, "rc_at_10": {"relevant": 0.0, "distractor": 0.0}, "rc_at_20": {"relevant": 0.0, "distractor": 0.0}, "rc_at_100": {"relevant": 0.0, "distractor": 0.0}, "rc_at_200": {"relevant": 0.0, "distractor": 0.0}, "rc_at_300": {"relevant": 0.0, "distractor": 0.0}, "rc_at_500": {"relevant": 0.0, "distractor": 0.0}, "rc_at_1000": {"relevant": 0.0, "distractor": 0.0}}