{"ndcg_at_1": 0.16023, "ndcg_at_3": 0.20202, "ndcg_at_5": 0.22198, "ndcg_at_10": 0.25535, "ndcg_at_20": 0.27719, "ndcg_at_100": 0.31768, "ndcg_at_200": 0.33729, "ndcg_at_300": 0.34397, "ndcg_at_500": 0.35286, "ndcg_at_1000": 0.35999, "map_at_1": 0.12318, "map_at_3": 0.1706, "map_at_5": 0.1845, "map_at_10": 0.19998, "map_at_20": 0.20699, "map_at_100": 0.2138, "map_at_200": 0.21522, "map_at_300": 0.2156, "map_at_500": 0.21593, "map_at_1000": 0.21613, "recall_at_1": 0.12318, "recall_at_3": 0.22462, "recall_at_5": 0.277, "recall_at_10": 0.37383, "recall_at_20": 0.45351, "recall_at_100": 0.65047, "recall_at_200": 0.77243, "recall_at_300": 0.81613, "recall_at_500": 0.88056, "recall_at_1000": 0.93417, "precision_at_1": 0.16023, "precision_at_3": 0.10491, "precision_at_5": 0.08069, "precision_at_10": 0.05765, "precision_at_20": 0.03662, "precision_at_100": 0.01175, "precision_at_200": 0.00717, "precision_at_300": 0.00523, "precision_at_500": 0.00349, "precision_at_1000": 0.00194, "mrr_at_1": 0.16023, "mrr_at_3": 0.2134, "mrr_at_5": 0.22871, "mrr_at_10": 0.24356, "mrr_at_20": 0.24939, "mrr_at_100": 0.25356, "mrr_at_200": 0.25436, "mrr_at_300": 0.2545, "mrr_at_500": 0.25464, "mrr_at_1000": 0.2547, "rc_at_1": {"relevant": 0.0, "distractor": 0.0}, "rc_at_3": {"relevant": 0.0, "distractor": 0.0}, "rc_at_5": {"relevant": 0.0, "distractor": 0.0}, "rc_at_10": {"relevant": 0.0, "distractor": 0.0}, "rc_at_20": {"relevant": 0.0, "distractor": 0.0}, "rc_at_100": {"relevant": 0.0, "distractor": 0.0}, "rc_at_200": {"relevant": 0.0, "distractor": 0.0}, "rc_at_300": {"relevant": 0.0, "distractor": 0.0}, "rc_at_500": {"relevant": 0.0, "distractor": 0.0}, "rc_at_1000": {"relevant": 0.0, "distractor": 0.0}}