{"ndcg_at_1": 0.06592, "ndcg_at_3": 0.11641, "ndcg_at_5": 0.13277, "ndcg_at_10": 0.15877, "ndcg_at_20": 0.17504, "ndcg_at_100": 0.2066, "ndcg_at_200": 0.21975, "ndcg_at_300": 0.22746, "ndcg_at_500": 0.23428, "ndcg_at_1000": 0.24265, "map_at_1": 0.05299, "map_at_3": 0.09577, "map_at_5": 0.1056, "map_at_10": 0.11654, "map_at_20": 0.12097, "map_at_100": 0.12556, "map_at_200": 0.12634, "map_at_300": 0.12666, "map_at_500": 0.12685, "map_at_1000": 0.12699, "recall_at_1": 0.05299, "recall_at_3": 0.15021, "recall_at_5": 0.18973, "recall_at_10": 0.26597, "recall_at_20": 0.32465, "recall_at_100": 0.4811, "recall_at_200": 0.56493, "recall_at_300": 0.61881, "recall_at_500": 0.67057, "recall_at_1000": 0.73907, "precision_at_1": 0.06592, "precision_at_3": 0.06219, "precision_at_5": 0.04776, "precision_at_10": 0.03433, "precision_at_20": 0.02183, "precision_at_100": 0.00674, "precision_at_200": 0.00405, "precision_at_300": 0.003, "precision_at_500": 0.00198, "precision_at_1000": 0.00112, "mrr_at_1": 0.06592, "mrr_at_3": 0.11733, "mrr_at_5": 0.12716, "mrr_at_10": 0.13961, "mrr_at_20": 0.14446, "mrr_at_100": 0.14855, "mrr_at_200": 0.14912, "mrr_at_300": 0.14935, "mrr_at_500": 0.14947, "mrr_at_1000": 0.14957, "rc_at_1": {"relevant": 0.0, "distractor": 0.0}, "rc_at_3": {"relevant": 0.0, "distractor": 0.0}, "rc_at_5": {"relevant": 0.0, "distractor": 0.0}, "rc_at_10": {"relevant": 0.0, "distractor": 0.0}, "rc_at_20": {"relevant": 0.0, "distractor": 0.0}, "rc_at_100": {"relevant": 0.0, "distractor": 0.0}, "rc_at_200": {"relevant": 0.0, "distractor": 0.0}, "rc_at_300": {"relevant": 0.0, "distractor": 0.0}, "rc_at_500": {"relevant": 0.0, "distractor": 0.0}, "rc_at_1000": {"relevant": 0.0, "distractor": 0.0}}