{"ndcg_at_1": 0.00125, "ndcg_at_3": 0.00059, "ndcg_at_5": 0.00075, "ndcg_at_10": 0.00117, "ndcg_at_20": 0.00118, "ndcg_at_100": 0.00311, "ndcg_at_200": 0.00485, "ndcg_at_300": 0.00565, "ndcg_at_500": 0.00683, "ndcg_at_1000": 0.00914, "map_at_1": 0.0, "map_at_3": 0.0, "map_at_5": 1e-05, "map_at_10": 5e-05, "map_at_20": 7e-05, "map_at_100": 0.00021, "map_at_200": 0.00028, "map_at_300": 0.00032, "map_at_500": 0.00037, "map_at_1000": 0.00045, "recall_at_1": 0.0, "recall_at_3": 0.0, "recall_at_5": 2e-05, "recall_at_10": 0.0003, "recall_at_20": 0.00056, "recall_at_100": 0.00423, "recall_at_200": 0.01032, "recall_at_300": 0.01254, "recall_at_500": 0.01606, "recall_at_1000": 0.02418, "precision_at_1": 0.0025, "precision_at_3": 0.00083, "precision_at_5": 0.001, "precision_at_10": 0.00175, "precision_at_20": 0.00163, "precision_at_100": 0.00188, "precision_at_200": 0.00178, "precision_at_300": 0.00166, "precision_at_500": 0.00146, "precision_at_1000": 0.00124, "mrr_at_1": 0.0025, "mrr_at_3": 0.0025, "mrr_at_5": 0.003, "mrr_at_10": 0.0044, "mrr_at_20": 0.00497, "mrr_at_100": 0.00629, "mrr_at_200": 0.00667, "mrr_at_300": 0.00681, "mrr_at_500": 0.00689, "mrr_at_1000": 0.00698, "rc_at_1": {"relevant": 0.0, "distractor": 0.0}, "rc_at_3": {"relevant": 0.0, "distractor": 0.0}, "rc_at_5": {"relevant": 0.0, "distractor": 0.0}, "rc_at_10": {"relevant": 0.0, "distractor": 0.0}, "rc_at_20": {"relevant": 0.0, "distractor": 0.0}, "rc_at_100": {"relevant": 0.0, "distractor": 0.0}, "rc_at_200": {"relevant": 0.0, "distractor": 0.0}, "rc_at_300": {"relevant": 0.0, "distractor": 0.0}, "rc_at_500": {"relevant": 0.0, "distractor": 0.0}, "rc_at_1000": {"relevant": 0.0, "distractor": 0.0}}