{"ndcg_at_1": 0.21429, "ndcg_at_3": 0.20345, "ndcg_at_5": 0.16626, "ndcg_at_10": 0.15017, "ndcg_at_20": 0.15813, "ndcg_at_100": 0.22714, "ndcg_at_200": 0.25202, "ndcg_at_300": 0.26824, "ndcg_at_500": 0.29021, "ndcg_at_1000": 0.31796, "map_at_1": 0.01459, "map_at_3": 0.03204, "map_at_5": 0.03815, "map_at_10": 0.0512, "map_at_20": 0.06305, "map_at_100": 0.07863, "map_at_200": 0.08187, "map_at_300": 0.08345, "map_at_500": 0.08505, "map_at_1000": 0.08662, "recall_at_1": 0.01459, "recall_at_3": 0.04318, "recall_at_5": 0.05423, "recall_at_10": 0.09473, "recall_at_20": 0.14453, "recall_at_100": 0.28722, "recall_at_200": 0.35736, "recall_at_300": 0.40298, "recall_at_500": 0.46713, "recall_at_1000": 0.56606, "precision_at_1": 0.22449, "precision_at_3": 0.21769, "precision_at_5": 0.15918, "precision_at_10": 0.13061, "precision_at_20": 0.10612, "precision_at_100": 0.04755, "precision_at_200": 0.03031, "precision_at_300": 0.02313, "precision_at_500": 0.01682, "precision_at_1000": 0.01055, "mrr_at_1": 0.26531, "mrr_at_3": 0.34354, "mrr_at_5": 0.37211, "mrr_at_10": 0.3801, "mrr_at_20": 0.39311, "mrr_at_100": 0.39497, "mrr_at_200": 0.39536, "mrr_at_300": 0.39547, "mrr_at_500": 0.39547, "mrr_at_1000": 0.39547, "rc_at_1": {"relevant": 0.0, "distractor": 0.0}, "rc_at_3": {"relevant": 0.0, "distractor": 0.0}, "rc_at_5": {"relevant": 0.0, "distractor": 0.0}, "rc_at_10": {"relevant": 0.0, "distractor": 0.0}, "rc_at_20": {"relevant": 0.0, "distractor": 0.0}, "rc_at_100": {"relevant": 0.0, "distractor": 0.0}, "rc_at_200": {"relevant": 0.0, "distractor": 0.0}, "rc_at_300": {"relevant": 0.0, "distractor": 0.0}, "rc_at_500": {"relevant": 0.0, "distractor": 0.0}, "rc_at_1000": {"relevant": 0.0, "distractor": 0.0}}