{"ndcg_at_1": 0.17375, "ndcg_at_3": 0.23661, "ndcg_at_5": 0.25956, "ndcg_at_10": 0.28768, "ndcg_at_20": 0.31392, "ndcg_at_100": 0.35079, "ndcg_at_200": 0.36062, "ndcg_at_300": 0.3659, "ndcg_at_500": 0.37167, "ndcg_at_1000": 0.37733, "map_at_1": 0.16211, "map_at_3": 0.21521, "map_at_5": 0.22898, "map_at_10": 0.24024, "map_at_20": 0.24813, "map_at_100": 0.25361, "map_at_200": 0.25417, "map_at_300": 0.25439, "map_at_500": 0.25458, "map_at_1000": 0.2547, "recall_at_1": 0.16211, "recall_at_3": 0.28047, "recall_at_5": 0.33635, "recall_at_10": 0.41987, "recall_at_20": 0.51814, "recall_at_100": 0.7044, "recall_at_200": 0.7702, "recall_at_300": 0.8073, "recall_at_500": 0.85176, "recall_at_1000": 0.89959, "precision_at_1": 0.17375, "precision_at_3": 0.10413, "precision_at_5": 0.07579, "precision_at_10": 0.04843, "precision_at_20": 0.03059, "precision_at_100": 0.00867, "precision_at_200": 0.00482, "precision_at_300": 0.00344, "precision_at_500": 0.00225, "precision_at_1000": 0.00122, "mrr_at_1": 0.17375, "mrr_at_3": 0.23044, "mrr_at_5": 0.24301, "mrr_at_10": 0.25534, "mrr_at_20": 0.26214, "mrr_at_100": 0.2673, "mrr_at_200": 0.26782, "mrr_at_300": 0.26795, "mrr_at_500": 0.26805, "mrr_at_1000": 0.26812, "rc_at_1": {"relevant": 0.0, "distractor": 0.0}, "rc_at_3": {"relevant": 0.0, "distractor": 0.0}, "rc_at_5": {"relevant": 0.0, "distractor": 0.0}, "rc_at_10": {"relevant": 0.0, "distractor": 0.0}, "rc_at_20": {"relevant": 0.0, "distractor": 0.0}, "rc_at_100": {"relevant": 0.0, "distractor": 0.0}, "rc_at_200": {"relevant": 0.0, "distractor": 0.0}, "rc_at_300": {"relevant": 0.0, "distractor": 0.0}, "rc_at_500": {"relevant": 0.0, "distractor": 0.0}, "rc_at_1000": {"relevant": 0.0, "distractor": 0.0}}