{"ndcg_at_1": 0.23402, "ndcg_at_3": 0.28514, "ndcg_at_5": 0.31038, "ndcg_at_10": 0.34163, "ndcg_at_20": 0.36892, "ndcg_at_100": 0.40674, "ndcg_at_200": 0.41652, "ndcg_at_300": 0.42124, "ndcg_at_500": 0.42601, "ndcg_at_1000": 0.43163, "map_at_1": 0.18236, "map_at_3": 0.24842, "map_at_5": 0.26529, "map_at_10": 0.2805, "map_at_20": 0.28895, "map_at_100": 0.29501, "map_at_200": 0.29569, "map_at_300": 0.29591, "map_at_500": 0.29608, "map_at_1000": 0.2962, "recall_at_1": 0.18236, "recall_at_3": 0.32097, "recall_at_5": 0.38691, "recall_at_10": 0.47818, "recall_at_20": 0.57892, "recall_at_100": 0.76002, "recall_at_200": 0.82006, "recall_at_300": 0.8514, "recall_at_500": 0.88388, "recall_at_1000": 0.9281, "precision_at_1": 0.23402, "precision_at_3": 0.14231, "precision_at_5": 0.10502, "precision_at_10": 0.06747, "precision_at_20": 0.04138, "precision_at_100": 0.01178, "precision_at_200": 0.00655, "precision_at_300": 0.00462, "precision_at_500": 0.00296, "precision_at_1000": 0.00159, "mrr_at_1": 0.23516, "mrr_at_3": 0.3008, "mrr_at_5": 0.31741, "mrr_at_10": 0.33018, "mrr_at_20": 0.33684, "mrr_at_100": 0.34086, "mrr_at_200": 0.34123, "mrr_at_300": 0.34135, "mrr_at_500": 0.34142, "mrr_at_1000": 0.34146, "rc_at_1": {"relevant": 0.0, "distractor": 0.0}, "rc_at_3": {"relevant": 0.0, "distractor": 0.0}, "rc_at_5": {"relevant": 0.0, "distractor": 0.0}, "rc_at_10": {"relevant": 0.0, "distractor": 0.0}, "rc_at_20": {"relevant": 0.0, "distractor": 0.0}, "rc_at_100": {"relevant": 0.0, "distractor": 0.0}, "rc_at_200": {"relevant": 0.0, "distractor": 0.0}, "rc_at_300": {"relevant": 0.0, "distractor": 0.0}, "rc_at_500": {"relevant": 0.0, "distractor": 0.0}, "rc_at_1000": {"relevant": 0.0, "distractor": 0.0}}