{"ndcg_at_1": 0.10166, "ndcg_at_3": 0.14194, "ndcg_at_5": 0.1717, "ndcg_at_10": 0.19056, "ndcg_at_20": 0.21166, "ndcg_at_100": 0.24011, "ndcg_at_200": 0.25035, "ndcg_at_300": 0.25533, "ndcg_at_500": 0.26232, "ndcg_at_1000": 0.27207, "map_at_1": 0.08912, "map_at_3": 0.12425, "map_at_5": 0.14166, "map_at_10": 0.1502, "map_at_20": 0.15606, "map_at_100": 0.15981, "map_at_200": 0.16038, "map_at_300": 0.16055, "map_at_500": 0.16073, "map_at_1000": 0.16089, "recall_at_1": 0.08912, "recall_at_3": 0.17545, "recall_at_5": 0.24704, "recall_at_10": 0.30157, "recall_at_20": 0.3815, "recall_at_100": 0.53319, "recall_at_200": 0.60303, "recall_at_300": 0.63913, "recall_at_500": 0.6948, "recall_at_1000": 0.77966, "precision_at_1": 0.10166, "precision_at_3": 0.06593, "precision_at_5": 0.05656, "precision_at_10": 0.03512, "precision_at_20": 0.02264, "precision_at_100": 0.00638, "precision_at_200": 0.00366, "precision_at_300": 0.00262, "precision_at_500": 0.00174, "precision_at_1000": 0.001, "mrr_at_1": 0.10351, "mrr_at_3": 0.14387, "mrr_at_5": 0.15718, "mrr_at_10": 0.16665, "mrr_at_20": 0.1726, "mrr_at_100": 0.17655, "mrr_at_200": 0.17701, "mrr_at_300": 0.17718, "mrr_at_500": 0.17735, "mrr_at_1000": 0.17744, "rc_at_1": {"relevant": 0.0, "distractor": 0.0}, "rc_at_3": {"relevant": 0.0, "distractor": 0.0}, "rc_at_5": {"relevant": 0.0, "distractor": 0.0}, "rc_at_10": {"relevant": 0.0, "distractor": 0.0}, "rc_at_20": {"relevant": 0.0, "distractor": 0.0}, "rc_at_100": {"relevant": 0.0, "distractor": 0.0}, "rc_at_200": {"relevant": 0.0, "distractor": 0.0}, "rc_at_300": {"relevant": 0.0, "distractor": 0.0}, "rc_at_500": {"relevant": 0.0, "distractor": 0.0}, "rc_at_1000": {"relevant": 0.0, "distractor": 0.0}}