{"ndcg_at_1": 0.24254, "ndcg_at_3": 0.29697, "ndcg_at_5": 0.32305, "ndcg_at_10": 0.34631, "ndcg_at_20": 0.37157, "ndcg_at_100": 0.41186, "ndcg_at_200": 0.42115, "ndcg_at_300": 0.42584, "ndcg_at_500": 0.42996, "ndcg_at_1000": 0.43499, "map_at_1": 0.20814, "map_at_3": 0.26638, "map_at_5": 0.28324, "map_at_10": 0.2946, "map_at_20": 0.30199, "map_at_100": 0.3082, "map_at_200": 0.30886, "map_at_300": 0.30907, "map_at_500": 0.3092, "map_at_1000": 0.30929, "recall_at_1": 0.20814, "recall_at_3": 0.33408, "recall_at_5": 0.40073, "recall_at_10": 0.46734, "recall_at_20": 0.55992, "recall_at_100": 0.75769, "recall_at_200": 0.81435, "recall_at_300": 0.84626, "recall_at_500": 0.8761, "recall_at_1000": 0.91697, "precision_at_1": 0.24254, "precision_at_3": 0.13775, "precision_at_5": 0.10112, "precision_at_10": 0.06147, "precision_at_20": 0.03731, "precision_at_100": 0.01059, "precision_at_200": 0.00585, "precision_at_300": 0.00411, "precision_at_500": 0.00259, "precision_at_1000": 0.00138, "mrr_at_1": 0.24067, "mrr_at_3": 0.301, "mrr_at_5": 0.31681, "mrr_at_10": 0.32652, "mrr_at_20": 0.33359, "mrr_at_100": 0.33834, "mrr_at_200": 0.3387, "mrr_at_300": 0.33879, "mrr_at_500": 0.33886, "mrr_at_1000": 0.3389, "rc_at_1": {"relevant": 0.0, "distractor": 0.0}, "rc_at_3": {"relevant": 0.0, "distractor": 0.0}, "rc_at_5": {"relevant": 0.0, "distractor": 0.0}, "rc_at_10": {"relevant": 0.0, "distractor": 0.0}, "rc_at_20": {"relevant": 0.0, "distractor": 0.0}, "rc_at_100": {"relevant": 0.0, "distractor": 0.0}, "rc_at_200": {"relevant": 0.0, "distractor": 0.0}, "rc_at_300": {"relevant": 0.0, "distractor": 0.0}, "rc_at_500": {"relevant": 0.0, "distractor": 0.0}, "rc_at_1000": {"relevant": 0.0, "distractor": 0.0}}