{"ndcg_at_1": 0.46906, "ndcg_at_3": 0.37397, "ndcg_at_5": 0.38933, "ndcg_at_10": 0.42433, "ndcg_at_20": 0.44542, "ndcg_at_100": 0.48296, "ndcg_at_200": 0.49384, "ndcg_at_300": 0.49864, "ndcg_at_500": 0.50464, "ndcg_at_1000": 0.51074, "map_at_1": 0.19705, "map_at_3": 0.27974, "map_at_5": 0.30559, "map_at_10": 0.32596, "map_at_20": 0.33408, "map_at_100": 0.34175, "map_at_200": 0.34271, "map_at_300": 0.34299, "map_at_500": 0.34324, "map_at_1000": 0.34339, "recall_at_1": 0.19705, "recall_at_3": 0.3253, "recall_at_5": 0.38817, "recall_at_10": 0.46534, "recall_at_20": 0.52395, "recall_at_100": 0.66675, "recall_at_200": 0.72063, "recall_at_300": 0.74676, "recall_at_500": 0.78145, "recall_at_1000": 0.8203, "precision_at_1": 0.46906, "precision_at_3": 0.27796, "precision_at_5": 0.20313, "precision_at_10": 0.12495, "precision_at_20": 0.07173, "precision_at_100": 0.01896, "precision_at_200": 0.01036, "precision_at_300": 0.0072, "precision_at_500": 0.00457, "precision_at_1000": 0.00242, "mrr_at_1": 0.46775, "mrr_at_3": 0.55016, "mrr_at_5": 0.56293, "mrr_at_10": 0.57111, "mrr_at_20": 0.57472, "mrr_at_100": 0.57717, "mrr_at_200": 0.57736, "mrr_at_300": 0.5774, "mrr_at_500": 0.57743, "mrr_at_1000": 0.57745, "rc_at_1": {"relevant": 0.0, "distractor": 0.0}, "rc_at_3": {"relevant": 0.0, "distractor": 0.0}, "rc_at_5": {"relevant": 0.0, "distractor": 0.0}, "rc_at_10": {"relevant": 0.0, "distractor": 0.0}, "rc_at_20": {"relevant": 0.0, "distractor": 0.0}, "rc_at_100": {"relevant": 0.0, "distractor": 0.0}, "rc_at_200": {"relevant": 0.0, "distractor": 0.0}, "rc_at_300": {"relevant": 0.0, "distractor": 0.0}, "rc_at_500": {"relevant": 0.0, "distractor": 0.0}, "rc_at_1000": {"relevant": 0.0, "distractor": 0.0}}