{"ndcg_at_1": 0.14006, "ndcg_at_3": 0.17598, "ndcg_at_5": 0.19346, "ndcg_at_10": 0.21646, "ndcg_at_20": 0.23643, "ndcg_at_100": 0.27421, "ndcg_at_200": 0.28672, "ndcg_at_300": 0.29329, "ndcg_at_500": 0.30109, "ndcg_at_1000": 0.30813, "map_at_1": 0.11564, "map_at_3": 0.15397, "map_at_5": 0.16505, "map_at_10": 0.17532, "map_at_20": 0.18114, "map_at_100": 0.18662, "map_at_200": 0.18738, "map_at_300": 0.18765, "map_at_500": 0.18787, "map_at_1000": 0.18801, "recall_at_1": 0.11564, "recall_at_3": 0.20009, "recall_at_5": 0.24495, "recall_at_10": 0.31418, "recall_at_20": 0.38866, "recall_at_100": 0.57641, "recall_at_200": 0.65678, "recall_at_300": 0.70307, "recall_at_500": 0.7622, "recall_at_1000": 0.81902, "precision_at_1": 0.14006, "precision_at_3": 0.08396, "precision_at_5": 0.06263, "precision_at_10": 0.04105, "precision_at_20": 0.026, "precision_at_100": 0.00832, "precision_at_200": 0.00489, "precision_at_300": 0.00356, "precision_at_500": 0.00236, "precision_at_1000": 0.00131, "mrr_at_1": 0.1404, "mrr_at_3": 0.18278, "mrr_at_5": 0.19455, "mrr_at_10": 0.2047, "mrr_at_20": 0.21028, "mrr_at_100": 0.21513, "mrr_at_200": 0.21566, "mrr_at_300": 0.21583, "mrr_at_500": 0.21598, "mrr_at_1000": 0.21605, "rc_at_1": {"relevant": 0.0, "distractor": 0.0}, "rc_at_3": {"relevant": 0.0, "distractor": 0.0}, "rc_at_5": {"relevant": 0.0, "distractor": 0.0}, "rc_at_10": {"relevant": 0.0, "distractor": 0.0}, "rc_at_20": {"relevant": 0.0, "distractor": 0.0}, "rc_at_100": {"relevant": 0.0, "distractor": 0.0}, "rc_at_200": {"relevant": 0.0, "distractor": 0.0}, "rc_at_300": {"relevant": 0.0, "distractor": 0.0}, "rc_at_500": {"relevant": 0.0, "distractor": 0.0}, "rc_at_1000": {"relevant": 0.0, "distractor": 0.0}}