{"ndcg_at_1": 0.43636, "ndcg_at_3": 0.31001, "ndcg_at_5": 0.28189, "ndcg_at_10": 0.2296, "ndcg_at_20": 0.29594, "ndcg_at_100": 0.42872, "ndcg_at_200": 0.44947, "ndcg_at_300": 0.45652, "ndcg_at_500": 0.4653, "ndcg_at_1000": 0.47579, "map_at_1": 0.04364, "map_at_3": 0.07273, "map_at_5": 0.09373, "map_at_10": 0.11833, "map_at_20": 0.14662, "map_at_100": 0.19112, "map_at_200": 0.19451, "map_at_300": 0.19528, "map_at_500": 0.19595, "map_at_1000": 0.19641, "recall_at_1": 0.04364, "recall_at_3": 0.08182, "recall_at_5": 0.12364, "recall_at_10": 0.18909, "recall_at_20": 0.30727, "recall_at_100": 0.63636, "recall_at_200": 0.70364, "recall_at_300": 0.72909, "recall_at_500": 0.76364, "recall_at_1000": 0.80909, "precision_at_1": 0.43636, "precision_at_3": 0.27273, "precision_at_5": 0.24727, "precision_at_10": 0.18909, "precision_at_20": 0.15364, "precision_at_100": 0.06364, "precision_at_200": 0.03518, "precision_at_300": 0.0243, "precision_at_500": 0.01527, "precision_at_1000": 0.00809, "mrr_at_1": 0.43636, "mrr_at_3": 0.50303, "mrr_at_5": 0.53121, "mrr_at_10": 0.55027, "mrr_at_20": 0.55681, "mrr_at_100": 0.55681, "mrr_at_200": 0.55681, "mrr_at_300": 0.55681, "mrr_at_500": 0.55681, "mrr_at_1000": 0.55686, "rc_at_1": {"relevant": 0.43636, "distractor": 0.54545}, "rc_at_3": {"relevant": 0.81818, "distractor": 2.05455}, "rc_at_5": {"relevant": 1.23636, "distractor": 3.54545}, "rc_at_10": {"relevant": 1.89091, "distractor": 7.29091}, "rc_at_20": {"relevant": 3.07273, "distractor": 14.21818}, "rc_at_100": {"relevant": 6.36364, "distractor": 45.43636}, "rc_at_200": {"relevant": 7.03636, "distractor": 55.78182}, "rc_at_300": {"relevant": 7.29091, "distractor": 60.36364}, "rc_at_500": {"relevant": 7.63636, "distractor": 65.07273}, "rc_at_1000": {"relevant": 8.09091, "distractor": 71.03636}}