{"ndcg_at_1": 0.32727, "ndcg_at_3": 0.27903, "ndcg_at_5": 0.26004, "ndcg_at_10": 0.20674, "ndcg_at_20": 0.25773, "ndcg_at_100": 0.38059, "ndcg_at_200": 0.40484, "ndcg_at_300": 0.41952, "ndcg_at_500": 0.43073, "ndcg_at_1000": 0.44341, "map_at_1": 0.03273, "map_at_3": 0.07, "map_at_5": 0.09391, "map_at_10": 0.11361, "map_at_20": 0.13537, "map_at_100": 0.17268, "map_at_200": 0.17636, "map_at_300": 0.17782, "map_at_500": 0.17869, "map_at_1000": 0.17928, "recall_at_1": 0.03273, "recall_at_3": 0.08, "recall_at_5": 0.12182, "recall_at_10": 0.17636, "recall_at_20": 0.26909, "recall_at_100": 0.57273, "recall_at_200": 0.65091, "recall_at_300": 0.70364, "recall_at_500": 0.74727, "recall_at_1000": 0.80182, "precision_at_1": 0.32727, "precision_at_3": 0.26667, "precision_at_5": 0.24364, "precision_at_10": 0.17636, "precision_at_20": 0.13455, "precision_at_100": 0.05727, "precision_at_200": 0.03255, "precision_at_300": 0.02345, "precision_at_500": 0.01495, "precision_at_1000": 0.00802, "mrr_at_1": 0.32727, "mrr_at_3": 0.38485, "mrr_at_5": 0.41394, "mrr_at_10": 0.43548, "mrr_at_20": 0.44529, "mrr_at_100": 0.44529, "mrr_at_200": 0.44577, "mrr_at_300": 0.44577, "mrr_at_500": 0.44577, "mrr_at_1000": 0.44579, "rc_at_1": {"relevant": 0.32727, "distractor": 0.61818}, "rc_at_3": {"relevant": 0.8, "distractor": 2.05455}, "rc_at_5": {"relevant": 1.21818, "distractor": 3.34545}, "rc_at_10": {"relevant": 1.78182, "distractor": 6.74545}, "rc_at_20": {"relevant": 2.69091, "distractor": 12.96364}, "rc_at_100": {"relevant": 5.72727, "distractor": 39.94545}, "rc_at_200": {"relevant": 6.50909, "distractor": 49.96364}, "rc_at_300": {"relevant": 7.03636, "distractor": 55.18182}, "rc_at_500": {"relevant": 7.47273, "distractor": 61.07273}, "rc_at_1000": {"relevant": 8.01818, "distractor": 68.4}}