{"ndcg_at_1": 0.34545, "ndcg_at_3": 0.23728, "ndcg_at_5": 0.20201, "ndcg_at_10": 0.16222, "ndcg_at_20": 0.18021, "ndcg_at_100": 0.2253, "ndcg_at_200": 0.2499, "ndcg_at_300": 0.25908, "ndcg_at_500": 0.2713, "ndcg_at_1000": 0.28532, "map_at_1": 0.03455, "map_at_3": 0.05485, "map_at_5": 0.06548, "map_at_10": 0.0835, "map_at_20": 0.0892, "map_at_100": 0.10018, "map_at_200": 0.10253, "map_at_300": 0.10333, "map_at_500": 0.1039, "map_at_1000": 0.10436, "recall_at_1": 0.03455, "recall_at_3": 0.06182, "recall_at_5": 0.08364, "recall_at_10": 0.12727, "recall_at_20": 0.16, "recall_at_100": 0.27455, "recall_at_200": 0.35455, "recall_at_300": 0.38727, "recall_at_500": 0.43455, "recall_at_1000": 0.49455, "precision_at_1": 0.34545, "precision_at_3": 0.20606, "precision_at_5": 0.16727, "precision_at_10": 0.12727, "precision_at_20": 0.08, "precision_at_100": 0.02745, "precision_at_200": 0.01773, "precision_at_300": 0.01291, "precision_at_500": 0.00869, "precision_at_1000": 0.00495, "mrr_at_1": 0.34545, "mrr_at_3": 0.39091, "mrr_at_5": 0.41273, "mrr_at_10": 0.42651, "mrr_at_20": 0.43228, "mrr_at_100": 0.43494, "mrr_at_200": 0.43507, "mrr_at_300": 0.43514, "mrr_at_500": 0.43531, "mrr_at_1000": 0.43533, "rc_at_1": {"relevant": 0.34545, "distractor": 0.34545}, "rc_at_3": {"relevant": 0.61818, "distractor": 1.0}, "rc_at_5": {"relevant": 0.83636, "distractor": 1.49091}, "rc_at_10": {"relevant": 1.27273, "distractor": 2.70909}, "rc_at_20": {"relevant": 1.6, "distractor": 4.8}, "rc_at_100": {"relevant": 2.74545, "distractor": 11.90909}, "rc_at_200": {"relevant": 3.54545, "distractor": 17.01818}, "rc_at_300": {"relevant": 3.87273, "distractor": 20.49091}, "rc_at_500": {"relevant": 4.34545, "distractor": 25.0}, "rc_at_1000": {"relevant": 4.94545, "distractor": 31.61818}}