{"ndcg_at_1": 0.14689, "ndcg_at_3": 0.18351, "ndcg_at_5": 0.19965, "ndcg_at_10": 0.2235, "ndcg_at_20": 0.2411, "ndcg_at_100": 0.27665, "ndcg_at_200": 0.29035, "ndcg_at_300": 0.29625, "ndcg_at_500": 0.30439, "ndcg_at_1000": 0.3122, "map_at_1": 0.13629, "map_at_3": 0.16945, "map_at_5": 0.17863, "map_at_10": 0.18845, "map_at_20": 0.19327, "map_at_100": 0.19828, "map_at_200": 0.19906, "map_at_300": 0.19927, "map_at_500": 0.19948, "map_at_1000": 0.1996, "recall_at_1": 0.13629, "recall_at_3": 0.21037, "recall_at_5": 0.24801, "recall_at_10": 0.3205, "recall_at_20": 0.38752, "recall_at_100": 0.57332, "recall_at_200": 0.66526, "recall_at_300": 0.71011, "recall_at_500": 0.77621, "recall_at_1000": 0.84553, "precision_at_1": 0.14689, "precision_at_3": 0.07759, "precision_at_5": 0.05605, "precision_at_10": 0.03616, "precision_at_20": 0.02215, "precision_at_100": 0.00672, "precision_at_200": 0.00397, "precision_at_300": 0.00283, "precision_at_500": 0.00187, "precision_at_1000": 0.00103, "mrr_at_1": 0.14915, "mrr_at_3": 0.18362, "mrr_at_5": 0.19418, "mrr_at_10": 0.20423, "mrr_at_20": 0.20938, "mrr_at_100": 0.21373, "mrr_at_200": 0.21442, "mrr_at_300": 0.21458, "mrr_at_500": 0.21474, "mrr_at_1000": 0.21484, "rc_at_1": {"relevant": 0.0, "distractor": 0.0}, "rc_at_3": {"relevant": 0.0, "distractor": 0.0}, "rc_at_5": {"relevant": 0.0, "distractor": 0.0}, "rc_at_10": {"relevant": 0.0, "distractor": 0.0}, "rc_at_20": {"relevant": 0.0, "distractor": 0.0}, "rc_at_100": {"relevant": 0.0, "distractor": 0.0}, "rc_at_200": {"relevant": 0.0, "distractor": 0.0}, "rc_at_300": {"relevant": 0.0, "distractor": 0.0}, "rc_at_500": {"relevant": 0.0, "distractor": 0.0}, "rc_at_1000": {"relevant": 0.0, "distractor": 0.0}}