{"ndcg_at_1": 0.32768, "ndcg_at_3": 0.38814, "ndcg_at_5": 0.41715, "ndcg_at_10": 0.44652, "ndcg_at_20": 0.46674, "ndcg_at_100": 0.49388, "ndcg_at_200": 0.50211, "ndcg_at_300": 0.50546, "ndcg_at_500": 0.50784, "ndcg_at_1000": 0.51165, "map_at_1": 0.30123, "map_at_3": 0.36307, "map_at_5": 0.38024, "map_at_10": 0.39329, "map_at_20": 0.39932, "map_at_100": 0.40338, "map_at_200": 0.40389, "map_at_300": 0.40402, "map_at_500": 0.40409, "map_at_1000": 0.40415, "recall_at_1": 0.30123, "recall_at_3": 0.43232, "recall_at_5": 0.50225, "recall_at_10": 0.5886, "recall_at_20": 0.66408, "recall_at_100": 0.8019, "recall_at_200": 0.85656, "recall_at_300": 0.88126, "recall_at_500": 0.9005, "recall_at_1000": 0.93359, "precision_at_1": 0.32768, "precision_at_3": 0.16271, "precision_at_5": 0.11412, "precision_at_10": 0.06791, "precision_at_20": 0.03887, "precision_at_100": 0.00962, "precision_at_200": 0.00518, "precision_at_300": 0.00357, "precision_at_500": 0.00219, "precision_at_1000": 0.00114, "mrr_at_1": 0.32768, "mrr_at_3": 0.38776, "mrr_at_5": 0.4042, "mrr_at_10": 0.41612, "mrr_at_20": 0.42117, "mrr_at_100": 0.42446, "mrr_at_200": 0.42484, "mrr_at_300": 0.42493, "mrr_at_500": 0.42498, "mrr_at_1000": 0.42502, "rc_at_1": {"relevant": 0.0, "distractor": 0.0}, "rc_at_3": {"relevant": 0.0, "distractor": 0.0}, "rc_at_5": {"relevant": 0.0, "distractor": 0.0}, "rc_at_10": {"relevant": 0.0, "distractor": 0.0}, "rc_at_20": {"relevant": 0.0, "distractor": 0.0}, "rc_at_100": {"relevant": 0.0, "distractor": 0.0}, "rc_at_200": {"relevant": 0.0, "distractor": 0.0}, "rc_at_300": {"relevant": 0.0, "distractor": 0.0}, "rc_at_500": {"relevant": 0.0, "distractor": 0.0}, "rc_at_1000": {"relevant": 0.0, "distractor": 0.0}}