{"ndcg_at_1": 0.45993, "ndcg_at_3": 0.37089, "ndcg_at_5": 0.38796, "ndcg_at_10": 0.42097, "ndcg_at_20": 0.44264, "ndcg_at_100": 0.47967, "ndcg_at_200": 0.49046, "ndcg_at_300": 0.49524, "ndcg_at_500": 0.50093, "ndcg_at_1000": 0.50733, "map_at_1": 0.19466, "map_at_3": 0.27804, "map_at_5": 0.30443, "map_at_10": 0.32351, "map_at_20": 0.33204, "map_at_100": 0.33943, "map_at_200": 0.34037, "map_at_300": 0.34064, "map_at_500": 0.34087, "map_at_1000": 0.34104, "recall_at_1": 0.19466, "recall_at_3": 0.32388, "recall_at_5": 0.3892, "recall_at_10": 0.46216, "recall_at_20": 0.52245, "recall_at_100": 0.664, "recall_at_200": 0.71768, "recall_at_300": 0.7437, "recall_at_500": 0.77649, "recall_at_1000": 0.81742, "precision_at_1": 0.45993, "precision_at_3": 0.27622, "precision_at_5": 0.20365, "precision_at_10": 0.12404, "precision_at_20": 0.0715, "precision_at_100": 0.01889, "precision_at_200": 0.01032, "precision_at_300": 0.00717, "precision_at_500": 0.00454, "precision_at_1000": 0.00241, "mrr_at_1": 0.45993, "mrr_at_3": 0.5443, "mrr_at_5": 0.55805, "mrr_at_10": 0.56578, "mrr_at_20": 0.56905, "mrr_at_100": 0.5715, "mrr_at_200": 0.57168, "mrr_at_300": 0.57171, "mrr_at_500": 0.57175, "mrr_at_1000": 0.57176, "rc_at_1": {"relevant": 0.0, "distractor": 0.0}, "rc_at_3": {"relevant": 0.0, "distractor": 0.0}, "rc_at_5": {"relevant": 0.0, "distractor": 0.0}, "rc_at_10": {"relevant": 0.0, "distractor": 0.0}, "rc_at_20": {"relevant": 0.0, "distractor": 0.0}, "rc_at_100": {"relevant": 0.0, "distractor": 0.0}, "rc_at_200": {"relevant": 0.0, "distractor": 0.0}, "rc_at_300": {"relevant": 0.0, "distractor": 0.0}, "rc_at_500": {"relevant": 0.0, "distractor": 0.0}, "rc_at_1000": {"relevant": 0.0, "distractor": 0.0}}