{"ndcg_at_1": 0.2, "ndcg_at_3": 0.17284, "ndcg_at_5": 0.15028, "ndcg_at_10": 0.13258, "ndcg_at_20": 0.17107, "ndcg_at_100": 0.27491, "ndcg_at_200": 0.31896, "ndcg_at_300": 0.33734, "ndcg_at_500": 0.3587, "ndcg_at_1000": 0.37889, "map_at_1": 0.02, "map_at_3": 0.03718, "map_at_5": 0.04641, "map_at_10": 0.06306, "map_at_20": 0.08144, "map_at_100": 0.10984, "map_at_200": 0.11591, "map_at_300": 0.11745, "map_at_500": 0.11877, "map_at_1000": 0.11973, "recall_at_1": 0.02, "recall_at_3": 0.04923, "recall_at_5": 0.06769, "recall_at_10": 0.11692, "recall_at_20": 0.18615, "recall_at_100": 0.44, "recall_at_200": 0.58308, "recall_at_300": 0.64923, "recall_at_500": 0.73231, "recall_at_1000": 0.81846, "precision_at_1": 0.2, "precision_at_3": 0.1641, "precision_at_5": 0.13538, "precision_at_10": 0.11692, "precision_at_20": 0.09308, "precision_at_100": 0.044, "precision_at_200": 0.02915, "precision_at_300": 0.02164, "precision_at_500": 0.01465, "precision_at_1000": 0.00818, "mrr_at_1": 0.2, "mrr_at_3": 0.27949, "mrr_at_5": 0.28949, "mrr_at_10": 0.30457, "mrr_at_20": 0.31285, "mrr_at_100": 0.31976, "mrr_at_200": 0.32032, "mrr_at_300": 0.32032, "mrr_at_500": 0.32032, "mrr_at_1000": 0.32032, "rc_at_1": {"relevant": 0.2, "distractor": 0.61538}, "rc_at_3": {"relevant": 0.49231, "distractor": 1.72308}, "rc_at_5": {"relevant": 0.67692, "distractor": 2.98462}, "rc_at_10": {"relevant": 1.16923, "distractor": 6.03077}, "rc_at_20": {"relevant": 1.86154, "distractor": 11.53846}, "rc_at_100": {"relevant": 4.4, "distractor": 39.90769}, "rc_at_200": {"relevant": 5.83077, "distractor": 54.24615}, "rc_at_300": {"relevant": 6.49231, "distractor": 61.0}, "rc_at_500": {"relevant": 7.32308, "distractor": 69.96923}, "rc_at_1000": {"relevant": 8.18462, "distractor": 80.83077}}