{"ndcg_at_1": 0.04478, "ndcg_at_3": 0.05357, "ndcg_at_5": 0.0616, "ndcg_at_10": 0.07309, "ndcg_at_20": 0.08335, "ndcg_at_100": 0.11109, "ndcg_at_200": 0.12165, "ndcg_at_300": 0.12807, "ndcg_at_500": 0.13735, "ndcg_at_1000": 0.15006, "map_at_1": 0.0348, "map_at_3": 0.04635, "map_at_5": 0.05073, "map_at_10": 0.05556, "map_at_20": 0.05829, "map_at_100": 0.06181, "map_at_200": 0.06239, "map_at_300": 0.06263, "map_at_500": 0.06286, "map_at_1000": 0.06306, "recall_at_1": 0.0348, "recall_at_3": 0.06226, "recall_at_5": 0.08108, "recall_at_10": 0.11481, "recall_at_20": 0.15355, "recall_at_100": 0.29602, "recall_at_200": 0.36403, "recall_at_300": 0.41045, "recall_at_500": 0.48075, "recall_at_1000": 0.5875, "precision_at_1": 0.04478, "precision_at_3": 0.02612, "precision_at_5": 0.02114, "precision_at_10": 0.01493, "precision_at_20": 0.01001, "precision_at_100": 0.00403, "precision_at_200": 0.00255, "precision_at_300": 0.00194, "precision_at_500": 0.00141, "precision_at_1000": 0.00089, "mrr_at_1": 0.04478, "mrr_at_3": 0.05825, "mrr_at_5": 0.06397, "mrr_at_10": 0.06931, "mrr_at_20": 0.07229, "mrr_at_100": 0.07626, "mrr_at_200": 0.0768, "mrr_at_300": 0.07698, "mrr_at_500": 0.07718, "mrr_at_1000": 0.07735, "rc_at_1": {"relevant": 0.0, "distractor": 0.0}, "rc_at_3": {"relevant": 0.0, "distractor": 0.0}, "rc_at_5": {"relevant": 0.0, "distractor": 0.0}, "rc_at_10": {"relevant": 0.0, "distractor": 0.0}, "rc_at_20": {"relevant": 0.0, "distractor": 0.0}, "rc_at_100": {"relevant": 0.0, "distractor": 0.0}, "rc_at_200": {"relevant": 0.0, "distractor": 0.0}, "rc_at_300": {"relevant": 0.0, "distractor": 0.0}, "rc_at_500": {"relevant": 0.0, "distractor": 0.0}, "rc_at_1000": {"relevant": 0.0, "distractor": 0.0}}