{"ndcg_at_1": 0.43077, "ndcg_at_3": 0.34646, "ndcg_at_5": 0.31282, "ndcg_at_10": 0.24592, "ndcg_at_20": 0.3005, "ndcg_at_100": 0.43376, "ndcg_at_200": 0.46365, "ndcg_at_300": 0.47339, "ndcg_at_500": 0.48722, "ndcg_at_1000": 0.49799, "map_at_1": 0.04308, "map_at_3": 0.08564, "map_at_5": 0.11664, "map_at_10": 0.14333, "map_at_20": 0.16889, "map_at_100": 0.20894, "map_at_200": 0.21363, "map_at_300": 0.21463, "map_at_500": 0.21571, "map_at_1000": 0.21627, "recall_at_1": 0.04308, "recall_at_3": 0.09692, "recall_at_5": 0.14154, "recall_at_10": 0.20154, "recall_at_20": 0.3, "recall_at_100": 0.63385, "recall_at_200": 0.73077, "recall_at_300": 0.76615, "recall_at_500": 0.82, "recall_at_1000": 0.86615, "precision_at_1": 0.43077, "precision_at_3": 0.32308, "precision_at_5": 0.28308, "precision_at_10": 0.20154, "precision_at_20": 0.15, "precision_at_100": 0.06338, "precision_at_200": 0.03654, "precision_at_300": 0.02554, "precision_at_500": 0.0164, "precision_at_1000": 0.00866, "mrr_at_1": 0.43077, "mrr_at_3": 0.49744, "mrr_at_5": 0.51205, "mrr_at_10": 0.52198, "mrr_at_20": 0.53299, "mrr_at_100": 0.53629, "mrr_at_200": 0.53629, "mrr_at_300": 0.53629, "mrr_at_500": 0.53629, "mrr_at_1000": 0.53629, "rc_at_1": {"relevant": 0.43077, "distractor": 0.55385}, "rc_at_3": {"relevant": 0.96923, "distractor": 1.98462}, "rc_at_5": {"relevant": 1.41538, "distractor": 3.47692}, "rc_at_10": {"relevant": 2.01538, "distractor": 7.47692}, "rc_at_20": {"relevant": 3.0, "distractor": 15.43077}, "rc_at_100": {"relevant": 6.33846, "distractor": 60.15385}, "rc_at_200": {"relevant": 7.30769, "distractor": 74.95385}, "rc_at_300": {"relevant": 7.66154, "distractor": 79.86154}, "rc_at_500": {"relevant": 8.2, "distractor": 84.52308}, "rc_at_1000": {"relevant": 8.66154, "distractor": 89.47692}}