{"ndcg_at_1": 0.43077, "ndcg_at_3": 0.35007, "ndcg_at_5": 0.31543, "ndcg_at_10": 0.255, "ndcg_at_20": 0.30734, "ndcg_at_100": 0.50642, "ndcg_at_200": 0.55844, "ndcg_at_300": 0.56097, "ndcg_at_500": 0.56294, "ndcg_at_1000": 0.56294, "map_at_1": 0.04308, "map_at_3": 0.08615, "map_at_5": 0.11715, "map_at_10": 0.14911, "map_at_20": 0.17306, "map_at_100": 0.23431, "map_at_200": 0.24591, "map_at_300": 0.24624, "map_at_500": 0.24643, "map_at_1000": 0.24643, "recall_at_1": 0.04308, "recall_at_3": 0.09846, "recall_at_5": 0.14308, "recall_at_10": 0.21385, "recall_at_20": 0.30769, "recall_at_100": 0.82, "recall_at_200": 0.98308, "recall_at_300": 0.99231, "recall_at_500": 1.0, "recall_at_1000": 1.0, "precision_at_1": 0.43077, "precision_at_3": 0.32821, "precision_at_5": 0.28615, "precision_at_10": 0.21385, "precision_at_20": 0.15385, "precision_at_100": 0.082, "precision_at_200": 0.04915, "precision_at_300": 0.03308, "precision_at_500": 0.02, "precision_at_1000": 0.01, "mrr_at_1": 0.43077, "mrr_at_3": 0.50256, "mrr_at_5": 0.51718, "mrr_at_10": 0.53019, "mrr_at_20": 0.53904, "mrr_at_100": 0.54201, "mrr_at_200": 0.54201, "mrr_at_300": 0.54201, "mrr_at_500": 0.54201, "mrr_at_1000": 0.54201, "rc_at_1": {"relevant": 0.43077, "distractor": 0.56923}, "rc_at_3": {"relevant": 0.98462, "distractor": 2.01538}, "rc_at_5": {"relevant": 1.43077, "distractor": 3.55385}, "rc_at_10": {"relevant": 2.13846, "distractor": 7.81538}, "rc_at_20": {"relevant": 3.07692, "distractor": 16.81538}, "rc_at_100": {"relevant": 8.2, "distractor": 88.98462}, "rc_at_200": {"relevant": 9.83077, "distractor": 98.56923}, "rc_at_300": {"relevant": 9.92308, "distractor": 99.21538}, "rc_at_500": {"relevant": 10.0, "distractor": 99.53846}, "rc_at_1000": {"relevant": 10.0, "distractor": 99.67692}}