{"ndcg_at_1": 0.16604, "ndcg_at_3": 0.20187, "ndcg_at_5": 0.2196, "ndcg_at_10": 0.24293, "ndcg_at_20": 0.25949, "ndcg_at_100": 0.29602, "ndcg_at_200": 0.30759, "ndcg_at_300": 0.31172, "ndcg_at_500": 0.31734, "ndcg_at_1000": 0.3253, "map_at_1": 0.14467, "map_at_3": 0.18253, "map_at_5": 0.19334, "map_at_10": 0.20325, "map_at_20": 0.208, "map_at_100": 0.21351, "map_at_200": 0.2142, "map_at_300": 0.21435, "map_at_500": 0.2145, "map_at_1000": 0.21464, "recall_at_1": 0.14467, "recall_at_3": 0.22631, "recall_at_5": 0.27088, "recall_at_10": 0.3388, "recall_at_20": 0.39979, "recall_at_100": 0.58018, "recall_at_200": 0.65496, "recall_at_300": 0.68472, "recall_at_500": 0.72816, "recall_at_1000": 0.79375, "precision_at_1": 0.16604, "precision_at_3": 0.09142, "precision_at_5": 0.06679, "precision_at_10": 0.04366, "precision_at_20": 0.02607, "precision_at_100": 0.00801, "precision_at_200": 0.00459, "precision_at_300": 0.00322, "precision_at_500": 0.00207, "precision_at_1000": 0.00116, "mrr_at_1": 0.17071, "mrr_at_3": 0.20864, "mrr_at_5": 0.221, "mrr_at_10": 0.23061, "mrr_at_20": 0.23557, "mrr_at_100": 0.24011, "mrr_at_200": 0.24064, "mrr_at_300": 0.24075, "mrr_at_500": 0.24086, "mrr_at_1000": 0.24094, "rc_at_1": {"relevant": 0.0, "distractor": 0.0}, "rc_at_3": {"relevant": 0.0, "distractor": 0.0}, "rc_at_5": {"relevant": 0.0, "distractor": 0.0}, "rc_at_10": {"relevant": 0.0, "distractor": 0.0}, "rc_at_20": {"relevant": 0.0, "distractor": 0.0}, "rc_at_100": {"relevant": 0.0, "distractor": 0.0}, "rc_at_200": {"relevant": 0.0, "distractor": 0.0}, "rc_at_300": {"relevant": 0.0, "distractor": 0.0}, "rc_at_500": {"relevant": 0.0, "distractor": 0.0}, "rc_at_1000": {"relevant": 0.0, "distractor": 0.0}}