{"ndcg_at_1": 0.19907, "ndcg_at_3": 0.18974, "ndcg_at_5": 0.19919, "ndcg_at_10": 0.21651, "ndcg_at_20": 0.23273, "ndcg_at_100": 0.26628, "ndcg_at_200": 0.27938, "ndcg_at_300": 0.28577, "ndcg_at_500": 0.29224, "ndcg_at_1000": 0.30201, "map_at_1": 0.10031, "map_at_3": 0.14313, "map_at_5": 0.15447, "map_at_10": 0.16451, "map_at_20": 0.16946, "map_at_100": 0.17472, "map_at_200": 0.1756, "map_at_300": 0.1759, "map_at_500": 0.17612, "map_at_1000": 0.17632, "recall_at_1": 0.10031, "recall_at_3": 0.18031, "recall_at_5": 0.22077, "recall_at_10": 0.27216, "recall_at_20": 0.32328, "recall_at_100": 0.46531, "recall_at_200": 0.53789, "recall_at_300": 0.57467, "recall_at_500": 0.61565, "recall_at_1000": 0.68604, "precision_at_1": 0.19907, "precision_at_3": 0.1214, "precision_at_5": 0.08981, "precision_at_10": 0.05725, "precision_at_20": 0.03526, "precision_at_100": 0.01077, "precision_at_200": 0.00635, "precision_at_300": 0.00461, "precision_at_500": 0.00302, "precision_at_1000": 0.0017, "mrr_at_1": 0.19907, "mrr_at_3": 0.24486, "mrr_at_5": 0.2589, "mrr_at_10": 0.2665, "mrr_at_20": 0.2713, "mrr_at_100": 0.27584, "mrr_at_200": 0.27633, "mrr_at_300": 0.27645, "mrr_at_500": 0.27654, "mrr_at_1000": 0.27662, "rc_at_1": {"relevant": 0.0, "distractor": 0.0}, "rc_at_3": {"relevant": 0.0, "distractor": 0.0}, "rc_at_5": {"relevant": 0.0, "distractor": 0.0}, "rc_at_10": {"relevant": 0.0, "distractor": 0.0}, "rc_at_20": {"relevant": 0.0, "distractor": 0.0}, "rc_at_100": {"relevant": 0.0, "distractor": 0.0}, "rc_at_200": {"relevant": 0.0, "distractor": 0.0}, "rc_at_300": {"relevant": 0.0, "distractor": 0.0}, "rc_at_500": {"relevant": 0.0, "distractor": 0.0}, "rc_at_1000": {"relevant": 0.0, "distractor": 0.0}}