{"ndcg_at_1": 0.33846, "ndcg_at_3": 0.27048, "ndcg_at_5": 0.24846, "ndcg_at_10": 0.23035, "ndcg_at_20": 0.27135, "ndcg_at_100": 0.46841, "ndcg_at_200": 0.51412, "ndcg_at_300": 0.51886, "ndcg_at_500": 0.52282, "ndcg_at_1000": 0.52611, "map_at_1": 0.03385, "map_at_3": 0.06564, "map_at_5": 0.08556, "map_at_10": 0.12689, "map_at_20": 0.14647, "map_at_100": 0.20401, "map_at_200": 0.21361, "map_at_300": 0.21429, "map_at_500": 0.21465, "map_at_1000": 0.21486, "recall_at_1": 0.03385, "recall_at_3": 0.07538, "recall_at_5": 0.11385, "recall_at_10": 0.21077, "recall_at_20": 0.28615, "recall_at_100": 0.79538, "recall_at_200": 0.94, "recall_at_300": 0.95692, "recall_at_500": 0.97231, "recall_at_1000": 0.98615, "precision_at_1": 0.33846, "precision_at_3": 0.25128, "precision_at_5": 0.22769, "precision_at_10": 0.21077, "precision_at_20": 0.14308, "precision_at_100": 0.07954, "precision_at_200": 0.047, "precision_at_300": 0.0319, "precision_at_500": 0.01945, "precision_at_1000": 0.00986, "mrr_at_1": 0.33846, "mrr_at_3": 0.40513, "mrr_at_5": 0.4459, "mrr_at_10": 0.46275, "mrr_at_20": 0.46874, "mrr_at_100": 0.47255, "mrr_at_200": 0.47255, "mrr_at_300": 0.47255, "mrr_at_500": 0.47255, "mrr_at_1000": 0.47255, "rc_at_1": {"relevant": 0.33846, "distractor": 0.66154}, "rc_at_3": {"relevant": 0.76923, "distractor": 2.23077}, "rc_at_5": {"relevant": 1.15385, "distractor": 3.83077}, "rc_at_10": {"relevant": 2.04615, "distractor": 7.90769}, "rc_at_20": {"relevant": 2.96923, "distractor": 16.87692}, "rc_at_100": {"relevant": 7.96923, "distractor": 83.95385}, "rc_at_200": {"relevant": 9.38462, "distractor": 95.36923}, "rc_at_300": {"relevant": 9.58462, "distractor": 97.04615}, "rc_at_500": {"relevant": 9.76923, "distractor": 98.18462}, "rc_at_1000": {"relevant": 9.87692, "distractor": 99.23077}}