{"ndcg_at_1": 0.26154, "ndcg_at_3": 0.20438, "ndcg_at_5": 0.18005, "ndcg_at_10": 0.15587, "ndcg_at_20": 0.17446, "ndcg_at_100": 0.22436, "ndcg_at_200": 0.24143, "ndcg_at_300": 0.25039, "ndcg_at_500": 0.26621, "ndcg_at_1000": 0.28538, "map_at_1": 0.02615, "map_at_3": 0.04795, "map_at_5": 0.06026, "map_at_10": 0.08101, "map_at_20": 0.08926, "map_at_100": 0.10011, "map_at_200": 0.10193, "map_at_300": 0.1026, "map_at_500": 0.10332, "map_at_1000": 0.10391, "recall_at_1": 0.02615, "recall_at_3": 0.05692, "recall_at_5": 0.08, "recall_at_10": 0.13538, "recall_at_20": 0.16923, "recall_at_100": 0.29385, "recall_at_200": 0.34923, "recall_at_300": 0.38154, "recall_at_500": 0.44308, "recall_at_1000": 0.52615, "precision_at_1": 0.26154, "precision_at_3": 0.18974, "precision_at_5": 0.16, "precision_at_10": 0.13538, "precision_at_20": 0.08462, "precision_at_100": 0.02938, "precision_at_200": 0.01746, "precision_at_300": 0.01272, "precision_at_500": 0.00886, "precision_at_1000": 0.00526, "mrr_at_1": 0.27692, "mrr_at_3": 0.3359, "mrr_at_5": 0.35282, "mrr_at_10": 0.37126, "mrr_at_20": 0.37542, "mrr_at_100": 0.37994, "mrr_at_200": 0.38026, "mrr_at_300": 0.38045, "mrr_at_500": 0.38058, "mrr_at_1000": 0.38064, "rc_at_1": {"relevant": 0.27692, "distractor": 0.46154}, "rc_at_3": {"relevant": 0.63077, "distractor": 1.36923}, "rc_at_5": {"relevant": 0.86154, "distractor": 2.2}, "rc_at_10": {"relevant": 1.41538, "distractor": 3.96923}, "rc_at_20": {"relevant": 1.73846, "distractor": 7.56923}, "rc_at_100": {"relevant": 3.04615, "distractor": 22.76923}, "rc_at_200": {"relevant": 3.72308, "distractor": 30.24615}, "rc_at_300": {"relevant": 4.15385, "distractor": 34.4}, "rc_at_500": {"relevant": 4.69231, "distractor": 39.8}, "rc_at_1000": {"relevant": 5.26154, "distractor": 47.0}}