{"ndcg_at_1": 0.33846, "ndcg_at_3": 0.26231, "ndcg_at_5": 0.24077, "ndcg_at_10": 0.22025, "ndcg_at_20": 0.25788, "ndcg_at_100": 0.397, "ndcg_at_200": 0.43401, "ndcg_at_300": 0.4434, "ndcg_at_500": 0.45406, "ndcg_at_1000": 0.46337, "map_at_1": 0.03385, "map_at_3": 0.06308, "map_at_5": 0.08262, "map_at_10": 0.11869, "map_at_20": 0.13821, "map_at_100": 0.17603, "map_at_200": 0.18268, "map_at_300": 0.1838, "map_at_500": 0.1846, "map_at_1000": 0.18506, "recall_at_1": 0.03385, "recall_at_3": 0.07231, "recall_at_5": 0.10923, "recall_at_10": 0.19846, "recall_at_20": 0.26615, "recall_at_100": 0.61846, "recall_at_200": 0.73692, "recall_at_300": 0.77077, "recall_at_500": 0.81231, "recall_at_1000": 0.85231, "precision_at_1": 0.33846, "precision_at_3": 0.24103, "precision_at_5": 0.21846, "precision_at_10": 0.19846, "precision_at_20": 0.13308, "precision_at_100": 0.06185, "precision_at_200": 0.03685, "precision_at_300": 0.02569, "precision_at_500": 0.01625, "precision_at_1000": 0.00852, "mrr_at_1": 0.33846, "mrr_at_3": 0.4, "mrr_at_5": 0.44077, "mrr_at_10": 0.45945, "mrr_at_20": 0.46531, "mrr_at_100": 0.46864, "mrr_at_200": 0.46864, "mrr_at_300": 0.46871, "mrr_at_500": 0.46871, "mrr_at_1000": 0.46871, "rc_at_1": {"relevant": 0.33846, "distractor": 0.66154}, "rc_at_3": {"relevant": 0.73846, "distractor": 2.2}, "rc_at_5": {"relevant": 1.13846, "distractor": 3.73846}, "rc_at_10": {"relevant": 2.04615, "distractor": 7.49231}, "rc_at_20": {"relevant": 2.8, "distractor": 15.63077}, "rc_at_100": {"relevant": 6.44615, "distractor": 60.86154}, "rc_at_200": {"relevant": 7.47692, "distractor": 73.83077}, "rc_at_300": {"relevant": 7.83077, "distractor": 78.61538}, "rc_at_500": {"relevant": 8.26154, "distractor": 82.89231}, "rc_at_1000": {"relevant": 8.56923, "distractor": 87.56923}}