{"ndcg_at_1": 0.53, "ndcg_at_3": 0.58357, "ndcg_at_5": 0.60462, "ndcg_at_10": 0.62231, "ndcg_at_20": 0.64015, "ndcg_at_100": 0.65768, "ndcg_at_200": 0.66142, "ndcg_at_300": 0.66339, "ndcg_at_500": 0.66648, "ndcg_at_1000": 0.66858, "map_at_1": 0.50028, "map_at_3": 0.55822, "map_at_5": 0.57439, "map_at_10": 0.58262, "map_at_20": 0.58758, "map_at_100": 0.5904, "map_at_200": 0.59062, "map_at_300": 0.5907, "map_at_500": 0.59077, "map_at_1000": 0.59079, "recall_at_1": 0.50028, "recall_at_3": 0.62367, "recall_at_5": 0.67472, "recall_at_10": 0.72578, "recall_at_20": 0.79522, "recall_at_100": 0.88533, "recall_at_200": 0.911, "recall_at_300": 0.926, "recall_at_500": 0.95267, "recall_at_1000": 0.97267, "precision_at_1": 0.53, "precision_at_3": 0.22667, "precision_at_5": 0.152, "precision_at_10": 0.08267, "precision_at_20": 0.04517, "precision_at_100": 0.01007, "precision_at_200": 0.00518, "precision_at_300": 0.00351, "precision_at_500": 0.00216, "precision_at_1000": 0.0011, "mrr_at_1": 0.53333, "mrr_at_3": 0.58667, "mrr_at_5": 0.59467, "mrr_at_10": 0.60156, "mrr_at_20": 0.60639, "mrr_at_100": 0.60857, "mrr_at_200": 0.60872, "mrr_at_300": 0.60878, "mrr_at_500": 0.60884, "mrr_at_1000": 0.60887, "rc_at_1": {"relevant": 0.0, "distractor": 0.0}, "rc_at_3": {"relevant": 0.0, "distractor": 0.0}, "rc_at_5": {"relevant": 0.0, "distractor": 0.0}, "rc_at_10": {"relevant": 0.0, "distractor": 0.0}, "rc_at_20": {"relevant": 0.0, "distractor": 0.0}, "rc_at_100": {"relevant": 0.0, "distractor": 0.0}, "rc_at_200": {"relevant": 0.0, "distractor": 0.0}, "rc_at_300": {"relevant": 0.0, "distractor": 0.0}, "rc_at_500": {"relevant": 0.0, "distractor": 0.0}, "rc_at_1000": {"relevant": 0.0, "distractor": 0.0}}