{"ndcg_at_1": 0.43844, "ndcg_at_3": 0.34992, "ndcg_at_5": 0.36242, "ndcg_at_10": 0.39758, "ndcg_at_20": 0.42176, "ndcg_at_100": 0.45641, "ndcg_at_200": 0.46678, "ndcg_at_300": 0.47205, "ndcg_at_500": 0.47811, "ndcg_at_1000": 0.4841, "map_at_1": 0.18407, "map_at_3": 0.26013, "map_at_5": 0.28152, "map_at_10": 0.30093, "map_at_20": 0.31029, "map_at_100": 0.31724, "map_at_200": 0.31813, "map_at_300": 0.31842, "map_at_500": 0.31867, "map_at_1000": 0.31882, "recall_at_1": 0.18407, "recall_at_3": 0.3081, "recall_at_5": 0.36229, "recall_at_10": 0.43935, "recall_at_20": 0.50711, "recall_at_100": 0.63871, "recall_at_200": 0.68975, "recall_at_300": 0.71878, "recall_at_500": 0.75505, "recall_at_1000": 0.79347, "precision_at_1": 0.43844, "precision_at_3": 0.25907, "precision_at_5": 0.18853, "precision_at_10": 0.11772, "precision_at_20": 0.06935, "precision_at_100": 0.01811, "precision_at_200": 0.00992, "precision_at_300": 0.00693, "precision_at_500": 0.0044, "precision_at_1000": 0.00233, "mrr_at_1": 0.43844, "mrr_at_3": 0.51824, "mrr_at_5": 0.53163, "mrr_at_10": 0.54197, "mrr_at_20": 0.546, "mrr_at_100": 0.54833, "mrr_at_200": 0.54848, "mrr_at_300": 0.54855, "mrr_at_500": 0.54858, "mrr_at_1000": 0.54859, "rc_at_1": {"relevant": 0.0, "distractor": 0.0}, "rc_at_3": {"relevant": 0.0, "distractor": 0.0}, "rc_at_5": {"relevant": 0.0, "distractor": 0.0}, "rc_at_10": {"relevant": 0.0, "distractor": 0.0}, "rc_at_20": {"relevant": 0.0, "distractor": 0.0}, "rc_at_100": {"relevant": 0.0, "distractor": 0.0}, "rc_at_200": {"relevant": 0.0, "distractor": 0.0}, "rc_at_300": {"relevant": 0.0, "distractor": 0.0}, "rc_at_500": {"relevant": 0.0, "distractor": 0.0}, "rc_at_1000": {"relevant": 0.0, "distractor": 0.0}}