{"ndcg_at_1": 0.44011, "ndcg_at_3": 0.3415, "ndcg_at_5": 0.36155, "ndcg_at_10": 0.38244, "ndcg_at_20": 0.39728, "ndcg_at_100": 0.42076, "ndcg_at_200": 0.42874, "ndcg_at_300": 0.43255, "ndcg_at_500": 0.4371, "ndcg_at_1000": 0.44234, "map_at_1": 0.22005, "map_at_3": 0.27954, "map_at_5": 0.29212, "map_at_10": 0.30178, "map_at_20": 0.30647, "map_at_100": 0.31033, "map_at_200": 0.31088, "map_at_300": 0.31104, "map_at_500": 0.31118, "map_at_1000": 0.31128, "recall_at_1": 0.22005, "recall_at_3": 0.31992, "recall_at_5": 0.35976, "recall_at_10": 0.41256, "recall_at_20": 0.46023, "recall_at_100": 0.56489, "recall_at_200": 0.61141, "recall_at_300": 0.63606, "recall_at_500": 0.66799, "recall_at_1000": 0.70837, "precision_at_1": 0.44011, "precision_at_3": 0.21328, "precision_at_5": 0.1439, "precision_at_10": 0.08251, "precision_at_20": 0.04602, "precision_at_100": 0.0113, "precision_at_200": 0.00611, "precision_at_300": 0.00424, "precision_at_500": 0.00267, "precision_at_1000": 0.00142, "mrr_at_1": 0.44011, "mrr_at_3": 0.49755, "mrr_at_5": 0.50855, "mrr_at_10": 0.51725, "mrr_at_20": 0.52126, "mrr_at_100": 0.52374, "mrr_at_200": 0.52399, "mrr_at_300": 0.52406, "mrr_at_500": 0.52412, "mrr_at_1000": 0.52415, "rc_at_1": {"relevant": 0.0, "distractor": 0.0}, "rc_at_3": {"relevant": 0.0, "distractor": 0.0}, "rc_at_5": {"relevant": 0.0, "distractor": 0.0}, "rc_at_10": {"relevant": 0.0, "distractor": 0.0}, "rc_at_20": {"relevant": 0.0, "distractor": 0.0}, "rc_at_100": {"relevant": 0.0, "distractor": 0.0}, "rc_at_200": {"relevant": 0.0, "distractor": 0.0}, "rc_at_300": {"relevant": 0.0, "distractor": 0.0}, "rc_at_500": {"relevant": 0.0, "distractor": 0.0}, "rc_at_1000": {"relevant": 0.0, "distractor": 0.0}}