{"ndcg_at_1": 0.44582, "ndcg_at_3": 0.41082, "ndcg_at_5": 0.39324, "ndcg_at_10": 0.36622, "ndcg_at_20": 0.34037, "ndcg_at_100": 0.33654, "ndcg_at_200": 0.35373, "ndcg_at_300": 0.36841, "ndcg_at_500": 0.38958, "ndcg_at_1000": 0.42543, "map_at_1": 0.04822, "map_at_3": 0.08944, "map_at_5": 0.10837, "map_at_10": 0.13118, "map_at_20": 0.14787, "map_at_100": 0.17217, "map_at_200": 0.17868, "map_at_300": 0.18175, "map_at_500": 0.18492, "map_at_1000": 0.18895, "recall_at_1": 0.04822, "recall_at_3": 0.10262, "recall_at_5": 0.13338, "recall_at_10": 0.17534, "recall_at_20": 0.21303, "recall_at_100": 0.35166, "recall_at_200": 0.42415, "recall_at_300": 0.4775, "recall_at_500": 0.55025, "recall_at_1000": 0.66746, "precision_at_1": 0.4644, "precision_at_3": 0.39628, "precision_at_5": 0.35418, "precision_at_10": 0.28638, "precision_at_20": 0.21192, "precision_at_100": 0.09173, "precision_at_200": 0.06008, "precision_at_300": 0.04687, "precision_at_500": 0.03402, "precision_at_1000": 0.02263, "mrr_at_1": 0.46749, "mrr_at_3": 0.5387, "mrr_at_5": 0.54845, "mrr_at_10": 0.55549, "mrr_at_20": 0.5577, "mrr_at_100": 0.56052, "mrr_at_200": 0.56078, "mrr_at_300": 0.56086, "mrr_at_500": 0.56091, "mrr_at_1000": 0.56094, "rc_at_1": {"relevant": 0.0, "distractor": 0.0}, "rc_at_3": {"relevant": 0.0, "distractor": 0.0}, "rc_at_5": {"relevant": 0.0, "distractor": 0.0}, "rc_at_10": {"relevant": 0.0, "distractor": 0.0}, "rc_at_20": {"relevant": 0.0, "distractor": 0.0}, "rc_at_100": {"relevant": 0.0, "distractor": 0.0}, "rc_at_200": {"relevant": 0.0, "distractor": 0.0}, "rc_at_300": {"relevant": 0.0, "distractor": 0.0}, "rc_at_500": {"relevant": 0.0, "distractor": 0.0}, "rc_at_1000": {"relevant": 0.0, "distractor": 0.0}}