{"ndcg_at_1": 0.29592, "ndcg_at_3": 0.27105, "ndcg_at_5": 0.26375, "ndcg_at_10": 0.23347, "ndcg_at_20": 0.25047, "ndcg_at_100": 0.33496, "ndcg_at_200": 0.37338, "ndcg_at_300": 0.39403, "ndcg_at_500": 0.41495, "ndcg_at_1000": 0.44962, "map_at_1": 0.02671, "map_at_3": 0.05032, "map_at_5": 0.06972, "map_at_10": 0.09283, "map_at_20": 0.11551, "map_at_100": 0.14217, "map_at_200": 0.14941, "map_at_300": 0.15213, "map_at_500": 0.15399, "map_at_1000": 0.15654, "recall_at_1": 0.02671, "recall_at_3": 0.06126, "recall_at_5": 0.09772, "recall_at_10": 0.15149, "recall_at_20": 0.23263, "recall_at_100": 0.42412, "recall_at_200": 0.53112, "recall_at_300": 0.59159, "recall_at_500": 0.65469, "recall_at_1000": 0.7721, "precision_at_1": 0.30612, "precision_at_3": 0.28571, "precision_at_5": 0.27755, "precision_at_10": 0.20816, "precision_at_20": 0.16837, "precision_at_100": 0.06796, "precision_at_200": 0.04429, "precision_at_300": 0.03367, "precision_at_500": 0.02314, "precision_at_1000": 0.01433, "mrr_at_1": 0.30612, "mrr_at_3": 0.43197, "mrr_at_5": 0.45544, "mrr_at_10": 0.46383, "mrr_at_20": 0.47698, "mrr_at_100": 0.4779, "mrr_at_200": 0.4779, "mrr_at_300": 0.4779, "mrr_at_500": 0.4779, "mrr_at_1000": 0.4779, "rc_at_1": {"relevant": 0.0, "distractor": 0.0}, "rc_at_3": {"relevant": 0.0, "distractor": 0.0}, "rc_at_5": {"relevant": 0.0, "distractor": 0.0}, "rc_at_10": {"relevant": 0.0, "distractor": 0.0}, "rc_at_20": {"relevant": 0.0, "distractor": 0.0}, "rc_at_100": {"relevant": 0.0, "distractor": 0.0}, "rc_at_200": {"relevant": 0.0, "distractor": 0.0}, "rc_at_300": {"relevant": 0.0, "distractor": 0.0}, "rc_at_500": {"relevant": 0.0, "distractor": 0.0}, "rc_at_1000": {"relevant": 0.0, "distractor": 0.0}}