{"ndcg_at_1": 0.13352, "ndcg_at_3": 0.15867, "ndcg_at_5": 0.17162, "ndcg_at_10": 0.18755, "ndcg_at_20": 0.20208, "ndcg_at_100": 0.22953, "ndcg_at_200": 0.24002, "ndcg_at_300": 0.24678, "ndcg_at_500": 0.25308, "ndcg_at_1000": 0.26222, "map_at_1": 0.10808, "map_at_3": 0.13986, "map_at_5": 0.14833, "map_at_10": 0.15531, "map_at_20": 0.15953, "map_at_100": 0.16347, "map_at_200": 0.16407, "map_at_300": 0.16434, "map_at_500": 0.16451, "map_at_1000": 0.16466, "recall_at_1": 0.10808, "recall_at_3": 0.17631, "recall_at_5": 0.21022, "recall_at_10": 0.25761, "recall_at_20": 0.31147, "recall_at_100": 0.44787, "recall_at_200": 0.51538, "recall_at_300": 0.56239, "recall_at_500": 0.61039, "recall_at_1000": 0.68728, "precision_at_1": 0.13352, "precision_at_3": 0.07502, "precision_at_5": 0.05416, "precision_at_10": 0.03403, "precision_at_20": 0.02103, "precision_at_100": 0.00646, "precision_at_200": 0.00381, "precision_at_300": 0.00284, "precision_at_500": 0.00189, "precision_at_1000": 0.00108, "mrr_at_1": 0.13386, "mrr_at_3": 0.16953, "mrr_at_5": 0.17821, "mrr_at_10": 0.18528, "mrr_at_20": 0.18937, "mrr_at_100": 0.19319, "mrr_at_200": 0.1937, "mrr_at_300": 0.1939, "mrr_at_500": 0.19402, "mrr_at_1000": 0.19412, "rc_at_1": {"relevant": 0.0, "distractor": 0.0}, "rc_at_3": {"relevant": 0.0, "distractor": 0.0}, "rc_at_5": {"relevant": 0.0, "distractor": 0.0}, "rc_at_10": {"relevant": 0.0, "distractor": 0.0}, "rc_at_20": {"relevant": 0.0, "distractor": 0.0}, "rc_at_100": {"relevant": 0.0, "distractor": 0.0}, "rc_at_200": {"relevant": 0.0, "distractor": 0.0}, "rc_at_300": {"relevant": 0.0, "distractor": 0.0}, "rc_at_500": {"relevant": 0.0, "distractor": 0.0}, "rc_at_1000": {"relevant": 0.0, "distractor": 0.0}}