{"ndcg_at_1": 0.02065, "ndcg_at_3": 0.02892, "ndcg_at_5": 0.03368, "ndcg_at_10": 0.04138, "ndcg_at_20": 0.04812, "ndcg_at_100": 0.07042, "ndcg_at_200": 0.08065, "ndcg_at_300": 0.08836, "ndcg_at_500": 0.09671, "ndcg_at_1000": 0.10873, "map_at_1": 0.01529, "map_at_3": 0.02319, "map_at_5": 0.02621, "map_at_10": 0.02933, "map_at_20": 0.03108, "map_at_100": 0.03399, "map_at_200": 0.03455, "map_at_300": 0.03482, "map_at_500": 0.03502, "map_at_1000": 0.03521, "recall_at_1": 0.01529, "recall_at_3": 0.03322, "recall_at_5": 0.04562, "recall_at_10": 0.06944, "recall_at_20": 0.09429, "recall_at_100": 0.20977, "recall_at_200": 0.2765, "recall_at_300": 0.33262, "recall_at_500": 0.39805, "recall_at_1000": 0.50125, "precision_at_1": 0.02065, "precision_at_3": 0.01594, "precision_at_5": 0.01315, "precision_at_10": 0.00977, "precision_at_20": 0.00692, "precision_at_100": 0.00317, "precision_at_200": 0.00213, "precision_at_300": 0.00173, "precision_at_500": 0.00125, "precision_at_1000": 0.0008, "mrr_at_1": 0.01824, "mrr_at_3": 0.02931, "mrr_at_5": 0.03289, "mrr_at_10": 0.03641, "mrr_at_20": 0.03846, "mrr_at_100": 0.04154, "mrr_at_200": 0.04213, "mrr_at_300": 0.04236, "mrr_at_500": 0.04256, "mrr_at_1000": 0.0427, "rc_at_1": {"relevant": 0.0, "distractor": 0.0}, "rc_at_3": {"relevant": 0.0, "distractor": 0.0}, "rc_at_5": {"relevant": 0.0, "distractor": 0.0}, "rc_at_10": {"relevant": 0.0, "distractor": 0.0}, "rc_at_20": {"relevant": 0.0, "distractor": 0.0}, "rc_at_100": {"relevant": 0.0, "distractor": 0.0}, "rc_at_200": {"relevant": 0.0, "distractor": 0.0}, "rc_at_300": {"relevant": 0.0, "distractor": 0.0}, "rc_at_500": {"relevant": 0.0, "distractor": 0.0}, "rc_at_1000": {"relevant": 0.0, "distractor": 0.0}}