{"ndcg_at_1": 0.21818, "ndcg_at_3": 0.14434, "ndcg_at_5": 0.12687, "ndcg_at_10": 0.09427, "ndcg_at_20": 0.1039, "ndcg_at_100": 0.13191, "ndcg_at_200": 0.14192, "ndcg_at_300": 0.14694, "ndcg_at_500": 0.14879, "ndcg_at_1000": 0.16637, "map_at_1": 0.02182, "map_at_3": 0.03364, "map_at_5": 0.04264, "map_at_10": 0.04953, "map_at_20": 0.05251, "map_at_100": 0.05759, "map_at_200": 0.05823, "map_at_300": 0.05848, "map_at_500": 0.05857, "map_at_1000": 0.05893, "recall_at_1": 0.02182, "recall_at_3": 0.03636, "recall_at_5": 0.05273, "recall_at_10": 0.06909, "recall_at_20": 0.08727, "recall_at_100": 0.15818, "recall_at_200": 0.19091, "recall_at_300": 0.20909, "recall_at_500": 0.21636, "recall_at_1000": 0.29273, "precision_at_1": 0.21818, "precision_at_3": 0.12121, "precision_at_5": 0.10545, "precision_at_10": 0.06909, "precision_at_20": 0.04364, "precision_at_100": 0.01582, "precision_at_200": 0.00955, "precision_at_300": 0.00697, "precision_at_500": 0.00433, "precision_at_1000": 0.00293, "mrr_at_1": 0.23636, "mrr_at_3": 0.25455, "mrr_at_5": 0.27, "mrr_at_10": 0.28163, "mrr_at_20": 0.2855, "mrr_at_100": 0.29017, "mrr_at_200": 0.2904, "mrr_at_300": 0.29049, "mrr_at_500": 0.29067, "mrr_at_1000": 0.29071, "rc_at_1": {"relevant": 0.23636, "distractor": 0.2}, "rc_at_3": {"relevant": 0.36364, "distractor": 0.67273}, "rc_at_5": {"relevant": 0.56364, "distractor": 1.10909}, "rc_at_10": {"relevant": 0.78182, "distractor": 1.78182}, "rc_at_20": {"relevant": 0.98182, "distractor": 2.81818}, "rc_at_100": {"relevant": 1.72727, "distractor": 6.47273}, "rc_at_200": {"relevant": 2.05455, "distractor": 8.98182}, "rc_at_300": {"relevant": 2.14545, "distractor": 10.58182}, "rc_at_500": {"relevant": 2.49091, "distractor": 12.63636}, "rc_at_1000": {"relevant": 2.98182, "distractor": 15.8}}