{"ndcg_at_1": 0.32308, "ndcg_at_3": 0.23876, "ndcg_at_5": 0.20691, "ndcg_at_10": 0.17766, "ndcg_at_20": 0.22704, "ndcg_at_100": 0.30298, "ndcg_at_200": 0.33393, "ndcg_at_300": 0.3441, "ndcg_at_500": 0.35676, "ndcg_at_1000": 0.36959, "map_at_1": 0.03231, "map_at_3": 0.05615, "map_at_5": 0.07023, "map_at_10": 0.09348, "map_at_20": 0.1136, "map_at_100": 0.13133, "map_at_200": 0.1357, "map_at_300": 0.13663, "map_at_500": 0.13756, "map_at_1000": 0.13805, "recall_at_1": 0.03231, "recall_at_3": 0.06462, "recall_at_5": 0.08923, "recall_at_10": 0.15077, "recall_at_20": 0.24, "recall_at_100": 0.43231, "recall_at_200": 0.53231, "recall_at_300": 0.56923, "recall_at_500": 0.61846, "recall_at_1000": 0.67385, "precision_at_1": 0.32308, "precision_at_3": 0.21538, "precision_at_5": 0.17846, "precision_at_10": 0.15077, "precision_at_20": 0.12, "precision_at_100": 0.04323, "precision_at_200": 0.02662, "precision_at_300": 0.01897, "precision_at_500": 0.01237, "precision_at_1000": 0.00674, "mrr_at_1": 0.32308, "mrr_at_3": 0.38205, "mrr_at_5": 0.3959, "mrr_at_10": 0.42326, "mrr_at_20": 0.4332, "mrr_at_100": 0.43538, "mrr_at_200": 0.43553, "mrr_at_300": 0.43553, "mrr_at_500": 0.43553, "mrr_at_1000": 0.43556, "rc_at_1": {"relevant": 0.32308, "distractor": 0.50769}, "rc_at_3": {"relevant": 0.64615, "distractor": 1.76923}, "rc_at_5": {"relevant": 0.89231, "distractor": 2.93846}, "rc_at_10": {"relevant": 1.50769, "distractor": 5.93846}, "rc_at_20": {"relevant": 2.4, "distractor": 11.2}, "rc_at_100": {"relevant": 4.32308, "distractor": 36.38462}, "rc_at_200": {"relevant": 5.32308, "distractor": 46.49231}, "rc_at_300": {"relevant": 5.69231, "distractor": 51.76923}, "rc_at_500": {"relevant": 6.18462, "distractor": 58.29231}, "rc_at_1000": {"relevant": 6.73846, "distractor": 65.35385}}