{"ndcg_at_1": 0.38462, "ndcg_at_3": 0.28664, "ndcg_at_5": 0.25858, "ndcg_at_10": 0.21553, "ndcg_at_20": 0.27437, "ndcg_at_100": 0.44449, "ndcg_at_200": 0.48507, "ndcg_at_300": 0.4923, "ndcg_at_500": 0.49981, "ndcg_at_1000": 0.50657, "map_at_1": 0.03846, "map_at_3": 0.06769, "map_at_5": 0.08892, "map_at_10": 0.11663, "map_at_20": 0.14093, "map_at_100": 0.18833, "map_at_200": 0.1963, "map_at_300": 0.19719, "map_at_500": 0.1978, "map_at_1000": 0.19816, "recall_at_1": 0.03846, "recall_at_3": 0.07846, "recall_at_5": 0.11538, "recall_at_10": 0.18308, "recall_at_20": 0.28923, "recall_at_100": 0.73231, "recall_at_200": 0.86154, "recall_at_300": 0.88769, "recall_at_500": 0.91692, "recall_at_1000": 0.94615, "precision_at_1": 0.38462, "precision_at_3": 0.26154, "precision_at_5": 0.23077, "precision_at_10": 0.18308, "precision_at_20": 0.14462, "precision_at_100": 0.07323, "precision_at_200": 0.04308, "precision_at_300": 0.02959, "precision_at_500": 0.01834, "precision_at_1000": 0.00946, "mrr_at_1": 0.38462, "mrr_at_3": 0.44615, "mrr_at_5": 0.46308, "mrr_at_10": 0.48655, "mrr_at_20": 0.49377, "mrr_at_100": 0.49754, "mrr_at_200": 0.49754, "mrr_at_300": 0.49754, "mrr_at_500": 0.49754, "mrr_at_1000": 0.49754, "rc_at_1": {"relevant": 0.38462, "distractor": 0.61538}, "rc_at_3": {"relevant": 0.78462, "distractor": 2.2}, "rc_at_5": {"relevant": 1.15385, "distractor": 3.8}, "rc_at_10": {"relevant": 1.83077, "distractor": 7.96923}, "rc_at_20": {"relevant": 2.89231, "distractor": 16.49231}, "rc_at_100": {"relevant": 7.32308, "distractor": 71.21538}, "rc_at_200": {"relevant": 8.61538, "distractor": 84.26154}, "rc_at_300": {"relevant": 8.87692, "distractor": 87.96923}, "rc_at_500": {"relevant": 9.16923, "distractor": 91.13846}, "rc_at_1000": {"relevant": 9.46154, "distractor": 94.38462}}