{"ndcg_at_1": 0.22449, "ndcg_at_3": 0.24136, "ndcg_at_5": 0.2241, "ndcg_at_10": 0.19612, "ndcg_at_20": 0.20543, "ndcg_at_100": 0.28157, "ndcg_at_200": 0.3138, "ndcg_at_300": 0.33434, "ndcg_at_500": 0.35349, "ndcg_at_1000": 0.37552, "map_at_1": 0.01883, "map_at_3": 0.04354, "map_at_5": 0.05956, "map_at_10": 0.07518, "map_at_20": 0.09333, "map_at_100": 0.11499, "map_at_200": 0.11962, "map_at_300": 0.12154, "map_at_500": 0.1232, "map_at_1000": 0.12455, "recall_at_1": 0.01883, "recall_at_3": 0.05834, "recall_at_5": 0.08661, "recall_at_10": 0.1195, "recall_at_20": 0.18615, "recall_at_100": 0.34454, "recall_at_200": 0.43045, "recall_at_300": 0.48819, "recall_at_500": 0.54742, "recall_at_1000": 0.62924, "precision_at_1": 0.2449, "precision_at_3": 0.27211, "precision_at_5": 0.23673, "precision_at_10": 0.17143, "precision_at_20": 0.13878, "precision_at_100": 0.05714, "precision_at_200": 0.03724, "precision_at_300": 0.02857, "precision_at_500": 0.01984, "precision_at_1000": 0.01161, "mrr_at_1": 0.2449, "mrr_at_3": 0.38435, "mrr_at_5": 0.4017, "mrr_at_10": 0.40943, "mrr_at_20": 0.41897, "mrr_at_100": 0.42133, "mrr_at_200": 0.42147, "mrr_at_300": 0.42156, "mrr_at_500": 0.42156, "mrr_at_1000": 0.42156, "rc_at_1": {"relevant": 0.0, "distractor": 0.0}, "rc_at_3": {"relevant": 0.0, "distractor": 0.0}, "rc_at_5": {"relevant": 0.0, "distractor": 0.0}, "rc_at_10": {"relevant": 0.0, "distractor": 0.0}, "rc_at_20": {"relevant": 0.0, "distractor": 0.0}, "rc_at_100": {"relevant": 0.0, "distractor": 0.0}, "rc_at_200": {"relevant": 0.0, "distractor": 0.0}, "rc_at_300": {"relevant": 0.0, "distractor": 0.0}, "rc_at_500": {"relevant": 0.0, "distractor": 0.0}, "rc_at_1000": {"relevant": 0.0, "distractor": 0.0}}