{"ndcg_at_1": 0.34545, "ndcg_at_3": 0.28329, "ndcg_at_5": 0.25862, "ndcg_at_10": 0.2095, "ndcg_at_20": 0.26727, "ndcg_at_100": 0.41226, "ndcg_at_200": 0.43471, "ndcg_at_300": 0.44227, "ndcg_at_500": 0.45624, "ndcg_at_1000": 0.46906, "map_at_1": 0.03455, "map_at_3": 0.07182, "map_at_5": 0.09318, "map_at_10": 0.11249, "map_at_20": 0.13865, "map_at_100": 0.1849, "map_at_200": 0.18871, "map_at_300": 0.18959, "map_at_500": 0.19069, "map_at_1000": 0.19134, "recall_at_1": 0.03455, "recall_at_3": 0.08, "recall_at_5": 0.11818, "recall_at_10": 0.17636, "recall_at_20": 0.28182, "recall_at_100": 0.63818, "recall_at_200": 0.71091, "recall_at_300": 0.73818, "recall_at_500": 0.79273, "recall_at_1000": 0.84727, "precision_at_1": 0.34545, "precision_at_3": 0.26667, "precision_at_5": 0.23636, "precision_at_10": 0.17636, "precision_at_20": 0.14091, "precision_at_100": 0.06382, "precision_at_200": 0.03555, "precision_at_300": 0.02461, "precision_at_500": 0.01585, "precision_at_1000": 0.00847, "mrr_at_1": 0.34545, "mrr_at_3": 0.40303, "mrr_at_5": 0.44576, "mrr_at_10": 0.46237, "mrr_at_20": 0.4666, "mrr_at_100": 0.47043, "mrr_at_200": 0.47043, "mrr_at_300": 0.47043, "mrr_at_500": 0.47043, "mrr_at_1000": 0.47043, "rc_at_1": {"relevant": 0.34545, "distractor": 0.65455}, "rc_at_3": {"relevant": 0.8, "distractor": 2.09091}, "rc_at_5": {"relevant": 1.21818, "distractor": 3.50909}, "rc_at_10": {"relevant": 1.78182, "distractor": 7.27273}, "rc_at_20": {"relevant": 2.87273, "distractor": 14.36364}, "rc_at_100": {"relevant": 6.43636, "distractor": 47.49091}, "rc_at_200": {"relevant": 7.12727, "distractor": 59.16364}, "rc_at_300": {"relevant": 7.38182, "distractor": 63.96364}, "rc_at_500": {"relevant": 7.94545, "distractor": 68.81818}, "rc_at_1000": {"relevant": 8.47273, "distractor": 74.87273}}