{"ndcg_at_1": 0.03636, "ndcg_at_3": 0.02245, "ndcg_at_5": 0.02127, "ndcg_at_10": 0.01523, "ndcg_at_20": 0.01523, "ndcg_at_100": 0.01749, "ndcg_at_200": 0.02299, "ndcg_at_300": 0.02401, "ndcg_at_500": 0.02815, "ndcg_at_1000": 0.03487, "map_at_1": 0.00364, "map_at_3": 0.00545, "map_at_5": 0.00745, "map_at_10": 0.00836, "map_at_20": 0.00836, "map_at_100": 0.00906, "map_at_200": 0.00937, "map_at_300": 0.00945, "map_at_500": 0.00951, "map_at_1000": 0.00965, "recall_at_1": 0.00364, "recall_at_3": 0.00545, "recall_at_5": 0.00909, "recall_at_10": 0.01091, "recall_at_20": 0.01091, "recall_at_100": 0.01636, "recall_at_200": 0.03455, "recall_at_300": 0.03818, "recall_at_500": 0.05455, "recall_at_1000": 0.08364, "precision_at_1": 0.03636, "precision_at_3": 0.01818, "precision_at_5": 0.01818, "precision_at_10": 0.01091, "precision_at_20": 0.00545, "precision_at_100": 0.00164, "precision_at_200": 0.00173, "precision_at_300": 0.00127, "precision_at_500": 0.00109, "precision_at_1000": 0.00084, "mrr_at_1": 0.03636, "mrr_at_3": 0.03636, "mrr_at_5": 0.03636, "mrr_at_10": 0.03636, "mrr_at_20": 0.03636, "mrr_at_100": 0.03814, "mrr_at_200": 0.03908, "mrr_at_300": 0.03931, "mrr_at_500": 0.03941, "mrr_at_1000": 0.03943, "rc_at_1": {"relevant": 0.03636, "distractor": 0.01818}, "rc_at_3": {"relevant": 0.07273, "distractor": 0.07273}, "rc_at_5": {"relevant": 0.10909, "distractor": 0.12727}, "rc_at_10": {"relevant": 0.10909, "distractor": 0.27273}, "rc_at_20": {"relevant": 0.14545, "distractor": 0.38182}, "rc_at_100": {"relevant": 0.32727, "distractor": 1.07273}, "rc_at_200": {"relevant": 0.6, "distractor": 1.50909}, "rc_at_300": {"relevant": 0.67273, "distractor": 1.78182}, "rc_at_500": {"relevant": 0.72727, "distractor": 2.12727}, "rc_at_1000": {"relevant": 0.83636, "distractor": 3.09091}}