{"ndcg_at_1": 0.03636, "ndcg_at_3": 0.04063, "ndcg_at_5": 0.05007, "ndcg_at_10": 0.04953, "ndcg_at_20": 0.06441, "ndcg_at_100": 0.08145, "ndcg_at_200": 0.09114, "ndcg_at_300": 0.0996, "ndcg_at_500": 0.10608, "ndcg_at_1000": 0.13393, "map_at_1": 0.00364, "map_at_3": 0.00939, "map_at_5": 0.01494, "map_at_10": 0.02169, "map_at_20": 0.02601, "map_at_100": 0.03012, "map_at_200": 0.03084, "map_at_300": 0.03119, "map_at_500": 0.03138, "map_at_1000": 0.03196, "recall_at_1": 0.00364, "recall_at_3": 0.01273, "recall_at_5": 0.02727, "recall_at_10": 0.05091, "recall_at_20": 0.07818, "recall_at_100": 0.12182, "recall_at_200": 0.15273, "recall_at_300": 0.18364, "recall_at_500": 0.20909, "recall_at_1000": 0.33091, "precision_at_1": 0.03636, "precision_at_3": 0.04242, "precision_at_5": 0.05455, "precision_at_10": 0.05091, "precision_at_20": 0.03909, "precision_at_100": 0.01218, "precision_at_200": 0.00764, "precision_at_300": 0.00612, "precision_at_500": 0.00418, "precision_at_1000": 0.00331, "mrr_at_1": 0.09091, "mrr_at_3": 0.14242, "mrr_at_5": 0.15515, "mrr_at_10": 0.16745, "mrr_at_20": 0.16896, "mrr_at_100": 0.17382, "mrr_at_200": 0.17466, "mrr_at_300": 0.17482, "mrr_at_500": 0.17496, "mrr_at_1000": 0.17511, "rc_at_1": {"relevant": 0.09091, "distractor": 0.21818}, "rc_at_3": {"relevant": 0.30909, "distractor": 0.63636}, "rc_at_5": {"relevant": 0.4, "distractor": 0.94545}, "rc_at_10": {"relevant": 0.67273, "distractor": 1.65455}, "rc_at_20": {"relevant": 0.83636, "distractor": 3.32727}, "rc_at_100": {"relevant": 1.47273, "distractor": 7.8}, "rc_at_200": {"relevant": 1.89091, "distractor": 11.54545}, "rc_at_300": {"relevant": 2.14545, "distractor": 13.4}, "rc_at_500": {"relevant": 2.58182, "distractor": 17.07273}, "rc_at_1000": {"relevant": 3.36364, "distractor": 23.25455}}