{"ndcg_at_1": 0.36923, "ndcg_at_3": 0.33219, "ndcg_at_5": 0.28499, "ndcg_at_10": 0.22567, "ndcg_at_20": 0.28543, "ndcg_at_100": 0.42993, "ndcg_at_200": 0.46388, "ndcg_at_300": 0.47157, "ndcg_at_500": 0.47905, "ndcg_at_1000": 0.4909, "map_at_1": 0.03692, "map_at_3": 0.08154, "map_at_5": 0.10177, "map_at_10": 0.12822, "map_at_20": 0.15663, "map_at_100": 0.20104, "map_at_200": 0.20704, "map_at_300": 0.20778, "map_at_500": 0.20832, "map_at_1000": 0.20886, "recall_at_1": 0.03692, "recall_at_3": 0.09538, "recall_at_5": 0.12769, "recall_at_10": 0.18462, "recall_at_20": 0.29231, "recall_at_100": 0.65538, "recall_at_200": 0.76462, "recall_at_300": 0.79231, "recall_at_500": 0.82154, "recall_at_1000": 0.87231, "precision_at_1": 0.36923, "precision_at_3": 0.31795, "precision_at_5": 0.25538, "precision_at_10": 0.18462, "precision_at_20": 0.14615, "precision_at_100": 0.06554, "precision_at_200": 0.03823, "precision_at_300": 0.02641, "precision_at_500": 0.01643, "precision_at_1000": 0.00872, "mrr_at_1": 0.36923, "mrr_at_3": 0.46667, "mrr_at_5": 0.4759, "mrr_at_10": 0.48886, "mrr_at_20": 0.50019, "mrr_at_100": 0.5028, "mrr_at_200": 0.5028, "mrr_at_300": 0.5028, "mrr_at_500": 0.5028, "mrr_at_1000": 0.5028, "rc_at_1": {"relevant": 0.36923, "distractor": 0.6}, "rc_at_3": {"relevant": 0.95385, "distractor": 1.90769}, "rc_at_5": {"relevant": 1.27692, "distractor": 3.49231}, "rc_at_10": {"relevant": 1.84615, "distractor": 7.58462}, "rc_at_20": {"relevant": 2.92308, "distractor": 15.56923}, "rc_at_100": {"relevant": 6.55385, "distractor": 61.63077}, "rc_at_200": {"relevant": 7.64615, "distractor": 74.55385}, "rc_at_300": {"relevant": 7.92308, "distractor": 78.23077}, "rc_at_500": {"relevant": 8.21538, "distractor": 81.98462}, "rc_at_1000": {"relevant": 8.72308, "distractor": 86.64615}}