{"ndcg_at_1": 0.41837, "ndcg_at_3": 0.32704, "ndcg_at_5": 0.33494, "ndcg_at_10": 0.29934, "ndcg_at_20": 0.30623, "ndcg_at_100": 0.41397, "ndcg_at_200": 0.45338, "ndcg_at_300": 0.4726, "ndcg_at_500": 0.49622, "ndcg_at_1000": 0.52351, "map_at_1": 0.03441, "map_at_3": 0.06336, "map_at_5": 0.08938, "map_at_10": 0.12025, "map_at_20": 0.14871, "map_at_100": 0.18741, "map_at_200": 0.19622, "map_at_300": 0.1991, "map_at_500": 0.20183, "map_at_1000": 0.20417, "recall_at_1": 0.03441, "recall_at_3": 0.07316, "recall_at_5": 0.12089, "recall_at_10": 0.18537, "recall_at_20": 0.27286, "recall_at_100": 0.50897, "recall_at_200": 0.61531, "recall_at_300": 0.67285, "recall_at_500": 0.74624, "recall_at_1000": 0.84579, "precision_at_1": 0.44898, "precision_at_3": 0.33333, "precision_at_5": 0.33878, "precision_at_10": 0.2551, "precision_at_20": 0.1949, "precision_at_100": 0.08367, "precision_at_200": 0.05265, "precision_at_300": 0.03912, "precision_at_500": 0.02682, "precision_at_1000": 0.01567, "mrr_at_1": 0.44898, "mrr_at_3": 0.53741, "mrr_at_5": 0.56293, "mrr_at_10": 0.58103, "mrr_at_20": 0.5851, "mrr_at_100": 0.58607, "mrr_at_200": 0.58607, "mrr_at_300": 0.58607, "mrr_at_500": 0.58607, "mrr_at_1000": 0.58607, "rc_at_1": {"relevant": 0.0, "distractor": 0.0}, "rc_at_3": {"relevant": 0.0, "distractor": 0.0}, "rc_at_5": {"relevant": 0.0, "distractor": 0.0}, "rc_at_10": {"relevant": 0.0, "distractor": 0.0}, "rc_at_20": {"relevant": 0.0, "distractor": 0.0}, "rc_at_100": {"relevant": 0.0, "distractor": 0.0}, "rc_at_200": {"relevant": 0.0, "distractor": 0.0}, "rc_at_300": {"relevant": 0.0, "distractor": 0.0}, "rc_at_500": {"relevant": 0.0, "distractor": 0.0}, "rc_at_1000": {"relevant": 0.0, "distractor": 0.0}}