{"ndcg_at_1": 0.22502, "ndcg_at_3": 0.27843, "ndcg_at_5": 0.29609, "ndcg_at_10": 0.31864, "ndcg_at_20": 0.33499, "ndcg_at_100": 0.36167, "ndcg_at_200": 0.36997, "ndcg_at_300": 0.37367, "ndcg_at_500": 0.37807, "ndcg_at_1000": 0.38315, "map_at_1": 0.20861, "map_at_3": 0.25759, "map_at_5": 0.26764, "map_at_10": 0.277, "map_at_20": 0.28157, "map_at_100": 0.28524, "map_at_200": 0.28568, "map_at_300": 0.2858, "map_at_500": 0.28591, "map_at_1000": 0.28598, "recall_at_1": 0.20861, "recall_at_3": 0.31911, "recall_at_5": 0.3624, "recall_at_10": 0.43073, "recall_at_20": 0.49359, "recall_at_100": 0.63534, "recall_at_200": 0.6926, "recall_at_300": 0.72082, "recall_at_500": 0.75739, "recall_at_1000": 0.80333, "precision_at_1": 0.22502, "precision_at_3": 0.11541, "precision_at_5": 0.0787, "precision_at_10": 0.047, "precision_at_20": 0.02706, "precision_at_100": 0.007, "precision_at_200": 0.00383, "precision_at_300": 0.00266, "precision_at_500": 0.00168, "precision_at_1000": 0.0009, "mrr_at_1": 0.22502, "mrr_at_3": 0.27668, "mrr_at_5": 0.28718, "mrr_at_10": 0.29695, "mrr_at_20": 0.3015, "mrr_at_100": 0.30506, "mrr_at_200": 0.30549, "mrr_at_300": 0.30561, "mrr_at_500": 0.30571, "mrr_at_1000": 0.30577, "rc_at_1": {"relevant": 0.0, "distractor": 0.0}, "rc_at_3": {"relevant": 0.0, "distractor": 0.0}, "rc_at_5": {"relevant": 0.0, "distractor": 0.0}, "rc_at_10": {"relevant": 0.0, "distractor": 0.0}, "rc_at_20": {"relevant": 0.0, "distractor": 0.0}, "rc_at_100": {"relevant": 0.0, "distractor": 0.0}, "rc_at_200": {"relevant": 0.0, "distractor": 0.0}, "rc_at_300": {"relevant": 0.0, "distractor": 0.0}, "rc_at_500": {"relevant": 0.0, "distractor": 0.0}, "rc_at_1000": {"relevant": 0.0, "distractor": 0.0}}