{"ndcg_at_1": 0.4, "ndcg_at_3": 0.2893, "ndcg_at_5": 0.26252, "ndcg_at_10": 0.21685, "ndcg_at_20": 0.27561, "ndcg_at_100": 0.44574, "ndcg_at_200": 0.48632, "ndcg_at_300": 0.49354, "ndcg_at_500": 0.50105, "ndcg_at_1000": 0.50815, "map_at_1": 0.04, "map_at_3": 0.06846, "map_at_5": 0.09138, "map_at_10": 0.11778, "map_at_20": 0.14194, "map_at_100": 0.18936, "map_at_200": 0.19733, "map_at_300": 0.19822, "map_at_500": 0.19883, "map_at_1000": 0.1992, "recall_at_1": 0.04, "recall_at_3": 0.07846, "recall_at_5": 0.11692, "recall_at_10": 0.18308, "recall_at_20": 0.28923, "recall_at_100": 0.73231, "recall_at_200": 0.86154, "recall_at_300": 0.88769, "recall_at_500": 0.91692, "recall_at_1000": 0.94769, "precision_at_1": 0.4, "precision_at_3": 0.26154, "precision_at_5": 0.23385, "precision_at_10": 0.18308, "precision_at_20": 0.14462, "precision_at_100": 0.07323, "precision_at_200": 0.04308, "precision_at_300": 0.02959, "precision_at_500": 0.01834, "precision_at_1000": 0.00948, "mrr_at_1": 0.38462, "mrr_at_3": 0.44103, "mrr_at_5": 0.46179, "mrr_at_10": 0.48527, "mrr_at_20": 0.4924, "mrr_at_100": 0.49624, "mrr_at_200": 0.49624, "mrr_at_300": 0.49624, "mrr_at_500": 0.49624, "mrr_at_1000": 0.49624, "rc_at_1": {"relevant": 0.38462, "distractor": 0.61538}, "rc_at_3": {"relevant": 0.76923, "distractor": 2.21538}, "rc_at_5": {"relevant": 1.15385, "distractor": 3.8}, "rc_at_10": {"relevant": 1.84615, "distractor": 7.95385}, "rc_at_20": {"relevant": 2.89231, "distractor": 16.49231}, "rc_at_100": {"relevant": 7.32308, "distractor": 71.24615}, "rc_at_200": {"relevant": 8.61538, "distractor": 84.27692}, "rc_at_300": {"relevant": 8.87692, "distractor": 87.98462}, "rc_at_500": {"relevant": 9.16923, "distractor": 91.16923}, "rc_at_1000": {"relevant": 9.49231, "distractor": 94.4}}