{"ndcg_at_1": 0.30043, "ndcg_at_3": 0.33527, "ndcg_at_5": 0.35353, "ndcg_at_10": 0.37956, "ndcg_at_20": 0.3995, "ndcg_at_100": 0.43623, "ndcg_at_200": 0.44595, "ndcg_at_300": 0.44958, "ndcg_at_500": 0.45457, "ndcg_at_1000": 0.46128, "map_at_1": 0.24983, "map_at_3": 0.30134, "map_at_5": 0.31544, "map_at_10": 0.32802, "map_at_20": 0.33479, "map_at_100": 0.34111, "map_at_200": 0.34188, "map_at_300": 0.34207, "map_at_500": 0.34226, "map_at_1000": 0.34241, "recall_at_1": 0.24983, "recall_at_3": 0.35186, "recall_at_5": 0.40273, "recall_at_10": 0.4805, "recall_at_20": 0.55293, "recall_at_100": 0.72653, "recall_at_200": 0.78352, "recall_at_300": 0.80665, "recall_at_500": 0.84191, "recall_at_1000": 0.89296, "precision_at_1": 0.30043, "precision_at_3": 0.15737, "precision_at_5": 0.11187, "precision_at_10": 0.06981, "precision_at_20": 0.04213, "precision_at_100": 0.01219, "precision_at_200": 0.00686, "precision_at_300": 0.00484, "precision_at_500": 0.00312, "precision_at_1000": 0.00173, "mrr_at_1": 0.30043, "mrr_at_3": 0.35217, "mrr_at_5": 0.36705, "mrr_at_10": 0.37921, "mrr_at_20": 0.38436, "mrr_at_100": 0.38824, "mrr_at_200": 0.38859, "mrr_at_300": 0.38868, "mrr_at_500": 0.38875, "mrr_at_1000": 0.3888, "rc_at_1": {"relevant": 0.0, "distractor": 0.0}, "rc_at_3": {"relevant": 0.0, "distractor": 0.0}, "rc_at_5": {"relevant": 0.0, "distractor": 0.0}, "rc_at_10": {"relevant": 0.0, "distractor": 0.0}, "rc_at_20": {"relevant": 0.0, "distractor": 0.0}, "rc_at_100": {"relevant": 0.0, "distractor": 0.0}, "rc_at_200": {"relevant": 0.0, "distractor": 0.0}, "rc_at_300": {"relevant": 0.0, "distractor": 0.0}, "rc_at_500": {"relevant": 0.0, "distractor": 0.0}, "rc_at_1000": {"relevant": 0.0, "distractor": 0.0}}