{"ndcg_at_1": 0.41538, "ndcg_at_3": 0.3474, "ndcg_at_5": 0.3052, "ndcg_at_10": 0.2523, "ndcg_at_20": 0.31403, "ndcg_at_100": 0.51487, "ndcg_at_200": 0.56176, "ndcg_at_300": 0.5635, "ndcg_at_500": 0.5635, "ndcg_at_1000": 0.5635, "map_at_1": 0.04154, "map_at_3": 0.0841, "map_at_5": 0.10772, "map_at_10": 0.14013, "map_at_20": 0.17371, "map_at_100": 0.23365, "map_at_200": 0.24504, "map_at_300": 0.24532, "map_at_500": 0.24532, "map_at_1000": 0.24532, "recall_at_1": 0.04154, "recall_at_3": 0.09846, "recall_at_5": 0.13692, "recall_at_10": 0.21385, "recall_at_20": 0.32615, "recall_at_100": 0.84923, "recall_at_200": 0.99385, "recall_at_300": 1.0, "recall_at_500": 1.0, "recall_at_1000": 1.0, "precision_at_1": 0.41538, "precision_at_3": 0.32821, "precision_at_5": 0.27385, "precision_at_10": 0.21385, "precision_at_20": 0.16308, "precision_at_100": 0.08492, "precision_at_200": 0.04969, "precision_at_300": 0.03333, "precision_at_500": 0.02, "precision_at_1000": 0.01, "mrr_at_1": 0.41538, "mrr_at_3": 0.50256, "mrr_at_5": 0.51718, "mrr_at_10": 0.53399, "mrr_at_20": 0.54111, "mrr_at_100": 0.54383, "mrr_at_200": 0.54383, "mrr_at_300": 0.54383, "mrr_at_500": 0.54383, "mrr_at_1000": 0.54383, "rc_at_1": {"relevant": 0.41538, "distractor": 0.58462}, "rc_at_3": {"relevant": 0.98462, "distractor": 2.01538}, "rc_at_5": {"relevant": 1.36923, "distractor": 3.61538}, "rc_at_10": {"relevant": 2.13846, "distractor": 7.83077}, "rc_at_20": {"relevant": 3.26154, "distractor": 16.66154}, "rc_at_100": {"relevant": 8.49231, "distractor": 88.75385}, "rc_at_200": {"relevant": 9.93846, "distractor": 98.41538}, "rc_at_300": {"relevant": 10.0, "distractor": 98.93846}, "rc_at_500": {"relevant": 10.0, "distractor": 99.32308}, "rc_at_1000": {"relevant": 10.0, "distractor": 99.72308}}