{"ndcg_at_1": 0.04334, "ndcg_at_3": 0.04622, "ndcg_at_5": 0.04835, "ndcg_at_10": 0.0459, "ndcg_at_20": 0.04763, "ndcg_at_100": 0.06444, "ndcg_at_200": 0.07941, "ndcg_at_300": 0.09433, "ndcg_at_500": 0.11659, "ndcg_at_1000": 0.16126, "map_at_1": 0.00206, "map_at_3": 0.00474, "map_at_5": 0.00633, "map_at_10": 0.00748, "map_at_20": 0.00889, "map_at_100": 0.01233, "map_at_200": 0.01389, "map_at_300": 0.01495, "map_at_500": 0.01633, "map_at_1000": 0.01884, "recall_at_1": 0.00206, "recall_at_3": 0.0074, "recall_at_5": 0.01213, "recall_at_10": 0.01777, "recall_at_20": 0.03069, "recall_at_100": 0.09476, "recall_at_200": 0.14119, "recall_at_300": 0.19318, "recall_at_500": 0.27337, "recall_at_1000": 0.4366, "precision_at_1": 0.04954, "precision_at_3": 0.0516, "precision_at_5": 0.05263, "precision_at_10": 0.04303, "precision_at_20": 0.03746, "precision_at_100": 0.02533, "precision_at_200": 0.02096, "precision_at_300": 0.0189, "precision_at_500": 0.01614, "precision_at_1000": 0.01396, "mrr_at_1": 0.05263, "mrr_at_3": 0.07998, "mrr_at_5": 0.09252, "mrr_at_10": 0.10181, "mrr_at_20": 0.10857, "mrr_at_100": 0.11476, "mrr_at_200": 0.1153, "mrr_at_300": 0.11565, "mrr_at_500": 0.11579, "mrr_at_1000": 0.1159, "rc_at_1": {"relevant": 0.0, "distractor": 0.0}, "rc_at_3": {"relevant": 0.0, "distractor": 0.0}, "rc_at_5": {"relevant": 0.0, "distractor": 0.0}, "rc_at_10": {"relevant": 0.0, "distractor": 0.0}, "rc_at_20": {"relevant": 0.0, "distractor": 0.0}, "rc_at_100": {"relevant": 0.0, "distractor": 0.0}, "rc_at_200": {"relevant": 0.0, "distractor": 0.0}, "rc_at_300": {"relevant": 0.0, "distractor": 0.0}, "rc_at_500": {"relevant": 0.0, "distractor": 0.0}, "rc_at_1000": {"relevant": 0.0, "distractor": 0.0}}