{"ndcg_at_1": 0.01538, "ndcg_at_3": 0.02355, "ndcg_at_5": 0.01702, "ndcg_at_10": 0.01313, "ndcg_at_20": 0.01558, "ndcg_at_100": 0.02138, "ndcg_at_200": 0.02566, "ndcg_at_300": 0.02777, "ndcg_at_500": 0.03247, "ndcg_at_1000": 0.03859, "map_at_1": 0.00154, "map_at_3": 0.00462, "map_at_5": 0.00462, "map_at_10": 0.00588, "map_at_20": 0.00615, "map_at_100": 0.00672, "map_at_200": 0.0069, "map_at_300": 0.00696, "map_at_500": 0.00705, "map_at_1000": 0.00715, "recall_at_1": 0.00154, "recall_at_3": 0.00769, "recall_at_5": 0.00769, "recall_at_10": 0.01077, "recall_at_20": 0.01538, "recall_at_100": 0.02923, "recall_at_200": 0.04308, "recall_at_300": 0.05077, "recall_at_500": 0.06923, "recall_at_1000": 0.09538, "precision_at_1": 0.01538, "precision_at_3": 0.02564, "precision_at_5": 0.01538, "precision_at_10": 0.01077, "precision_at_20": 0.00769, "precision_at_100": 0.00292, "precision_at_200": 0.00215, "precision_at_300": 0.00169, "precision_at_500": 0.00138, "precision_at_1000": 0.00095, "mrr_at_1": 0.01538, "mrr_at_3": 0.0359, "mrr_at_5": 0.0359, "mrr_at_10": 0.0359, "mrr_at_20": 0.03867, "mrr_at_100": 0.04076, "mrr_at_200": 0.04128, "mrr_at_300": 0.04135, "mrr_at_500": 0.04158, "mrr_at_1000": 0.04171, "rc_at_1": {"relevant": 0.01538, "distractor": 0.09231}, "rc_at_3": {"relevant": 0.07692, "distractor": 0.2}, "rc_at_5": {"relevant": 0.07692, "distractor": 0.32308}, "rc_at_10": {"relevant": 0.10769, "distractor": 0.38462}, "rc_at_20": {"relevant": 0.15385, "distractor": 0.67692}, "rc_at_100": {"relevant": 0.29231, "distractor": 2.06154}, "rc_at_200": {"relevant": 0.43077, "distractor": 3.15385}, "rc_at_300": {"relevant": 0.50769, "distractor": 3.87692}, "rc_at_500": {"relevant": 0.69231, "distractor": 5.13846}, "rc_at_1000": {"relevant": 0.95385, "distractor": 7.23077}}