{"ndcg_at_1": 0.75989, "ndcg_at_3": 0.60395, "ndcg_at_5": 0.62642, "ndcg_at_10": 0.645, "ndcg_at_20": 0.65628, "ndcg_at_100": 0.67344, "ndcg_at_200": 0.67837, "ndcg_at_300": 0.68072, "ndcg_at_500": 0.68355, "ndcg_at_1000": 0.6868, "map_at_1": 0.37995, "map_at_3": 0.5288, "map_at_5": 0.54624, "map_at_10": 0.55703, "map_at_20": 0.56151, "map_at_100": 0.56492, "map_at_200": 0.5653, "map_at_300": 0.56542, "map_at_500": 0.56551, "map_at_1000": 0.56558, "recall_at_1": 0.37995, "recall_at_3": 0.56766, "recall_at_5": 0.61202, "recall_at_10": 0.65874, "recall_at_20": 0.69507, "recall_at_100": 0.77083, "recall_at_200": 0.79953, "recall_at_300": 0.81479, "recall_at_500": 0.83457, "recall_at_1000": 0.85955, "precision_at_1": 0.75989, "precision_at_3": 0.37844, "precision_at_5": 0.24481, "precision_at_10": 0.13175, "precision_at_20": 0.06951, "precision_at_100": 0.01542, "precision_at_200": 0.008, "precision_at_300": 0.00543, "precision_at_500": 0.00334, "precision_at_1000": 0.00172, "mrr_at_1": 0.75989, "mrr_at_3": 0.80767, "mrr_at_5": 0.81361, "mrr_at_10": 0.81712, "mrr_at_20": 0.81829, "mrr_at_100": 0.81912, "mrr_at_200": 0.81918, "mrr_at_300": 0.8192, "mrr_at_500": 0.81922, "mrr_at_1000": 0.81922, "rc_at_1": {"relevant": 0.0, "distractor": 0.0}, "rc_at_3": {"relevant": 0.0, "distractor": 0.0}, "rc_at_5": {"relevant": 0.0, "distractor": 0.0}, "rc_at_10": {"relevant": 0.0, "distractor": 0.0}, "rc_at_20": {"relevant": 0.0, "distractor": 0.0}, "rc_at_100": {"relevant": 0.0, "distractor": 0.0}, "rc_at_200": {"relevant": 0.0, "distractor": 0.0}, "rc_at_300": {"relevant": 0.0, "distractor": 0.0}, "rc_at_500": {"relevant": 0.0, "distractor": 0.0}, "rc_at_1000": {"relevant": 0.0, "distractor": 0.0}}