{"ndcg_at_1": 0.0, "ndcg_at_3": 0.0, "ndcg_at_5": 0.00743, "ndcg_at_10": 0.01114, "ndcg_at_20": 0.01325, "ndcg_at_100": 0.02091, "ndcg_at_200": 0.0253, "ndcg_at_300": 0.02684, "ndcg_at_500": 0.02914, "ndcg_at_1000": 0.03375, "map_at_1": 0.0, "map_at_3": 0.0, "map_at_5": 0.00118, "map_at_10": 0.00263, "map_at_20": 0.00361, "map_at_100": 0.00495, "map_at_200": 0.00521, "map_at_300": 0.00533, "map_at_500": 0.00542, "map_at_1000": 0.00552, "recall_at_1": 0.0, "recall_at_3": 0.0, "recall_at_5": 0.00545, "recall_at_10": 0.01455, "recall_at_20": 0.01818, "recall_at_100": 0.03636, "recall_at_200": 0.05091, "recall_at_300": 0.05636, "recall_at_500": 0.06545, "recall_at_1000": 0.08545, "precision_at_1": 0.0, "precision_at_3": 0.0, "precision_at_5": 0.01091, "precision_at_10": 0.01455, "precision_at_20": 0.00909, "precision_at_100": 0.00364, "precision_at_200": 0.00255, "precision_at_300": 0.00188, "precision_at_500": 0.00131, "precision_at_1000": 0.00085, "mrr_at_1": 0.0, "mrr_at_3": 0.0, "mrr_at_5": 0.01182, "mrr_at_10": 0.02053, "mrr_at_20": 0.02053, "mrr_at_100": 0.02314, "mrr_at_200": 0.0235, "mrr_at_300": 0.0235, "mrr_at_500": 0.02353, "mrr_at_1000": 0.02359, "rc_at_1": {"relevant": 0.0, "distractor": 0.01818}, "rc_at_3": {"relevant": 0.0, "distractor": 0.05455}, "rc_at_5": {"relevant": 0.05455, "distractor": 0.12727}, "rc_at_10": {"relevant": 0.14545, "distractor": 0.2}, "rc_at_20": {"relevant": 0.18182, "distractor": 0.32727}, "rc_at_100": {"relevant": 0.36364, "distractor": 0.94545}, "rc_at_200": {"relevant": 0.50909, "distractor": 1.29091}, "rc_at_300": {"relevant": 0.56364, "distractor": 1.47273}, "rc_at_500": {"relevant": 0.65455, "distractor": 1.98182}, "rc_at_1000": {"relevant": 0.85455, "distractor": 3.09091}}