{"ndcg_at_1": 0.06561, "ndcg_at_3": 0.07691, "ndcg_at_5": 0.08604, "ndcg_at_10": 0.10048, "ndcg_at_20": 0.1101, "ndcg_at_100": 0.1365, "ndcg_at_200": 0.14687, "ndcg_at_300": 0.15406, "ndcg_at_500": 0.16215, "ndcg_at_1000": 0.17202, "map_at_1": 0.05009, "map_at_3": 0.06518, "map_at_5": 0.07119, "map_at_10": 0.07747, "map_at_20": 0.08038, "map_at_100": 0.08416, "map_at_200": 0.08482, "map_at_300": 0.0851, "map_at_500": 0.08533, "map_at_1000": 0.08552, "recall_at_1": 0.05009, "recall_at_3": 0.08226, "recall_at_5": 0.10591, "recall_at_10": 0.14946, "recall_at_20": 0.18359, "recall_at_100": 0.31586, "recall_at_200": 0.38012, "recall_at_300": 0.43019, "recall_at_500": 0.4903, "recall_at_1000": 0.56899, "precision_at_1": 0.06561, "precision_at_3": 0.03949, "precision_at_5": 0.03045, "precision_at_10": 0.0221, "precision_at_20": 0.01487, "precision_at_100": 0.0057, "precision_at_200": 0.00356, "precision_at_300": 0.00272, "precision_at_500": 0.00191, "precision_at_1000": 0.00115, "mrr_at_1": 0.06433, "mrr_at_3": 0.08418, "mrr_at_5": 0.09125, "mrr_at_10": 0.09788, "mrr_at_20": 0.10117, "mrr_at_100": 0.10439, "mrr_at_200": 0.10492, "mrr_at_300": 0.10515, "mrr_at_500": 0.1053, "mrr_at_1000": 0.10542, "rc_at_1": {"relevant": 0.0, "distractor": 0.0}, "rc_at_3": {"relevant": 0.0, "distractor": 0.0}, "rc_at_5": {"relevant": 0.0, "distractor": 0.0}, "rc_at_10": {"relevant": 0.0, "distractor": 0.0}, "rc_at_20": {"relevant": 0.0, "distractor": 0.0}, "rc_at_100": {"relevant": 0.0, "distractor": 0.0}, "rc_at_200": {"relevant": 0.0, "distractor": 0.0}, "rc_at_300": {"relevant": 0.0, "distractor": 0.0}, "rc_at_500": {"relevant": 0.0, "distractor": 0.0}, "rc_at_1000": {"relevant": 0.0, "distractor": 0.0}}