{"ndcg_at_1": 0.5825, "ndcg_at_3": 0.49124, "ndcg_at_5": 0.46767, "ndcg_at_10": 0.44805, "ndcg_at_20": 0.44771, "ndcg_at_100": 0.50634, "ndcg_at_200": 0.53515, "ndcg_at_300": 0.54841, "ndcg_at_500": 0.56371, "ndcg_at_1000": 0.57896, "map_at_1": 0.09408, "map_at_3": 0.15265, "map_at_5": 0.1791, "map_at_10": 0.2142, "map_at_20": 0.2538, "map_at_100": 0.3162, "map_at_200": 0.3259, "map_at_300": 0.32921, "map_at_500": 0.33202, "map_at_1000": 0.33433, "recall_at_1": 0.09408, "recall_at_3": 0.16497, "recall_at_5": 0.20668, "recall_at_10": 0.26656, "recall_at_20": 0.3596, "recall_at_100": 0.57903, "recall_at_200": 0.66553, "recall_at_300": 0.70617, "recall_at_500": 0.75806, "recall_at_1000": 0.81156, "precision_at_1": 0.7125, "precision_at_3": 0.52667, "precision_at_5": 0.455, "precision_at_10": 0.36275, "precision_at_20": 0.28225, "precision_at_100": 0.12122, "precision_at_200": 0.07506, "precision_at_300": 0.05596, "precision_at_500": 0.03822, "precision_at_1000": 0.0226, "mrr_at_1": 0.7125, "mrr_at_3": 0.7775, "mrr_at_5": 0.78562, "mrr_at_10": 0.79018, "mrr_at_20": 0.79238, "mrr_at_100": 0.79322, "mrr_at_200": 0.79326, "mrr_at_300": 0.79327, "mrr_at_500": 0.79327, "mrr_at_1000": 0.79327, "rc_at_1": {"relevant": 0.0, "distractor": 0.0}, "rc_at_3": {"relevant": 0.0, "distractor": 0.0}, "rc_at_5": {"relevant": 0.0, "distractor": 0.0}, "rc_at_10": {"relevant": 0.0, "distractor": 0.0}, "rc_at_20": {"relevant": 0.0, "distractor": 0.0}, "rc_at_100": {"relevant": 0.0, "distractor": 0.0}, "rc_at_200": {"relevant": 0.0, "distractor": 0.0}, "rc_at_300": {"relevant": 0.0, "distractor": 0.0}, "rc_at_500": {"relevant": 0.0, "distractor": 0.0}, "rc_at_1000": {"relevant": 0.0, "distractor": 0.0}}