{"ndcg_at_1": 0.4, "ndcg_at_3": 0.28644, "ndcg_at_5": 0.24204, "ndcg_at_10": 0.18821, "ndcg_at_20": 0.2116, "ndcg_at_100": 0.26017, "ndcg_at_200": 0.27799, "ndcg_at_300": 0.28704, "ndcg_at_500": 0.29914, "ndcg_at_1000": 0.31403, "map_at_1": 0.04, "map_at_3": 0.06636, "map_at_5": 0.08, "map_at_10": 0.09661, "map_at_20": 0.10782, "map_at_100": 0.11896, "map_at_200": 0.12079, "map_at_300": 0.1214, "map_at_500": 0.12206, "map_at_1000": 0.12261, "recall_at_1": 0.04, "recall_at_3": 0.07636, "recall_at_5": 0.10182, "recall_at_10": 0.14545, "recall_at_20": 0.18727, "recall_at_100": 0.30727, "recall_at_200": 0.36545, "recall_at_300": 0.39818, "recall_at_500": 0.44545, "recall_at_1000": 0.50909, "precision_at_1": 0.4, "precision_at_3": 0.25455, "precision_at_5": 0.20364, "precision_at_10": 0.14545, "precision_at_20": 0.09364, "precision_at_100": 0.03073, "precision_at_200": 0.01827, "precision_at_300": 0.01327, "precision_at_500": 0.00891, "precision_at_1000": 0.00509, "mrr_at_1": 0.4, "mrr_at_3": 0.4697, "mrr_at_5": 0.47788, "mrr_at_10": 0.48835, "mrr_at_20": 0.49397, "mrr_at_100": 0.49613, "mrr_at_200": 0.49624, "mrr_at_300": 0.49631, "mrr_at_500": 0.49631, "mrr_at_1000": 0.49634, "rc_at_1": {"relevant": 0.4, "distractor": 0.38182}, "rc_at_3": {"relevant": 0.76364, "distractor": 1.34545}, "rc_at_5": {"relevant": 1.01818, "distractor": 2.14545}, "rc_at_10": {"relevant": 1.45455, "distractor": 3.58182}, "rc_at_20": {"relevant": 1.89091, "distractor": 5.87273}, "rc_at_100": {"relevant": 3.07273, "distractor": 14.32727}, "rc_at_200": {"relevant": 3.65455, "distractor": 18.29091}, "rc_at_300": {"relevant": 3.98182, "distractor": 21.18182}, "rc_at_500": {"relevant": 4.45455, "distractor": 25.67273}, "rc_at_1000": {"relevant": 5.09091, "distractor": 31.67273}}