{"ndcg_at_1": 0.33846, "ndcg_at_3": 0.30675, "ndcg_at_5": 0.27917, "ndcg_at_10": 0.23295, "ndcg_at_20": 0.28246, "ndcg_at_100": 0.38471, "ndcg_at_200": 0.41869, "ndcg_at_300": 0.42979, "ndcg_at_500": 0.44426, "ndcg_at_1000": 0.45431, "map_at_1": 0.03385, "map_at_3": 0.0741, "map_at_5": 0.09449, "map_at_10": 0.12869, "map_at_20": 0.14931, "map_at_100": 0.17785, "map_at_200": 0.18343, "map_at_300": 0.18455, "map_at_500": 0.18564, "map_at_1000": 0.18613, "recall_at_1": 0.03385, "recall_at_3": 0.08923, "recall_at_5": 0.13077, "recall_at_10": 0.20462, "recall_at_20": 0.29385, "recall_at_100": 0.55538, "recall_at_200": 0.66462, "recall_at_300": 0.70462, "recall_at_500": 0.76154, "recall_at_1000": 0.80462, "precision_at_1": 0.33846, "precision_at_3": 0.29744, "precision_at_5": 0.26154, "precision_at_10": 0.20462, "precision_at_20": 0.14692, "precision_at_100": 0.05554, "precision_at_200": 0.03323, "precision_at_300": 0.02349, "precision_at_500": 0.01523, "precision_at_1000": 0.00805, "mrr_at_1": 0.33846, "mrr_at_3": 0.42821, "mrr_at_5": 0.46205, "mrr_at_10": 0.47658, "mrr_at_20": 0.4827, "mrr_at_100": 0.48486, "mrr_at_200": 0.48486, "mrr_at_300": 0.48493, "mrr_at_500": 0.48493, "mrr_at_1000": 0.48493, "rc_at_1": {"relevant": 0.33846, "distractor": 0.64615}, "rc_at_3": {"relevant": 0.89231, "distractor": 2.0}, "rc_at_5": {"relevant": 1.30769, "distractor": 3.52308}, "rc_at_10": {"relevant": 2.04615, "distractor": 7.21538}, "rc_at_20": {"relevant": 2.93846, "distractor": 14.61538}, "rc_at_100": {"relevant": 5.55385, "distractor": 52.90769}, "rc_at_200": {"relevant": 6.64615, "distractor": 65.47692}, "rc_at_300": {"relevant": 7.04615, "distractor": 70.52308}, "rc_at_500": {"relevant": 7.61538, "distractor": 75.98462}, "rc_at_1000": {"relevant": 8.04615, "distractor": 82.35385}}