{"ndcg_at_1": 0.233, "ndcg_at_3": 0.19167, "ndcg_at_5": 0.16668, "ndcg_at_10": 0.19668, "ndcg_at_20": 0.22412, "ndcg_at_100": 0.27122, "ndcg_at_200": 0.28744, "ndcg_at_300": 0.29554, "ndcg_at_500": 0.30638, "ndcg_at_1000": 0.32009, "map_at_1": 0.04723, "map_at_3": 0.08634, "map_at_5": 0.10197, "map_at_10": 0.11708, "map_at_20": 0.12726, "map_at_100": 0.13658, "map_at_200": 0.1379, "map_at_300": 0.13836, "map_at_500": 0.13879, "map_at_1000": 0.13915, "recall_at_1": 0.04723, "recall_at_3": 0.10942, "recall_at_5": 0.14878, "recall_at_10": 0.20383, "recall_at_20": 0.26802, "recall_at_100": 0.42092, "recall_at_200": 0.48977, "recall_at_300": 0.52803, "recall_at_500": 0.58378, "recall_at_1000": 0.66062, "precision_at_1": 0.233, "precision_at_3": 0.17933, "precision_at_5": 0.146, "precision_at_10": 0.1003, "precision_at_20": 0.06595, "precision_at_100": 0.02073, "precision_at_200": 0.01205, "precision_at_300": 0.00866, "precision_at_500": 0.00574, "precision_at_1000": 0.00325, "mrr_at_1": 0.234, "mrr_at_3": 0.3095, "mrr_at_5": 0.32995, "mrr_at_10": 0.34183, "mrr_at_20": 0.34826, "mrr_at_100": 0.3522, "mrr_at_200": 0.35266, "mrr_at_300": 0.35276, "mrr_at_500": 0.35283, "mrr_at_1000": 0.35287, "rc_at_1": {"relevant": 0.0, "distractor": 0.0}, "rc_at_3": {"relevant": 0.0, "distractor": 0.0}, "rc_at_5": {"relevant": 0.0, "distractor": 0.0}, "rc_at_10": {"relevant": 0.0, "distractor": 0.0}, "rc_at_20": {"relevant": 0.0, "distractor": 0.0}, "rc_at_100": {"relevant": 0.0, "distractor": 0.0}, "rc_at_200": {"relevant": 0.0, "distractor": 0.0}, "rc_at_300": {"relevant": 0.0, "distractor": 0.0}, "rc_at_500": {"relevant": 0.0, "distractor": 0.0}, "rc_at_1000": {"relevant": 0.0, "distractor": 0.0}}