{"ndcg_at_1": 0.22921, "ndcg_at_3": 0.25983, "ndcg_at_5": 0.28282, "ndcg_at_10": 0.30663, "ndcg_at_20": 0.32373, "ndcg_at_100": 0.35345, "ndcg_at_200": 0.36471, "ndcg_at_300": 0.36975, "ndcg_at_500": 0.3757, "ndcg_at_1000": 0.38217, "map_at_1": 0.2077, "map_at_3": 0.24284, "map_at_5": 0.25574, "map_at_10": 0.26607, "map_at_20": 0.27097, "map_at_100": 0.27518, "map_at_200": 0.27581, "map_at_300": 0.27601, "map_at_500": 0.2762, "map_at_1000": 0.27633, "recall_at_1": 0.2077, "recall_at_3": 0.28509, "recall_at_5": 0.34091, "recall_at_10": 0.41134, "recall_at_20": 0.47591, "recall_at_100": 0.62917, "recall_at_200": 0.70374, "recall_at_300": 0.74049, "recall_at_500": 0.78744, "recall_at_1000": 0.84305, "precision_at_1": 0.22921, "precision_at_3": 0.10598, "precision_at_5": 0.07579, "precision_at_10": 0.04658, "precision_at_20": 0.02763, "precision_at_100": 0.00767, "precision_at_200": 0.0044, "precision_at_300": 0.00314, "precision_at_500": 0.00206, "precision_at_1000": 0.00113, "mrr_at_1": 0.23105, "mrr_at_3": 0.26802, "mrr_at_5": 0.28078, "mrr_at_10": 0.29163, "mrr_at_20": 0.29531, "mrr_at_100": 0.29902, "mrr_at_200": 0.29954, "mrr_at_300": 0.29969, "mrr_at_500": 0.29981, "mrr_at_1000": 0.29988, "rc_at_1": {"relevant": 0.0, "distractor": 0.0}, "rc_at_3": {"relevant": 0.0, "distractor": 0.0}, "rc_at_5": {"relevant": 0.0, "distractor": 0.0}, "rc_at_10": {"relevant": 0.0, "distractor": 0.0}, "rc_at_20": {"relevant": 0.0, "distractor": 0.0}, "rc_at_100": {"relevant": 0.0, "distractor": 0.0}, "rc_at_200": {"relevant": 0.0, "distractor": 0.0}, "rc_at_300": {"relevant": 0.0, "distractor": 0.0}, "rc_at_500": {"relevant": 0.0, "distractor": 0.0}, "rc_at_1000": {"relevant": 0.0, "distractor": 0.0}}