{"ndcg_at_1": 0.41538, "ndcg_at_3": 0.32102, "ndcg_at_5": 0.27691, "ndcg_at_10": 0.22591, "ndcg_at_20": 0.27225, "ndcg_at_100": 0.38612, "ndcg_at_200": 0.424, "ndcg_at_300": 0.43504, "ndcg_at_500": 0.44759, "ndcg_at_1000": 0.46057, "map_at_1": 0.04154, "map_at_3": 0.07949, "map_at_5": 0.09979, "map_at_10": 0.12469, "map_at_20": 0.14503, "map_at_100": 0.17524, "map_at_200": 0.18098, "map_at_300": 0.18215, "map_at_500": 0.18312, "map_at_1000": 0.1838, "recall_at_1": 0.04154, "recall_at_3": 0.08923, "recall_at_5": 0.12154, "recall_at_10": 0.18615, "recall_at_20": 0.26923, "recall_at_100": 0.55846, "recall_at_200": 0.68, "recall_at_300": 0.72, "recall_at_500": 0.76923, "recall_at_1000": 0.82462, "precision_at_1": 0.41538, "precision_at_3": 0.29744, "precision_at_5": 0.24308, "precision_at_10": 0.18615, "precision_at_20": 0.13462, "precision_at_100": 0.05585, "precision_at_200": 0.034, "precision_at_300": 0.024, "precision_at_500": 0.01538, "precision_at_1000": 0.00825, "mrr_at_1": 0.41538, "mrr_at_3": 0.46667, "mrr_at_5": 0.48513, "mrr_at_10": 0.50167, "mrr_at_20": 0.50824, "mrr_at_100": 0.51369, "mrr_at_200": 0.51369, "mrr_at_300": 0.51369, "mrr_at_500": 0.51369, "mrr_at_1000": 0.51369, "rc_at_1": {"relevant": 0.41538, "distractor": 0.56923}, "rc_at_3": {"relevant": 0.89231, "distractor": 2.01538}, "rc_at_5": {"relevant": 1.21538, "distractor": 3.55385}, "rc_at_10": {"relevant": 1.86154, "distractor": 7.55385}, "rc_at_20": {"relevant": 2.69231, "distractor": 15.18462}, "rc_at_100": {"relevant": 5.58462, "distractor": 55.03077}, "rc_at_200": {"relevant": 6.8, "distractor": 69.64615}, "rc_at_300": {"relevant": 7.2, "distractor": 74.84615}, "rc_at_500": {"relevant": 7.69231, "distractor": 80.0}, "rc_at_1000": {"relevant": 8.24615, "distractor": 85.73846}}