{"ndcg_at_1": 0.241, "ndcg_at_3": 0.18778, "ndcg_at_5": 0.16147, "ndcg_at_10": 0.19125, "ndcg_at_20": 0.21896, "ndcg_at_100": 0.2696, "ndcg_at_200": 0.28657, "ndcg_at_300": 0.29523, "ndcg_at_500": 0.30593, "ndcg_at_1000": 0.3209, "map_at_1": 0.04902, "map_at_3": 0.08454, "map_at_5": 0.09976, "map_at_10": 0.11458, "map_at_20": 0.12446, "map_at_100": 0.13395, "map_at_200": 0.13545, "map_at_300": 0.13597, "map_at_500": 0.1364, "map_at_1000": 0.13679, "recall_at_1": 0.04902, "recall_at_3": 0.10562, "recall_at_5": 0.14082, "recall_at_10": 0.19487, "recall_at_20": 0.25972, "recall_at_100": 0.42695, "recall_at_200": 0.49855, "recall_at_300": 0.53952, "recall_at_500": 0.59417, "recall_at_1000": 0.67808, "precision_at_1": 0.241, "precision_at_3": 0.17333, "precision_at_5": 0.139, "precision_at_10": 0.0963, "precision_at_20": 0.06415, "precision_at_100": 0.02101, "precision_at_200": 0.01228, "precision_at_300": 0.00885, "precision_at_500": 0.00585, "precision_at_1000": 0.00334, "mrr_at_1": 0.241, "mrr_at_3": 0.31083, "mrr_at_5": 0.32668, "mrr_at_10": 0.33917, "mrr_at_20": 0.34659, "mrr_at_100": 0.35098, "mrr_at_200": 0.35135, "mrr_at_300": 0.3514, "mrr_at_500": 0.35147, "mrr_at_1000": 0.35153, "rc_at_1": {"relevant": 0.0, "distractor": 0.0}, "rc_at_3": {"relevant": 0.0, "distractor": 0.0}, "rc_at_5": {"relevant": 0.0, "distractor": 0.0}, "rc_at_10": {"relevant": 0.0, "distractor": 0.0}, "rc_at_20": {"relevant": 0.0, "distractor": 0.0}, "rc_at_100": {"relevant": 0.0, "distractor": 0.0}, "rc_at_200": {"relevant": 0.0, "distractor": 0.0}, "rc_at_300": {"relevant": 0.0, "distractor": 0.0}, "rc_at_500": {"relevant": 0.0, "distractor": 0.0}, "rc_at_1000": {"relevant": 0.0, "distractor": 0.0}}