{"ndcg_at_1": 0.27273, "ndcg_at_3": 0.2256, "ndcg_at_5": 0.20896, "ndcg_at_10": 0.16907, "ndcg_at_20": 0.21374, "ndcg_at_100": 0.30028, "ndcg_at_200": 0.3296, "ndcg_at_300": 0.34373, "ndcg_at_500": 0.36006, "ndcg_at_1000": 0.37949, "map_at_1": 0.02727, "map_at_3": 0.05121, "map_at_5": 0.06594, "map_at_10": 0.08373, "map_at_20": 0.10076, "map_at_100": 0.12507, "map_at_200": 0.12882, "map_at_300": 0.13, "map_at_500": 0.13103, "map_at_1000": 0.13187, "recall_at_1": 0.02727, "recall_at_3": 0.06364, "recall_at_5": 0.09636, "recall_at_10": 0.14364, "recall_at_20": 0.22364, "recall_at_100": 0.44, "recall_at_200": 0.53455, "recall_at_300": 0.58545, "recall_at_500": 0.64909, "recall_at_1000": 0.73273, "precision_at_1": 0.27273, "precision_at_3": 0.21212, "precision_at_5": 0.19273, "precision_at_10": 0.14364, "precision_at_20": 0.11182, "precision_at_100": 0.044, "precision_at_200": 0.02673, "precision_at_300": 0.01952, "precision_at_500": 0.01298, "precision_at_1000": 0.00733, "mrr_at_1": 0.27273, "mrr_at_3": 0.35455, "mrr_at_5": 0.38, "mrr_at_10": 0.39376, "mrr_at_20": 0.40354, "mrr_at_100": 0.40592, "mrr_at_200": 0.40638, "mrr_at_300": 0.40644, "mrr_at_500": 0.40648, "mrr_at_1000": 0.40648, "rc_at_1": {"relevant": 0.27273, "distractor": 0.6}, "rc_at_3": {"relevant": 0.63636, "distractor": 1.81818}, "rc_at_5": {"relevant": 0.96364, "distractor": 2.98182}, "rc_at_10": {"relevant": 1.43636, "distractor": 5.83636}, "rc_at_20": {"relevant": 2.23636, "distractor": 10.58182}, "rc_at_100": {"relevant": 4.4, "distractor": 30.74545}, "rc_at_200": {"relevant": 5.34545, "distractor": 40.12727}, "rc_at_300": {"relevant": 5.85455, "distractor": 45.27273}, "rc_at_500": {"relevant": 6.49091, "distractor": 52.72727}, "rc_at_1000": {"relevant": 7.32727, "distractor": 62.92727}}