{"ndcg_at_1": 0.17006, "ndcg_at_3": 0.2151, "ndcg_at_5": 0.23561, "ndcg_at_10": 0.26956, "ndcg_at_20": 0.29268, "ndcg_at_100": 0.32931, "ndcg_at_200": 0.339, "ndcg_at_300": 0.34491, "ndcg_at_500": 0.35129, "ndcg_at_1000": 0.35754, "map_at_1": 0.15441, "map_at_3": 0.19621, "map_at_5": 0.20836, "map_at_10": 0.22274, "map_at_20": 0.22924, "map_at_100": 0.2347, "map_at_200": 0.23527, "map_at_300": 0.23553, "map_at_500": 0.23571, "map_at_1000": 0.23583, "recall_at_1": 0.15441, "recall_at_3": 0.24997, "recall_at_5": 0.29932, "recall_at_10": 0.40142, "recall_at_20": 0.48678, "recall_at_100": 0.67344, "recall_at_200": 0.7373, "recall_at_300": 0.77903, "recall_at_500": 0.83006, "recall_at_1000": 0.88394, "precision_at_1": 0.17006, "precision_at_3": 0.09242, "precision_at_5": 0.06691, "precision_at_10": 0.04621, "precision_at_20": 0.02902, "precision_at_100": 0.00828, "precision_at_200": 0.00462, "precision_at_300": 0.00334, "precision_at_500": 0.00217, "precision_at_1000": 0.00118, "mrr_at_1": 0.17006, "mrr_at_3": 0.2138, "mrr_at_5": 0.22508, "mrr_at_10": 0.23975, "mrr_at_20": 0.24551, "mrr_at_100": 0.25081, "mrr_at_200": 0.25131, "mrr_at_300": 0.25143, "mrr_at_500": 0.25157, "mrr_at_1000": 0.25165, "rc_at_1": {"relevant": 0.0, "distractor": 0.0}, "rc_at_3": {"relevant": 0.0, "distractor": 0.0}, "rc_at_5": {"relevant": 0.0, "distractor": 0.0}, "rc_at_10": {"relevant": 0.0, "distractor": 0.0}, "rc_at_20": {"relevant": 0.0, "distractor": 0.0}, "rc_at_100": {"relevant": 0.0, "distractor": 0.0}, "rc_at_200": {"relevant": 0.0, "distractor": 0.0}, "rc_at_300": {"relevant": 0.0, "distractor": 0.0}, "rc_at_500": {"relevant": 0.0, "distractor": 0.0}, "rc_at_1000": {"relevant": 0.0, "distractor": 0.0}}