{"ndcg_at_1": 0.0411, "ndcg_at_3": 0.05411, "ndcg_at_5": 0.06129, "ndcg_at_10": 0.07491, "ndcg_at_20": 0.08551, "ndcg_at_100": 0.11484, "ndcg_at_200": 0.12627, "ndcg_at_300": 0.13286, "ndcg_at_500": 0.14134, "ndcg_at_1000": 0.15205, "map_at_1": 0.03103, "map_at_3": 0.04482, "map_at_5": 0.04948, "map_at_10": 0.05502, "map_at_20": 0.05798, "map_at_100": 0.06179, "map_at_200": 0.06241, "map_at_300": 0.06265, "map_at_500": 0.06287, "map_at_1000": 0.06304, "recall_at_1": 0.03103, "recall_at_3": 0.06282, "recall_at_5": 0.0808, "recall_at_10": 0.12256, "recall_at_20": 0.16123, "recall_at_100": 0.31378, "recall_at_200": 0.38928, "recall_at_300": 0.43538, "recall_at_500": 0.501, "recall_at_1000": 0.59105, "precision_at_1": 0.0411, "precision_at_3": 0.02854, "precision_at_5": 0.02215, "precision_at_10": 0.01655, "precision_at_20": 0.01124, "precision_at_100": 0.00439, "precision_at_200": 0.00276, "precision_at_300": 0.00211, "precision_at_500": 0.00148, "precision_at_1000": 0.00089, "mrr_at_1": 0.0411, "mrr_at_3": 0.05936, "mrr_at_5": 0.06393, "mrr_at_10": 0.07032, "mrr_at_20": 0.07336, "mrr_at_100": 0.07713, "mrr_at_200": 0.07768, "mrr_at_300": 0.07787, "mrr_at_500": 0.07803, "mrr_at_1000": 0.07817, "rc_at_1": {"relevant": 0.0, "distractor": 0.0}, "rc_at_3": {"relevant": 0.0, "distractor": 0.0}, "rc_at_5": {"relevant": 0.0, "distractor": 0.0}, "rc_at_10": {"relevant": 0.0, "distractor": 0.0}, "rc_at_20": {"relevant": 0.0, "distractor": 0.0}, "rc_at_100": {"relevant": 0.0, "distractor": 0.0}, "rc_at_200": {"relevant": 0.0, "distractor": 0.0}, "rc_at_300": {"relevant": 0.0, "distractor": 0.0}, "rc_at_500": {"relevant": 0.0, "distractor": 0.0}, "rc_at_1000": {"relevant": 0.0, "distractor": 0.0}}