{"ndcg_at_1": 0.41176, "ndcg_at_3": 0.36727, "ndcg_at_5": 0.34714, "ndcg_at_10": 0.31616, "ndcg_at_20": 0.29286, "ndcg_at_100": 0.28152, "ndcg_at_200": 0.29986, "ndcg_at_300": 0.31207, "ndcg_at_500": 0.33387, "ndcg_at_1000": 0.37239, "map_at_1": 0.04655, "map_at_3": 0.081, "map_at_5": 0.09446, "map_at_10": 0.11169, "map_at_20": 0.12435, "map_at_100": 0.13895, "map_at_200": 0.14356, "map_at_300": 0.14574, "map_at_500": 0.14838, "map_at_1000": 0.152, "recall_at_1": 0.04655, "recall_at_3": 0.0924, "recall_at_5": 0.11568, "recall_at_10": 0.15222, "recall_at_20": 0.19179, "recall_at_100": 0.2838, "recall_at_200": 0.35555, "recall_at_300": 0.39637, "recall_at_500": 0.474, "recall_at_1000": 0.60272, "precision_at_1": 0.42724, "precision_at_3": 0.34675, "precision_at_5": 0.30279, "precision_at_10": 0.23622, "precision_at_20": 0.17229, "precision_at_100": 0.06988, "precision_at_200": 0.0478, "precision_at_300": 0.03791, "precision_at_500": 0.02857, "precision_at_1000": 0.0201, "mrr_at_1": 0.43344, "mrr_at_3": 0.49226, "mrr_at_5": 0.50557, "mrr_at_10": 0.51287, "mrr_at_20": 0.5163, "mrr_at_100": 0.51871, "mrr_at_200": 0.51907, "mrr_at_300": 0.51914, "mrr_at_500": 0.51921, "mrr_at_1000": 0.51924, "rc_at_1": {"relevant": 0.0, "distractor": 0.0}, "rc_at_3": {"relevant": 0.0, "distractor": 0.0}, "rc_at_5": {"relevant": 0.0, "distractor": 0.0}, "rc_at_10": {"relevant": 0.0, "distractor": 0.0}, "rc_at_20": {"relevant": 0.0, "distractor": 0.0}, "rc_at_100": {"relevant": 0.0, "distractor": 0.0}, "rc_at_200": {"relevant": 0.0, "distractor": 0.0}, "rc_at_300": {"relevant": 0.0, "distractor": 0.0}, "rc_at_500": {"relevant": 0.0, "distractor": 0.0}, "rc_at_1000": {"relevant": 0.0, "distractor": 0.0}}