{"ndcg_at_1": 0.14545, "ndcg_at_3": 0.13916, "ndcg_at_5": 0.12843, "ndcg_at_10": 0.10534, "ndcg_at_20": 0.1365, "ndcg_at_100": 0.20566, "ndcg_at_200": 0.23848, "ndcg_at_300": 0.25554, "ndcg_at_500": 0.2766, "ndcg_at_1000": 0.30026, "map_at_1": 0.01455, "map_at_3": 0.03091, "map_at_5": 0.03909, "map_at_10": 0.04685, "map_at_20": 0.0572, "map_at_100": 0.07112, "map_at_200": 0.07525, "map_at_300": 0.07658, "map_at_500": 0.07794, "map_at_1000": 0.0789, "recall_at_1": 0.01455, "recall_at_3": 0.04, "recall_at_5": 0.06, "recall_at_10": 0.09091, "recall_at_20": 0.14727, "recall_at_100": 0.32545, "recall_at_200": 0.43091, "recall_at_300": 0.49273, "recall_at_500": 0.57455, "recall_at_1000": 0.67636, "precision_at_1": 0.14545, "precision_at_3": 0.13333, "precision_at_5": 0.12, "precision_at_10": 0.09091, "precision_at_20": 0.07364, "precision_at_100": 0.03255, "precision_at_200": 0.02155, "precision_at_300": 0.01642, "precision_at_500": 0.01149, "precision_at_1000": 0.00676, "mrr_at_1": 0.14545, "mrr_at_3": 0.21212, "mrr_at_5": 0.23303, "mrr_at_10": 0.25535, "mrr_at_20": 0.26454, "mrr_at_100": 0.26625, "mrr_at_200": 0.26717, "mrr_at_300": 0.26731, "mrr_at_500": 0.26731, "mrr_at_1000": 0.26733, "rc_at_1": {"relevant": 0.14545, "distractor": 0.47273}, "rc_at_3": {"relevant": 0.4, "distractor": 1.41818}, "rc_at_5": {"relevant": 0.6, "distractor": 2.23636}, "rc_at_10": {"relevant": 0.90909, "distractor": 4.4}, "rc_at_20": {"relevant": 1.47273, "distractor": 7.72727}, "rc_at_100": {"relevant": 3.25455, "distractor": 23.54545}, "rc_at_200": {"relevant": 4.30909, "distractor": 32.38182}, "rc_at_300": {"relevant": 4.92727, "distractor": 38.18182}, "rc_at_500": {"relevant": 5.74545, "distractor": 45.61818}, "rc_at_1000": {"relevant": 6.76364, "distractor": 57.67273}}