{"ndcg_at_1": 0.33229, "ndcg_at_3": 0.40216, "ndcg_at_5": 0.43089, "ndcg_at_10": 0.45868, "ndcg_at_20": 0.48153, "ndcg_at_100": 0.50957, "ndcg_at_200": 0.51749, "ndcg_at_300": 0.52082, "ndcg_at_500": 0.52414, "ndcg_at_1000": 0.52699, "map_at_1": 0.29016, "map_at_3": 0.36815, "map_at_5": 0.38636, "map_at_10": 0.39961, "map_at_20": 0.4071, "map_at_100": 0.41156, "map_at_200": 0.41206, "map_at_300": 0.4122, "map_at_500": 0.41231, "map_at_1000": 0.41236, "recall_at_1": 0.29016, "recall_at_3": 0.4511, "recall_at_5": 0.52118, "recall_at_10": 0.60199, "recall_at_20": 0.68673, "recall_at_100": 0.82456, "recall_at_200": 0.87628, "recall_at_300": 0.90027, "recall_at_500": 0.92526, "recall_at_1000": 0.94894, "precision_at_1": 0.33229, "precision_at_3": 0.18098, "precision_at_5": 0.12715, "precision_at_10": 0.07599, "precision_at_20": 0.04436, "precision_at_100": 0.01114, "precision_at_200": 0.00597, "precision_at_300": 0.00411, "precision_at_500": 0.00256, "precision_at_1000": 0.00132, "mrr_at_1": 0.33229, "mrr_at_3": 0.40575, "mrr_at_5": 0.42271, "mrr_at_10": 0.43392, "mrr_at_20": 0.4393, "mrr_at_100": 0.44247, "mrr_at_200": 0.44279, "mrr_at_300": 0.44286, "mrr_at_500": 0.44292, "mrr_at_1000": 0.44295, "rc_at_1": {"relevant": 0.0, "distractor": 0.0}, "rc_at_3": {"relevant": 0.0, "distractor": 0.0}, "rc_at_5": {"relevant": 0.0, "distractor": 0.0}, "rc_at_10": {"relevant": 0.0, "distractor": 0.0}, "rc_at_20": {"relevant": 0.0, "distractor": 0.0}, "rc_at_100": {"relevant": 0.0, "distractor": 0.0}, "rc_at_200": {"relevant": 0.0, "distractor": 0.0}, "rc_at_300": {"relevant": 0.0, "distractor": 0.0}, "rc_at_500": {"relevant": 0.0, "distractor": 0.0}, "rc_at_1000": {"relevant": 0.0, "distractor": 0.0}}