{"ndcg_at_1": 0.38182, "ndcg_at_3": 0.32616, "ndcg_at_5": 0.28668, "ndcg_at_10": 0.24171, "ndcg_at_20": 0.29236, "ndcg_at_100": 0.41568, "ndcg_at_200": 0.43146, "ndcg_at_300": 0.4375, "ndcg_at_500": 0.4501, "ndcg_at_1000": 0.46016, "map_at_1": 0.03818, "map_at_3": 0.07879, "map_at_5": 0.09888, "map_at_10": 0.13225, "map_at_20": 0.15448, "map_at_100": 0.19575, "map_at_200": 0.19851, "map_at_300": 0.1991, "map_at_500": 0.20002, "map_at_1000": 0.2004, "recall_at_1": 0.03818, "recall_at_3": 0.09273, "recall_at_5": 0.12909, "recall_at_10": 0.20727, "recall_at_20": 0.29818, "recall_at_100": 0.59818, "recall_at_200": 0.64909, "recall_at_300": 0.67091, "recall_at_500": 0.72, "recall_at_1000": 0.76364, "precision_at_1": 0.38182, "precision_at_3": 0.30909, "precision_at_5": 0.25818, "precision_at_10": 0.20727, "precision_at_20": 0.14909, "precision_at_100": 0.05982, "precision_at_200": 0.03245, "precision_at_300": 0.02236, "precision_at_500": 0.0144, "precision_at_1000": 0.00764, "mrr_at_1": 0.38182, "mrr_at_3": 0.47273, "mrr_at_5": 0.49182, "mrr_at_10": 0.51144, "mrr_at_20": 0.51821, "mrr_at_100": 0.51926, "mrr_at_200": 0.51926, "mrr_at_300": 0.51932, "mrr_at_500": 0.51932, "mrr_at_1000": 0.51934, "rc_at_1": {"relevant": 0.38182, "distractor": 0.58182}, "rc_at_3": {"relevant": 0.92727, "distractor": 1.96364}, "rc_at_5": {"relevant": 1.29091, "distractor": 3.47273}, "rc_at_10": {"relevant": 2.07273, "distractor": 7.12727}, "rc_at_20": {"relevant": 2.98182, "distractor": 14.09091}, "rc_at_100": {"relevant": 5.98182, "distractor": 42.0}, "rc_at_200": {"relevant": 6.49091, "distractor": 50.85455}, "rc_at_300": {"relevant": 6.70909, "distractor": 55.18182}, "rc_at_500": {"relevant": 7.2, "distractor": 60.18182}, "rc_at_1000": {"relevant": 7.63636, "distractor": 66.4}}