{"ndcg_at_1": 0.17421, "ndcg_at_3": 0.19803, "ndcg_at_5": 0.21108, "ndcg_at_10": 0.22504, "ndcg_at_20": 0.23963, "ndcg_at_100": 0.27164, "ndcg_at_200": 0.28285, "ndcg_at_300": 0.28953, "ndcg_at_500": 0.29697, "ndcg_at_1000": 0.30435, "map_at_1": 0.14633, "map_at_3": 0.17835, "map_at_5": 0.18622, "map_at_10": 0.19244, "map_at_20": 0.19668, "map_at_100": 0.20121, "map_at_200": 0.2019, "map_at_300": 0.20215, "map_at_500": 0.20235, "map_at_1000": 0.20248, "recall_at_1": 0.14633, "recall_at_3": 0.21549, "recall_at_5": 0.24926, "recall_at_10": 0.29157, "recall_at_20": 0.34459, "recall_at_100": 0.50128, "recall_at_200": 0.57129, "recall_at_300": 0.61891, "recall_at_500": 0.67598, "recall_at_1000": 0.73607, "precision_at_1": 0.17421, "precision_at_3": 0.09047, "precision_at_5": 0.06449, "precision_at_10": 0.03908, "precision_at_20": 0.02377, "precision_at_100": 0.00748, "precision_at_200": 0.0044, "precision_at_300": 0.0032, "precision_at_500": 0.00213, "precision_at_1000": 0.00119, "mrr_at_1": 0.17421, "mrr_at_3": 0.20966, "mrr_at_5": 0.21957, "mrr_at_10": 0.22678, "mrr_at_20": 0.23094, "mrr_at_100": 0.23491, "mrr_at_200": 0.23539, "mrr_at_300": 0.23558, "mrr_at_500": 0.23572, "mrr_at_1000": 0.23579, "rc_at_1": {"relevant": 0.0, "distractor": 0.0}, "rc_at_3": {"relevant": 0.0, "distractor": 0.0}, "rc_at_5": {"relevant": 0.0, "distractor": 0.0}, "rc_at_10": {"relevant": 0.0, "distractor": 0.0}, "rc_at_20": {"relevant": 0.0, "distractor": 0.0}, "rc_at_100": {"relevant": 0.0, "distractor": 0.0}, "rc_at_200": {"relevant": 0.0, "distractor": 0.0}, "rc_at_300": {"relevant": 0.0, "distractor": 0.0}, "rc_at_500": {"relevant": 0.0, "distractor": 0.0}, "rc_at_1000": {"relevant": 0.0, "distractor": 0.0}}