{"ndcg_at_1": 0.21818, "ndcg_at_3": 0.16882, "ndcg_at_5": 0.13713, "ndcg_at_10": 0.11555, "ndcg_at_20": 0.13262, "ndcg_at_100": 0.175, "ndcg_at_200": 0.18852, "ndcg_at_300": 0.19912, "ndcg_at_500": 0.20799, "ndcg_at_1000": 0.21892, "map_at_1": 0.02182, "map_at_3": 0.03758, "map_at_5": 0.04203, "map_at_10": 0.05543, "map_at_20": 0.06238, "map_at_100": 0.07333, "map_at_200": 0.07454, "map_at_300": 0.07519, "map_at_500": 0.07557, "map_at_1000": 0.07584, "recall_at_1": 0.02182, "recall_at_3": 0.04727, "recall_at_5": 0.05818, "recall_at_10": 0.09636, "recall_at_20": 0.12727, "recall_at_100": 0.23091, "recall_at_200": 0.27455, "recall_at_300": 0.31273, "recall_at_500": 0.34727, "recall_at_1000": 0.39455, "precision_at_1": 0.21818, "precision_at_3": 0.15758, "precision_at_5": 0.11636, "precision_at_10": 0.09636, "precision_at_20": 0.06364, "precision_at_100": 0.02309, "precision_at_200": 0.01373, "precision_at_300": 0.01042, "precision_at_500": 0.00695, "precision_at_1000": 0.00395, "mrr_at_1": 0.21818, "mrr_at_3": 0.27879, "mrr_at_5": 0.28697, "mrr_at_10": 0.29631, "mrr_at_20": 0.29761, "mrr_at_100": 0.30191, "mrr_at_200": 0.30231, "mrr_at_300": 0.30254, "mrr_at_500": 0.30264, "mrr_at_1000": 0.30277, "rc_at_1": {"relevant": 0.21818, "distractor": 0.21818}, "rc_at_3": {"relevant": 0.47273, "distractor": 0.54545}, "rc_at_5": {"relevant": 0.58182, "distractor": 1.12727}, "rc_at_10": {"relevant": 0.96364, "distractor": 2.12727}, "rc_at_20": {"relevant": 1.27273, "distractor": 3.83636}, "rc_at_100": {"relevant": 2.30909, "distractor": 10.07273}, "rc_at_200": {"relevant": 2.74545, "distractor": 14.12727}, "rc_at_300": {"relevant": 3.12727, "distractor": 16.58182}, "rc_at_500": {"relevant": 3.47273, "distractor": 20.14545}, "rc_at_1000": {"relevant": 3.94545, "distractor": 25.25455}}