{"ndcg_at_1": 0.00065, "ndcg_at_3": 0.0005, "ndcg_at_5": 0.0005, "ndcg_at_10": 0.0007, "ndcg_at_20": 0.00093, "ndcg_at_100": 0.00155, "ndcg_at_200": 0.00235, "ndcg_at_300": 0.00274, "ndcg_at_500": 0.00319, "ndcg_at_1000": 0.00421, "map_at_1": 0.00022, "map_at_3": 0.00033, "map_at_5": 0.00033, "map_at_10": 0.00039, "map_at_20": 0.00043, "map_at_100": 0.00051, "map_at_200": 0.00055, "map_at_300": 0.00055, "map_at_500": 0.00056, "map_at_1000": 0.00057, "recall_at_1": 0.00022, "recall_at_3": 0.00043, "recall_at_5": 0.00043, "recall_at_10": 0.00092, "recall_at_20": 0.00152, "recall_at_100": 0.00413, "recall_at_200": 0.00871, "recall_at_300": 0.01093, "recall_at_500": 0.01365, "recall_at_1000": 0.02129, "precision_at_1": 0.00065, "precision_at_3": 0.00043, "precision_at_5": 0.00026, "precision_at_10": 0.00026, "precision_at_20": 0.00023, "precision_at_100": 0.00011, "precision_at_200": 0.00011, "precision_at_300": 9e-05, "precision_at_500": 7e-05, "precision_at_1000": 5e-05, "mrr_at_1": 0.00065, "mrr_at_3": 0.00098, "mrr_at_5": 0.00111, "mrr_at_10": 0.00127, "mrr_at_20": 0.00142, "mrr_at_100": 0.00157, "mrr_at_200": 0.00162, "mrr_at_300": 0.00164, "mrr_at_500": 0.00167, "mrr_at_1000": 0.00169, "rc_at_1": {"relevant": 0.0, "distractor": 0.0}, "rc_at_3": {"relevant": 0.0, "distractor": 0.0}, "rc_at_5": {"relevant": 0.0, "distractor": 0.0}, "rc_at_10": {"relevant": 0.0, "distractor": 0.0}, "rc_at_20": {"relevant": 0.0, "distractor": 0.0}, "rc_at_100": {"relevant": 0.0, "distractor": 0.0}, "rc_at_200": {"relevant": 0.0, "distractor": 0.0}, "rc_at_300": {"relevant": 0.0, "distractor": 0.0}, "rc_at_500": {"relevant": 0.0, "distractor": 0.0}, "rc_at_1000": {"relevant": 0.0, "distractor": 0.0}}