{"ndcg_at_1": 0.41465, "ndcg_at_3": 0.45445, "ndcg_at_5": 0.474, "ndcg_at_10": 0.49542, "ndcg_at_20": 0.51372, "ndcg_at_100": 0.5407, "ndcg_at_200": 0.5477, "ndcg_at_300": 0.55148, "ndcg_at_500": 0.5547, "ndcg_at_1000": 0.55899, "map_at_1": 0.33642, "map_at_3": 0.40825, "map_at_5": 0.42492, "map_at_10": 0.43845, "map_at_20": 0.44598, "map_at_100": 0.45204, "map_at_200": 0.4527, "map_at_300": 0.45295, "map_at_500": 0.4531, "map_at_1000": 0.45322, "recall_at_1": 0.33642, "recall_at_3": 0.4712, "recall_at_5": 0.52426, "recall_at_10": 0.59202, "recall_at_20": 0.65945, "recall_at_100": 0.783, "recall_at_200": 0.82244, "recall_at_300": 0.84541, "recall_at_500": 0.86619, "recall_at_1000": 0.89766, "precision_at_1": 0.41465, "precision_at_3": 0.21741, "precision_at_5": 0.15414, "precision_at_10": 0.09255, "precision_at_20": 0.05462, "precision_at_100": 0.0147, "precision_at_200": 0.00804, "precision_at_300": 0.00565, "precision_at_500": 0.00356, "precision_at_1000": 0.0019, "mrr_at_1": 0.41529, "mrr_at_3": 0.47654, "mrr_at_5": 0.48966, "mrr_at_10": 0.49781, "mrr_at_20": 0.50202, "mrr_at_100": 0.50465, "mrr_at_200": 0.50491, "mrr_at_300": 0.50498, "mrr_at_500": 0.50502, "mrr_at_1000": 0.50506, "rc_at_1": {"relevant": 0.0, "distractor": 0.0}, "rc_at_3": {"relevant": 0.0, "distractor": 0.0}, "rc_at_5": {"relevant": 0.0, "distractor": 0.0}, "rc_at_10": {"relevant": 0.0, "distractor": 0.0}, "rc_at_20": {"relevant": 0.0, "distractor": 0.0}, "rc_at_100": {"relevant": 0.0, "distractor": 0.0}, "rc_at_200": {"relevant": 0.0, "distractor": 0.0}, "rc_at_300": {"relevant": 0.0, "distractor": 0.0}, "rc_at_500": {"relevant": 0.0, "distractor": 0.0}, "rc_at_1000": {"relevant": 0.0, "distractor": 0.0}}