{"ndcg_at_1": 0.247, "ndcg_at_3": 0.19526, "ndcg_at_5": 0.17209, "ndcg_at_10": 0.20743, "ndcg_at_20": 0.2362, "ndcg_at_100": 0.28715, "ndcg_at_200": 0.30413, "ndcg_at_300": 0.31509, "ndcg_at_500": 0.32514, "ndcg_at_1000": 0.34002, "map_at_1": 0.05018, "map_at_3": 0.08779, "map_at_5": 0.1063, "map_at_10": 0.12429, "map_at_20": 0.13461, "map_at_100": 0.14499, "map_at_200": 0.14648, "map_at_300": 0.14713, "map_at_500": 0.14755, "map_at_1000": 0.14796, "recall_at_1": 0.05018, "recall_at_3": 0.10993, "recall_at_5": 0.15327, "recall_at_10": 0.2182, "recall_at_20": 0.2862, "recall_at_100": 0.45113, "recall_at_200": 0.52315, "recall_at_300": 0.57505, "recall_at_500": 0.62618, "recall_at_1000": 0.70963, "precision_at_1": 0.247, "precision_at_3": 0.181, "precision_at_5": 0.1512, "precision_at_10": 0.1076, "precision_at_20": 0.0706, "precision_at_100": 0.0222, "precision_at_200": 0.01289, "precision_at_300": 0.00943, "precision_at_500": 0.00617, "precision_at_1000": 0.00349, "mrr_at_1": 0.247, "mrr_at_3": 0.3195, "mrr_at_5": 0.33955, "mrr_at_10": 0.35364, "mrr_at_20": 0.36027, "mrr_at_100": 0.36453, "mrr_at_200": 0.36479, "mrr_at_300": 0.36489, "mrr_at_500": 0.36496, "mrr_at_1000": 0.36499, "rc_at_1": {"relevant": 0.0, "distractor": 0.0}, "rc_at_3": {"relevant": 0.0, "distractor": 0.0}, "rc_at_5": {"relevant": 0.0, "distractor": 0.0}, "rc_at_10": {"relevant": 0.0, "distractor": 0.0}, "rc_at_20": {"relevant": 0.0, "distractor": 0.0}, "rc_at_100": {"relevant": 0.0, "distractor": 0.0}, "rc_at_200": {"relevant": 0.0, "distractor": 0.0}, "rc_at_300": {"relevant": 0.0, "distractor": 0.0}, "rc_at_500": {"relevant": 0.0, "distractor": 0.0}, "rc_at_1000": {"relevant": 0.0, "distractor": 0.0}}