{"ndcg_at_1": 0.02085, "ndcg_at_3": 0.01894, "ndcg_at_5": 0.02086, "ndcg_at_10": 0.02481, "ndcg_at_20": 0.02892, "ndcg_at_100": 0.03858, "ndcg_at_200": 0.04371, "ndcg_at_300": 0.04724, "ndcg_at_500": 0.0514, "ndcg_at_1000": 0.05919, "map_at_1": 0.00893, "map_at_3": 0.01296, "map_at_5": 0.01426, "map_at_10": 0.01565, "map_at_20": 0.01655, "map_at_100": 0.0177, "map_at_200": 0.01795, "map_at_300": 0.01806, "map_at_500": 0.01815, "map_at_1000": 0.01825, "recall_at_1": 0.00893, "recall_at_3": 0.01848, "recall_at_5": 0.02436, "recall_at_10": 0.03418, "recall_at_20": 0.04725, "recall_at_100": 0.08727, "recall_at_200": 0.11474, "recall_at_300": 0.13554, "recall_at_500": 0.1623, "recall_at_1000": 0.21607, "precision_at_1": 0.02085, "precision_at_3": 0.01368, "precision_at_5": 0.01094, "precision_at_10": 0.00756, "precision_at_20": 0.00531, "precision_at_100": 0.00212, "precision_at_200": 0.00144, "precision_at_300": 0.00115, "precision_at_500": 0.00083, "precision_at_1000": 0.00057, "mrr_at_1": 0.02085, "mrr_at_3": 0.02856, "mrr_at_5": 0.03178, "mrr_at_10": 0.03447, "mrr_at_20": 0.03621, "mrr_at_100": 0.03827, "mrr_at_200": 0.03865, "mrr_at_300": 0.03882, "mrr_at_500": 0.03897, "mrr_at_1000": 0.0391, "rc_at_1": {"relevant": 0.0, "distractor": 0.0}, "rc_at_3": {"relevant": 0.0, "distractor": 0.0}, "rc_at_5": {"relevant": 0.0, "distractor": 0.0}, "rc_at_10": {"relevant": 0.0, "distractor": 0.0}, "rc_at_20": {"relevant": 0.0, "distractor": 0.0}, "rc_at_100": {"relevant": 0.0, "distractor": 0.0}, "rc_at_200": {"relevant": 0.0, "distractor": 0.0}, "rc_at_300": {"relevant": 0.0, "distractor": 0.0}, "rc_at_500": {"relevant": 0.0, "distractor": 0.0}, "rc_at_1000": {"relevant": 0.0, "distractor": 0.0}}