{"ndcg_at_1": 0.00069, "ndcg_at_3": 0.00101, "ndcg_at_5": 0.00118, "ndcg_at_10": 0.00194, "ndcg_at_20": 0.0024, "ndcg_at_100": 0.00482, "ndcg_at_200": 0.00616, "ndcg_at_300": 0.00716, "ndcg_at_500": 0.00856, "ndcg_at_1000": 0.01179, "map_at_1": 0.00069, "map_at_3": 0.00088, "map_at_5": 0.00096, "map_at_10": 0.00128, "map_at_20": 0.0014, "map_at_100": 0.00165, "map_at_200": 0.0017, "map_at_300": 0.00174, "map_at_500": 0.00177, "map_at_1000": 0.00181, "recall_at_1": 0.00069, "recall_at_3": 0.00106, "recall_at_5": 0.00141, "recall_at_10": 0.00369, "recall_at_20": 0.00542, "recall_at_100": 0.0183, "recall_at_200": 0.02706, "recall_at_300": 0.03408, "recall_at_500": 0.04507, "recall_at_1000": 0.07279, "precision_at_1": 0.00069, "precision_at_3": 0.00046, "precision_at_5": 0.00041, "precision_at_10": 0.00052, "precision_at_20": 0.0004, "precision_at_100": 0.00028, "precision_at_200": 0.00022, "precision_at_300": 0.00019, "precision_at_500": 0.00015, "precision_at_1000": 0.00012, "mrr_at_1": 0.0, "mrr_at_3": 0.00115, "mrr_at_5": 0.00146, "mrr_at_10": 0.00146, "mrr_at_20": 0.00162, "mrr_at_100": 0.00208, "mrr_at_200": 0.00215, "mrr_at_300": 0.00222, "mrr_at_500": 0.00226, "mrr_at_1000": 0.0023, "rc_at_1": {"relevant": 0.0, "distractor": 0.0}, "rc_at_3": {"relevant": 0.0, "distractor": 0.0}, "rc_at_5": {"relevant": 0.0, "distractor": 0.0}, "rc_at_10": {"relevant": 0.0, "distractor": 0.0}, "rc_at_20": {"relevant": 0.0, "distractor": 0.0}, "rc_at_100": {"relevant": 0.0, "distractor": 0.0}, "rc_at_200": {"relevant": 0.0, "distractor": 0.0}, "rc_at_300": {"relevant": 0.0, "distractor": 0.0}, "rc_at_500": {"relevant": 0.0, "distractor": 0.0}, "rc_at_1000": {"relevant": 0.0, "distractor": 0.0}}