{"ndcg_at_1": 0.36808, "ndcg_at_3": 0.30763, "ndcg_at_5": 0.32323, "ndcg_at_10": 0.36033, "ndcg_at_20": 0.38636, "ndcg_at_100": 0.42347, "ndcg_at_200": 0.43505, "ndcg_at_300": 0.43979, "ndcg_at_500": 0.44519, "ndcg_at_1000": 0.45164, "map_at_1": 0.16384, "map_at_3": 0.22836, "map_at_5": 0.24842, "map_at_10": 0.26848, "map_at_20": 0.27855, "map_at_100": 0.28594, "map_at_200": 0.28689, "map_at_300": 0.28717, "map_at_500": 0.28737, "map_at_1000": 0.28754, "recall_at_1": 0.16384, "recall_at_3": 0.27483, "recall_at_5": 0.3283, "recall_at_10": 0.41094, "recall_at_20": 0.48337, "recall_at_100": 0.6253, "recall_at_200": 0.68263, "recall_at_300": 0.70798, "recall_at_500": 0.74041, "recall_at_1000": 0.78215, "precision_at_1": 0.36808, "precision_at_3": 0.22801, "precision_at_5": 0.1686, "precision_at_10": 0.10847, "precision_at_20": 0.06557, "precision_at_100": 0.01764, "precision_at_200": 0.00977, "precision_at_300": 0.00681, "precision_at_500": 0.0043, "precision_at_1000": 0.00229, "mrr_at_1": 0.36808, "mrr_at_3": 0.45603, "mrr_at_5": 0.47091, "mrr_at_10": 0.4822, "mrr_at_20": 0.48673, "mrr_at_100": 0.48921, "mrr_at_200": 0.48946, "mrr_at_300": 0.4895, "mrr_at_500": 0.48954, "mrr_at_1000": 0.48955, "rc_at_1": {"relevant": 0.0, "distractor": 0.0}, "rc_at_3": {"relevant": 0.0, "distractor": 0.0}, "rc_at_5": {"relevant": 0.0, "distractor": 0.0}, "rc_at_10": {"relevant": 0.0, "distractor": 0.0}, "rc_at_20": {"relevant": 0.0, "distractor": 0.0}, "rc_at_100": {"relevant": 0.0, "distractor": 0.0}, "rc_at_200": {"relevant": 0.0, "distractor": 0.0}, "rc_at_300": {"relevant": 0.0, "distractor": 0.0}, "rc_at_500": {"relevant": 0.0, "distractor": 0.0}, "rc_at_1000": {"relevant": 0.0, "distractor": 0.0}}