{"ndcg_at_1": 0.2432, "ndcg_at_3": 0.30254, "ndcg_at_5": 0.32729, "ndcg_at_10": 0.35688, "ndcg_at_20": 0.38243, "ndcg_at_100": 0.4228, "ndcg_at_200": 0.43453, "ndcg_at_300": 0.43875, "ndcg_at_500": 0.44361, "ndcg_at_1000": 0.44779, "map_at_1": 0.19773, "map_at_3": 0.26339, "map_at_5": 0.28004, "map_at_10": 0.29504, "map_at_20": 0.30346, "map_at_100": 0.31037, "map_at_200": 0.31126, "map_at_300": 0.31149, "map_at_500": 0.31168, "map_at_1000": 0.31179, "recall_at_1": 0.19773, "recall_at_3": 0.33753, "recall_at_5": 0.40097, "recall_at_10": 0.48779, "recall_at_20": 0.57947, "recall_at_100": 0.77217, "recall_at_200": 0.84219, "recall_at_300": 0.86859, "recall_at_500": 0.90199, "recall_at_1000": 0.93178, "precision_at_1": 0.2432, "precision_at_3": 0.14783, "precision_at_5": 0.1113, "precision_at_10": 0.0721, "precision_at_20": 0.04485, "precision_at_100": 0.01292, "precision_at_200": 0.00737, "precision_at_300": 0.0052, "precision_at_500": 0.00334, "precision_at_1000": 0.0018, "mrr_at_1": 0.24607, "mrr_at_3": 0.31664, "mrr_at_5": 0.33395, "mrr_at_10": 0.34766, "mrr_at_20": 0.35452, "mrr_at_100": 0.35848, "mrr_at_200": 0.35888, "mrr_at_300": 0.35896, "mrr_at_500": 0.35903, "mrr_at_1000": 0.35906, "rc_at_1": {"relevant": 0.0, "distractor": 0.0}, "rc_at_3": {"relevant": 0.0, "distractor": 0.0}, "rc_at_5": {"relevant": 0.0, "distractor": 0.0}, "rc_at_10": {"relevant": 0.0, "distractor": 0.0}, "rc_at_20": {"relevant": 0.0, "distractor": 0.0}, "rc_at_100": {"relevant": 0.0, "distractor": 0.0}, "rc_at_200": {"relevant": 0.0, "distractor": 0.0}, "rc_at_300": {"relevant": 0.0, "distractor": 0.0}, "rc_at_500": {"relevant": 0.0, "distractor": 0.0}, "rc_at_1000": {"relevant": 0.0, "distractor": 0.0}}