{"ndcg_at_1": 0.46207, "ndcg_at_3": 0.51767, "ndcg_at_5": 0.54474, "ndcg_at_10": 0.56499, "ndcg_at_20": 0.58052, "ndcg_at_100": 0.60223, "ndcg_at_200": 0.60757, "ndcg_at_300": 0.61072, "ndcg_at_500": 0.61252, "ndcg_at_1000": 0.61532, "map_at_1": 0.4058, "map_at_3": 0.48641, "map_at_5": 0.50521, "map_at_10": 0.51559, "map_at_20": 0.52107, "map_at_100": 0.5248, "map_at_200": 0.52515, "map_at_300": 0.52528, "map_at_500": 0.52534, "map_at_1000": 0.52539, "recall_at_1": 0.4058, "recall_at_3": 0.55554, "recall_at_5": 0.61999, "recall_at_10": 0.67798, "recall_at_20": 0.73473, "recall_at_100": 0.83994, "recall_at_200": 0.87401, "recall_at_300": 0.89705, "recall_at_500": 0.9104, "recall_at_1000": 0.9345, "precision_at_1": 0.46207, "precision_at_3": 0.22654, "precision_at_5": 0.15649, "precision_at_10": 0.08815, "precision_at_20": 0.04865, "precision_at_100": 0.0115, "precision_at_200": 0.00604, "precision_at_300": 0.00414, "precision_at_500": 0.00254, "precision_at_1000": 0.00131, "mrr_at_1": 0.4627, "mrr_at_3": 0.52602, "mrr_at_5": 0.54009, "mrr_at_10": 0.54724, "mrr_at_20": 0.5511, "mrr_at_100": 0.55359, "mrr_at_200": 0.5538, "mrr_at_300": 0.55388, "mrr_at_500": 0.55391, "mrr_at_1000": 0.55393, "rc_at_1": {"relevant": 0.0, "distractor": 0.0}, "rc_at_3": {"relevant": 0.0, "distractor": 0.0}, "rc_at_5": {"relevant": 0.0, "distractor": 0.0}, "rc_at_10": {"relevant": 0.0, "distractor": 0.0}, "rc_at_20": {"relevant": 0.0, "distractor": 0.0}, "rc_at_100": {"relevant": 0.0, "distractor": 0.0}, "rc_at_200": {"relevant": 0.0, "distractor": 0.0}, "rc_at_300": {"relevant": 0.0, "distractor": 0.0}, "rc_at_500": {"relevant": 0.0, "distractor": 0.0}, "rc_at_1000": {"relevant": 0.0, "distractor": 0.0}}