{"ndcg_at_1": 0.16364, "ndcg_at_3": 0.12189, "ndcg_at_5": 0.10083, "ndcg_at_10": 0.08108, "ndcg_at_20": 0.09607, "ndcg_at_100": 0.11854, "ndcg_at_200": 0.13478, "ndcg_at_300": 0.14028, "ndcg_at_500": 0.14495, "ndcg_at_1000": 0.15214, "map_at_1": 0.01636, "map_at_3": 0.02909, "map_at_5": 0.03209, "map_at_10": 0.03901, "map_at_20": 0.04474, "map_at_100": 0.04819, "map_at_200": 0.04974, "map_at_300": 0.05, "map_at_500": 0.05022, "map_at_1000": 0.05042, "recall_at_1": 0.01636, "recall_at_3": 0.03273, "recall_at_5": 0.04182, "recall_at_10": 0.06364, "recall_at_20": 0.09091, "recall_at_100": 0.14909, "recall_at_200": 0.20182, "recall_at_300": 0.22182, "recall_at_500": 0.24, "recall_at_1000": 0.27091, "precision_at_1": 0.16364, "precision_at_3": 0.10909, "precision_at_5": 0.08364, "precision_at_10": 0.06364, "precision_at_20": 0.04545, "precision_at_100": 0.01491, "precision_at_200": 0.01009, "precision_at_300": 0.00739, "precision_at_500": 0.0048, "precision_at_1000": 0.00271, "mrr_at_1": 0.16364, "mrr_at_3": 0.19394, "mrr_at_5": 0.20576, "mrr_at_10": 0.21848, "mrr_at_20": 0.22077, "mrr_at_100": 0.22363, "mrr_at_200": 0.22416, "mrr_at_300": 0.22425, "mrr_at_500": 0.22431, "mrr_at_1000": 0.22439, "rc_at_1": {"relevant": 0.16364, "distractor": 0.10909}, "rc_at_3": {"relevant": 0.34545, "distractor": 0.36364}, "rc_at_5": {"relevant": 0.41818, "distractor": 0.56364}, "rc_at_10": {"relevant": 0.63636, "distractor": 0.96364}, "rc_at_20": {"relevant": 0.90909, "distractor": 1.70909}, "rc_at_100": {"relevant": 1.49091, "distractor": 4.50909}, "rc_at_200": {"relevant": 2.01818, "distractor": 6.61818}, "rc_at_300": {"relevant": 2.21818, "distractor": 7.90909}, "rc_at_500": {"relevant": 2.41818, "distractor": 10.32727}, "rc_at_1000": {"relevant": 2.72727, "distractor": 13.23636}}