{"ndcg_at_1": 0.4, "ndcg_at_3": 0.32169, "ndcg_at_5": 0.28637, "ndcg_at_10": 0.23341, "ndcg_at_20": 0.29586, "ndcg_at_100": 0.4508, "ndcg_at_200": 0.4783, "ndcg_at_300": 0.48897, "ndcg_at_500": 0.49601, "ndcg_at_1000": 0.50361, "map_at_1": 0.04, "map_at_3": 0.07152, "map_at_5": 0.09206, "map_at_10": 0.11755, "map_at_20": 0.14563, "map_at_100": 0.19658, "map_at_200": 0.2017, "map_at_300": 0.20298, "map_at_500": 0.20357, "map_at_1000": 0.20391, "recall_at_1": 0.04, "recall_at_3": 0.09091, "recall_at_5": 0.12909, "recall_at_10": 0.19636, "recall_at_20": 0.30909, "recall_at_100": 0.69455, "recall_at_200": 0.78364, "recall_at_300": 0.82182, "recall_at_500": 0.84909, "recall_at_1000": 0.88182, "precision_at_1": 0.4, "precision_at_3": 0.30303, "precision_at_5": 0.25818, "precision_at_10": 0.19636, "precision_at_20": 0.15455, "precision_at_100": 0.06945, "precision_at_200": 0.03918, "precision_at_300": 0.02739, "precision_at_500": 0.01698, "precision_at_1000": 0.00882, "mrr_at_1": 0.4, "mrr_at_3": 0.51515, "mrr_at_5": 0.52879, "mrr_at_10": 0.54312, "mrr_at_20": 0.54884, "mrr_at_100": 0.54988, "mrr_at_200": 0.55, "mrr_at_300": 0.55007, "mrr_at_500": 0.55007, "mrr_at_1000": 0.55007, "rc_at_1": {"relevant": 0.4, "distractor": 0.6}, "rc_at_3": {"relevant": 0.90909, "distractor": 2.07273}, "rc_at_5": {"relevant": 1.29091, "distractor": 3.6}, "rc_at_10": {"relevant": 1.96364, "distractor": 7.8}, "rc_at_20": {"relevant": 3.09091, "distractor": 15.63636}, "rc_at_100": {"relevant": 6.94545, "distractor": 56.30909}, "rc_at_200": {"relevant": 7.83636, "distractor": 68.0}, "rc_at_300": {"relevant": 8.21818, "distractor": 73.27273}, "rc_at_500": {"relevant": 8.49091, "distractor": 79.12727}, "rc_at_1000": {"relevant": 8.81818, "distractor": 84.89091}}