{"ndcg_at_1": 0.32308, "ndcg_at_3": 0.26687, "ndcg_at_5": 0.24452, "ndcg_at_10": 0.20968, "ndcg_at_20": 0.27365, "ndcg_at_100": 0.43133, "ndcg_at_200": 0.46989, "ndcg_at_300": 0.47758, "ndcg_at_500": 0.48394, "ndcg_at_1000": 0.49685, "map_at_1": 0.03231, "map_at_3": 0.06513, "map_at_5": 0.08636, "map_at_10": 0.11532, "map_at_20": 0.14315, "map_at_100": 0.19064, "map_at_200": 0.19791, "map_at_300": 0.19884, "map_at_500": 0.19941, "map_at_1000": 0.20006, "recall_at_1": 0.03231, "recall_at_3": 0.07538, "recall_at_5": 0.11231, "recall_at_10": 0.18462, "recall_at_20": 0.3, "recall_at_100": 0.70154, "recall_at_200": 0.82462, "recall_at_300": 0.85231, "recall_at_500": 0.87692, "recall_at_1000": 0.93231, "precision_at_1": 0.32308, "precision_at_3": 0.25128, "precision_at_5": 0.22462, "precision_at_10": 0.18462, "precision_at_20": 0.15, "precision_at_100": 0.07015, "precision_at_200": 0.04123, "precision_at_300": 0.02841, "precision_at_500": 0.01754, "precision_at_1000": 0.00932, "mrr_at_1": 0.33846, "mrr_at_3": 0.40256, "mrr_at_5": 0.41872, "mrr_at_10": 0.44709, "mrr_at_20": 0.45368, "mrr_at_100": 0.45655, "mrr_at_200": 0.45667, "mrr_at_300": 0.45667, "mrr_at_500": 0.45667, "mrr_at_1000": 0.45667, "rc_at_1": {"relevant": 0.33846, "distractor": 0.66154}, "rc_at_3": {"relevant": 0.78462, "distractor": 2.21538}, "rc_at_5": {"relevant": 1.16923, "distractor": 3.8}, "rc_at_10": {"relevant": 1.96923, "distractor": 7.84615}, "rc_at_20": {"relevant": 3.10769, "distractor": 16.21538}, "rc_at_100": {"relevant": 7.23077, "distractor": 70.49231}, "rc_at_200": {"relevant": 8.38462, "distractor": 83.18462}, "rc_at_300": {"relevant": 8.63077, "distractor": 86.70769}, "rc_at_500": {"relevant": 9.0, "distractor": 90.26154}, "rc_at_1000": {"relevant": 9.32308, "distractor": 93.75385}}