{"ndcg_at_1": 0.45455, "ndcg_at_3": 0.3291, "ndcg_at_5": 0.29623, "ndcg_at_10": 0.24536, "ndcg_at_20": 0.31168, "ndcg_at_100": 0.46703, "ndcg_at_200": 0.49829, "ndcg_at_300": 0.50634, "ndcg_at_500": 0.5142, "ndcg_at_1000": 0.52133, "map_at_1": 0.04545, "map_at_3": 0.07636, "map_at_5": 0.10155, "map_at_10": 0.13176, "map_at_20": 0.15878, "map_at_100": 0.21206, "map_at_200": 0.21831, "map_at_300": 0.21927, "map_at_500": 0.21996, "map_at_1000": 0.22022, "recall_at_1": 0.04545, "recall_at_3": 0.08909, "recall_at_5": 0.13091, "recall_at_10": 0.20545, "recall_at_20": 0.32545, "recall_at_100": 0.70909, "recall_at_200": 0.80909, "recall_at_300": 0.83818, "recall_at_500": 0.86909, "recall_at_1000": 0.9, "precision_at_1": 0.45455, "precision_at_3": 0.29697, "precision_at_5": 0.26182, "precision_at_10": 0.20545, "precision_at_20": 0.16273, "precision_at_100": 0.07091, "precision_at_200": 0.04045, "precision_at_300": 0.02794, "precision_at_500": 0.01738, "precision_at_1000": 0.009, "mrr_at_1": 0.45455, "mrr_at_3": 0.52121, "mrr_at_5": 0.53758, "mrr_at_10": 0.55785, "mrr_at_20": 0.56754, "mrr_at_100": 0.56809, "mrr_at_200": 0.56809, "mrr_at_300": 0.56809, "mrr_at_500": 0.56809, "mrr_at_1000": 0.56811, "rc_at_1": {"relevant": 0.45455, "distractor": 0.54545}, "rc_at_3": {"relevant": 0.89091, "distractor": 2.09091}, "rc_at_5": {"relevant": 1.30909, "distractor": 3.61818}, "rc_at_10": {"relevant": 2.05455, "distractor": 7.74545}, "rc_at_20": {"relevant": 3.25455, "distractor": 15.78182}, "rc_at_100": {"relevant": 7.09091, "distractor": 58.61818}, "rc_at_200": {"relevant": 8.09091, "distractor": 70.23636}, "rc_at_300": {"relevant": 8.38182, "distractor": 75.25455}, "rc_at_500": {"relevant": 8.69091, "distractor": 80.21818}, "rc_at_1000": {"relevant": 9.0, "distractor": 85.67273}}