{"ndcg_at_1": 0.31083, "ndcg_at_3": 0.34173, "ndcg_at_5": 0.36027, "ndcg_at_10": 0.37919, "ndcg_at_20": 0.39353, "ndcg_at_100": 0.4205, "ndcg_at_200": 0.42915, "ndcg_at_300": 0.43333, "ndcg_at_500": 0.43782, "ndcg_at_1000": 0.44386, "map_at_1": 0.24567, "map_at_3": 0.30276, "map_at_5": 0.31771, "map_at_10": 0.32842, "map_at_20": 0.33379, "map_at_100": 0.33889, "map_at_200": 0.33963, "map_at_300": 0.33986, "map_at_500": 0.34002, "map_at_1000": 0.34016, "recall_at_1": 0.24567, "recall_at_3": 0.35605, "recall_at_5": 0.40814, "recall_at_10": 0.46882, "recall_at_20": 0.52132, "recall_at_100": 0.64862, "recall_at_200": 0.69816, "recall_at_300": 0.7255, "recall_at_500": 0.75692, "recall_at_1000": 0.80358, "precision_at_1": 0.31083, "precision_at_3": 0.16561, "precision_at_5": 0.11809, "precision_at_10": 0.07134, "precision_at_20": 0.04236, "precision_at_100": 0.01185, "precision_at_200": 0.00669, "precision_at_300": 0.00473, "precision_at_500": 0.00303, "precision_at_1000": 0.00165, "mrr_at_1": 0.3121, "mrr_at_3": 0.36518, "mrr_at_5": 0.37744, "mrr_at_10": 0.3855, "mrr_at_20": 0.38958, "mrr_at_100": 0.39237, "mrr_at_200": 0.39268, "mrr_at_300": 0.39279, "mrr_at_500": 0.39287, "mrr_at_1000": 0.39292, "rc_at_1": {"relevant": 0.0, "distractor": 0.0}, "rc_at_3": {"relevant": 0.0, "distractor": 0.0}, "rc_at_5": {"relevant": 0.0, "distractor": 0.0}, "rc_at_10": {"relevant": 0.0, "distractor": 0.0}, "rc_at_20": {"relevant": 0.0, "distractor": 0.0}, "rc_at_100": {"relevant": 0.0, "distractor": 0.0}, "rc_at_200": {"relevant": 0.0, "distractor": 0.0}, "rc_at_300": {"relevant": 0.0, "distractor": 0.0}, "rc_at_500": {"relevant": 0.0, "distractor": 0.0}, "rc_at_1000": {"relevant": 0.0, "distractor": 0.0}}