{"ndcg_at_1": 0.08282, "ndcg_at_3": 0.10544, "ndcg_at_5": 0.1145, "ndcg_at_10": 0.12374, "ndcg_at_20": 0.13515, "ndcg_at_100": 0.16002, "ndcg_at_200": 0.17123, "ndcg_at_300": 0.17635, "ndcg_at_500": 0.18368, "ndcg_at_1000": 0.19288, "map_at_1": 0.06977, "map_at_3": 0.09408, "map_at_5": 0.09947, "map_at_10": 0.1035, "map_at_20": 0.10669, "map_at_100": 0.1099, "map_at_200": 0.1105, "map_at_300": 0.11067, "map_at_500": 0.11085, "map_at_1000": 0.11099, "recall_at_1": 0.06977, "recall_at_3": 0.12223, "recall_at_5": 0.14533, "recall_at_10": 0.17181, "recall_at_20": 0.21478, "recall_at_100": 0.34626, "recall_at_200": 0.42123, "recall_at_300": 0.45913, "recall_at_500": 0.51832, "recall_at_1000": 0.59969, "precision_at_1": 0.08282, "precision_at_3": 0.04857, "precision_at_5": 0.03497, "precision_at_10": 0.02117, "precision_at_20": 0.01342, "precision_at_100": 0.00439, "precision_at_200": 0.00271, "precision_at_300": 0.00198, "precision_at_500": 0.00135, "precision_at_1000": 0.00079, "mrr_at_1": 0.08282, "mrr_at_3": 0.1089, "mrr_at_5": 0.11434, "mrr_at_10": 0.11866, "mrr_at_20": 0.12185, "mrr_at_100": 0.1249, "mrr_at_200": 0.12547, "mrr_at_300": 0.12564, "mrr_at_500": 0.12581, "mrr_at_1000": 0.12592, "rc_at_1": {"relevant": 0.0, "distractor": 0.0}, "rc_at_3": {"relevant": 0.0, "distractor": 0.0}, "rc_at_5": {"relevant": 0.0, "distractor": 0.0}, "rc_at_10": {"relevant": 0.0, "distractor": 0.0}, "rc_at_20": {"relevant": 0.0, "distractor": 0.0}, "rc_at_100": {"relevant": 0.0, "distractor": 0.0}, "rc_at_200": {"relevant": 0.0, "distractor": 0.0}, "rc_at_300": {"relevant": 0.0, "distractor": 0.0}, "rc_at_500": {"relevant": 0.0, "distractor": 0.0}, "rc_at_1000": {"relevant": 0.0, "distractor": 0.0}}