{"ndcg_at_1": 0.33955, "ndcg_at_3": 0.38235, "ndcg_at_5": 0.40852, "ndcg_at_10": 0.43257, "ndcg_at_20": 0.45703, "ndcg_at_100": 0.48785, "ndcg_at_200": 0.49659, "ndcg_at_300": 0.50019, "ndcg_at_500": 0.50463, "ndcg_at_1000": 0.50937, "map_at_1": 0.29159, "map_at_3": 0.35124, "map_at_5": 0.36891, "map_at_10": 0.38005, "map_at_20": 0.38788, "map_at_100": 0.39288, "map_at_200": 0.39349, "map_at_300": 0.39365, "map_at_500": 0.39379, "map_at_1000": 0.39388, "recall_at_1": 0.29159, "recall_at_3": 0.41242, "recall_at_5": 0.47791, "recall_at_10": 0.54801, "recall_at_20": 0.63481, "recall_at_100": 0.78434, "recall_at_200": 0.83769, "recall_at_300": 0.86292, "recall_at_500": 0.8952, "recall_at_1000": 0.93338, "precision_at_1": 0.33955, "precision_at_3": 0.16947, "precision_at_5": 0.1209, "precision_at_10": 0.07127, "precision_at_20": 0.04296, "precision_at_100": 0.0111, "precision_at_200": 0.00608, "precision_at_300": 0.00421, "precision_at_500": 0.00266, "precision_at_1000": 0.00141, "mrr_at_1": 0.33955, "mrr_at_3": 0.3977, "mrr_at_5": 0.4143, "mrr_at_10": 0.42372, "mrr_at_20": 0.4296, "mrr_at_100": 0.43293, "mrr_at_200": 0.43324, "mrr_at_300": 0.43333, "mrr_at_500": 0.4334, "mrr_at_1000": 0.43345, "rc_at_1": {"relevant": 0.0, "distractor": 0.0}, "rc_at_3": {"relevant": 0.0, "distractor": 0.0}, "rc_at_5": {"relevant": 0.0, "distractor": 0.0}, "rc_at_10": {"relevant": 0.0, "distractor": 0.0}, "rc_at_20": {"relevant": 0.0, "distractor": 0.0}, "rc_at_100": {"relevant": 0.0, "distractor": 0.0}, "rc_at_200": {"relevant": 0.0, "distractor": 0.0}, "rc_at_300": {"relevant": 0.0, "distractor": 0.0}, "rc_at_500": {"relevant": 0.0, "distractor": 0.0}, "rc_at_1000": {"relevant": 0.0, "distractor": 0.0}}