{"ndcg_at_1": 0.83888, "ndcg_at_3": 0.87274, "ndcg_at_5": 0.88001, "ndcg_at_10": 0.88591, "ndcg_at_20": 0.88943, "ndcg_at_100": 0.89276, "ndcg_at_200": 0.89347, "ndcg_at_300": 0.89388, "ndcg_at_500": 0.89423, "ndcg_at_1000": 0.89469, "map_at_1": 0.77815, "map_at_3": 0.84348, "map_at_5": 0.84929, "map_at_10": 0.85251, "map_at_20": 0.85382, "map_at_100": 0.85454, "map_at_200": 0.8546, "map_at_300": 0.85463, "map_at_500": 0.85464, "map_at_1000": 0.85465, "recall_at_1": 0.77815, "recall_at_3": 0.90504, "recall_at_5": 0.92439, "recall_at_10": 0.94233, "recall_at_20": 0.95442, "recall_at_100": 0.96885, "recall_at_200": 0.97279, "recall_at_300": 0.97521, "recall_at_500": 0.97739, "recall_at_1000": 0.98071, "precision_at_1": 0.83888, "precision_at_3": 0.33048, "precision_at_5": 0.20381, "precision_at_10": 0.10458, "precision_at_20": 0.05341, "precision_at_100": 0.01101, "precision_at_200": 0.00556, "precision_at_300": 0.00372, "precision_at_500": 0.00225, "precision_at_1000": 0.00113, "mrr_at_1": 0.83663, "mrr_at_3": 0.89274, "mrr_at_5": 0.89644, "mrr_at_10": 0.89846, "mrr_at_20": 0.8989, "mrr_at_100": 0.89902, "mrr_at_200": 0.89903, "mrr_at_300": 0.89903, "mrr_at_500": 0.89903, "mrr_at_1000": 0.89903, "rc_at_1": {"relevant": 0.0, "distractor": 0.0}, "rc_at_3": {"relevant": 0.0, "distractor": 0.0}, "rc_at_5": {"relevant": 0.0, "distractor": 0.0}, "rc_at_10": {"relevant": 0.0, "distractor": 0.0}, "rc_at_20": {"relevant": 0.0, "distractor": 0.0}, "rc_at_100": {"relevant": 0.0, "distractor": 0.0}, "rc_at_200": {"relevant": 0.0, "distractor": 0.0}, "rc_at_300": {"relevant": 0.0, "distractor": 0.0}, "rc_at_500": {"relevant": 0.0, "distractor": 0.0}, "rc_at_1000": {"relevant": 0.0, "distractor": 0.0}}