{"ndcg_at_1": 0.4613, "ndcg_at_3": 0.4136, "ndcg_at_5": 0.39886, "ndcg_at_10": 0.36516, "ndcg_at_20": 0.34251, "ndcg_at_100": 0.3368, "ndcg_at_200": 0.35483, "ndcg_at_300": 0.36863, "ndcg_at_500": 0.39099, "ndcg_at_1000": 0.42678, "map_at_1": 0.04924, "map_at_3": 0.09102, "map_at_5": 0.11069, "map_at_10": 0.13138, "map_at_20": 0.14938, "map_at_100": 0.17306, "map_at_200": 0.1797, "map_at_300": 0.18273, "map_at_500": 0.18599, "map_at_1000": 0.18997, "recall_at_1": 0.04924, "recall_at_3": 0.10322, "recall_at_5": 0.13751, "recall_at_10": 0.17263, "recall_at_20": 0.2167, "recall_at_100": 0.34752, "recall_at_200": 0.42447, "recall_at_300": 0.47369, "recall_at_500": 0.55086, "recall_at_1000": 0.66903, "precision_at_1": 0.47988, "precision_at_3": 0.39628, "precision_at_5": 0.35789, "precision_at_10": 0.28266, "precision_at_20": 0.21207, "precision_at_100": 0.09124, "precision_at_200": 0.05994, "precision_at_300": 0.04662, "precision_at_500": 0.03396, "precision_at_1000": 0.02259, "mrr_at_1": 0.48297, "mrr_at_3": 0.54696, "mrr_at_5": 0.55733, "mrr_at_10": 0.56405, "mrr_at_20": 0.56575, "mrr_at_100": 0.56882, "mrr_at_200": 0.56911, "mrr_at_300": 0.56916, "mrr_at_500": 0.56922, "mrr_at_1000": 0.56926, "rc_at_1": {"relevant": 0.0, "distractor": 0.0}, "rc_at_3": {"relevant": 0.0, "distractor": 0.0}, "rc_at_5": {"relevant": 0.0, "distractor": 0.0}, "rc_at_10": {"relevant": 0.0, "distractor": 0.0}, "rc_at_20": {"relevant": 0.0, "distractor": 0.0}, "rc_at_100": {"relevant": 0.0, "distractor": 0.0}, "rc_at_200": {"relevant": 0.0, "distractor": 0.0}, "rc_at_300": {"relevant": 0.0, "distractor": 0.0}, "rc_at_500": {"relevant": 0.0, "distractor": 0.0}, "rc_at_1000": {"relevant": 0.0, "distractor": 0.0}}