{"ndcg_at_1": 0.06504, "ndcg_at_3": 0.07957, "ndcg_at_5": 0.08684, "ndcg_at_10": 0.09664, "ndcg_at_20": 0.10562, "ndcg_at_100": 0.12768, "ndcg_at_200": 0.1375, "ndcg_at_300": 0.14311, "ndcg_at_500": 0.15107, "ndcg_at_1000": 0.16059, "map_at_1": 0.05124, "map_at_3": 0.06825, "map_at_5": 0.07286, "map_at_10": 0.07715, "map_at_20": 0.07968, "map_at_100": 0.08261, "map_at_200": 0.08314, "map_at_300": 0.08333, "map_at_500": 0.08353, "map_at_1000": 0.08368, "recall_at_1": 0.05124, "recall_at_3": 0.08988, "recall_at_5": 0.10917, "recall_at_10": 0.13887, "recall_at_20": 0.17212, "recall_at_100": 0.28565, "recall_at_200": 0.34944, "recall_at_300": 0.38967, "recall_at_500": 0.45204, "recall_at_1000": 0.53312, "precision_at_1": 0.06504, "precision_at_3": 0.03934, "precision_at_5": 0.02877, "precision_at_10": 0.01851, "precision_at_20": 0.01165, "precision_at_100": 0.00401, "precision_at_200": 0.00255, "precision_at_300": 0.00193, "precision_at_500": 0.00136, "precision_at_1000": 0.00082, "mrr_at_1": 0.06504, "mrr_at_3": 0.08626, "mrr_at_5": 0.09133, "mrr_at_10": 0.09586, "mrr_at_20": 0.0987, "mrr_at_100": 0.10169, "mrr_at_200": 0.10219, "mrr_at_300": 0.10239, "mrr_at_500": 0.10255, "mrr_at_1000": 0.10267, "rc_at_1": {"relevant": 0.0, "distractor": 0.0}, "rc_at_3": {"relevant": 0.0, "distractor": 0.0}, "rc_at_5": {"relevant": 0.0, "distractor": 0.0}, "rc_at_10": {"relevant": 0.0, "distractor": 0.0}, "rc_at_20": {"relevant": 0.0, "distractor": 0.0}, "rc_at_100": {"relevant": 0.0, "distractor": 0.0}, "rc_at_200": {"relevant": 0.0, "distractor": 0.0}, "rc_at_300": {"relevant": 0.0, "distractor": 0.0}, "rc_at_500": {"relevant": 0.0, "distractor": 0.0}, "rc_at_1000": {"relevant": 0.0, "distractor": 0.0}}