{"ndcg_at_1": 0.235, "ndcg_at_3": 0.1904, "ndcg_at_5": 0.16281, "ndcg_at_10": 0.19831, "ndcg_at_20": 0.22719, "ndcg_at_100": 0.27937, "ndcg_at_200": 0.29646, "ndcg_at_300": 0.30484, "ndcg_at_500": 0.31506, "ndcg_at_1000": 0.32843, "map_at_1": 0.04783, "map_at_3": 0.08513, "map_at_5": 0.09992, "map_at_10": 0.1173, "map_at_20": 0.12792, "map_at_100": 0.13829, "map_at_200": 0.13985, "map_at_300": 0.14034, "map_at_500": 0.14075, "map_at_1000": 0.14111, "recall_at_1": 0.04783, "recall_at_3": 0.10813, "recall_at_5": 0.14252, "recall_at_10": 0.20755, "recall_at_20": 0.2755, "recall_at_100": 0.4442, "recall_at_200": 0.51675, "recall_at_300": 0.55638, "recall_at_500": 0.60883, "recall_at_1000": 0.68395, "precision_at_1": 0.235, "precision_at_3": 0.17767, "precision_at_5": 0.1404, "precision_at_10": 0.1024, "precision_at_20": 0.06795, "precision_at_100": 0.02188, "precision_at_200": 0.01273, "precision_at_300": 0.00913, "precision_at_500": 0.00599, "precision_at_1000": 0.00337, "mrr_at_1": 0.235, "mrr_at_3": 0.312, "mrr_at_5": 0.3277, "mrr_at_10": 0.34264, "mrr_at_20": 0.3489, "mrr_at_100": 0.35354, "mrr_at_200": 0.35388, "mrr_at_300": 0.35398, "mrr_at_500": 0.35406, "mrr_at_1000": 0.35409, "rc_at_1": {"relevant": 0.0, "distractor": 0.0}, "rc_at_3": {"relevant": 0.0, "distractor": 0.0}, "rc_at_5": {"relevant": 0.0, "distractor": 0.0}, "rc_at_10": {"relevant": 0.0, "distractor": 0.0}, "rc_at_20": {"relevant": 0.0, "distractor": 0.0}, "rc_at_100": {"relevant": 0.0, "distractor": 0.0}, "rc_at_200": {"relevant": 0.0, "distractor": 0.0}, "rc_at_300": {"relevant": 0.0, "distractor": 0.0}, "rc_at_500": {"relevant": 0.0, "distractor": 0.0}, "rc_at_1000": {"relevant": 0.0, "distractor": 0.0}}