{"ndcg_at_1": 0.39, "ndcg_at_3": 0.43394, "ndcg_at_5": 0.44561, "ndcg_at_10": 0.47461, "ndcg_at_20": 0.49555, "ndcg_at_100": 0.51957, "ndcg_at_200": 0.5257, "ndcg_at_300": 0.53109, "ndcg_at_500": 0.53532, "ndcg_at_1000": 0.53976, "map_at_1": 0.36733, "map_at_3": 0.41474, "map_at_5": 0.42332, "map_at_10": 0.4363, "map_at_20": 0.44267, "map_at_100": 0.44611, "map_at_200": 0.44644, "map_at_300": 0.44664, "map_at_500": 0.44673, "map_at_1000": 0.4468, "recall_at_1": 0.36733, "recall_at_3": 0.46539, "recall_at_5": 0.49372, "recall_at_10": 0.58011, "recall_at_20": 0.65922, "recall_at_100": 0.785, "recall_at_200": 0.827, "recall_at_300": 0.86867, "recall_at_500": 0.90533, "recall_at_1000": 0.946, "precision_at_1": 0.39, "precision_at_3": 0.16778, "precision_at_5": 0.10933, "precision_at_10": 0.065, "precision_at_20": 0.03733, "precision_at_100": 0.0089, "precision_at_200": 0.00472, "precision_at_300": 0.0033, "precision_at_500": 0.00205, "precision_at_1000": 0.00107, "mrr_at_1": 0.39, "mrr_at_3": 0.43389, "mrr_at_5": 0.44089, "mrr_at_10": 0.45176, "mrr_at_20": 0.45659, "mrr_at_100": 0.45983, "mrr_at_200": 0.46011, "mrr_at_300": 0.46026, "mrr_at_500": 0.46035, "mrr_at_1000": 0.4604, "rc_at_1": {"relevant": 0.0, "distractor": 0.0}, "rc_at_3": {"relevant": 0.0, "distractor": 0.0}, "rc_at_5": {"relevant": 0.0, "distractor": 0.0}, "rc_at_10": {"relevant": 0.0, "distractor": 0.0}, "rc_at_20": {"relevant": 0.0, "distractor": 0.0}, "rc_at_100": {"relevant": 0.0, "distractor": 0.0}, "rc_at_200": {"relevant": 0.0, "distractor": 0.0}, "rc_at_300": {"relevant": 0.0, "distractor": 0.0}, "rc_at_500": {"relevant": 0.0, "distractor": 0.0}, "rc_at_1000": {"relevant": 0.0, "distractor": 0.0}}