{"ndcg_at_1": 0.29091, "ndcg_at_3": 0.21798, "ndcg_at_5": 0.18567, "ndcg_at_10": 0.14234, "ndcg_at_20": 0.16149, "ndcg_at_100": 0.21234, "ndcg_at_200": 0.23203, "ndcg_at_300": 0.24604, "ndcg_at_500": 0.26094, "ndcg_at_1000": 0.27667, "map_at_1": 0.02909, "map_at_3": 0.05273, "map_at_5": 0.06645, "map_at_10": 0.07899, "map_at_20": 0.08601, "map_at_100": 0.09473, "map_at_200": 0.09686, "map_at_300": 0.09787, "map_at_500": 0.09864, "map_at_1000": 0.09919, "recall_at_1": 0.02909, "recall_at_3": 0.06, "recall_at_5": 0.08, "recall_at_10": 0.11091, "recall_at_20": 0.14545, "recall_at_100": 0.27455, "recall_at_200": 0.33818, "recall_at_300": 0.38909, "recall_at_500": 0.44727, "recall_at_1000": 0.51455, "precision_at_1": 0.29091, "precision_at_3": 0.2, "precision_at_5": 0.16, "precision_at_10": 0.11091, "precision_at_20": 0.07273, "precision_at_100": 0.02745, "precision_at_200": 0.01691, "precision_at_300": 0.01297, "precision_at_500": 0.00895, "precision_at_1000": 0.00515, "mrr_at_1": 0.29091, "mrr_at_3": 0.33333, "mrr_at_5": 0.34242, "mrr_at_10": 0.35371, "mrr_at_20": 0.35949, "mrr_at_100": 0.36556, "mrr_at_200": 0.36565, "mrr_at_300": 0.3658, "mrr_at_500": 0.3658, "mrr_at_1000": 0.36583, "rc_at_1": {"relevant": 0.29091, "distractor": 0.38182}, "rc_at_3": {"relevant": 0.6, "distractor": 1.12727}, "rc_at_5": {"relevant": 0.8, "distractor": 1.69091}, "rc_at_10": {"relevant": 1.10909, "distractor": 3.12727}, "rc_at_20": {"relevant": 1.45455, "distractor": 5.54545}, "rc_at_100": {"relevant": 2.74545, "distractor": 13.65455}, "rc_at_200": {"relevant": 3.38182, "distractor": 18.87273}, "rc_at_300": {"relevant": 3.89091, "distractor": 21.8}, "rc_at_500": {"relevant": 4.47273, "distractor": 26.38182}, "rc_at_1000": {"relevant": 5.14545, "distractor": 33.85455}}