{"ndcg_at_1": 0.32727, "ndcg_at_3": 0.28014, "ndcg_at_5": 0.26323, "ndcg_at_10": 0.20755, "ndcg_at_20": 0.26226, "ndcg_at_100": 0.38007, "ndcg_at_200": 0.40397, "ndcg_at_300": 0.41975, "ndcg_at_500": 0.43192, "ndcg_at_1000": 0.44538, "map_at_1": 0.03273, "map_at_3": 0.07121, "map_at_5": 0.09503, "map_at_10": 0.11465, "map_at_20": 0.13703, "map_at_100": 0.17373, "map_at_200": 0.17763, "map_at_300": 0.17925, "map_at_500": 0.18015, "map_at_1000": 0.18077, "recall_at_1": 0.03273, "recall_at_3": 0.08, "recall_at_5": 0.12364, "recall_at_10": 0.17636, "recall_at_20": 0.27636, "recall_at_100": 0.56727, "recall_at_200": 0.64364, "recall_at_300": 0.7, "recall_at_500": 0.74727, "recall_at_1000": 0.80545, "precision_at_1": 0.32727, "precision_at_3": 0.26667, "precision_at_5": 0.24727, "precision_at_10": 0.17636, "precision_at_20": 0.13818, "precision_at_100": 0.05673, "precision_at_200": 0.03218, "precision_at_300": 0.02333, "precision_at_500": 0.01495, "precision_at_1000": 0.00805, "mrr_at_1": 0.32727, "mrr_at_3": 0.37879, "mrr_at_5": 0.41242, "mrr_at_10": 0.4325, "mrr_at_20": 0.44373, "mrr_at_100": 0.44373, "mrr_at_200": 0.44419, "mrr_at_300": 0.44419, "mrr_at_500": 0.44419, "mrr_at_1000": 0.44422, "rc_at_1": {"relevant": 0.32727, "distractor": 0.61818}, "rc_at_3": {"relevant": 0.8, "distractor": 2.03636}, "rc_at_5": {"relevant": 1.21818, "distractor": 3.34545}, "rc_at_10": {"relevant": 1.76364, "distractor": 6.76364}, "rc_at_20": {"relevant": 2.78182, "distractor": 12.85455}, "rc_at_100": {"relevant": 5.67273, "distractor": 39.90909}, "rc_at_200": {"relevant": 6.43636, "distractor": 50.10909}, "rc_at_300": {"relevant": 7.0, "distractor": 55.43636}, "rc_at_500": {"relevant": 7.47273, "distractor": 61.10909}, "rc_at_1000": {"relevant": 8.05455, "distractor": 68.38182}}