{"ndcg_at_1": 0.00142, "ndcg_at_3": 0.08485, "ndcg_at_5": 0.1172, "ndcg_at_10": 0.15411, "ndcg_at_20": 0.18133, "ndcg_at_100": 0.2298, "ndcg_at_200": 0.24076, "ndcg_at_300": 0.24722, "ndcg_at_500": 0.25331, "ndcg_at_1000": 0.25865, "map_at_1": 0.00142, "map_at_3": 0.06342, "map_at_5": 0.08127, "map_at_10": 0.09657, "map_at_20": 0.10417, "map_at_100": 0.11089, "map_at_200": 0.11146, "map_at_300": 0.11167, "map_at_500": 0.1118, "map_at_1000": 0.11187, "recall_at_1": 0.00142, "recall_at_3": 0.14723, "recall_at_5": 0.22617, "recall_at_10": 0.33997, "recall_at_20": 0.44666, "recall_at_100": 0.70768, "recall_at_200": 0.78592, "recall_at_300": 0.83713, "recall_at_500": 0.88976, "recall_at_1000": 0.94026, "precision_at_1": 0.00142, "precision_at_3": 0.04908, "precision_at_5": 0.04523, "precision_at_10": 0.034, "precision_at_20": 0.02233, "precision_at_100": 0.00708, "precision_at_200": 0.00393, "precision_at_300": 0.00279, "precision_at_500": 0.00178, "precision_at_1000": 0.00094, "mrr_at_1": 0.00142, "mrr_at_3": 0.06389, "mrr_at_5": 0.08253, "mrr_at_10": 0.09789, "mrr_at_20": 0.10568, "mrr_at_100": 0.11225, "mrr_at_200": 0.1128, "mrr_at_300": 0.11301, "mrr_at_500": 0.11315, "mrr_at_1000": 0.11322, "rc_at_1": {"relevant": 0.0, "distractor": 0.0}, "rc_at_3": {"relevant": 0.0, "distractor": 0.0}, "rc_at_5": {"relevant": 0.0, "distractor": 0.0}, "rc_at_10": {"relevant": 0.0, "distractor": 0.0}, "rc_at_20": {"relevant": 0.0, "distractor": 0.0}, "rc_at_100": {"relevant": 0.0, "distractor": 0.0}, "rc_at_200": {"relevant": 0.0, "distractor": 0.0}, "rc_at_300": {"relevant": 0.0, "distractor": 0.0}, "rc_at_500": {"relevant": 0.0, "distractor": 0.0}, "rc_at_1000": {"relevant": 0.0, "distractor": 0.0}}