{"ndcg_at_1": 0.44667, "ndcg_at_3": 0.51612, "ndcg_at_5": 0.54514, "ndcg_at_10": 0.56724, "ndcg_at_20": 0.58524, "ndcg_at_100": 0.6043, "ndcg_at_200": 0.60819, "ndcg_at_300": 0.61112, "ndcg_at_500": 0.61483, "ndcg_at_1000": 0.61768, "map_at_1": 0.42789, "map_at_3": 0.49178, "map_at_5": 0.51046, "map_at_10": 0.52058, "map_at_20": 0.5254, "map_at_100": 0.52838, "map_at_200": 0.52856, "map_at_300": 0.52866, "map_at_500": 0.52875, "map_at_1000": 0.52879, "recall_at_1": 0.42789, "recall_at_3": 0.56344, "recall_at_5": 0.63483, "recall_at_10": 0.69978, "recall_at_20": 0.76861, "recall_at_100": 0.86767, "recall_at_200": 0.896, "recall_at_300": 0.91933, "recall_at_500": 0.95, "recall_at_1000": 0.97667, "precision_at_1": 0.44667, "precision_at_3": 0.20222, "precision_at_5": 0.13867, "precision_at_10": 0.07733, "precision_at_20": 0.043, "precision_at_100": 0.00987, "precision_at_200": 0.00508, "precision_at_300": 0.00347, "precision_at_500": 0.00215, "precision_at_1000": 0.0011, "mrr_at_1": 0.44667, "mrr_at_3": 0.50944, "mrr_at_5": 0.52344, "mrr_at_10": 0.53156, "mrr_at_20": 0.53654, "mrr_at_100": 0.53861, "mrr_at_200": 0.53877, "mrr_at_300": 0.53887, "mrr_at_500": 0.53895, "mrr_at_1000": 0.53899, "rc_at_1": {"relevant": 0.0, "distractor": 0.0}, "rc_at_3": {"relevant": 0.0, "distractor": 0.0}, "rc_at_5": {"relevant": 0.0, "distractor": 0.0}, "rc_at_10": {"relevant": 0.0, "distractor": 0.0}, "rc_at_20": {"relevant": 0.0, "distractor": 0.0}, "rc_at_100": {"relevant": 0.0, "distractor": 0.0}, "rc_at_200": {"relevant": 0.0, "distractor": 0.0}, "rc_at_300": {"relevant": 0.0, "distractor": 0.0}, "rc_at_500": {"relevant": 0.0, "distractor": 0.0}, "rc_at_1000": {"relevant": 0.0, "distractor": 0.0}}