{"ndcg_at_1": 0.08582, "ndcg_at_3": 0.13414, "ndcg_at_5": 0.15606, "ndcg_at_10": 0.17655, "ndcg_at_20": 0.19317, "ndcg_at_100": 0.2261, "ndcg_at_200": 0.23711, "ndcg_at_300": 0.24342, "ndcg_at_500": 0.24977, "ndcg_at_1000": 0.25931, "map_at_1": 0.06949, "map_at_3": 0.11295, "map_at_5": 0.12529, "map_at_10": 0.13389, "map_at_20": 0.1388, "map_at_100": 0.14348, "map_at_200": 0.14414, "map_at_300": 0.14437, "map_at_500": 0.14455, "map_at_1000": 0.14471, "recall_at_1": 0.06949, "recall_at_3": 0.16972, "recall_at_5": 0.22268, "recall_at_10": 0.28167, "recall_at_20": 0.34115, "recall_at_100": 0.50415, "recall_at_200": 0.57429, "recall_at_300": 0.61889, "recall_at_500": 0.6682, "recall_at_1000": 0.7484, "precision_at_1": 0.08582, "precision_at_3": 0.06882, "precision_at_5": 0.05498, "precision_at_10": 0.03632, "precision_at_20": 0.0227, "precision_at_100": 0.00715, "precision_at_200": 0.00415, "precision_at_300": 0.00302, "precision_at_500": 0.00197, "precision_at_1000": 0.00112, "mrr_at_1": 0.08582, "mrr_at_3": 0.13578, "mrr_at_5": 0.14971, "mrr_at_10": 0.15953, "mrr_at_20": 0.16414, "mrr_at_100": 0.16819, "mrr_at_200": 0.16871, "mrr_at_300": 0.16887, "mrr_at_500": 0.16899, "mrr_at_1000": 0.16909, "rc_at_1": {"relevant": 0.0, "distractor": 0.0}, "rc_at_3": {"relevant": 0.0, "distractor": 0.0}, "rc_at_5": {"relevant": 0.0, "distractor": 0.0}, "rc_at_10": {"relevant": 0.0, "distractor": 0.0}, "rc_at_20": {"relevant": 0.0, "distractor": 0.0}, "rc_at_100": {"relevant": 0.0, "distractor": 0.0}, "rc_at_200": {"relevant": 0.0, "distractor": 0.0}, "rc_at_300": {"relevant": 0.0, "distractor": 0.0}, "rc_at_500": {"relevant": 0.0, "distractor": 0.0}, "rc_at_1000": {"relevant": 0.0, "distractor": 0.0}}