{"ndcg_at_1": 0.74112, "ndcg_at_3": 0.58556, "ndcg_at_5": 0.60863, "ndcg_at_10": 0.62684, "ndcg_at_20": 0.63942, "ndcg_at_100": 0.65738, "ndcg_at_200": 0.66232, "ndcg_at_300": 0.66497, "ndcg_at_500": 0.66766, "ndcg_at_1000": 0.67104, "map_at_1": 0.37056, "map_at_3": 0.5105, "map_at_5": 0.52787, "map_at_10": 0.53836, "map_at_20": 0.54328, "map_at_100": 0.54677, "map_at_200": 0.54716, "map_at_300": 0.5473, "map_at_500": 0.54738, "map_at_1000": 0.54745, "recall_at_1": 0.37056, "recall_at_3": 0.54943, "recall_at_5": 0.59494, "recall_at_10": 0.64058, "recall_at_20": 0.68109, "recall_at_100": 0.76077, "recall_at_200": 0.78953, "recall_at_300": 0.80662, "recall_at_500": 0.82559, "recall_at_1000": 0.85165, "precision_at_1": 0.74112, "precision_at_3": 0.36628, "precision_at_5": 0.23797, "precision_at_10": 0.12812, "precision_at_20": 0.06811, "precision_at_100": 0.01522, "precision_at_200": 0.0079, "precision_at_300": 0.00538, "precision_at_500": 0.0033, "precision_at_1000": 0.0017, "mrr_at_1": 0.74112, "mrr_at_3": 0.7889, "mrr_at_5": 0.79607, "mrr_at_10": 0.7998, "mrr_at_20": 0.80127, "mrr_at_100": 0.8022, "mrr_at_200": 0.80226, "mrr_at_300": 0.80227, "mrr_at_500": 0.80229, "mrr_at_1000": 0.80229, "rc_at_1": {"relevant": 0.0, "distractor": 0.0}, "rc_at_3": {"relevant": 0.0, "distractor": 0.0}, "rc_at_5": {"relevant": 0.0, "distractor": 0.0}, "rc_at_10": {"relevant": 0.0, "distractor": 0.0}, "rc_at_20": {"relevant": 0.0, "distractor": 0.0}, "rc_at_100": {"relevant": 0.0, "distractor": 0.0}, "rc_at_200": {"relevant": 0.0, "distractor": 0.0}, "rc_at_300": {"relevant": 0.0, "distractor": 0.0}, "rc_at_500": {"relevant": 0.0, "distractor": 0.0}, "rc_at_1000": {"relevant": 0.0, "distractor": 0.0}}