{"ndcg_at_1": 0.25455, "ndcg_at_3": 0.20091, "ndcg_at_5": 0.17095, "ndcg_at_10": 0.13367, "ndcg_at_20": 0.15205, "ndcg_at_100": 0.20943, "ndcg_at_200": 0.2261, "ndcg_at_300": 0.23666, "ndcg_at_500": 0.24879, "ndcg_at_1000": 0.26886, "map_at_1": 0.02545, "map_at_3": 0.04909, "map_at_5": 0.06182, "map_at_10": 0.07461, "map_at_20": 0.08216, "map_at_100": 0.09204, "map_at_200": 0.09376, "map_at_300": 0.09453, "map_at_500": 0.0951, "map_at_1000": 0.09582, "recall_at_1": 0.02545, "recall_at_3": 0.05636, "recall_at_5": 0.07455, "recall_at_10": 0.10545, "recall_at_20": 0.13818, "recall_at_100": 0.28182, "recall_at_200": 0.33636, "recall_at_300": 0.37455, "recall_at_500": 0.42182, "recall_at_1000": 0.50727, "precision_at_1": 0.25455, "precision_at_3": 0.18788, "precision_at_5": 0.14909, "precision_at_10": 0.10545, "precision_at_20": 0.06909, "precision_at_100": 0.02818, "precision_at_200": 0.01682, "precision_at_300": 0.01248, "precision_at_500": 0.00844, "precision_at_1000": 0.00507, "mrr_at_1": 0.25455, "mrr_at_3": 0.29697, "mrr_at_5": 0.30606, "mrr_at_10": 0.32444, "mrr_at_20": 0.32814, "mrr_at_100": 0.33593, "mrr_at_200": 0.33603, "mrr_at_300": 0.33611, "mrr_at_500": 0.33615, "mrr_at_1000": 0.33619, "rc_at_1": {"relevant": 0.25455, "distractor": 0.38182}, "rc_at_3": {"relevant": 0.56364, "distractor": 1.03636}, "rc_at_5": {"relevant": 0.74545, "distractor": 1.76364}, "rc_at_10": {"relevant": 1.05455, "distractor": 3.05455}, "rc_at_20": {"relevant": 1.38182, "distractor": 5.41818}, "rc_at_100": {"relevant": 2.81818, "distractor": 13.45455}, "rc_at_200": {"relevant": 3.36364, "distractor": 18.41818}, "rc_at_300": {"relevant": 3.74545, "distractor": 21.47273}, "rc_at_500": {"relevant": 4.21818, "distractor": 25.43636}, "rc_at_1000": {"relevant": 5.07273, "distractor": 32.67273}}