{"ndcg_at_1": 0.54667, "ndcg_at_3": 0.60959, "ndcg_at_5": 0.63385, "ndcg_at_10": 0.65413, "ndcg_at_20": 0.66888, "ndcg_at_100": 0.6843, "ndcg_at_200": 0.68718, "ndcg_at_300": 0.68885, "ndcg_at_500": 0.69217, "ndcg_at_1000": 0.69414, "map_at_1": 0.51744, "map_at_3": 0.58414, "map_at_5": 0.6002, "map_at_10": 0.61078, "map_at_20": 0.6154, "map_at_100": 0.61779, "map_at_200": 0.61795, "map_at_300": 0.61801, "map_at_500": 0.61808, "map_at_1000": 0.61811, "recall_at_1": 0.51744, "recall_at_3": 0.65339, "recall_at_5": 0.71333, "recall_at_10": 0.76994, "recall_at_20": 0.82589, "recall_at_100": 0.90667, "recall_at_200": 0.92667, "recall_at_300": 0.94, "recall_at_500": 0.96833, "recall_at_1000": 0.98667, "precision_at_1": 0.54667, "precision_at_3": 0.23778, "precision_at_5": 0.15933, "precision_at_10": 0.088, "precision_at_20": 0.04717, "precision_at_100": 0.01033, "precision_at_200": 0.00527, "precision_at_300": 0.00356, "precision_at_500": 0.00219, "precision_at_1000": 0.00112, "mrr_at_1": 0.54667, "mrr_at_3": 0.60556, "mrr_at_5": 0.61922, "mrr_at_10": 0.62528, "mrr_at_20": 0.62915, "mrr_at_100": 0.6311, "mrr_at_200": 0.63127, "mrr_at_300": 0.63132, "mrr_at_500": 0.63139, "mrr_at_1000": 0.63141, "rc_at_1": {"relevant": 0.0, "distractor": 0.0}, "rc_at_3": {"relevant": 0.0, "distractor": 0.0}, "rc_at_5": {"relevant": 0.0, "distractor": 0.0}, "rc_at_10": {"relevant": 0.0, "distractor": 0.0}, "rc_at_20": {"relevant": 0.0, "distractor": 0.0}, "rc_at_100": {"relevant": 0.0, "distractor": 0.0}, "rc_at_200": {"relevant": 0.0, "distractor": 0.0}, "rc_at_300": {"relevant": 0.0, "distractor": 0.0}, "rc_at_500": {"relevant": 0.0, "distractor": 0.0}, "rc_at_1000": {"relevant": 0.0, "distractor": 0.0}}