{"ndcg_at_1": 0.13799, "ndcg_at_3": 0.16552, "ndcg_at_5": 0.17986, "ndcg_at_10": 0.19528, "ndcg_at_20": 0.21043, "ndcg_at_100": 0.23989, "ndcg_at_200": 0.24921, "ndcg_at_300": 0.25524, "ndcg_at_500": 0.26199, "ndcg_at_1000": 0.27124, "map_at_1": 0.11229, "map_at_3": 0.14579, "map_at_5": 0.15496, "map_at_10": 0.16193, "map_at_20": 0.16627, "map_at_100": 0.17042, "map_at_200": 0.17097, "map_at_300": 0.1712, "map_at_500": 0.17138, "map_at_1000": 0.17155, "recall_at_1": 0.11229, "recall_at_3": 0.18471, "recall_at_5": 0.22183, "recall_at_10": 0.2679, "recall_at_20": 0.32518, "recall_at_100": 0.47279, "recall_at_200": 0.53244, "recall_at_300": 0.57459, "recall_at_500": 0.62592, "recall_at_1000": 0.7036, "precision_at_1": 0.13799, "precision_at_3": 0.07857, "precision_at_5": 0.05767, "precision_at_10": 0.03551, "precision_at_20": 0.02182, "precision_at_100": 0.00677, "precision_at_200": 0.00393, "precision_at_300": 0.00288, "precision_at_500": 0.00193, "precision_at_1000": 0.00111, "mrr_at_1": 0.13799, "mrr_at_3": 0.17504, "mrr_at_5": 0.18481, "mrr_at_10": 0.19156, "mrr_at_20": 0.19587, "mrr_at_100": 0.19987, "mrr_at_200": 0.2003, "mrr_at_300": 0.20048, "mrr_at_500": 0.20061, "mrr_at_1000": 0.20071, "rc_at_1": {"relevant": 0.0, "distractor": 0.0}, "rc_at_3": {"relevant": 0.0, "distractor": 0.0}, "rc_at_5": {"relevant": 0.0, "distractor": 0.0}, "rc_at_10": {"relevant": 0.0, "distractor": 0.0}, "rc_at_20": {"relevant": 0.0, "distractor": 0.0}, "rc_at_100": {"relevant": 0.0, "distractor": 0.0}, "rc_at_200": {"relevant": 0.0, "distractor": 0.0}, "rc_at_300": {"relevant": 0.0, "distractor": 0.0}, "rc_at_500": {"relevant": 0.0, "distractor": 0.0}, "rc_at_1000": {"relevant": 0.0, "distractor": 0.0}}