{"ndcg_at_1": 0.32213, "ndcg_at_3": 0.37766, "ndcg_at_5": 0.39778, "ndcg_at_10": 0.41631, "ndcg_at_20": 0.43829, "ndcg_at_100": 0.47666, "ndcg_at_200": 0.48742, "ndcg_at_300": 0.49231, "ndcg_at_500": 0.49649, "ndcg_at_1000": 0.50157, "map_at_1": 0.2747, "map_at_3": 0.33766, "map_at_5": 0.35334, "map_at_10": 0.36418, "map_at_20": 0.37265, "map_at_100": 0.38031, "map_at_200": 0.3814, "map_at_300": 0.38176, "map_at_500": 0.38202, "map_at_1000": 0.38232, "recall_at_1": 0.2747, "recall_at_3": 0.40066, "recall_at_5": 0.45506, "recall_at_10": 0.507, "recall_at_20": 0.58966, "recall_at_100": 0.78157, "recall_at_200": 0.84399, "recall_at_300": 0.8744, "recall_at_500": 0.90297, "recall_at_1000": 0.93336, "precision_at_1": 0.32213, "precision_at_3": 0.17391, "precision_at_5": 0.12411, "precision_at_10": 0.07628, "precision_at_20": 0.04842, "precision_at_100": 0.01518, "precision_at_200": 0.00892, "precision_at_300": 0.0065, "precision_at_500": 0.00421, "precision_at_1000": 0.0024, "mrr_at_1": 0.32411, "mrr_at_3": 0.389, "mrr_at_5": 0.40204, "mrr_at_10": 0.40921, "mrr_at_20": 0.41473, "mrr_at_100": 0.41896, "mrr_at_200": 0.41935, "mrr_at_300": 0.41946, "mrr_at_500": 0.41952, "mrr_at_1000": 0.41954, "rc_at_1": {"relevant": 0.0, "distractor": 0.0}, "rc_at_3": {"relevant": 0.0, "distractor": 0.0}, "rc_at_5": {"relevant": 0.0, "distractor": 0.0}, "rc_at_10": {"relevant": 0.0, "distractor": 0.0}, "rc_at_20": {"relevant": 0.0, "distractor": 0.0}, "rc_at_100": {"relevant": 0.0, "distractor": 0.0}, "rc_at_200": {"relevant": 0.0, "distractor": 0.0}, "rc_at_300": {"relevant": 0.0, "distractor": 0.0}, "rc_at_500": {"relevant": 0.0, "distractor": 0.0}, "rc_at_1000": {"relevant": 0.0, "distractor": 0.0}}