{"ndcg_at_1": 0.056, "ndcg_at_3": 0.04469, "ndcg_at_5": 0.03844, "ndcg_at_10": 0.04713, "ndcg_at_20": 0.05686, "ndcg_at_100": 0.08212, "ndcg_at_200": 0.09442, "ndcg_at_300": 0.10257, "ndcg_at_500": 0.11301, "ndcg_at_1000": 0.12863, "map_at_1": 0.01125, "map_at_3": 0.01842, "map_at_5": 0.02111, "map_at_10": 0.02445, "map_at_20": 0.02706, "map_at_100": 0.03045, "map_at_200": 0.03114, "map_at_300": 0.03146, "map_at_500": 0.03177, "map_at_1000": 0.03207, "recall_at_1": 0.01125, "recall_at_3": 0.02505, "recall_at_5": 0.03363, "recall_at_10": 0.04958, "recall_at_20": 0.07233, "recall_at_100": 0.15635, "recall_at_200": 0.20887, "recall_at_300": 0.24727, "recall_at_500": 0.30065, "recall_at_1000": 0.38863, "precision_at_1": 0.056, "precision_at_3": 0.04133, "precision_at_5": 0.0332, "precision_at_10": 0.0245, "precision_at_20": 0.0179, "precision_at_100": 0.00771, "precision_at_200": 0.00514, "precision_at_300": 0.00406, "precision_at_500": 0.00296, "precision_at_1000": 0.00191, "mrr_at_1": 0.056, "mrr_at_3": 0.07967, "mrr_at_5": 0.08592, "mrr_at_10": 0.09202, "mrr_at_20": 0.09655, "mrr_at_100": 0.10147, "mrr_at_200": 0.10233, "mrr_at_300": 0.10258, "mrr_at_500": 0.10277, "mrr_at_1000": 0.10293, "rc_at_1": {"relevant": 0.0, "distractor": 0.0}, "rc_at_3": {"relevant": 0.0, "distractor": 0.0}, "rc_at_5": {"relevant": 0.0, "distractor": 0.0}, "rc_at_10": {"relevant": 0.0, "distractor": 0.0}, "rc_at_20": {"relevant": 0.0, "distractor": 0.0}, "rc_at_100": {"relevant": 0.0, "distractor": 0.0}, "rc_at_200": {"relevant": 0.0, "distractor": 0.0}, "rc_at_300": {"relevant": 0.0, "distractor": 0.0}, "rc_at_500": {"relevant": 0.0, "distractor": 0.0}, "rc_at_1000": {"relevant": 0.0, "distractor": 0.0}}