{"ndcg_at_1": 0.72, "ndcg_at_3": 0.68704, "ndcg_at_5": 0.68756, "ndcg_at_10": 0.65991, "ndcg_at_20": 0.61129, "ndcg_at_100": 0.46069, "ndcg_at_200": 0.38699, "ndcg_at_300": 0.35624, "ndcg_at_500": 0.34682, "ndcg_at_1000": 0.38916, "map_at_1": 0.00178, "map_at_3": 0.00484, "map_at_5": 0.00782, "map_at_10": 0.01424, "map_at_20": 0.02462, "map_at_100": 0.07351, "map_at_200": 0.10382, "map_at_300": 0.12177, "map_at_500": 0.14372, "map_at_1000": 0.16701, "recall_at_1": 0.00178, "recall_at_3": 0.00532, "recall_at_5": 0.00923, "recall_at_10": 0.01727, "recall_at_20": 0.03079, "recall_at_100": 0.10824, "recall_at_200": 0.1667, "recall_at_300": 0.20854, "recall_at_500": 0.26969, "recall_at_1000": 0.35863, "precision_at_1": 0.76, "precision_at_3": 0.73333, "precision_at_5": 0.74, "precision_at_10": 0.706, "precision_at_20": 0.637, "precision_at_100": 0.4632, "precision_at_200": 0.3735, "precision_at_300": 0.3182, "precision_at_500": 0.25216, "precision_at_1000": 0.17164, "mrr_at_1": 0.76, "mrr_at_3": 0.84667, "mrr_at_5": 0.85567, "mrr_at_10": 0.85567, "mrr_at_20": 0.85567, "mrr_at_100": 0.85567, "mrr_at_200": 0.85567, "mrr_at_300": 0.85567, "mrr_at_500": 0.85567, "mrr_at_1000": 0.85567, "rc_at_1": {"relevant": 0.0, "distractor": 0.0}, "rc_at_3": {"relevant": 0.0, "distractor": 0.0}, "rc_at_5": {"relevant": 0.0, "distractor": 0.0}, "rc_at_10": {"relevant": 0.0, "distractor": 0.0}, "rc_at_20": {"relevant": 0.0, "distractor": 0.0}, "rc_at_100": {"relevant": 0.0, "distractor": 0.0}, "rc_at_200": {"relevant": 0.0, "distractor": 0.0}, "rc_at_300": {"relevant": 0.0, "distractor": 0.0}, "rc_at_500": {"relevant": 0.0, "distractor": 0.0}, "rc_at_1000": {"relevant": 0.0, "distractor": 0.0}}