{"ndcg_at_1": 0.13619, "ndcg_at_3": 0.16128, "ndcg_at_5": 0.16998, "ndcg_at_10": 0.18533, "ndcg_at_20": 0.19727, "ndcg_at_100": 0.22792, "ndcg_at_200": 0.24036, "ndcg_at_300": 0.24705, "ndcg_at_500": 0.25474, "ndcg_at_1000": 0.26398, "map_at_1": 0.12152, "map_at_3": 0.14719, "map_at_5": 0.15241, "map_at_10": 0.15911, "map_at_20": 0.16239, "map_at_100": 0.16656, "map_at_200": 0.16721, "map_at_300": 0.16745, "map_at_500": 0.16765, "map_at_1000": 0.1678, "recall_at_1": 0.12152, "recall_at_3": 0.17796, "recall_at_5": 0.20071, "recall_at_10": 0.24606, "recall_at_20": 0.29021, "recall_at_100": 0.44561, "recall_at_200": 0.5272, "recall_at_300": 0.57644, "recall_at_500": 0.63553, "recall_at_1000": 0.71401, "precision_at_1": 0.13619, "precision_at_3": 0.0709, "precision_at_5": 0.04851, "precision_at_10": 0.03013, "precision_at_20": 0.01819, "precision_at_100": 0.00588, "precision_at_200": 0.00357, "precision_at_300": 0.00261, "precision_at_500": 0.00176, "precision_at_1000": 0.00101, "mrr_at_1": 0.1306, "mrr_at_3": 0.16076, "mrr_at_5": 0.16789, "mrr_at_10": 0.17447, "mrr_at_20": 0.17791, "mrr_at_100": 0.18203, "mrr_at_200": 0.18262, "mrr_at_300": 0.18285, "mrr_at_500": 0.18301, "mrr_at_1000": 0.1831, "rc_at_1": {"relevant": 0.0, "distractor": 0.0}, "rc_at_3": {"relevant": 0.0, "distractor": 0.0}, "rc_at_5": {"relevant": 0.0, "distractor": 0.0}, "rc_at_10": {"relevant": 0.0, "distractor": 0.0}, "rc_at_20": {"relevant": 0.0, "distractor": 0.0}, "rc_at_100": {"relevant": 0.0, "distractor": 0.0}, "rc_at_200": {"relevant": 0.0, "distractor": 0.0}, "rc_at_300": {"relevant": 0.0, "distractor": 0.0}, "rc_at_500": {"relevant": 0.0, "distractor": 0.0}, "rc_at_1000": {"relevant": 0.0, "distractor": 0.0}}