{"ndcg_at_1": 0.06438, "ndcg_at_3": 0.07617, "ndcg_at_5": 0.08674, "ndcg_at_10": 0.09984, "ndcg_at_20": 0.11031, "ndcg_at_100": 0.13767, "ndcg_at_200": 0.14986, "ndcg_at_300": 0.15829, "ndcg_at_500": 0.16787, "ndcg_at_1000": 0.18067, "map_at_1": 0.05189, "map_at_3": 0.0655, "map_at_5": 0.0721, "map_at_10": 0.07766, "map_at_20": 0.08065, "map_at_100": 0.08427, "map_at_200": 0.08495, "map_at_300": 0.08526, "map_at_500": 0.08552, "map_at_1000": 0.08573, "recall_at_1": 0.05189, "recall_at_3": 0.08245, "recall_at_5": 0.11055, "recall_at_10": 0.15184, "recall_at_20": 0.19233, "recall_at_100": 0.32898, "recall_at_200": 0.40492, "recall_at_300": 0.4646, "recall_at_500": 0.53585, "recall_at_1000": 0.64001, "precision_at_1": 0.06438, "precision_at_3": 0.03577, "precision_at_5": 0.0289, "precision_at_10": 0.01974, "precision_at_20": 0.01295, "precision_at_100": 0.00496, "precision_at_200": 0.00324, "precision_at_300": 0.00251, "precision_at_500": 0.00181, "precision_at_1000": 0.00112, "mrr_at_1": 0.06438, "mrr_at_3": 0.08107, "mrr_at_5": 0.08887, "mrr_at_10": 0.09493, "mrr_at_20": 0.09838, "mrr_at_100": 0.10247, "mrr_at_200": 0.10308, "mrr_at_300": 0.10333, "mrr_at_500": 0.1035, "mrr_at_1000": 0.10365, "rc_at_1": {"relevant": 0.0, "distractor": 0.0}, "rc_at_3": {"relevant": 0.0, "distractor": 0.0}, "rc_at_5": {"relevant": 0.0, "distractor": 0.0}, "rc_at_10": {"relevant": 0.0, "distractor": 0.0}, "rc_at_20": {"relevant": 0.0, "distractor": 0.0}, "rc_at_100": {"relevant": 0.0, "distractor": 0.0}, "rc_at_200": {"relevant": 0.0, "distractor": 0.0}, "rc_at_300": {"relevant": 0.0, "distractor": 0.0}, "rc_at_500": {"relevant": 0.0, "distractor": 0.0}, "rc_at_1000": {"relevant": 0.0, "distractor": 0.0}}