{"ndcg_at_1": 0.13619, "ndcg_at_3": 0.16521, "ndcg_at_5": 0.18431, "ndcg_at_10": 0.19991, "ndcg_at_20": 0.21585, "ndcg_at_100": 0.24375, "ndcg_at_200": 0.25518, "ndcg_at_300": 0.26066, "ndcg_at_500": 0.26757, "ndcg_at_1000": 0.27645, "map_at_1": 0.122, "map_at_3": 0.151, "map_at_5": 0.16201, "map_at_10": 0.16882, "map_at_20": 0.1732, "map_at_100": 0.17722, "map_at_200": 0.17787, "map_at_300": 0.17807, "map_at_500": 0.17826, "map_at_1000": 0.1784, "recall_at_1": 0.122, "recall_at_3": 0.18533, "recall_at_5": 0.23119, "recall_at_10": 0.27546, "recall_at_20": 0.33459, "recall_at_100": 0.47443, "recall_at_200": 0.5489, "recall_at_300": 0.58787, "recall_at_500": 0.6411, "recall_at_1000": 0.71728, "precision_at_1": 0.13619, "precision_at_3": 0.07183, "precision_at_5": 0.05541, "precision_at_10": 0.03424, "precision_at_20": 0.02104, "precision_at_100": 0.00621, "precision_at_200": 0.00368, "precision_at_300": 0.00266, "precision_at_500": 0.00177, "precision_at_1000": 0.001, "mrr_at_1": 0.13619, "mrr_at_3": 0.16775, "mrr_at_5": 0.18077, "mrr_at_10": 0.18803, "mrr_at_20": 0.19289, "mrr_at_100": 0.19666, "mrr_at_200": 0.1972, "mrr_at_300": 0.19737, "mrr_at_500": 0.1975, "mrr_at_1000": 0.19761, "rc_at_1": {"relevant": 0.0, "distractor": 0.0}, "rc_at_3": {"relevant": 0.0, "distractor": 0.0}, "rc_at_5": {"relevant": 0.0, "distractor": 0.0}, "rc_at_10": {"relevant": 0.0, "distractor": 0.0}, "rc_at_20": {"relevant": 0.0, "distractor": 0.0}, "rc_at_100": {"relevant": 0.0, "distractor": 0.0}, "rc_at_200": {"relevant": 0.0, "distractor": 0.0}, "rc_at_300": {"relevant": 0.0, "distractor": 0.0}, "rc_at_500": {"relevant": 0.0, "distractor": 0.0}, "rc_at_1000": {"relevant": 0.0, "distractor": 0.0}}