{"ndcg_at_1": 0.25187, "ndcg_at_3": 0.30126, "ndcg_at_5": 0.3271, "ndcg_at_10": 0.35583, "ndcg_at_20": 0.38144, "ndcg_at_100": 0.41618, "ndcg_at_200": 0.42647, "ndcg_at_300": 0.43126, "ndcg_at_500": 0.43627, "ndcg_at_1000": 0.44225, "map_at_1": 0.21686, "map_at_3": 0.27212, "map_at_5": 0.28929, "map_at_10": 0.30272, "map_at_20": 0.31039, "map_at_100": 0.3156, "map_at_200": 0.31631, "map_at_300": 0.31653, "map_at_500": 0.31668, "map_at_1000": 0.31678, "recall_at_1": 0.21686, "recall_at_3": 0.33619, "recall_at_5": 0.40077, "recall_at_10": 0.484, "recall_at_20": 0.57619, "recall_at_100": 0.74711, "recall_at_200": 0.80972, "recall_at_300": 0.84243, "recall_at_500": 0.87995, "recall_at_1000": 0.92986, "precision_at_1": 0.25187, "precision_at_3": 0.13713, "precision_at_5": 0.10112, "precision_at_10": 0.06269, "precision_at_20": 0.03839, "precision_at_100": 0.01045, "precision_at_200": 0.00584, "precision_at_300": 0.0041, "precision_at_500": 0.0026, "precision_at_1000": 0.00139, "mrr_at_1": 0.25187, "mrr_at_3": 0.30924, "mrr_at_5": 0.32514, "mrr_at_10": 0.33675, "mrr_at_20": 0.34333, "mrr_at_100": 0.34754, "mrr_at_200": 0.34789, "mrr_at_300": 0.348, "mrr_at_500": 0.34809, "mrr_at_1000": 0.34815, "rc_at_1": {"relevant": 0.0, "distractor": 0.0}, "rc_at_3": {"relevant": 0.0, "distractor": 0.0}, "rc_at_5": {"relevant": 0.0, "distractor": 0.0}, "rc_at_10": {"relevant": 0.0, "distractor": 0.0}, "rc_at_20": {"relevant": 0.0, "distractor": 0.0}, "rc_at_100": {"relevant": 0.0, "distractor": 0.0}, "rc_at_200": {"relevant": 0.0, "distractor": 0.0}, "rc_at_300": {"relevant": 0.0, "distractor": 0.0}, "rc_at_500": {"relevant": 0.0, "distractor": 0.0}, "rc_at_1000": {"relevant": 0.0, "distractor": 0.0}}