{"ndcg_at_1": 0.187, "ndcg_at_3": 0.14849, "ndcg_at_5": 0.12776, "ndcg_at_10": 0.15001, "ndcg_at_20": 0.1702, "ndcg_at_100": 0.20883, "ndcg_at_200": 0.22399, "ndcg_at_300": 0.23224, "ndcg_at_500": 0.24343, "ndcg_at_1000": 0.25769, "map_at_1": 0.03808, "map_at_3": 0.06623, "map_at_5": 0.07723, "map_at_10": 0.08746, "map_at_20": 0.09429, "map_at_100": 0.10125, "map_at_200": 0.10239, "map_at_300": 0.1028, "map_at_500": 0.1032, "map_at_1000": 0.10355, "recall_at_1": 0.03808, "recall_at_3": 0.08338, "recall_at_5": 0.11168, "recall_at_10": 0.15253, "recall_at_20": 0.20013, "recall_at_100": 0.32592, "recall_at_200": 0.39027, "recall_at_300": 0.4291, "recall_at_500": 0.48653, "recall_at_1000": 0.56648, "precision_at_1": 0.187, "precision_at_3": 0.137, "precision_at_5": 0.11, "precision_at_10": 0.0752, "precision_at_20": 0.0492, "precision_at_100": 0.01602, "precision_at_200": 0.0096, "precision_at_300": 0.00704, "precision_at_500": 0.00478, "precision_at_1000": 0.00279, "mrr_at_1": 0.187, "mrr_at_3": 0.2465, "mrr_at_5": 0.26165, "mrr_at_10": 0.27328, "mrr_at_20": 0.27957, "mrr_at_100": 0.28353, "mrr_at_200": 0.28407, "mrr_at_300": 0.28426, "mrr_at_500": 0.28439, "mrr_at_1000": 0.28445, "rc_at_1": {"relevant": 0.0, "distractor": 0.0}, "rc_at_3": {"relevant": 0.0, "distractor": 0.0}, "rc_at_5": {"relevant": 0.0, "distractor": 0.0}, "rc_at_10": {"relevant": 0.0, "distractor": 0.0}, "rc_at_20": {"relevant": 0.0, "distractor": 0.0}, "rc_at_100": {"relevant": 0.0, "distractor": 0.0}, "rc_at_200": {"relevant": 0.0, "distractor": 0.0}, "rc_at_300": {"relevant": 0.0, "distractor": 0.0}, "rc_at_500": {"relevant": 0.0, "distractor": 0.0}, "rc_at_1000": {"relevant": 0.0, "distractor": 0.0}}