{"ndcg_at_1": 0.86139, "ndcg_at_3": 0.88178, "ndcg_at_5": 0.88794, "ndcg_at_10": 0.89154, "ndcg_at_20": 0.89402, "ndcg_at_100": 0.8973, "ndcg_at_200": 0.89815, "ndcg_at_300": 0.89853, "ndcg_at_500": 0.89903, "ndcg_at_1000": 0.89969, "map_at_1": 0.79927, "map_at_3": 0.8545, "map_at_5": 0.85933, "map_at_10": 0.86133, "map_at_20": 0.86225, "map_at_100": 0.86282, "map_at_200": 0.86289, "map_at_300": 0.86291, "map_at_500": 0.86293, "map_at_1000": 0.86295, "recall_at_1": 0.79927, "recall_at_3": 0.90672, "recall_at_5": 0.92375, "recall_at_10": 0.93501, "recall_at_20": 0.94357, "recall_at_100": 0.95892, "recall_at_200": 0.96366, "recall_at_300": 0.96608, "recall_at_500": 0.96943, "recall_at_1000": 0.974, "precision_at_1": 0.86139, "precision_at_3": 0.32938, "precision_at_5": 0.20225, "precision_at_10": 0.1027, "precision_at_20": 0.0521, "precision_at_100": 0.01072, "precision_at_200": 0.00541, "precision_at_300": 0.00363, "precision_at_500": 0.00219, "precision_at_1000": 0.00111, "mrr_at_1": 0.86139, "mrr_at_3": 0.90902, "mrr_at_5": 0.91226, "mrr_at_10": 0.91346, "mrr_at_20": 0.91378, "mrr_at_100": 0.91395, "mrr_at_200": 0.91395, "mrr_at_300": 0.91396, "mrr_at_500": 0.91396, "mrr_at_1000": 0.91396, "rc_at_1": {"relevant": 0.0, "distractor": 0.0}, "rc_at_3": {"relevant": 0.0, "distractor": 0.0}, "rc_at_5": {"relevant": 0.0, "distractor": 0.0}, "rc_at_10": {"relevant": 0.0, "distractor": 0.0}, "rc_at_20": {"relevant": 0.0, "distractor": 0.0}, "rc_at_100": {"relevant": 0.0, "distractor": 0.0}, "rc_at_200": {"relevant": 0.0, "distractor": 0.0}, "rc_at_300": {"relevant": 0.0, "distractor": 0.0}, "rc_at_500": {"relevant": 0.0, "distractor": 0.0}, "rc_at_1000": {"relevant": 0.0, "distractor": 0.0}}