{"ndcg_at_1": 0.24, "ndcg_at_3": 0.1924, "ndcg_at_5": 0.16452, "ndcg_at_10": 0.19842, "ndcg_at_20": 0.22974, "ndcg_at_100": 0.28137, "ndcg_at_200": 0.29731, "ndcg_at_300": 0.30548, "ndcg_at_500": 0.31702, "ndcg_at_1000": 0.33115, "map_at_1": 0.04883, "map_at_3": 0.08646, "map_at_5": 0.101, "map_at_10": 0.11775, "map_at_20": 0.12914, "map_at_100": 0.13945, "map_at_200": 0.14091, "map_at_300": 0.14138, "map_at_500": 0.14186, "map_at_1000": 0.14225, "recall_at_1": 0.04883, "recall_at_3": 0.10873, "recall_at_5": 0.14367, "recall_at_10": 0.206, "recall_at_20": 0.2794, "recall_at_100": 0.4466, "recall_at_200": 0.51408, "recall_at_300": 0.55252, "recall_at_500": 0.61157, "recall_at_1000": 0.69072, "precision_at_1": 0.24, "precision_at_3": 0.17867, "precision_at_5": 0.1416, "precision_at_10": 0.1016, "precision_at_20": 0.0689, "precision_at_100": 0.022, "precision_at_200": 0.01266, "precision_at_300": 0.00908, "precision_at_500": 0.00602, "precision_at_1000": 0.0034, "mrr_at_1": 0.24, "mrr_at_3": 0.31533, "mrr_at_5": 0.33198, "mrr_at_10": 0.34576, "mrr_at_20": 0.35322, "mrr_at_100": 0.35754, "mrr_at_200": 0.3578, "mrr_at_300": 0.35793, "mrr_at_500": 0.358, "mrr_at_1000": 0.35804, "rc_at_1": {"relevant": 0.0, "distractor": 0.0}, "rc_at_3": {"relevant": 0.0, "distractor": 0.0}, "rc_at_5": {"relevant": 0.0, "distractor": 0.0}, "rc_at_10": {"relevant": 0.0, "distractor": 0.0}, "rc_at_20": {"relevant": 0.0, "distractor": 0.0}, "rc_at_100": {"relevant": 0.0, "distractor": 0.0}, "rc_at_200": {"relevant": 0.0, "distractor": 0.0}, "rc_at_300": {"relevant": 0.0, "distractor": 0.0}, "rc_at_500": {"relevant": 0.0, "distractor": 0.0}, "rc_at_1000": {"relevant": 0.0, "distractor": 0.0}}