{"ndcg_at_1": 0.10909, "ndcg_at_3": 0.11986, "ndcg_at_5": 0.09909, "ndcg_at_10": 0.07854, "ndcg_at_20": 0.09322, "ndcg_at_100": 0.14532, "ndcg_at_200": 0.16478, "ndcg_at_300": 0.17583, "ndcg_at_500": 0.19065, "ndcg_at_1000": 0.20635, "map_at_1": 0.01091, "map_at_3": 0.02364, "map_at_5": 0.02682, "map_at_10": 0.03177, "map_at_20": 0.03673, "map_at_100": 0.04652, "map_at_200": 0.04845, "map_at_300": 0.04917, "map_at_500": 0.04978, "map_at_1000": 0.0503, "recall_at_1": 0.01091, "recall_at_3": 0.03636, "recall_at_5": 0.04545, "recall_at_10": 0.06545, "recall_at_20": 0.09273, "recall_at_100": 0.22182, "recall_at_200": 0.28545, "recall_at_300": 0.32545, "recall_at_500": 0.38364, "recall_at_1000": 0.45091, "precision_at_1": 0.10909, "precision_at_3": 0.12121, "precision_at_5": 0.09091, "precision_at_10": 0.06545, "precision_at_20": 0.04636, "precision_at_100": 0.02218, "precision_at_200": 0.01427, "precision_at_300": 0.01085, "precision_at_500": 0.00767, "precision_at_1000": 0.00451, "mrr_at_1": 0.10909, "mrr_at_3": 0.2, "mrr_at_5": 0.20818, "mrr_at_10": 0.21934, "mrr_at_20": 0.22048, "mrr_at_100": 0.22659, "mrr_at_200": 0.22732, "mrr_at_300": 0.22732, "mrr_at_500": 0.22738, "mrr_at_1000": 0.2275, "rc_at_1": {"relevant": 0.10909, "distractor": 0.27273}, "rc_at_3": {"relevant": 0.36364, "distractor": 0.85455}, "rc_at_5": {"relevant": 0.45455, "distractor": 1.43636}, "rc_at_10": {"relevant": 0.65455, "distractor": 2.69091}, "rc_at_20": {"relevant": 0.92727, "distractor": 4.69091}, "rc_at_100": {"relevant": 2.21818, "distractor": 13.09091}, "rc_at_200": {"relevant": 2.85455, "distractor": 17.96364}, "rc_at_300": {"relevant": 3.25455, "distractor": 21.36364}, "rc_at_500": {"relevant": 3.83636, "distractor": 25.63636}, "rc_at_1000": {"relevant": 4.50909, "distractor": 32.67273}}