{"ndcg_at_1": 0.01818, "ndcg_at_3": 0.01392, "ndcg_at_5": 0.0151, "ndcg_at_10": 0.01369, "ndcg_at_20": 0.01761, "ndcg_at_100": 0.02431, "ndcg_at_200": 0.03003, "ndcg_at_300": 0.03361, "ndcg_at_500": 0.03593, "ndcg_at_1000": 0.04051, "map_at_1": 0.00182, "map_at_3": 0.00273, "map_at_5": 0.00355, "map_at_10": 0.00448, "map_at_20": 0.00505, "map_at_100": 0.00537, "map_at_200": 0.0057, "map_at_300": 0.00582, "map_at_500": 0.00587, "map_at_1000": 0.00596, "recall_at_1": 0.00182, "recall_at_3": 0.00364, "recall_at_5": 0.00727, "recall_at_10": 0.01273, "recall_at_20": 0.02, "recall_at_100": 0.03818, "recall_at_200": 0.05636, "recall_at_300": 0.06909, "recall_at_500": 0.07818, "recall_at_1000": 0.09818, "precision_at_1": 0.01818, "precision_at_3": 0.01212, "precision_at_5": 0.01455, "precision_at_10": 0.01273, "precision_at_20": 0.01, "precision_at_100": 0.00382, "precision_at_200": 0.00282, "precision_at_300": 0.0023, "precision_at_500": 0.00156, "precision_at_1000": 0.00098, "mrr_at_1": 0.01818, "mrr_at_3": 0.02727, "mrr_at_5": 0.03545, "mrr_at_10": 0.04076, "mrr_at_20": 0.04428, "mrr_at_100": 0.04702, "mrr_at_200": 0.0472, "mrr_at_300": 0.04728, "mrr_at_500": 0.04742, "mrr_at_1000": 0.04746, "rc_at_1": {"relevant": 0.01818, "distractor": 0.05455}, "rc_at_3": {"relevant": 0.03636, "distractor": 0.14545}, "rc_at_5": {"relevant": 0.07273, "distractor": 0.27273}, "rc_at_10": {"relevant": 0.12727, "distractor": 0.4}, "rc_at_20": {"relevant": 0.2, "distractor": 0.50909}, "rc_at_100": {"relevant": 0.38182, "distractor": 1.34545}, "rc_at_200": {"relevant": 0.56364, "distractor": 2.10909}, "rc_at_300": {"relevant": 0.69091, "distractor": 2.70909}, "rc_at_500": {"relevant": 0.78182, "distractor": 3.65455}, "rc_at_1000": {"relevant": 0.98182, "distractor": 5.12727}}