{"ndcg_at_1": 0.0415, "ndcg_at_3": 0.0603, "ndcg_at_5": 0.06692, "ndcg_at_10": 0.07246, "ndcg_at_20": 0.08363, "ndcg_at_100": 0.10938, "ndcg_at_200": 0.12248, "ndcg_at_300": 0.12998, "ndcg_at_500": 0.13727, "ndcg_at_1000": 0.14856, "map_at_1": 0.03715, "map_at_3": 0.05063, "map_at_5": 0.05467, "map_at_10": 0.05725, "map_at_20": 0.0606, "map_at_100": 0.064, "map_at_200": 0.06476, "map_at_300": 0.06504, "map_at_500": 0.06524, "map_at_1000": 0.06546, "recall_at_1": 0.03715, "recall_at_3": 0.06878, "recall_at_5": 0.08529, "recall_at_10": 0.10459, "recall_at_20": 0.14574, "recall_at_100": 0.28371, "recall_at_200": 0.36709, "recall_at_300": 0.4192, "recall_at_500": 0.47435, "recall_at_1000": 0.56352, "precision_at_1": 0.0415, "precision_at_3": 0.0303, "precision_at_5": 0.02411, "precision_at_10": 0.01561, "precision_at_20": 0.01215, "precision_at_100": 0.00478, "precision_at_200": 0.00326, "precision_at_300": 0.00258, "precision_at_500": 0.00183, "precision_at_1000": 0.00119, "mrr_at_1": 0.0415, "mrr_at_3": 0.05962, "mrr_at_5": 0.06406, "mrr_at_10": 0.0673, "mrr_at_20": 0.07123, "mrr_at_100": 0.07482, "mrr_at_200": 0.07546, "mrr_at_300": 0.0757, "mrr_at_500": 0.07584, "mrr_at_1000": 0.07598, "rc_at_1": {"relevant": 0.0, "distractor": 0.0}, "rc_at_3": {"relevant": 0.0, "distractor": 0.0}, "rc_at_5": {"relevant": 0.0, "distractor": 0.0}, "rc_at_10": {"relevant": 0.0, "distractor": 0.0}, "rc_at_20": {"relevant": 0.0, "distractor": 0.0}, "rc_at_100": {"relevant": 0.0, "distractor": 0.0}, "rc_at_200": {"relevant": 0.0, "distractor": 0.0}, "rc_at_300": {"relevant": 0.0, "distractor": 0.0}, "rc_at_500": {"relevant": 0.0, "distractor": 0.0}, "rc_at_1000": {"relevant": 0.0, "distractor": 0.0}}