{"ndcg_at_1": 0.17915, "ndcg_at_3": 0.1539, "ndcg_at_5": 0.16909, "ndcg_at_10": 0.19555, "ndcg_at_20": 0.21842, "ndcg_at_100": 0.25807, "ndcg_at_200": 0.2716, "ndcg_at_300": 0.27843, "ndcg_at_500": 0.28645, "ndcg_at_1000": 0.29619, "map_at_1": 0.08116, "map_at_3": 0.11034, "map_at_5": 0.1221, "map_at_10": 0.1331, "map_at_20": 0.1404, "map_at_100": 0.14718, "map_at_200": 0.14815, "map_at_300": 0.14848, "map_at_500": 0.14876, "map_at_1000": 0.14898, "recall_at_1": 0.08116, "recall_at_3": 0.14183, "recall_at_5": 0.18258, "recall_at_10": 0.24343, "recall_at_20": 0.30847, "recall_at_100": 0.46415, "recall_at_200": 0.53169, "recall_at_300": 0.57084, "recall_at_500": 0.61929, "recall_at_1000": 0.68416, "precision_at_1": 0.17915, "precision_at_3": 0.11336, "precision_at_5": 0.08886, "precision_at_10": 0.06163, "precision_at_20": 0.04052, "precision_at_100": 0.01274, "precision_at_200": 0.00746, "precision_at_300": 0.00537, "precision_at_500": 0.00353, "precision_at_1000": 0.00197, "mrr_at_1": 0.17915, "mrr_at_3": 0.23724, "mrr_at_5": 0.25428, "mrr_at_10": 0.26729, "mrr_at_20": 0.27366, "mrr_at_100": 0.27806, "mrr_at_200": 0.27848, "mrr_at_300": 0.27858, "mrr_at_500": 0.27866, "mrr_at_1000": 0.27871, "rc_at_1": {"relevant": 0.0, "distractor": 0.0}, "rc_at_3": {"relevant": 0.0, "distractor": 0.0}, "rc_at_5": {"relevant": 0.0, "distractor": 0.0}, "rc_at_10": {"relevant": 0.0, "distractor": 0.0}, "rc_at_20": {"relevant": 0.0, "distractor": 0.0}, "rc_at_100": {"relevant": 0.0, "distractor": 0.0}, "rc_at_200": {"relevant": 0.0, "distractor": 0.0}, "rc_at_300": {"relevant": 0.0, "distractor": 0.0}, "rc_at_500": {"relevant": 0.0, "distractor": 0.0}, "rc_at_1000": {"relevant": 0.0, "distractor": 0.0}}