{"ndcg_at_1": 0.9, "ndcg_at_3": 0.84263, "ndcg_at_5": 0.82118, "ndcg_at_10": 0.78906, "ndcg_at_20": 0.76031, "ndcg_at_100": 0.61958, "ndcg_at_200": 0.53886, "ndcg_at_300": 0.50742, "ndcg_at_500": 0.50064, "ndcg_at_1000": 0.55852, "map_at_1": 0.00243, "map_at_3": 0.00639, "map_at_5": 0.01046, "map_at_10": 0.01943, "map_at_20": 0.03616, "map_at_100": 0.12257, "map_at_200": 0.1826, "map_at_300": 0.21973, "map_at_500": 0.26145, "map_at_1000": 0.30425, "recall_at_1": 0.00243, "recall_at_3": 0.00676, "recall_at_5": 0.01129, "recall_at_10": 0.02137, "recall_at_20": 0.04106, "recall_at_100": 0.1542, "recall_at_200": 0.24561, "recall_at_300": 0.31233, "recall_at_500": 0.40252, "recall_at_1000": 0.52802, "precision_at_1": 0.94, "precision_at_3": 0.88, "precision_at_5": 0.86, "precision_at_10": 0.824, "precision_at_20": 0.794, "precision_at_100": 0.6382, "precision_at_200": 0.5326, "precision_at_300": 0.463, "precision_at_500": 0.3676, "precision_at_1000": 0.24916, "mrr_at_1": 0.94, "mrr_at_3": 0.97, "mrr_at_5": 0.97, "mrr_at_10": 0.97, "mrr_at_20": 0.97, "mrr_at_100": 0.97, "mrr_at_200": 0.97, "mrr_at_300": 0.97, "mrr_at_500": 0.97, "mrr_at_1000": 0.97, "rc_at_1": {"relevant": 0.0, "distractor": 0.0}, "rc_at_3": {"relevant": 0.0, "distractor": 0.0}, "rc_at_5": {"relevant": 0.0, "distractor": 0.0}, "rc_at_10": {"relevant": 0.0, "distractor": 0.0}, "rc_at_20": {"relevant": 0.0, "distractor": 0.0}, "rc_at_100": {"relevant": 0.0, "distractor": 0.0}, "rc_at_200": {"relevant": 0.0, "distractor": 0.0}, "rc_at_300": {"relevant": 0.0, "distractor": 0.0}, "rc_at_500": {"relevant": 0.0, "distractor": 0.0}, "rc_at_1000": {"relevant": 0.0, "distractor": 0.0}}