{"ndcg_at_1": 0.16723, "ndcg_at_3": 0.22121, "ndcg_at_5": 0.24751, "ndcg_at_10": 0.26982, "ndcg_at_20": 0.29047, "ndcg_at_100": 0.32536, "ndcg_at_200": 0.33587, "ndcg_at_300": 0.34145, "ndcg_at_500": 0.34684, "ndcg_at_1000": 0.35368, "map_at_1": 0.15287, "map_at_3": 0.20147, "map_at_5": 0.21664, "map_at_10": 0.226, "map_at_20": 0.23181, "map_at_100": 0.23681, "map_at_200": 0.23741, "map_at_300": 0.23762, "map_at_500": 0.23775, "map_at_1000": 0.23786, "recall_at_1": 0.15287, "recall_at_3": 0.26204, "recall_at_5": 0.32542, "recall_at_10": 0.39196, "recall_at_20": 0.4702, "recall_at_100": 0.65123, "recall_at_200": 0.7222, "recall_at_300": 0.76329, "recall_at_500": 0.80714, "recall_at_1000": 0.86763, "precision_at_1": 0.16723, "precision_at_3": 0.09605, "precision_at_5": 0.07209, "precision_at_10": 0.04407, "precision_at_20": 0.02684, "precision_at_100": 0.00763, "precision_at_200": 0.00427, "precision_at_300": 0.00304, "precision_at_500": 0.00194, "precision_at_1000": 0.00105, "mrr_at_1": 0.17288, "mrr_at_3": 0.21714, "mrr_at_5": 0.23256, "mrr_at_10": 0.24382, "mrr_at_20": 0.24958, "mrr_at_100": 0.25394, "mrr_at_200": 0.25445, "mrr_at_300": 0.25461, "mrr_at_500": 0.25472, "mrr_at_1000": 0.2548, "rc_at_1": {"relevant": 0.0, "distractor": 0.0}, "rc_at_3": {"relevant": 0.0, "distractor": 0.0}, "rc_at_5": {"relevant": 0.0, "distractor": 0.0}, "rc_at_10": {"relevant": 0.0, "distractor": 0.0}, "rc_at_20": {"relevant": 0.0, "distractor": 0.0}, "rc_at_100": {"relevant": 0.0, "distractor": 0.0}, "rc_at_200": {"relevant": 0.0, "distractor": 0.0}, "rc_at_300": {"relevant": 0.0, "distractor": 0.0}, "rc_at_500": {"relevant": 0.0, "distractor": 0.0}, "rc_at_1000": {"relevant": 0.0, "distractor": 0.0}}