{"ndcg_at_1": 0.12017, "ndcg_at_3": 0.13862, "ndcg_at_5": 0.15647, "ndcg_at_10": 0.1716, "ndcg_at_20": 0.18643, "ndcg_at_100": 0.21826, "ndcg_at_200": 0.23219, "ndcg_at_300": 0.23942, "ndcg_at_500": 0.24849, "ndcg_at_1000": 0.25985, "map_at_1": 0.09646, "map_at_3": 0.12199, "map_at_5": 0.13353, "map_at_10": 0.14042, "map_at_20": 0.14462, "map_at_100": 0.14865, "map_at_200": 0.14948, "map_at_300": 0.14976, "map_at_500": 0.15001, "map_at_1000": 0.15023, "recall_at_1": 0.09646, "recall_at_3": 0.14851, "recall_at_5": 0.19565, "recall_at_10": 0.23859, "recall_at_20": 0.29533, "recall_at_100": 0.45594, "recall_at_200": 0.54368, "recall_at_300": 0.5934, "recall_at_500": 0.6606, "recall_at_1000": 0.7496, "precision_at_1": 0.12017, "precision_at_3": 0.06485, "precision_at_5": 0.05093, "precision_at_10": 0.03348, "precision_at_20": 0.02082, "precision_at_100": 0.007, "precision_at_200": 0.00433, "precision_at_300": 0.00322, "precision_at_500": 0.0022, "precision_at_1000": 0.00133, "mrr_at_1": 0.12017, "mrr_at_3": 0.14902, "mrr_at_5": 0.16082, "mrr_at_10": 0.1684, "mrr_at_20": 0.17273, "mrr_at_100": 0.17706, "mrr_at_200": 0.17767, "mrr_at_300": 0.17788, "mrr_at_500": 0.17805, "mrr_at_1000": 0.17815, "rc_at_1": {"relevant": 0.0, "distractor": 0.0}, "rc_at_3": {"relevant": 0.0, "distractor": 0.0}, "rc_at_5": {"relevant": 0.0, "distractor": 0.0}, "rc_at_10": {"relevant": 0.0, "distractor": 0.0}, "rc_at_20": {"relevant": 0.0, "distractor": 0.0}, "rc_at_100": {"relevant": 0.0, "distractor": 0.0}, "rc_at_200": {"relevant": 0.0, "distractor": 0.0}, "rc_at_300": {"relevant": 0.0, "distractor": 0.0}, "rc_at_500": {"relevant": 0.0, "distractor": 0.0}, "rc_at_1000": {"relevant": 0.0, "distractor": 0.0}}