{"ndcg_at_1": 0.029, "ndcg_at_3": 0.01792, "ndcg_at_5": 0.01487, "ndcg_at_10": 0.01894, "ndcg_at_20": 0.02463, "ndcg_at_100": 0.04278, "ndcg_at_200": 0.05228, "ndcg_at_300": 0.05892, "ndcg_at_500": 0.06808, "ndcg_at_1000": 0.08294, "map_at_1": 0.00585, "map_at_3": 0.00767, "map_at_5": 0.00841, "map_at_10": 0.00973, "map_at_20": 0.01082, "map_at_100": 0.01281, "map_at_200": 0.01332, "map_at_300": 0.01353, "map_at_500": 0.01377, "map_at_1000": 0.01402, "recall_at_1": 0.00585, "recall_at_3": 0.0091, "recall_at_5": 0.0118, "recall_at_10": 0.0193, "recall_at_20": 0.03285, "recall_at_100": 0.09288, "recall_at_200": 0.13317, "recall_at_300": 0.16447, "recall_at_500": 0.2113, "recall_at_1000": 0.29508, "precision_at_1": 0.029, "precision_at_3": 0.015, "precision_at_5": 0.0116, "precision_at_10": 0.0095, "precision_at_20": 0.0081, "precision_at_100": 0.00458, "precision_at_200": 0.00328, "precision_at_300": 0.0027, "precision_at_500": 0.00208, "precision_at_1000": 0.00145, "mrr_at_1": 0.029, "mrr_at_3": 0.03417, "mrr_at_5": 0.03612, "mrr_at_10": 0.04, "mrr_at_20": 0.0435, "mrr_at_100": 0.04779, "mrr_at_200": 0.04848, "mrr_at_300": 0.04883, "mrr_at_500": 0.04908, "mrr_at_1000": 0.04929, "rc_at_1": {"relevant": 0.0, "distractor": 0.0}, "rc_at_3": {"relevant": 0.0, "distractor": 0.0}, "rc_at_5": {"relevant": 0.0, "distractor": 0.0}, "rc_at_10": {"relevant": 0.0, "distractor": 0.0}, "rc_at_20": {"relevant": 0.0, "distractor": 0.0}, "rc_at_100": {"relevant": 0.0, "distractor": 0.0}, "rc_at_200": {"relevant": 0.0, "distractor": 0.0}, "rc_at_300": {"relevant": 0.0, "distractor": 0.0}, "rc_at_500": {"relevant": 0.0, "distractor": 0.0}, "rc_at_1000": {"relevant": 0.0, "distractor": 0.0}}