{"ndcg_at_1": 0.25465, "ndcg_at_3": 0.29795, "ndcg_at_5": 0.3126, "ndcg_at_10": 0.3321, "ndcg_at_20": 0.35056, "ndcg_at_100": 0.38244, "ndcg_at_200": 0.3947, "ndcg_at_300": 0.39983, "ndcg_at_500": 0.40607, "ndcg_at_1000": 0.41311, "map_at_1": 0.21209, "map_at_3": 0.26698, "map_at_5": 0.27806, "map_at_10": 0.28799, "map_at_20": 0.29374, "map_at_100": 0.29881, "map_at_200": 0.29971, "map_at_300": 0.29994, "map_at_500": 0.30013, "map_at_1000": 0.30029, "recall_at_1": 0.21209, "recall_at_3": 0.32223, "recall_at_5": 0.36478, "recall_at_10": 0.42334, "recall_at_20": 0.48979, "recall_at_100": 0.6392, "recall_at_200": 0.71154, "recall_at_300": 0.74614, "recall_at_500": 0.79202, "recall_at_1000": 0.84645, "precision_at_1": 0.25465, "precision_at_3": 0.13782, "precision_at_5": 0.09642, "precision_at_10": 0.05866, "precision_at_20": 0.03541, "precision_at_100": 0.01036, "precision_at_200": 0.00604, "precision_at_300": 0.00428, "precision_at_500": 0.00277, "precision_at_1000": 0.00154, "mrr_at_1": 0.25465, "mrr_at_3": 0.30806, "mrr_at_5": 0.31972, "mrr_at_10": 0.32812, "mrr_at_20": 0.33362, "mrr_at_100": 0.33722, "mrr_at_200": 0.33767, "mrr_at_300": 0.3378, "mrr_at_500": 0.33789, "mrr_at_1000": 0.33795, "rc_at_1": {"relevant": 0.0, "distractor": 0.0}, "rc_at_3": {"relevant": 0.0, "distractor": 0.0}, "rc_at_5": {"relevant": 0.0, "distractor": 0.0}, "rc_at_10": {"relevant": 0.0, "distractor": 0.0}, "rc_at_20": {"relevant": 0.0, "distractor": 0.0}, "rc_at_100": {"relevant": 0.0, "distractor": 0.0}, "rc_at_200": {"relevant": 0.0, "distractor": 0.0}, "rc_at_300": {"relevant": 0.0, "distractor": 0.0}, "rc_at_500": {"relevant": 0.0, "distractor": 0.0}, "rc_at_1000": {"relevant": 0.0, "distractor": 0.0}}