{"ndcg_at_1": 0.30784, "ndcg_at_3": 0.36021, "ndcg_at_5": 0.38107, "ndcg_at_10": 0.41165, "ndcg_at_20": 0.43597, "ndcg_at_100": 0.4676, "ndcg_at_200": 0.47528, "ndcg_at_300": 0.47958, "ndcg_at_500": 0.48365, "ndcg_at_1000": 0.48854, "map_at_1": 0.26406, "map_at_3": 0.3274, "map_at_5": 0.34188, "map_at_10": 0.3562, "map_at_20": 0.36401, "map_at_100": 0.36915, "map_at_200": 0.36971, "map_at_300": 0.3699, "map_at_500": 0.37001, "map_at_1000": 0.37011, "recall_at_1": 0.26406, "recall_at_3": 0.39842, "recall_at_5": 0.45298, "recall_at_10": 0.54127, "recall_at_20": 0.62866, "recall_at_100": 0.7798, "recall_at_200": 0.82623, "recall_at_300": 0.85572, "recall_at_500": 0.88732, "recall_at_1000": 0.92642, "precision_at_1": 0.30784, "precision_at_3": 0.16294, "precision_at_5": 0.11343, "precision_at_10": 0.06996, "precision_at_20": 0.04184, "precision_at_100": 0.011, "precision_at_200": 0.00595, "precision_at_300": 0.00416, "precision_at_500": 0.0026, "precision_at_1000": 0.00138, "mrr_at_1": 0.30784, "mrr_at_3": 0.36878, "mrr_at_5": 0.38226, "mrr_at_10": 0.39509, "mrr_at_20": 0.40083, "mrr_at_100": 0.40449, "mrr_at_200": 0.40476, "mrr_at_300": 0.40487, "mrr_at_500": 0.40495, "mrr_at_1000": 0.40499, "rc_at_1": {"relevant": 0.0, "distractor": 0.0}, "rc_at_3": {"relevant": 0.0, "distractor": 0.0}, "rc_at_5": {"relevant": 0.0, "distractor": 0.0}, "rc_at_10": {"relevant": 0.0, "distractor": 0.0}, "rc_at_20": {"relevant": 0.0, "distractor": 0.0}, "rc_at_100": {"relevant": 0.0, "distractor": 0.0}, "rc_at_200": {"relevant": 0.0, "distractor": 0.0}, "rc_at_300": {"relevant": 0.0, "distractor": 0.0}, "rc_at_500": {"relevant": 0.0, "distractor": 0.0}, "rc_at_1000": {"relevant": 0.0, "distractor": 0.0}}