{"ndcg_at_1": 0.45455, "ndcg_at_3": 0.32595, "ndcg_at_5": 0.28333, "ndcg_at_10": 0.23636, "ndcg_at_20": 0.30319, "ndcg_at_100": 0.4325, "ndcg_at_200": 0.45448, "ndcg_at_300": 0.46156, "ndcg_at_500": 0.47279, "ndcg_at_1000": 0.48243, "map_at_1": 0.04545, "map_at_3": 0.07788, "map_at_5": 0.09597, "map_at_10": 0.12545, "map_at_20": 0.15334, "map_at_100": 0.19636, "map_at_200": 0.19998, "map_at_300": 0.20073, "map_at_500": 0.20163, "map_at_1000": 0.20203, "recall_at_1": 0.04545, "recall_at_3": 0.08727, "recall_at_5": 0.12182, "recall_at_10": 0.19636, "recall_at_20": 0.31636, "recall_at_100": 0.63636, "recall_at_200": 0.70727, "recall_at_300": 0.73273, "recall_at_500": 0.77636, "recall_at_1000": 0.81818, "precision_at_1": 0.45455, "precision_at_3": 0.29091, "precision_at_5": 0.24364, "precision_at_10": 0.19636, "precision_at_20": 0.15818, "precision_at_100": 0.06364, "precision_at_200": 0.03536, "precision_at_300": 0.02442, "precision_at_500": 0.01553, "precision_at_1000": 0.00818, "mrr_at_1": 0.45455, "mrr_at_3": 0.51515, "mrr_at_5": 0.53606, "mrr_at_10": 0.55701, "mrr_at_20": 0.56513, "mrr_at_100": 0.56595, "mrr_at_200": 0.56595, "mrr_at_300": 0.56595, "mrr_at_500": 0.566, "mrr_at_1000": 0.56602, "rc_at_1": {"relevant": 0.45455, "distractor": 0.52727}, "rc_at_3": {"relevant": 0.87273, "distractor": 2.0}, "rc_at_5": {"relevant": 1.21818, "distractor": 3.54545}, "rc_at_10": {"relevant": 1.98182, "distractor": 7.38182}, "rc_at_20": {"relevant": 3.14545, "distractor": 14.54545}, "rc_at_100": {"relevant": 6.38182, "distractor": 46.45455}, "rc_at_200": {"relevant": 7.07273, "distractor": 56.63636}, "rc_at_300": {"relevant": 7.38182, "distractor": 61.18182}, "rc_at_500": {"relevant": 7.76364, "distractor": 65.83636}, "rc_at_1000": {"relevant": 8.2, "distractor": 71.47273}}