{"ndcg_at_1": 0.0, "ndcg_at_3": 0.29094, "ndcg_at_5": 0.35614, "ndcg_at_10": 0.41656, "ndcg_at_20": 0.44096, "ndcg_at_100": 0.45203, "ndcg_at_200": 0.45242, "ndcg_at_300": 0.45269, "ndcg_at_500": 0.45294, "ndcg_at_1000": 0.45302, "map_at_1": 0.0, "map_at_3": 0.22072, "map_at_5": 0.25699, "map_at_10": 0.28243, "map_at_20": 0.28929, "map_at_100": 0.29102, "map_at_200": 0.29104, "map_at_300": 0.29105, "map_at_500": 0.29106, "map_at_1000": 0.29106, "recall_at_1": 0.0, "recall_at_3": 0.4936, "recall_at_5": 0.65149, "recall_at_10": 0.8357, "recall_at_20": 0.93101, "recall_at_100": 0.98791, "recall_at_200": 0.99075, "recall_at_300": 0.99289, "recall_at_500": 0.99502, "recall_at_1000": 0.99573, "precision_at_1": 0.0, "precision_at_3": 0.16453, "precision_at_5": 0.1303, "precision_at_10": 0.08357, "precision_at_20": 0.04655, "precision_at_100": 0.00988, "precision_at_200": 0.00495, "precision_at_300": 0.00331, "precision_at_500": 0.00199, "precision_at_1000": 0.001, "mrr_at_1": 0.0, "mrr_at_3": 0.2206, "mrr_at_5": 0.25688, "mrr_at_10": 0.28231, "mrr_at_20": 0.28917, "mrr_at_100": 0.2909, "mrr_at_200": 0.29092, "mrr_at_300": 0.29093, "mrr_at_500": 0.29094, "mrr_at_1000": 0.29094, "rc_at_1": {"relevant": 0.0, "distractor": 0.0}, "rc_at_3": {"relevant": 0.0, "distractor": 0.0}, "rc_at_5": {"relevant": 0.0, "distractor": 0.0}, "rc_at_10": {"relevant": 0.0, "distractor": 0.0}, "rc_at_20": {"relevant": 0.0, "distractor": 0.0}, "rc_at_100": {"relevant": 0.0, "distractor": 0.0}, "rc_at_200": {"relevant": 0.0, "distractor": 0.0}, "rc_at_300": {"relevant": 0.0, "distractor": 0.0}, "rc_at_500": {"relevant": 0.0, "distractor": 0.0}, "rc_at_1000": {"relevant": 0.0, "distractor": 0.0}}