{"ndcg_at_1": 0.20553, "ndcg_at_3": 0.23504, "ndcg_at_5": 0.24592, "ndcg_at_10": 0.27345, "ndcg_at_20": 0.29397, "ndcg_at_100": 0.33088, "ndcg_at_200": 0.34442, "ndcg_at_300": 0.34975, "ndcg_at_500": 0.35646, "ndcg_at_1000": 0.36605, "map_at_1": 0.16796, "map_at_3": 0.20825, "map_at_5": 0.21623, "map_at_10": 0.22865, "map_at_20": 0.23534, "map_at_100": 0.24188, "map_at_200": 0.24291, "map_at_300": 0.24328, "map_at_500": 0.24359, "map_at_1000": 0.24388, "recall_at_1": 0.16796, "recall_at_3": 0.24928, "recall_at_5": 0.28115, "recall_at_10": 0.36023, "recall_at_20": 0.43838, "recall_at_100": 0.62132, "recall_at_200": 0.70529, "recall_at_300": 0.73591, "recall_at_500": 0.78242, "recall_at_1000": 0.85766, "precision_at_1": 0.20553, "precision_at_3": 0.10804, "precision_at_5": 0.07549, "precision_at_10": 0.05217, "precision_at_20": 0.03379, "precision_at_100": 0.01138, "precision_at_200": 0.00701, "precision_at_300": 0.00523, "precision_at_500": 0.00354, "precision_at_1000": 0.00207, "mrr_at_1": 0.21146, "mrr_at_3": 0.25231, "mrr_at_5": 0.2614, "mrr_at_10": 0.27379, "mrr_at_20": 0.27925, "mrr_at_100": 0.2833, "mrr_at_200": 0.28397, "mrr_at_300": 0.28408, "mrr_at_500": 0.28417, "mrr_at_1000": 0.28427, "rc_at_1": {"relevant": 0.0, "distractor": 0.0}, "rc_at_3": {"relevant": 0.0, "distractor": 0.0}, "rc_at_5": {"relevant": 0.0, "distractor": 0.0}, "rc_at_10": {"relevant": 0.0, "distractor": 0.0}, "rc_at_20": {"relevant": 0.0, "distractor": 0.0}, "rc_at_100": {"relevant": 0.0, "distractor": 0.0}, "rc_at_200": {"relevant": 0.0, "distractor": 0.0}, "rc_at_300": {"relevant": 0.0, "distractor": 0.0}, "rc_at_500": {"relevant": 0.0, "distractor": 0.0}, "rc_at_1000": {"relevant": 0.0, "distractor": 0.0}}