{"ndcg_at_1": 0.32308, "ndcg_at_3": 0.26953, "ndcg_at_5": 0.24218, "ndcg_at_10": 0.19525, "ndcg_at_20": 0.23226, "ndcg_at_100": 0.3154, "ndcg_at_200": 0.34479, "ndcg_at_300": 0.35976, "ndcg_at_500": 0.37276, "ndcg_at_1000": 0.38846, "map_at_1": 0.03231, "map_at_3": 0.06385, "map_at_5": 0.08046, "map_at_10": 0.10104, "map_at_20": 0.11975, "map_at_100": 0.14108, "map_at_200": 0.14491, "map_at_300": 0.14628, "map_at_500": 0.14708, "map_at_1000": 0.14772, "recall_at_1": 0.03231, "recall_at_3": 0.07692, "recall_at_5": 0.11077, "recall_at_10": 0.16462, "recall_at_20": 0.23077, "recall_at_100": 0.44154, "recall_at_200": 0.53692, "recall_at_300": 0.59077, "recall_at_500": 0.64154, "recall_at_1000": 0.70923, "precision_at_1": 0.32308, "precision_at_3": 0.25641, "precision_at_5": 0.22154, "precision_at_10": 0.16462, "precision_at_20": 0.11538, "precision_at_100": 0.04415, "precision_at_200": 0.02685, "precision_at_300": 0.01969, "precision_at_500": 0.01283, "precision_at_1000": 0.00709, "mrr_at_1": 0.32308, "mrr_at_3": 0.39744, "mrr_at_5": 0.41667, "mrr_at_10": 0.43205, "mrr_at_20": 0.43675, "mrr_at_100": 0.44181, "mrr_at_200": 0.44211, "mrr_at_300": 0.44211, "mrr_at_500": 0.44211, "mrr_at_1000": 0.44211, "rc_at_1": {"relevant": 0.32308, "distractor": 0.53846}, "rc_at_3": {"relevant": 0.76923, "distractor": 1.73846}, "rc_at_5": {"relevant": 1.10769, "distractor": 2.98462}, "rc_at_10": {"relevant": 1.64615, "distractor": 6.12308}, "rc_at_20": {"relevant": 2.30769, "distractor": 11.38462}, "rc_at_100": {"relevant": 4.41538, "distractor": 34.56923}, "rc_at_200": {"relevant": 5.36923, "distractor": 45.21538}, "rc_at_300": {"relevant": 5.90769, "distractor": 51.12308}, "rc_at_500": {"relevant": 6.41538, "distractor": 57.33846}, "rc_at_1000": {"relevant": 7.09231, "distractor": 65.47692}}