{"ndcg_at_1": 0.375, "ndcg_at_3": 0.36024, "ndcg_at_5": 0.3677, "ndcg_at_10": 0.39097, "ndcg_at_20": 0.41382, "ndcg_at_100": 0.45366, "ndcg_at_200": 0.46667, "ndcg_at_300": 0.47272, "ndcg_at_500": 0.47911, "ndcg_at_1000": 0.48462, "map_at_1": 0.18907, "map_at_3": 0.27773, "map_at_5": 0.29835, "map_at_10": 0.31492, "map_at_20": 0.32364, "map_at_100": 0.33117, "map_at_200": 0.33225, "map_at_300": 0.33257, "map_at_500": 0.33285, "map_at_1000": 0.333, "recall_at_1": 0.18907, "recall_at_3": 0.33619, "recall_at_5": 0.38729, "recall_at_10": 0.46069, "recall_at_20": 0.53126, "recall_at_100": 0.69543, "recall_at_200": 0.76715, "recall_at_300": 0.80239, "recall_at_500": 0.84061, "recall_at_1000": 0.87852, "precision_at_1": 0.375, "precision_at_3": 0.24074, "precision_at_5": 0.17284, "precision_at_10": 0.10664, "precision_at_20": 0.06343, "precision_at_100": 0.01724, "precision_at_200": 0.00957, "precision_at_300": 0.00674, "precision_at_500": 0.00431, "precision_at_1000": 0.00228, "mrr_at_1": 0.37963, "mrr_at_3": 0.44959, "mrr_at_5": 0.4607, "mrr_at_10": 0.47042, "mrr_at_20": 0.47524, "mrr_at_100": 0.4784, "mrr_at_200": 0.47868, "mrr_at_300": 0.47878, "mrr_at_500": 0.47883, "mrr_at_1000": 0.47885, "rc_at_1": {"relevant": 0.0, "distractor": 0.0}, "rc_at_3": {"relevant": 0.0, "distractor": 0.0}, "rc_at_5": {"relevant": 0.0, "distractor": 0.0}, "rc_at_10": {"relevant": 0.0, "distractor": 0.0}, "rc_at_20": {"relevant": 0.0, "distractor": 0.0}, "rc_at_100": {"relevant": 0.0, "distractor": 0.0}, "rc_at_200": {"relevant": 0.0, "distractor": 0.0}, "rc_at_300": {"relevant": 0.0, "distractor": 0.0}, "rc_at_500": {"relevant": 0.0, "distractor": 0.0}, "rc_at_1000": {"relevant": 0.0, "distractor": 0.0}}