{"ndcg_at_1": 0.28281, "ndcg_at_3": 0.32683, "ndcg_at_5": 0.35283, "ndcg_at_10": 0.38335, "ndcg_at_20": 0.40338, "ndcg_at_100": 0.43513, "ndcg_at_200": 0.44353, "ndcg_at_300": 0.44784, "ndcg_at_500": 0.4527, "ndcg_at_1000": 0.45706, "map_at_1": 0.2561, "map_at_3": 0.30316, "map_at_5": 0.31882, "map_at_10": 0.33224, "map_at_20": 0.33833, "map_at_100": 0.34311, "map_at_200": 0.34359, "map_at_300": 0.34376, "map_at_500": 0.34391, "map_at_1000": 0.34399, "recall_at_1": 0.2561, "recall_at_3": 0.36389, "recall_at_5": 0.42599, "recall_at_10": 0.51841, "recall_at_20": 0.59281, "recall_at_100": 0.75479, "recall_at_200": 0.81082, "recall_at_300": 0.84218, "recall_at_500": 0.87969, "recall_at_1000": 0.91765, "precision_at_1": 0.28281, "precision_at_3": 0.13678, "precision_at_5": 0.09834, "precision_at_10": 0.06044, "precision_at_20": 0.03503, "precision_at_100": 0.00924, "precision_at_200": 0.00507, "precision_at_300": 0.00356, "precision_at_500": 0.00228, "precision_at_1000": 0.00121, "mrr_at_1": 0.28281, "mrr_at_3": 0.33148, "mrr_at_5": 0.34618, "mrr_at_10": 0.35809, "mrr_at_20": 0.36331, "mrr_at_100": 0.36724, "mrr_at_200": 0.36761, "mrr_at_300": 0.36772, "mrr_at_500": 0.36781, "mrr_at_1000": 0.36786, "rc_at_1": {"relevant": 0.0, "distractor": 0.0}, "rc_at_3": {"relevant": 0.0, "distractor": 0.0}, "rc_at_5": {"relevant": 0.0, "distractor": 0.0}, "rc_at_10": {"relevant": 0.0, "distractor": 0.0}, "rc_at_20": {"relevant": 0.0, "distractor": 0.0}, "rc_at_100": {"relevant": 0.0, "distractor": 0.0}, "rc_at_200": {"relevant": 0.0, "distractor": 0.0}, "rc_at_300": {"relevant": 0.0, "distractor": 0.0}, "rc_at_500": {"relevant": 0.0, "distractor": 0.0}, "rc_at_1000": {"relevant": 0.0, "distractor": 0.0}}