{"ndcg_at_1": 0.36111, "ndcg_at_3": 0.32751, "ndcg_at_5": 0.33748, "ndcg_at_10": 0.35976, "ndcg_at_20": 0.3804, "ndcg_at_100": 0.42001, "ndcg_at_200": 0.43226, "ndcg_at_300": 0.43846, "ndcg_at_500": 0.44562, "ndcg_at_1000": 0.45221, "map_at_1": 0.18572, "map_at_3": 0.25447, "map_at_5": 0.27449, "map_at_10": 0.28957, "map_at_20": 0.29743, "map_at_100": 0.30498, "map_at_200": 0.306, "map_at_300": 0.30632, "map_at_500": 0.30659, "map_at_1000": 0.30675, "recall_at_1": 0.18572, "recall_at_3": 0.29118, "recall_at_5": 0.3473, "recall_at_10": 0.41766, "recall_at_20": 0.48241, "recall_at_100": 0.64398, "recall_at_200": 0.70987, "recall_at_300": 0.74781, "recall_at_500": 0.79396, "recall_at_1000": 0.84082, "precision_at_1": 0.36111, "precision_at_3": 0.21605, "precision_at_5": 0.15741, "precision_at_10": 0.09753, "precision_at_20": 0.05741, "precision_at_100": 0.0161, "precision_at_200": 0.00899, "precision_at_300": 0.00633, "precision_at_500": 0.00407, "precision_at_1000": 0.00217, "mrr_at_1": 0.35957, "mrr_at_3": 0.41127, "mrr_at_5": 0.42438, "mrr_at_10": 0.43642, "mrr_at_20": 0.43972, "mrr_at_100": 0.44319, "mrr_at_200": 0.44349, "mrr_at_300": 0.44359, "mrr_at_500": 0.44366, "mrr_at_1000": 0.4437, "rc_at_1": {"relevant": 0.0, "distractor": 0.0}, "rc_at_3": {"relevant": 0.0, "distractor": 0.0}, "rc_at_5": {"relevant": 0.0, "distractor": 0.0}, "rc_at_10": {"relevant": 0.0, "distractor": 0.0}, "rc_at_20": {"relevant": 0.0, "distractor": 0.0}, "rc_at_100": {"relevant": 0.0, "distractor": 0.0}, "rc_at_200": {"relevant": 0.0, "distractor": 0.0}, "rc_at_300": {"relevant": 0.0, "distractor": 0.0}, "rc_at_500": {"relevant": 0.0, "distractor": 0.0}, "rc_at_1000": {"relevant": 0.0, "distractor": 0.0}}