{"ndcg_at_1": 0.4, "ndcg_at_3": 0.32189, "ndcg_at_5": 0.28094, "ndcg_at_10": 0.25083, "ndcg_at_20": 0.30586, "ndcg_at_100": 0.42176, "ndcg_at_200": 0.44446, "ndcg_at_300": 0.45053, "ndcg_at_500": 0.46073, "ndcg_at_1000": 0.47306, "map_at_1": 0.04, "map_at_3": 0.07455, "map_at_5": 0.09382, "map_at_10": 0.13178, "map_at_20": 0.15915, "map_at_100": 0.197, "map_at_200": 0.2011, "map_at_300": 0.20178, "map_at_500": 0.20256, "map_at_1000": 0.20312, "recall_at_1": 0.04, "recall_at_3": 0.08909, "recall_at_5": 0.12364, "recall_at_10": 0.22, "recall_at_20": 0.32, "recall_at_100": 0.60364, "recall_at_200": 0.67636, "recall_at_300": 0.69818, "recall_at_500": 0.73818, "recall_at_1000": 0.79091, "precision_at_1": 0.4, "precision_at_3": 0.29697, "precision_at_5": 0.24727, "precision_at_10": 0.22, "precision_at_20": 0.16, "precision_at_100": 0.06036, "precision_at_200": 0.03382, "precision_at_300": 0.02327, "precision_at_500": 0.01476, "precision_at_1000": 0.00791, "mrr_at_1": 0.4, "mrr_at_3": 0.50303, "mrr_at_5": 0.51485, "mrr_at_10": 0.53698, "mrr_at_20": 0.54097, "mrr_at_100": 0.54209, "mrr_at_200": 0.54209, "mrr_at_300": 0.54209, "mrr_at_500": 0.54209, "mrr_at_1000": 0.54212, "rc_at_1": {"relevant": 0.4, "distractor": 0.58182}, "rc_at_3": {"relevant": 0.89091, "distractor": 2.03636}, "rc_at_5": {"relevant": 1.23636, "distractor": 3.63636}, "rc_at_10": {"relevant": 2.2, "distractor": 7.30909}, "rc_at_20": {"relevant": 3.2, "distractor": 14.61818}, "rc_at_100": {"relevant": 6.03636, "distractor": 45.30909}, "rc_at_200": {"relevant": 6.76364, "distractor": 54.83636}, "rc_at_300": {"relevant": 6.98182, "distractor": 59.56364}, "rc_at_500": {"relevant": 7.38182, "distractor": 64.50909}, "rc_at_1000": {"relevant": 7.90909, "distractor": 70.05455}}