{"ndcg_at_1": 0.19388, "ndcg_at_3": 0.21605, "ndcg_at_5": 0.20767, "ndcg_at_10": 0.20095, "ndcg_at_20": 0.21017, "ndcg_at_100": 0.28663, "ndcg_at_200": 0.3175, "ndcg_at_300": 0.34013, "ndcg_at_500": 0.36523, "ndcg_at_1000": 0.38563, "map_at_1": 0.0165, "map_at_3": 0.03834, "map_at_5": 0.05328, "map_at_10": 0.07778, "map_at_20": 0.09532, "map_at_100": 0.11698, "map_at_200": 0.1216, "map_at_300": 0.12407, "map_at_500": 0.12637, "map_at_1000": 0.12783, "recall_at_1": 0.0165, "recall_at_3": 0.05301, "recall_at_5": 0.08058, "recall_at_10": 0.13746, "recall_at_20": 0.20066, "recall_at_100": 0.36766, "recall_at_200": 0.44898, "recall_at_300": 0.51815, "recall_at_500": 0.59798, "recall_at_1000": 0.67202, "precision_at_1": 0.22449, "precision_at_3": 0.2517, "precision_at_5": 0.23265, "precision_at_10": 0.19184, "precision_at_20": 0.15204, "precision_at_100": 0.0602, "precision_at_200": 0.03816, "precision_at_300": 0.02986, "precision_at_500": 0.02159, "precision_at_1000": 0.01247, "mrr_at_1": 0.2449, "mrr_at_3": 0.34694, "mrr_at_5": 0.37755, "mrr_at_10": 0.38678, "mrr_at_20": 0.39834, "mrr_at_100": 0.4013, "mrr_at_200": 0.40149, "mrr_at_300": 0.40149, "mrr_at_500": 0.40149, "mrr_at_1000": 0.40149, "rc_at_1": {"relevant": 0.0, "distractor": 0.0}, "rc_at_3": {"relevant": 0.0, "distractor": 0.0}, "rc_at_5": {"relevant": 0.0, "distractor": 0.0}, "rc_at_10": {"relevant": 0.0, "distractor": 0.0}, "rc_at_20": {"relevant": 0.0, "distractor": 0.0}, "rc_at_100": {"relevant": 0.0, "distractor": 0.0}, "rc_at_200": {"relevant": 0.0, "distractor": 0.0}, "rc_at_300": {"relevant": 0.0, "distractor": 0.0}, "rc_at_500": {"relevant": 0.0, "distractor": 0.0}, "rc_at_1000": {"relevant": 0.0, "distractor": 0.0}}