{"ndcg_at_1": 0.07502, "ndcg_at_3": 0.09513, "ndcg_at_5": 0.10373, "ndcg_at_10": 0.11575, "ndcg_at_20": 0.12648, "ndcg_at_100": 0.15024, "ndcg_at_200": 0.15966, "ndcg_at_300": 0.16506, "ndcg_at_500": 0.17185, "ndcg_at_1000": 0.18214, "map_at_1": 0.05995, "map_at_3": 0.08251, "map_at_5": 0.0877, "map_at_10": 0.09292, "map_at_20": 0.09595, "map_at_100": 0.09916, "map_at_200": 0.09968, "map_at_300": 0.09988, "map_at_500": 0.10005, "map_at_1000": 0.10021, "recall_at_1": 0.05995, "recall_at_3": 0.10934, "recall_at_5": 0.13088, "recall_at_10": 0.16631, "recall_at_20": 0.20668, "recall_at_100": 0.32759, "recall_at_200": 0.38906, "recall_at_300": 0.42799, "recall_at_500": 0.47987, "recall_at_1000": 0.56657, "precision_at_1": 0.07502, "precision_at_3": 0.04634, "precision_at_5": 0.03434, "precision_at_10": 0.02237, "precision_at_20": 0.01402, "precision_at_100": 0.00466, "precision_at_200": 0.00283, "precision_at_300": 0.0021, "precision_at_500": 0.00144, "precision_at_1000": 0.00088, "mrr_at_1": 0.07467, "mrr_at_3": 0.09945, "mrr_at_5": 0.10557, "mrr_at_10": 0.11148, "mrr_at_20": 0.11462, "mrr_at_100": 0.11795, "mrr_at_200": 0.11842, "mrr_at_300": 0.11859, "mrr_at_500": 0.11873, "mrr_at_1000": 0.11885, "rc_at_1": {"relevant": 0.0, "distractor": 0.0}, "rc_at_3": {"relevant": 0.0, "distractor": 0.0}, "rc_at_5": {"relevant": 0.0, "distractor": 0.0}, "rc_at_10": {"relevant": 0.0, "distractor": 0.0}, "rc_at_20": {"relevant": 0.0, "distractor": 0.0}, "rc_at_100": {"relevant": 0.0, "distractor": 0.0}, "rc_at_200": {"relevant": 0.0, "distractor": 0.0}, "rc_at_300": {"relevant": 0.0, "distractor": 0.0}, "rc_at_500": {"relevant": 0.0, "distractor": 0.0}, "rc_at_1000": {"relevant": 0.0, "distractor": 0.0}}