{"ndcg_at_1": 0.29091, "ndcg_at_3": 0.20945, "ndcg_at_5": 0.17869, "ndcg_at_10": 0.13679, "ndcg_at_20": 0.16898, "ndcg_at_100": 0.2197, "ndcg_at_200": 0.23245, "ndcg_at_300": 0.23998, "ndcg_at_500": 0.2498, "ndcg_at_1000": 0.26343, "map_at_1": 0.02909, "map_at_3": 0.04636, "map_at_5": 0.05555, "map_at_10": 0.06651, "map_at_20": 0.07905, "map_at_100": 0.09298, "map_at_200": 0.09408, "map_at_300": 0.0946, "map_at_500": 0.09505, "map_at_1000": 0.0955, "recall_at_1": 0.02909, "recall_at_3": 0.05636, "recall_at_5": 0.07636, "recall_at_10": 0.10545, "recall_at_20": 0.16364, "recall_at_100": 0.28727, "recall_at_200": 0.32909, "recall_at_300": 0.35636, "recall_at_500": 0.39455, "recall_at_1000": 0.45273, "precision_at_1": 0.29091, "precision_at_3": 0.18788, "precision_at_5": 0.15273, "precision_at_10": 0.10545, "precision_at_20": 0.08182, "precision_at_100": 0.02873, "precision_at_200": 0.01645, "precision_at_300": 0.01188, "precision_at_500": 0.00789, "precision_at_1000": 0.00453, "mrr_at_1": 0.29091, "mrr_at_3": 0.35455, "mrr_at_5": 0.36273, "mrr_at_10": 0.36475, "mrr_at_20": 0.37178, "mrr_at_100": 0.37492, "mrr_at_200": 0.37571, "mrr_at_300": 0.37578, "mrr_at_500": 0.37582, "mrr_at_1000": 0.37591, "rc_at_1": {"relevant": 0.29091, "distractor": 0.32727}, "rc_at_3": {"relevant": 0.56364, "distractor": 1.0}, "rc_at_5": {"relevant": 0.76364, "distractor": 1.65455}, "rc_at_10": {"relevant": 1.05455, "distractor": 3.03636}, "rc_at_20": {"relevant": 1.63636, "distractor": 4.96364}, "rc_at_100": {"relevant": 2.87273, "distractor": 12.74545}, "rc_at_200": {"relevant": 3.29091, "distractor": 16.8}, "rc_at_300": {"relevant": 3.56364, "distractor": 19.4}, "rc_at_500": {"relevant": 3.94545, "distractor": 23.4}, "rc_at_1000": {"relevant": 4.52727, "distractor": 29.09091}}