{"ndcg_at_1": 0.30215, "ndcg_at_3": 0.35147, "ndcg_at_5": 0.37009, "ndcg_at_10": 0.39596, "ndcg_at_20": 0.41325, "ndcg_at_100": 0.44154, "ndcg_at_200": 0.44994, "ndcg_at_300": 0.4548, "ndcg_at_500": 0.45833, "ndcg_at_1000": 0.46412, "map_at_1": 0.27063, "map_at_3": 0.32466, "map_at_5": 0.33717, "map_at_10": 0.34919, "map_at_20": 0.3544, "map_at_100": 0.35862, "map_at_200": 0.35913, "map_at_300": 0.35933, "map_at_500": 0.35944, "map_at_1000": 0.35953, "recall_at_1": 0.27063, "recall_at_3": 0.38321, "recall_at_5": 0.43169, "recall_at_10": 0.51118, "recall_at_20": 0.57708, "recall_at_100": 0.71925, "recall_at_200": 0.7738, "recall_at_300": 0.80839, "recall_at_500": 0.83506, "recall_at_1000": 0.88503, "precision_at_1": 0.30215, "precision_at_3": 0.15031, "precision_at_5": 0.10337, "precision_at_10": 0.06227, "precision_at_20": 0.03551, "precision_at_100": 0.00923, "precision_at_200": 0.00506, "precision_at_300": 0.00356, "precision_at_500": 0.00224, "precision_at_1000": 0.00119, "mrr_at_1": 0.30215, "mrr_at_3": 0.35634, "mrr_at_5": 0.36746, "mrr_at_10": 0.37811, "mrr_at_20": 0.38266, "mrr_at_100": 0.38599, "mrr_at_200": 0.38633, "mrr_at_300": 0.38647, "mrr_at_500": 0.38653, "mrr_at_1000": 0.3866, "rc_at_1": {"relevant": 0.0, "distractor": 0.0}, "rc_at_3": {"relevant": 0.0, "distractor": 0.0}, "rc_at_5": {"relevant": 0.0, "distractor": 0.0}, "rc_at_10": {"relevant": 0.0, "distractor": 0.0}, "rc_at_20": {"relevant": 0.0, "distractor": 0.0}, "rc_at_100": {"relevant": 0.0, "distractor": 0.0}, "rc_at_200": {"relevant": 0.0, "distractor": 0.0}, "rc_at_300": {"relevant": 0.0, "distractor": 0.0}, "rc_at_500": {"relevant": 0.0, "distractor": 0.0}, "rc_at_1000": {"relevant": 0.0, "distractor": 0.0}}