{"ndcg_at_1": 0.4, "ndcg_at_3": 0.28644, "ndcg_at_5": 0.23673, "ndcg_at_10": 0.18338, "ndcg_at_20": 0.20396, "ndcg_at_100": 0.2544, "ndcg_at_200": 0.27856, "ndcg_at_300": 0.28665, "ndcg_at_500": 0.29921, "ndcg_at_1000": 0.31188, "map_at_1": 0.04, "map_at_3": 0.0703, "map_at_5": 0.08103, "map_at_10": 0.09901, "map_at_20": 0.10833, "map_at_100": 0.11914, "map_at_200": 0.12167, "map_at_300": 0.12232, "map_at_500": 0.12291, "map_at_1000": 0.12335, "recall_at_1": 0.04, "recall_at_3": 0.07636, "recall_at_5": 0.09818, "recall_at_10": 0.14, "recall_at_20": 0.17636, "recall_at_100": 0.30545, "recall_at_200": 0.38364, "recall_at_300": 0.41273, "recall_at_500": 0.46182, "recall_at_1000": 0.51636, "precision_at_1": 0.4, "precision_at_3": 0.25455, "precision_at_5": 0.19636, "precision_at_10": 0.14, "precision_at_20": 0.08818, "precision_at_100": 0.03055, "precision_at_200": 0.01918, "precision_at_300": 0.01376, "precision_at_500": 0.00924, "precision_at_1000": 0.00516, "mrr_at_1": 0.4, "mrr_at_3": 0.43636, "mrr_at_5": 0.45727, "mrr_at_10": 0.46947, "mrr_at_20": 0.47459, "mrr_at_100": 0.47743, "mrr_at_200": 0.47772, "mrr_at_300": 0.47772, "mrr_at_500": 0.47783, "mrr_at_1000": 0.47786, "rc_at_1": {"relevant": 0.4, "distractor": 0.29091}, "rc_at_3": {"relevant": 0.76364, "distractor": 1.03636}, "rc_at_5": {"relevant": 0.98182, "distractor": 1.65455}, "rc_at_10": {"relevant": 1.4, "distractor": 3.32727}, "rc_at_20": {"relevant": 1.76364, "distractor": 5.49091}, "rc_at_100": {"relevant": 3.05455, "distractor": 14.09091}, "rc_at_200": {"relevant": 3.83636, "distractor": 19.4}, "rc_at_300": {"relevant": 4.12727, "distractor": 23.07273}, "rc_at_500": {"relevant": 4.61818, "distractor": 27.58182}, "rc_at_1000": {"relevant": 5.16364, "distractor": 34.32727}}