{"ndcg_at_1": 0.46154, "ndcg_at_3": 0.37817, "ndcg_at_5": 0.33528, "ndcg_at_10": 0.27216, "ndcg_at_20": 0.3159, "ndcg_at_100": 0.44892, "ndcg_at_200": 0.48332, "ndcg_at_300": 0.49482, "ndcg_at_500": 0.50913, "ndcg_at_1000": 0.51523, "map_at_1": 0.04615, "map_at_3": 0.09692, "map_at_5": 0.12792, "map_at_10": 0.16497, "map_at_20": 0.18521, "map_at_100": 0.22547, "map_at_200": 0.23093, "map_at_300": 0.23225, "map_at_500": 0.23347, "map_at_1000": 0.23378, "recall_at_1": 0.04615, "recall_at_3": 0.10615, "recall_at_5": 0.15077, "recall_at_10": 0.22923, "recall_at_20": 0.30769, "recall_at_100": 0.64154, "recall_at_200": 0.75231, "recall_at_300": 0.79385, "recall_at_500": 0.84923, "recall_at_1000": 0.87538, "precision_at_1": 0.46154, "precision_at_3": 0.35385, "precision_at_5": 0.30154, "precision_at_10": 0.22923, "precision_at_20": 0.15385, "precision_at_100": 0.06415, "precision_at_200": 0.03762, "precision_at_300": 0.02646, "precision_at_500": 0.01698, "precision_at_1000": 0.00875, "mrr_at_1": 0.46154, "mrr_at_3": 0.52308, "mrr_at_5": 0.53692, "mrr_at_10": 0.5514, "mrr_at_20": 0.56105, "mrr_at_100": 0.56397, "mrr_at_200": 0.56397, "mrr_at_300": 0.56397, "mrr_at_500": 0.56397, "mrr_at_1000": 0.56397, "rc_at_1": {"relevant": 0.46154, "distractor": 0.53846}, "rc_at_3": {"relevant": 1.06154, "distractor": 1.89231}, "rc_at_5": {"relevant": 1.50769, "distractor": 3.43077}, "rc_at_10": {"relevant": 2.29231, "distractor": 7.44615}, "rc_at_20": {"relevant": 3.07692, "distractor": 15.83077}, "rc_at_100": {"relevant": 6.41538, "distractor": 63.24615}, "rc_at_200": {"relevant": 7.52308, "distractor": 77.78462}, "rc_at_300": {"relevant": 7.93846, "distractor": 82.87692}, "rc_at_500": {"relevant": 8.49231, "distractor": 86.95385}, "rc_at_1000": {"relevant": 8.75385, "distractor": 90.87692}}