{"ndcg_at_1": 0.13834, "ndcg_at_3": 0.17329, "ndcg_at_5": 0.19076, "ndcg_at_10": 0.21774, "ndcg_at_20": 0.23944, "ndcg_at_100": 0.29134, "ndcg_at_200": 0.30416, "ndcg_at_300": 0.31129, "ndcg_at_500": 0.31718, "ndcg_at_1000": 0.32754, "map_at_1": 0.11077, "map_at_3": 0.14837, "map_at_5": 0.15936, "map_at_10": 0.17161, "map_at_20": 0.1782, "map_at_100": 0.18651, "map_at_200": 0.18762, "map_at_300": 0.18803, "map_at_500": 0.18833, "map_at_1000": 0.18865, "recall_at_1": 0.11077, "recall_at_3": 0.19149, "recall_at_5": 0.23535, "recall_at_10": 0.31574, "recall_at_20": 0.40236, "recall_at_100": 0.65961, "recall_at_200": 0.73677, "recall_at_300": 0.78329, "recall_at_500": 0.82365, "recall_at_1000": 0.90418, "precision_at_1": 0.13834, "precision_at_3": 0.08366, "precision_at_5": 0.06522, "precision_at_10": 0.04664, "precision_at_20": 0.03083, "precision_at_100": 0.01237, "precision_at_200": 0.00753, "precision_at_300": 0.00559, "precision_at_500": 0.00372, "precision_at_1000": 0.00218, "mrr_at_1": 0.13834, "mrr_at_3": 0.18248, "mrr_at_5": 0.19483, "mrr_at_10": 0.20624, "mrr_at_20": 0.21236, "mrr_at_100": 0.21855, "mrr_at_200": 0.21909, "mrr_at_300": 0.21925, "mrr_at_500": 0.21934, "mrr_at_1000": 0.21943, "rc_at_1": {"relevant": 0.0, "distractor": 0.0}, "rc_at_3": {"relevant": 0.0, "distractor": 0.0}, "rc_at_5": {"relevant": 0.0, "distractor": 0.0}, "rc_at_10": {"relevant": 0.0, "distractor": 0.0}, "rc_at_20": {"relevant": 0.0, "distractor": 0.0}, "rc_at_100": {"relevant": 0.0, "distractor": 0.0}, "rc_at_200": {"relevant": 0.0, "distractor": 0.0}, "rc_at_300": {"relevant": 0.0, "distractor": 0.0}, "rc_at_500": {"relevant": 0.0, "distractor": 0.0}, "rc_at_1000": {"relevant": 0.0, "distractor": 0.0}}