{"ndcg_at_1": 0.01422, "ndcg_at_3": 0.17919, "ndcg_at_5": 0.24402, "ndcg_at_10": 0.32436, "ndcg_at_20": 0.36825, "ndcg_at_100": 0.38785, "ndcg_at_200": 0.38928, "ndcg_at_300": 0.38982, "ndcg_at_500": 0.39014, "ndcg_at_1000": 0.39029, "map_at_1": 0.01422, "map_at_3": 0.13798, "map_at_5": 0.17383, "map_at_10": 0.20687, "map_at_20": 0.21922, "map_at_100": 0.22226, "map_at_200": 0.22234, "map_at_300": 0.22236, "map_at_500": 0.22236, "map_at_1000": 0.22237, "recall_at_1": 0.01422, "recall_at_3": 0.29872, "recall_at_5": 0.45661, "recall_at_10": 0.70555, "recall_at_20": 0.87696, "recall_at_100": 0.97795, "recall_at_200": 0.98791, "recall_at_300": 0.99218, "recall_at_500": 0.99502, "recall_at_1000": 0.99644, "precision_at_1": 0.01422, "precision_at_3": 0.09957, "precision_at_5": 0.09132, "precision_at_10": 0.07055, "precision_at_20": 0.04385, "precision_at_100": 0.00978, "precision_at_200": 0.00494, "precision_at_300": 0.00331, "precision_at_500": 0.00199, "precision_at_1000": 0.001, "mrr_at_1": 0.0128, "mrr_at_3": 0.13691, "mrr_at_5": 0.17326, "mrr_at_10": 0.20614, "mrr_at_20": 0.21835, "mrr_at_100": 0.22136, "mrr_at_200": 0.22144, "mrr_at_300": 0.22146, "mrr_at_500": 0.22147, "mrr_at_1000": 0.22147, "rc_at_1": {"relevant": 0.0, "distractor": 0.0}, "rc_at_3": {"relevant": 0.0, "distractor": 0.0}, "rc_at_5": {"relevant": 0.0, "distractor": 0.0}, "rc_at_10": {"relevant": 0.0, "distractor": 0.0}, "rc_at_20": {"relevant": 0.0, "distractor": 0.0}, "rc_at_100": {"relevant": 0.0, "distractor": 0.0}, "rc_at_200": {"relevant": 0.0, "distractor": 0.0}, "rc_at_300": {"relevant": 0.0, "distractor": 0.0}, "rc_at_500": {"relevant": 0.0, "distractor": 0.0}, "rc_at_1000": {"relevant": 0.0, "distractor": 0.0}}