{"ndcg_at_1": 0.1756, "ndcg_at_3": 0.21575, "ndcg_at_5": 0.24096, "ndcg_at_10": 0.26789, "ndcg_at_20": 0.28592, "ndcg_at_100": 0.32608, "ndcg_at_200": 0.33782, "ndcg_at_300": 0.34257, "ndcg_at_500": 0.34895, "ndcg_at_1000": 0.35553, "map_at_1": 0.16488, "map_at_3": 0.20021, "map_at_5": 0.21484, "map_at_10": 0.22656, "map_at_20": 0.2317, "map_at_100": 0.23726, "map_at_200": 0.23792, "map_at_300": 0.23811, "map_at_500": 0.23829, "map_at_1000": 0.2384, "recall_at_1": 0.16488, "recall_at_3": 0.24177, "recall_at_5": 0.30253, "recall_at_10": 0.38204, "recall_at_20": 0.44911, "recall_at_100": 0.66076, "recall_at_200": 0.73854, "recall_at_300": 0.77237, "recall_at_500": 0.823, "recall_at_1000": 0.88133, "precision_at_1": 0.1756, "precision_at_3": 0.08996, "precision_at_5": 0.0695, "precision_at_10": 0.04492, "precision_at_20": 0.02689, "precision_at_100": 0.00815, "precision_at_200": 0.00466, "precision_at_300": 0.00331, "precision_at_500": 0.00214, "precision_at_1000": 0.00117, "mrr_at_1": 0.1756, "mrr_at_3": 0.21627, "mrr_at_5": 0.23059, "mrr_at_10": 0.24111, "mrr_at_20": 0.24596, "mrr_at_100": 0.25086, "mrr_at_200": 0.25145, "mrr_at_300": 0.25158, "mrr_at_500": 0.25169, "mrr_at_1000": 0.25176, "rc_at_1": {"relevant": 0.0, "distractor": 0.0}, "rc_at_3": {"relevant": 0.0, "distractor": 0.0}, "rc_at_5": {"relevant": 0.0, "distractor": 0.0}, "rc_at_10": {"relevant": 0.0, "distractor": 0.0}, "rc_at_20": {"relevant": 0.0, "distractor": 0.0}, "rc_at_100": {"relevant": 0.0, "distractor": 0.0}, "rc_at_200": {"relevant": 0.0, "distractor": 0.0}, "rc_at_300": {"relevant": 0.0, "distractor": 0.0}, "rc_at_500": {"relevant": 0.0, "distractor": 0.0}, "rc_at_1000": {"relevant": 0.0, "distractor": 0.0}}