{"ndcg_at_1": 0.05455, "ndcg_at_3": 0.03951, "ndcg_at_5": 0.03333, "ndcg_at_10": 0.02934, "ndcg_at_20": 0.03346, "ndcg_at_100": 0.04281, "ndcg_at_200": 0.04782, "ndcg_at_300": 0.05583, "ndcg_at_500": 0.06421, "ndcg_at_1000": 0.08174, "map_at_1": 0.00545, "map_at_3": 0.00848, "map_at_5": 0.00921, "map_at_10": 0.01143, "map_at_20": 0.01206, "map_at_100": 0.01302, "map_at_200": 0.01333, "map_at_300": 0.01358, "map_at_500": 0.01388, "map_at_1000": 0.01419, "recall_at_1": 0.00545, "recall_at_3": 0.01091, "recall_at_5": 0.01455, "recall_at_10": 0.02545, "recall_at_20": 0.03273, "recall_at_100": 0.05636, "recall_at_200": 0.07273, "recall_at_300": 0.10182, "recall_at_500": 0.13455, "recall_at_1000": 0.21091, "precision_at_1": 0.05455, "precision_at_3": 0.03636, "precision_at_5": 0.02909, "precision_at_10": 0.02545, "precision_at_20": 0.01636, "precision_at_100": 0.00564, "precision_at_200": 0.00364, "precision_at_300": 0.00339, "precision_at_500": 0.00269, "precision_at_1000": 0.00211, "mrr_at_1": 0.05455, "mrr_at_3": 0.07879, "mrr_at_5": 0.0997, "mrr_at_10": 0.10937, "mrr_at_20": 0.11153, "mrr_at_100": 0.11348, "mrr_at_200": 0.11423, "mrr_at_300": 0.1145, "mrr_at_500": 0.11476, "mrr_at_1000": 0.11476, "rc_at_1": {"relevant": 0.05455, "distractor": 0.16364}, "rc_at_3": {"relevant": 0.14545, "distractor": 0.41818}, "rc_at_5": {"relevant": 0.23636, "distractor": 0.61818}, "rc_at_10": {"relevant": 0.32727, "distractor": 0.98182}, "rc_at_20": {"relevant": 0.43636, "distractor": 1.85455}, "rc_at_100": {"relevant": 0.78182, "distractor": 4.12727}, "rc_at_200": {"relevant": 1.2, "distractor": 5.4}, "rc_at_300": {"relevant": 1.45455, "distractor": 6.43636}, "rc_at_500": {"relevant": 1.78182, "distractor": 7.87273}, "rc_at_1000": {"relevant": 2.10909, "distractor": 10.85455}}