{"ndcg_at_1": 0.32727, "ndcg_at_3": 0.30706, "ndcg_at_5": 0.25271, "ndcg_at_10": 0.20265, "ndcg_at_20": 0.24185, "ndcg_at_100": 0.31421, "ndcg_at_200": 0.33216, "ndcg_at_300": 0.3437, "ndcg_at_500": 0.35485, "ndcg_at_1000": 0.36113, "map_at_1": 0.03273, "map_at_3": 0.07212, "map_at_5": 0.08685, "map_at_10": 0.10909, "map_at_20": 0.12349, "map_at_100": 0.14368, "map_at_200": 0.14627, "map_at_300": 0.14718, "map_at_500": 0.14777, "map_at_1000": 0.148, "recall_at_1": 0.03273, "recall_at_3": 0.08909, "recall_at_5": 0.11091, "recall_at_10": 0.16545, "recall_at_20": 0.23636, "recall_at_100": 0.41091, "recall_at_200": 0.46909, "recall_at_300": 0.51091, "recall_at_500": 0.55455, "recall_at_1000": 0.58182, "precision_at_1": 0.32727, "precision_at_3": 0.29697, "precision_at_5": 0.22182, "precision_at_10": 0.16545, "precision_at_20": 0.11818, "precision_at_100": 0.04109, "precision_at_200": 0.02345, "precision_at_300": 0.01703, "precision_at_500": 0.01109, "precision_at_1000": 0.00582, "mrr_at_1": 0.32727, "mrr_at_3": 0.44242, "mrr_at_5": 0.44697, "mrr_at_10": 0.46825, "mrr_at_20": 0.47517, "mrr_at_100": 0.47739, "mrr_at_200": 0.47757, "mrr_at_300": 0.4777, "mrr_at_500": 0.4777, "mrr_at_1000": 0.4777, "rc_at_1": {"relevant": 0.32727, "distractor": 0.56364}, "rc_at_3": {"relevant": 0.89091, "distractor": 1.70909}, "rc_at_5": {"relevant": 1.10909, "distractor": 2.89091}, "rc_at_10": {"relevant": 1.65455, "distractor": 5.27273}, "rc_at_20": {"relevant": 2.36364, "distractor": 9.05455}, "rc_at_100": {"relevant": 4.10909, "distractor": 22.52727}, "rc_at_200": {"relevant": 4.69091, "distractor": 28.78182}, "rc_at_300": {"relevant": 5.10909, "distractor": 32.74545}, "rc_at_500": {"relevant": 5.54545, "distractor": 37.52727}, "rc_at_1000": {"relevant": 5.81818, "distractor": 43.65455}}