{"ndcg_at_1": 0.01494, "ndcg_at_3": 0.17171, "ndcg_at_5": 0.22952, "ndcg_at_10": 0.28941, "ndcg_at_20": 0.32631, "ndcg_at_100": 0.3653, "ndcg_at_200": 0.3687, "ndcg_at_300": 0.36969, "ndcg_at_500": 0.3701, "ndcg_at_1000": 0.37041, "map_at_1": 0.01494, "map_at_3": 0.133, "map_at_5": 0.16497, "map_at_10": 0.18988, "map_at_20": 0.20021, "map_at_100": 0.20608, "map_at_200": 0.20625, "map_at_300": 0.20629, "map_at_500": 0.2063, "map_at_1000": 0.2063, "recall_at_1": 0.01494, "recall_at_3": 0.28378, "recall_at_5": 0.42461, "recall_at_10": 0.60882, "recall_at_20": 0.7532, "recall_at_100": 0.95661, "recall_at_200": 0.9808, "recall_at_300": 0.98862, "recall_at_500": 0.99218, "recall_at_1000": 0.99502, "precision_at_1": 0.01494, "precision_at_3": 0.09459, "precision_at_5": 0.08492, "precision_at_10": 0.06088, "precision_at_20": 0.03766, "precision_at_100": 0.00957, "precision_at_200": 0.0049, "precision_at_300": 0.0033, "precision_at_500": 0.00198, "precision_at_1000": 0.001, "mrr_at_1": 0.01494, "mrr_at_3": 0.133, "mrr_at_5": 0.16497, "mrr_at_10": 0.18987, "mrr_at_20": 0.2002, "mrr_at_100": 0.20606, "mrr_at_200": 0.20624, "mrr_at_300": 0.20627, "mrr_at_500": 0.20628, "mrr_at_1000": 0.20629, "rc_at_1": {"relevant": 0.0, "distractor": 0.0}, "rc_at_3": {"relevant": 0.0, "distractor": 0.0}, "rc_at_5": {"relevant": 0.0, "distractor": 0.0}, "rc_at_10": {"relevant": 0.0, "distractor": 0.0}, "rc_at_20": {"relevant": 0.0, "distractor": 0.0}, "rc_at_100": {"relevant": 0.0, "distractor": 0.0}, "rc_at_200": {"relevant": 0.0, "distractor": 0.0}, "rc_at_300": {"relevant": 0.0, "distractor": 0.0}, "rc_at_500": {"relevant": 0.0, "distractor": 0.0}, "rc_at_1000": {"relevant": 0.0, "distractor": 0.0}}