{"ndcg_at_1": 0.0, "ndcg_at_3": 0.19351, "ndcg_at_5": 0.24046, "ndcg_at_10": 0.3039, "ndcg_at_20": 0.34184, "ndcg_at_100": 0.36598, "ndcg_at_200": 0.371, "ndcg_at_300": 0.37289, "ndcg_at_500": 0.37381, "ndcg_at_1000": 0.37494, "map_at_1": 0.0, "map_at_3": 0.14521, "map_at_5": 0.17131, "map_at_10": 0.1976, "map_at_20": 0.20829, "map_at_100": 0.21178, "map_at_200": 0.21205, "map_at_300": 0.21211, "map_at_500": 0.21213, "map_at_1000": 0.21215, "recall_at_1": 0.0, "recall_at_3": 0.33357, "recall_at_5": 0.44737, "recall_at_10": 0.64296, "recall_at_20": 0.7909, "recall_at_100": 0.91892, "recall_at_200": 0.95448, "recall_at_300": 0.96942, "recall_at_500": 0.97724, "recall_at_1000": 0.98791, "precision_at_1": 0.0, "precision_at_3": 0.11119, "precision_at_5": 0.08947, "precision_at_10": 0.0643, "precision_at_20": 0.03954, "precision_at_100": 0.00919, "precision_at_200": 0.00477, "precision_at_300": 0.00323, "precision_at_500": 0.00195, "precision_at_1000": 0.00099, "mrr_at_1": 0.0, "mrr_at_3": 0.14521, "mrr_at_5": 0.17131, "mrr_at_10": 0.19754, "mrr_at_20": 0.2083, "mrr_at_100": 0.21179, "mrr_at_200": 0.21205, "mrr_at_300": 0.21212, "mrr_at_500": 0.21214, "mrr_at_1000": 0.21215, "rc_at_1": {"relevant": 0.0, "distractor": 0.0}, "rc_at_3": {"relevant": 0.0, "distractor": 0.0}, "rc_at_5": {"relevant": 0.0, "distractor": 0.0}, "rc_at_10": {"relevant": 0.0, "distractor": 0.0}, "rc_at_20": {"relevant": 0.0, "distractor": 0.0}, "rc_at_100": {"relevant": 0.0, "distractor": 0.0}, "rc_at_200": {"relevant": 0.0, "distractor": 0.0}, "rc_at_300": {"relevant": 0.0, "distractor": 0.0}, "rc_at_500": {"relevant": 0.0, "distractor": 0.0}, "rc_at_1000": {"relevant": 0.0, "distractor": 0.0}}