{"ndcg_at_1": 0.04991, "ndcg_at_3": 0.06405, "ndcg_at_5": 0.07869, "ndcg_at_10": 0.09198, "ndcg_at_20": 0.10337, "ndcg_at_100": 0.13422, "ndcg_at_200": 0.14511, "ndcg_at_300": 0.15322, "ndcg_at_500": 0.15998, "ndcg_at_1000": 0.16844, "map_at_1": 0.04498, "map_at_3": 0.05766, "map_at_5": 0.06549, "map_at_10": 0.07097, "map_at_20": 0.07414, "map_at_100": 0.07821, "map_at_200": 0.07876, "map_at_300": 0.07905, "map_at_500": 0.07922, "map_at_1000": 0.07936, "recall_at_1": 0.04498, "recall_at_3": 0.07517, "recall_at_5": 0.1106, "recall_at_10": 0.15046, "recall_at_20": 0.19436, "recall_at_100": 0.35986, "recall_at_200": 0.43326, "recall_at_300": 0.49509, "recall_at_500": 0.5489, "recall_at_1000": 0.62341, "precision_at_1": 0.04991, "precision_at_3": 0.02896, "precision_at_5": 0.02514, "precision_at_10": 0.01738, "precision_at_20": 0.01109, "precision_at_100": 0.0042, "precision_at_200": 0.00262, "precision_at_300": 0.002, "precision_at_500": 0.00137, "precision_at_1000": 0.00081, "mrr_at_1": 0.04991, "mrr_at_3": 0.06531, "mrr_at_5": 0.07307, "mrr_at_10": 0.07931, "mrr_at_20": 0.08253, "mrr_at_100": 0.08643, "mrr_at_200": 0.08701, "mrr_at_300": 0.08725, "mrr_at_500": 0.0874, "mrr_at_1000": 0.0875, "rc_at_1": {"relevant": 0.0, "distractor": 0.0}, "rc_at_3": {"relevant": 0.0, "distractor": 0.0}, "rc_at_5": {"relevant": 0.0, "distractor": 0.0}, "rc_at_10": {"relevant": 0.0, "distractor": 0.0}, "rc_at_20": {"relevant": 0.0, "distractor": 0.0}, "rc_at_100": {"relevant": 0.0, "distractor": 0.0}, "rc_at_200": {"relevant": 0.0, "distractor": 0.0}, "rc_at_300": {"relevant": 0.0, "distractor": 0.0}, "rc_at_500": {"relevant": 0.0, "distractor": 0.0}, "rc_at_1000": {"relevant": 0.0, "distractor": 0.0}}