{"ndcg_at_1": 0.0, "ndcg_at_3": 0.0, "ndcg_at_5": 0.0, "ndcg_at_10": 0.0, "ndcg_at_20": 0.0, "ndcg_at_100": 0.00143, "ndcg_at_200": 0.00257, "ndcg_at_300": 0.00257, "ndcg_at_500": 0.00353, "ndcg_at_1000": 0.00525, "map_at_1": 0.0, "map_at_3": 0.0, "map_at_5": 0.0, "map_at_10": 0.0, "map_at_20": 0.0, "map_at_100": 8e-05, "map_at_200": 0.00011, "map_at_300": 0.00011, "map_at_500": 0.00013, "map_at_1000": 0.00014, "recall_at_1": 0.0, "recall_at_3": 0.0, "recall_at_5": 0.0, "recall_at_10": 0.0, "recall_at_20": 0.0, "recall_at_100": 0.00364, "recall_at_200": 0.00727, "recall_at_300": 0.00727, "recall_at_500": 0.01091, "recall_at_1000": 0.01818, "precision_at_1": 0.0, "precision_at_3": 0.0, "precision_at_5": 0.0, "precision_at_10": 0.0, "precision_at_20": 0.0, "precision_at_100": 0.00036, "precision_at_200": 0.00036, "precision_at_300": 0.00024, "precision_at_500": 0.00022, "precision_at_1000": 0.00018, "mrr_at_1": 0.0, "mrr_at_3": 0.0, "mrr_at_5": 0.0, "mrr_at_10": 0.0, "mrr_at_20": 0.0, "mrr_at_100": 0.0008, "mrr_at_200": 0.00108, "mrr_at_300": 0.00108, "mrr_at_500": 0.00114, "mrr_at_1000": 0.00126, "rc_at_1": {"relevant": 0.0, "distractor": 0.0}, "rc_at_3": {"relevant": 0.0, "distractor": 0.0}, "rc_at_5": {"relevant": 0.0, "distractor": 0.01818}, "rc_at_10": {"relevant": 0.0, "distractor": 0.03636}, "rc_at_20": {"relevant": 0.0, "distractor": 0.03636}, "rc_at_100": {"relevant": 0.03636, "distractor": 0.14545}, "rc_at_200": {"relevant": 0.07273, "distractor": 0.4}, "rc_at_300": {"relevant": 0.07273, "distractor": 0.54545}, "rc_at_500": {"relevant": 0.10909, "distractor": 0.96364}, "rc_at_1000": {"relevant": 0.18182, "distractor": 1.43636}}