{"ndcg_at_1": 0.065, "ndcg_at_3": 0.04915, "ndcg_at_5": 0.04266, "ndcg_at_10": 0.05323, "ndcg_at_20": 0.06338, "ndcg_at_100": 0.08893, "ndcg_at_200": 0.10356, "ndcg_at_300": 0.11179, "ndcg_at_500": 0.12267, "ndcg_at_1000": 0.13875, "map_at_1": 0.01305, "map_at_3": 0.02025, "map_at_5": 0.02346, "map_at_10": 0.02754, "map_at_20": 0.03024, "map_at_100": 0.03386, "map_at_200": 0.03472, "map_at_300": 0.03506, "map_at_500": 0.03539, "map_at_1000": 0.0357, "recall_at_1": 0.01305, "recall_at_3": 0.02713, "recall_at_5": 0.03723, "recall_at_10": 0.05658, "recall_at_20": 0.08038, "recall_at_100": 0.1648, "recall_at_200": 0.22723, "recall_at_300": 0.26602, "recall_at_500": 0.32177, "recall_at_1000": 0.41195, "precision_at_1": 0.065, "precision_at_3": 0.04467, "precision_at_5": 0.0368, "precision_at_10": 0.0279, "precision_at_20": 0.01985, "precision_at_100": 0.00813, "precision_at_200": 0.0056, "precision_at_300": 0.00437, "precision_at_500": 0.00317, "precision_at_1000": 0.00203, "mrr_at_1": 0.066, "mrr_at_3": 0.08983, "mrr_at_5": 0.09668, "mrr_at_10": 0.10413, "mrr_at_20": 0.10885, "mrr_at_100": 0.1136, "mrr_at_200": 0.11445, "mrr_at_300": 0.11471, "mrr_at_500": 0.11491, "mrr_at_1000": 0.11505, "rc_at_1": {"relevant": 0.0, "distractor": 0.0}, "rc_at_3": {"relevant": 0.0, "distractor": 0.0}, "rc_at_5": {"relevant": 0.0, "distractor": 0.0}, "rc_at_10": {"relevant": 0.0, "distractor": 0.0}, "rc_at_20": {"relevant": 0.0, "distractor": 0.0}, "rc_at_100": {"relevant": 0.0, "distractor": 0.0}, "rc_at_200": {"relevant": 0.0, "distractor": 0.0}, "rc_at_300": {"relevant": 0.0, "distractor": 0.0}, "rc_at_500": {"relevant": 0.0, "distractor": 0.0}, "rc_at_1000": {"relevant": 0.0, "distractor": 0.0}}