{"ndcg_at_1": 0.46002, "ndcg_at_3": 0.57399, "ndcg_at_5": 0.60995, "ndcg_at_10": 0.6414, "ndcg_at_20": 0.6569, "ndcg_at_100": 0.67144, "ndcg_at_200": 0.67375, "ndcg_at_300": 0.67486, "ndcg_at_500": 0.67552, "ndcg_at_1000": 0.67608, "map_at_1": 0.41232, "map_at_3": 0.53335, "map_at_5": 0.55561, "map_at_10": 0.57065, "map_at_20": 0.57568, "map_at_100": 0.57817, "map_at_200": 0.57832, "map_at_300": 0.57836, "map_at_500": 0.57838, "map_at_1000": 0.57839, "recall_at_1": 0.41232, "recall_at_3": 0.65679, "recall_at_5": 0.7382, "recall_at_10": 0.82795, "recall_at_20": 0.88422, "recall_at_100": 0.9559, "recall_at_200": 0.97106, "recall_at_300": 0.97938, "recall_at_500": 0.98474, "recall_at_1000": 0.98967, "precision_at_1": 0.46002, "precision_at_3": 0.25377, "precision_at_5": 0.17346, "precision_at_10": 0.09873, "precision_at_20": 0.05323, "precision_at_100": 0.01159, "precision_at_200": 0.0059, "precision_at_300": 0.00397, "precision_at_500": 0.00239, "precision_at_1000": 0.0012, "mrr_at_1": 0.46205, "mrr_at_3": 0.56755, "mrr_at_5": 0.58629, "mrr_at_10": 0.59641, "mrr_at_20": 0.59996, "mrr_at_100": 0.60163, "mrr_at_200": 0.60171, "mrr_at_300": 0.60174, "mrr_at_500": 0.60175, "mrr_at_1000": 0.60176, "rc_at_1": {"relevant": 0.0, "distractor": 0.0}, "rc_at_3": {"relevant": 0.0, "distractor": 0.0}, "rc_at_5": {"relevant": 0.0, "distractor": 0.0}, "rc_at_10": {"relevant": 0.0, "distractor": 0.0}, "rc_at_20": {"relevant": 0.0, "distractor": 0.0}, "rc_at_100": {"relevant": 0.0, "distractor": 0.0}, "rc_at_200": {"relevant": 0.0, "distractor": 0.0}, "rc_at_300": {"relevant": 0.0, "distractor": 0.0}, "rc_at_500": {"relevant": 0.0, "distractor": 0.0}, "rc_at_1000": {"relevant": 0.0, "distractor": 0.0}}