{"ndcg_at_1": 0.75206, "ndcg_at_3": 0.59124, "ndcg_at_5": 0.6141, "ndcg_at_10": 0.63294, "ndcg_at_20": 0.64538, "ndcg_at_100": 0.66193, "ndcg_at_200": 0.66716, "ndcg_at_300": 0.66966, "ndcg_at_500": 0.6725, "ndcg_at_1000": 0.67578, "map_at_1": 0.37603, "map_at_3": 0.51552, "map_at_5": 0.53307, "map_at_10": 0.5441, "map_at_20": 0.54895, "map_at_100": 0.55223, "map_at_200": 0.55264, "map_at_300": 0.55276, "map_at_500": 0.55286, "map_at_1000": 0.55293, "recall_at_1": 0.37603, "recall_at_3": 0.55341, "recall_at_5": 0.59851, "recall_at_10": 0.64558, "recall_at_20": 0.68575, "recall_at_100": 0.75854, "recall_at_200": 0.78899, "recall_at_300": 0.8052, "recall_at_500": 0.82512, "recall_at_1000": 0.85044, "precision_at_1": 0.75206, "precision_at_3": 0.36894, "precision_at_5": 0.23941, "precision_at_10": 0.12912, "precision_at_20": 0.06858, "precision_at_100": 0.01517, "precision_at_200": 0.00789, "precision_at_300": 0.00537, "precision_at_500": 0.0033, "precision_at_1000": 0.0017, "mrr_at_1": 0.75206, "mrr_at_3": 0.79827, "mrr_at_5": 0.8047, "mrr_at_10": 0.80833, "mrr_at_20": 0.80975, "mrr_at_100": 0.81063, "mrr_at_200": 0.8107, "mrr_at_300": 0.81071, "mrr_at_500": 0.81073, "mrr_at_1000": 0.81074, "rc_at_1": {"relevant": 0.0, "distractor": 0.0}, "rc_at_3": {"relevant": 0.0, "distractor": 0.0}, "rc_at_5": {"relevant": 0.0, "distractor": 0.0}, "rc_at_10": {"relevant": 0.0, "distractor": 0.0}, "rc_at_20": {"relevant": 0.0, "distractor": 0.0}, "rc_at_100": {"relevant": 0.0, "distractor": 0.0}, "rc_at_200": {"relevant": 0.0, "distractor": 0.0}, "rc_at_300": {"relevant": 0.0, "distractor": 0.0}, "rc_at_500": {"relevant": 0.0, "distractor": 0.0}, "rc_at_1000": {"relevant": 0.0, "distractor": 0.0}}