{"ndcg_at_1": 0.00326, "ndcg_at_3": 0.00257, "ndcg_at_5": 0.00282, "ndcg_at_10": 0.00282, "ndcg_at_20": 0.00357, "ndcg_at_100": 0.006, "ndcg_at_200": 0.0076, "ndcg_at_300": 0.00863, "ndcg_at_500": 0.01037, "ndcg_at_1000": 0.01279, "map_at_1": 0.00239, "map_at_3": 0.00239, "map_at_5": 0.00252, "map_at_10": 0.00252, "map_at_20": 0.00269, "map_at_100": 0.00291, "map_at_200": 0.00298, "map_at_300": 0.003, "map_at_500": 0.00304, "map_at_1000": 0.00306, "recall_at_1": 0.00239, "recall_at_3": 0.00239, "recall_at_5": 0.00304, "recall_at_10": 0.00304, "recall_at_20": 0.0057, "recall_at_100": 0.01638, "recall_at_200": 0.02505, "recall_at_300": 0.03106, "recall_at_500": 0.04202, "recall_at_1000": 0.0587, "precision_at_1": 0.00326, "precision_at_3": 0.00109, "precision_at_5": 0.00078, "precision_at_10": 0.00039, "precision_at_20": 0.00042, "precision_at_100": 0.00035, "precision_at_200": 0.00029, "precision_at_300": 0.00025, "precision_at_500": 0.00021, "precision_at_1000": 0.00015, "mrr_at_1": 0.00326, "mrr_at_3": 0.00326, "mrr_at_5": 0.00339, "mrr_at_10": 0.00339, "mrr_at_20": 0.00366, "mrr_at_100": 0.00424, "mrr_at_200": 0.00438, "mrr_at_300": 0.00444, "mrr_at_500": 0.0045, "mrr_at_1000": 0.00456, "rc_at_1": {"relevant": 0.0, "distractor": 0.0}, "rc_at_3": {"relevant": 0.0, "distractor": 0.0}, "rc_at_5": {"relevant": 0.0, "distractor": 0.0}, "rc_at_10": {"relevant": 0.0, "distractor": 0.0}, "rc_at_20": {"relevant": 0.0, "distractor": 0.0}, "rc_at_100": {"relevant": 0.0, "distractor": 0.0}, "rc_at_200": {"relevant": 0.0, "distractor": 0.0}, "rc_at_300": {"relevant": 0.0, "distractor": 0.0}, "rc_at_500": {"relevant": 0.0, "distractor": 0.0}, "rc_at_1000": {"relevant": 0.0, "distractor": 0.0}}