{"ndcg_at_1": 0.11299, "ndcg_at_3": 0.1391, "ndcg_at_5": 0.15504, "ndcg_at_10": 0.17315, "ndcg_at_20": 0.18835, "ndcg_at_100": 0.21345, "ndcg_at_200": 0.22566, "ndcg_at_300": 0.23223, "ndcg_at_500": 0.24127, "ndcg_at_1000": 0.2504, "map_at_1": 0.10217, "map_at_3": 0.12746, "map_at_5": 0.13647, "map_at_10": 0.14429, "map_at_20": 0.14867, "map_at_100": 0.15178, "map_at_200": 0.15242, "map_at_300": 0.15264, "map_at_500": 0.15286, "map_at_1000": 0.153, "recall_at_1": 0.10217, "recall_at_3": 0.15917, "recall_at_5": 0.19731, "recall_at_10": 0.25091, "recall_at_20": 0.30895, "recall_at_100": 0.44501, "recall_at_200": 0.52898, "recall_at_300": 0.57875, "recall_at_500": 0.65273, "recall_at_1000": 0.73502, "precision_at_1": 0.11299, "precision_at_3": 0.05989, "precision_at_5": 0.04475, "precision_at_10": 0.02893, "precision_at_20": 0.01785, "precision_at_100": 0.00522, "precision_at_200": 0.00312, "precision_at_300": 0.00229, "precision_at_500": 0.00155, "precision_at_1000": 0.00088, "mrr_at_1": 0.11299, "mrr_at_3": 0.14087, "mrr_at_5": 0.14991, "mrr_at_10": 0.15768, "mrr_at_20": 0.16166, "mrr_at_100": 0.16485, "mrr_at_200": 0.16546, "mrr_at_300": 0.16565, "mrr_at_500": 0.16586, "mrr_at_1000": 0.16597, "rc_at_1": {"relevant": 0.0, "distractor": 0.0}, "rc_at_3": {"relevant": 0.0, "distractor": 0.0}, "rc_at_5": {"relevant": 0.0, "distractor": 0.0}, "rc_at_10": {"relevant": 0.0, "distractor": 0.0}, "rc_at_20": {"relevant": 0.0, "distractor": 0.0}, "rc_at_100": {"relevant": 0.0, "distractor": 0.0}, "rc_at_200": {"relevant": 0.0, "distractor": 0.0}, "rc_at_300": {"relevant": 0.0, "distractor": 0.0}, "rc_at_500": {"relevant": 0.0, "distractor": 0.0}, "rc_at_1000": {"relevant": 0.0, "distractor": 0.0}}