{"ndcg_at_1": 0.27692, "ndcg_at_3": 0.21349, "ndcg_at_5": 0.18462, "ndcg_at_10": 0.16454, "ndcg_at_20": 0.19863, "ndcg_at_100": 0.26749, "ndcg_at_200": 0.29202, "ndcg_at_300": 0.30309, "ndcg_at_500": 0.3157, "ndcg_at_1000": 0.32931, "map_at_1": 0.02769, "map_at_3": 0.04692, "map_at_5": 0.05815, "map_at_10": 0.07955, "map_at_20": 0.09235, "map_at_100": 0.1094, "map_at_200": 0.11224, "map_at_300": 0.11322, "map_at_500": 0.11404, "map_at_1000": 0.11453, "recall_at_1": 0.02769, "recall_at_3": 0.05846, "recall_at_5": 0.08, "recall_at_10": 0.14308, "recall_at_20": 0.20462, "recall_at_100": 0.37538, "recall_at_200": 0.45538, "recall_at_300": 0.49538, "recall_at_500": 0.54462, "recall_at_1000": 0.60308, "precision_at_1": 0.27692, "precision_at_3": 0.19487, "precision_at_5": 0.16, "precision_at_10": 0.14308, "precision_at_20": 0.10231, "precision_at_100": 0.03754, "precision_at_200": 0.02277, "precision_at_300": 0.01651, "precision_at_500": 0.01089, "precision_at_1000": 0.00603, "mrr_at_1": 0.27692, "mrr_at_3": 0.35641, "mrr_at_5": 0.37103, "mrr_at_10": 0.39342, "mrr_at_20": 0.39884, "mrr_at_100": 0.40335, "mrr_at_200": 0.4038, "mrr_at_300": 0.4038, "mrr_at_500": 0.4038, "mrr_at_1000": 0.40383, "rc_at_1": {"relevant": 0.27692, "distractor": 0.6}, "rc_at_3": {"relevant": 0.58462, "distractor": 1.95385}, "rc_at_5": {"relevant": 0.8, "distractor": 3.12308}, "rc_at_10": {"relevant": 1.43077, "distractor": 5.64615}, "rc_at_20": {"relevant": 2.04615, "distractor": 10.53846}, "rc_at_100": {"relevant": 3.75385, "distractor": 30.6}, "rc_at_200": {"relevant": 4.55385, "distractor": 39.41538}, "rc_at_300": {"relevant": 4.95385, "distractor": 44.2}, "rc_at_500": {"relevant": 5.44615, "distractor": 49.86154}, "rc_at_1000": {"relevant": 6.03077, "distractor": 56.50769}}