{"ndcg_at_1": 0.01014, "ndcg_at_3": 0.0158, "ndcg_at_5": 0.01847, "ndcg_at_10": 0.02227, "ndcg_at_20": 0.02596, "ndcg_at_100": 0.03703, "ndcg_at_200": 0.04246, "ndcg_at_300": 0.04582, "ndcg_at_500": 0.0504, "ndcg_at_1000": 0.05745, "map_at_1": 0.00985, "map_at_3": 0.01419, "map_at_5": 0.01562, "map_at_10": 0.01715, "map_at_20": 0.01813, "map_at_100": 0.01952, "map_at_200": 0.01979, "map_at_300": 0.0199, "map_at_500": 0.02001, "map_at_1000": 0.0201, "recall_at_1": 0.00985, "recall_at_3": 0.0198, "recall_at_5": 0.02612, "recall_at_10": 0.03771, "recall_at_20": 0.05161, "recall_at_100": 0.1111, "recall_at_200": 0.14878, "recall_at_300": 0.17434, "recall_at_500": 0.2121, "recall_at_1000": 0.27631, "precision_at_1": 0.01014, "precision_at_3": 0.00695, "precision_at_5": 0.00562, "precision_at_10": 0.00406, "precision_at_20": 0.0029, "precision_at_100": 0.00127, "precision_at_200": 0.00086, "precision_at_300": 0.00067, "precision_at_500": 0.00049, "precision_at_1000": 0.00032, "mrr_at_1": 0.01014, "mrr_at_3": 0.01482, "mrr_at_5": 0.01646, "mrr_at_10": 0.01812, "mrr_at_20": 0.01925, "mrr_at_100": 0.02074, "mrr_at_200": 0.02103, "mrr_at_300": 0.02115, "mrr_at_500": 0.02125, "mrr_at_1000": 0.02135, "rc_at_1": {"relevant": 0.0, "distractor": 0.0}, "rc_at_3": {"relevant": 0.0, "distractor": 0.0}, "rc_at_5": {"relevant": 0.0, "distractor": 0.0}, "rc_at_10": {"relevant": 0.0, "distractor": 0.0}, "rc_at_20": {"relevant": 0.0, "distractor": 0.0}, "rc_at_100": {"relevant": 0.0, "distractor": 0.0}, "rc_at_200": {"relevant": 0.0, "distractor": 0.0}, "rc_at_300": {"relevant": 0.0, "distractor": 0.0}, "rc_at_500": {"relevant": 0.0, "distractor": 0.0}, "rc_at_1000": {"relevant": 0.0, "distractor": 0.0}}