{"ndcg_at_1": 0.33955, "ndcg_at_3": 0.39337, "ndcg_at_5": 0.41696, "ndcg_at_10": 0.45065, "ndcg_at_20": 0.47282, "ndcg_at_100": 0.50489, "ndcg_at_200": 0.51288, "ndcg_at_300": 0.51688, "ndcg_at_500": 0.52025, "ndcg_at_1000": 0.52346, "map_at_1": 0.29005, "map_at_3": 0.35972, "map_at_5": 0.37631, "map_at_10": 0.39236, "map_at_20": 0.39958, "map_at_100": 0.40489, "map_at_200": 0.40545, "map_at_300": 0.40561, "map_at_500": 0.40572, "map_at_1000": 0.40579, "recall_at_1": 0.29005, "recall_at_3": 0.43053, "recall_at_5": 0.49183, "recall_at_10": 0.58934, "recall_at_20": 0.66829, "recall_at_100": 0.81945, "recall_at_200": 0.86792, "recall_at_300": 0.89626, "recall_at_500": 0.92095, "recall_at_1000": 0.94713, "precision_at_1": 0.33955, "precision_at_3": 0.17879, "precision_at_5": 0.12481, "precision_at_10": 0.07649, "precision_at_20": 0.04501, "precision_at_100": 0.01174, "precision_at_200": 0.00638, "precision_at_300": 0.00441, "precision_at_500": 0.00275, "precision_at_1000": 0.00142, "mrr_at_1": 0.33955, "mrr_at_3": 0.40376, "mrr_at_5": 0.41794, "mrr_at_10": 0.43125, "mrr_at_20": 0.43645, "mrr_at_100": 0.44021, "mrr_at_200": 0.44046, "mrr_at_300": 0.44056, "mrr_at_500": 0.44061, "mrr_at_1000": 0.44064, "rc_at_1": {"relevant": 0.0, "distractor": 0.0}, "rc_at_3": {"relevant": 0.0, "distractor": 0.0}, "rc_at_5": {"relevant": 0.0, "distractor": 0.0}, "rc_at_10": {"relevant": 0.0, "distractor": 0.0}, "rc_at_20": {"relevant": 0.0, "distractor": 0.0}, "rc_at_100": {"relevant": 0.0, "distractor": 0.0}, "rc_at_200": {"relevant": 0.0, "distractor": 0.0}, "rc_at_300": {"relevant": 0.0, "distractor": 0.0}, "rc_at_500": {"relevant": 0.0, "distractor": 0.0}, "rc_at_1000": {"relevant": 0.0, "distractor": 0.0}}