{"ndcg_at_1": 0.24387, "ndcg_at_3": 0.29262, "ndcg_at_5": 0.31403, "ndcg_at_10": 0.33461, "ndcg_at_20": 0.35161, "ndcg_at_100": 0.37902, "ndcg_at_200": 0.38886, "ndcg_at_300": 0.39307, "ndcg_at_500": 0.39822, "ndcg_at_1000": 0.40471, "map_at_1": 0.21796, "map_at_3": 0.26968, "map_at_5": 0.28286, "map_at_10": 0.29213, "map_at_20": 0.29693, "map_at_100": 0.30114, "map_at_200": 0.30172, "map_at_300": 0.30187, "map_at_500": 0.30201, "map_at_1000": 0.30211, "recall_at_1": 0.21796, "recall_at_3": 0.32813, "recall_at_5": 0.37851, "recall_at_10": 0.44058, "recall_at_20": 0.50371, "recall_at_100": 0.64065, "recall_at_200": 0.70459, "recall_at_300": 0.73572, "recall_at_500": 0.77625, "recall_at_1000": 0.83319, "precision_at_1": 0.24387, "precision_at_3": 0.12628, "precision_at_5": 0.09049, "precision_at_10": 0.05353, "precision_at_20": 0.0309, "precision_at_100": 0.00813, "precision_at_200": 0.00456, "precision_at_300": 0.00319, "precision_at_500": 0.00204, "precision_at_1000": 0.0011, "mrr_at_1": 0.24847, "mrr_at_3": 0.29882, "mrr_at_5": 0.31125, "mrr_at_10": 0.31973, "mrr_at_20": 0.32451, "mrr_at_100": 0.32785, "mrr_at_200": 0.32834, "mrr_at_300": 0.32846, "mrr_at_500": 0.32856, "mrr_at_1000": 0.32864, "rc_at_1": {"relevant": 0.0, "distractor": 0.0}, "rc_at_3": {"relevant": 0.0, "distractor": 0.0}, "rc_at_5": {"relevant": 0.0, "distractor": 0.0}, "rc_at_10": {"relevant": 0.0, "distractor": 0.0}, "rc_at_20": {"relevant": 0.0, "distractor": 0.0}, "rc_at_100": {"relevant": 0.0, "distractor": 0.0}, "rc_at_200": {"relevant": 0.0, "distractor": 0.0}, "rc_at_300": {"relevant": 0.0, "distractor": 0.0}, "rc_at_500": {"relevant": 0.0, "distractor": 0.0}, "rc_at_1000": {"relevant": 0.0, "distractor": 0.0}}