{"ndcg_at_1": 0.28528, "ndcg_at_3": 0.33379, "ndcg_at_5": 0.3506, "ndcg_at_10": 0.37535, "ndcg_at_20": 0.39145, "ndcg_at_100": 0.41711, "ndcg_at_200": 0.4267, "ndcg_at_300": 0.43186, "ndcg_at_500": 0.43712, "ndcg_at_1000": 0.44261, "map_at_1": 0.25516, "map_at_3": 0.30963, "map_at_5": 0.32045, "map_at_10": 0.33169, "map_at_20": 0.33659, "map_at_100": 0.34023, "map_at_200": 0.34082, "map_at_300": 0.341, "map_at_500": 0.34114, "map_at_1000": 0.34124, "recall_at_1": 0.25516, "recall_at_3": 0.36687, "recall_at_5": 0.40822, "recall_at_10": 0.48188, "recall_at_20": 0.54062, "recall_at_100": 0.67282, "recall_at_200": 0.73524, "recall_at_300": 0.77371, "recall_at_500": 0.81499, "recall_at_1000": 0.86207, "precision_at_1": 0.28528, "precision_at_3": 0.14366, "precision_at_5": 0.09785, "precision_at_10": 0.0589, "precision_at_20": 0.03359, "precision_at_100": 0.0086, "precision_at_200": 0.00478, "precision_at_300": 0.00336, "precision_at_500": 0.00214, "precision_at_1000": 0.00115, "mrr_at_1": 0.28528, "mrr_at_3": 0.3387, "mrr_at_5": 0.34898, "mrr_at_10": 0.35907, "mrr_at_20": 0.36329, "mrr_at_100": 0.36615, "mrr_at_200": 0.3666, "mrr_at_300": 0.36676, "mrr_at_500": 0.36686, "mrr_at_1000": 0.36691, "rc_at_1": {"relevant": 0.0, "distractor": 0.0}, "rc_at_3": {"relevant": 0.0, "distractor": 0.0}, "rc_at_5": {"relevant": 0.0, "distractor": 0.0}, "rc_at_10": {"relevant": 0.0, "distractor": 0.0}, "rc_at_20": {"relevant": 0.0, "distractor": 0.0}, "rc_at_100": {"relevant": 0.0, "distractor": 0.0}, "rc_at_200": {"relevant": 0.0, "distractor": 0.0}, "rc_at_300": {"relevant": 0.0, "distractor": 0.0}, "rc_at_500": {"relevant": 0.0, "distractor": 0.0}, "rc_at_1000": {"relevant": 0.0, "distractor": 0.0}}