{"ndcg_at_1": 0.33312, "ndcg_at_3": 0.36367, "ndcg_at_5": 0.38189, "ndcg_at_10": 0.40855, "ndcg_at_20": 0.42446, "ndcg_at_100": 0.4517, "ndcg_at_200": 0.45974, "ndcg_at_300": 0.46347, "ndcg_at_500": 0.46774, "ndcg_at_1000": 0.47328, "map_at_1": 0.26963, "map_at_3": 0.32687, "map_at_5": 0.34181, "map_at_10": 0.35578, "map_at_20": 0.36142, "map_at_100": 0.36644, "map_at_200": 0.36708, "map_at_300": 0.36728, "map_at_500": 0.36746, "map_at_1000": 0.36759, "recall_at_1": 0.26963, "recall_at_3": 0.37613, "recall_at_5": 0.42638, "recall_at_10": 0.50725, "recall_at_20": 0.56547, "recall_at_100": 0.6937, "recall_at_200": 0.74036, "recall_at_300": 0.76397, "recall_at_500": 0.79239, "recall_at_1000": 0.83413, "precision_at_1": 0.33312, "precision_at_3": 0.17282, "precision_at_5": 0.12268, "precision_at_10": 0.07662, "precision_at_20": 0.04487, "precision_at_100": 0.01227, "precision_at_200": 0.00683, "precision_at_300": 0.00481, "precision_at_500": 0.0031, "precision_at_1000": 0.0017, "mrr_at_1": 0.33312, "mrr_at_3": 0.38747, "mrr_at_5": 0.39824, "mrr_at_10": 0.41006, "mrr_at_20": 0.4141, "mrr_at_100": 0.4171, "mrr_at_200": 0.41736, "mrr_at_300": 0.41743, "mrr_at_500": 0.41749, "mrr_at_1000": 0.41754, "rc_at_1": {"relevant": 0.0, "distractor": 0.0}, "rc_at_3": {"relevant": 0.0, "distractor": 0.0}, "rc_at_5": {"relevant": 0.0, "distractor": 0.0}, "rc_at_10": {"relevant": 0.0, "distractor": 0.0}, "rc_at_20": {"relevant": 0.0, "distractor": 0.0}, "rc_at_100": {"relevant": 0.0, "distractor": 0.0}, "rc_at_200": {"relevant": 0.0, "distractor": 0.0}, "rc_at_300": {"relevant": 0.0, "distractor": 0.0}, "rc_at_500": {"relevant": 0.0, "distractor": 0.0}, "rc_at_1000": {"relevant": 0.0, "distractor": 0.0}}