{"ndcg_at_1": 0.3355, "ndcg_at_3": 0.39753, "ndcg_at_5": 0.42627, "ndcg_at_10": 0.45787, "ndcg_at_20": 0.48084, "ndcg_at_100": 0.51626, "ndcg_at_200": 0.52447, "ndcg_at_300": 0.5278, "ndcg_at_500": 0.53097, "ndcg_at_1000": 0.53392, "map_at_1": 0.29262, "map_at_3": 0.36454, "map_at_5": 0.38374, "map_at_10": 0.39911, "map_at_20": 0.40685, "map_at_100": 0.41318, "map_at_200": 0.41377, "map_at_300": 0.41393, "map_at_500": 0.41405, "map_at_1000": 0.41411, "recall_at_1": 0.29262, "recall_at_3": 0.43744, "recall_at_5": 0.50784, "recall_at_10": 0.60025, "recall_at_20": 0.68275, "recall_at_100": 0.85212, "recall_at_200": 0.90357, "recall_at_300": 0.92634, "recall_at_500": 0.94957, "recall_at_1000": 0.97328, "precision_at_1": 0.3355, "precision_at_3": 0.1795, "precision_at_5": 0.12886, "precision_at_10": 0.07959, "precision_at_20": 0.04714, "precision_at_100": 0.01263, "precision_at_200": 0.0068, "precision_at_300": 0.00469, "precision_at_500": 0.00291, "precision_at_1000": 0.00151, "mrr_at_1": 0.3355, "mrr_at_3": 0.40287, "mrr_at_5": 0.41925, "mrr_at_10": 0.43162, "mrr_at_20": 0.43711, "mrr_at_100": 0.44094, "mrr_at_200": 0.44127, "mrr_at_300": 0.44134, "mrr_at_500": 0.44139, "mrr_at_1000": 0.44141, "rc_at_1": {"relevant": 0.0, "distractor": 0.0}, "rc_at_3": {"relevant": 0.0, "distractor": 0.0}, "rc_at_5": {"relevant": 0.0, "distractor": 0.0}, "rc_at_10": {"relevant": 0.0, "distractor": 0.0}, "rc_at_20": {"relevant": 0.0, "distractor": 0.0}, "rc_at_100": {"relevant": 0.0, "distractor": 0.0}, "rc_at_200": {"relevant": 0.0, "distractor": 0.0}, "rc_at_300": {"relevant": 0.0, "distractor": 0.0}, "rc_at_500": {"relevant": 0.0, "distractor": 0.0}, "rc_at_1000": {"relevant": 0.0, "distractor": 0.0}}