{"ndcg_at_1": 0.13937, "ndcg_at_3": 0.16413, "ndcg_at_5": 0.17882, "ndcg_at_10": 0.19389, "ndcg_at_20": 0.2081, "ndcg_at_100": 0.23557, "ndcg_at_200": 0.24695, "ndcg_at_300": 0.2521, "ndcg_at_500": 0.25897, "ndcg_at_1000": 0.26817, "map_at_1": 0.11422, "map_at_3": 0.1455, "map_at_5": 0.15486, "map_at_10": 0.16154, "map_at_20": 0.16559, "map_at_100": 0.16948, "map_at_200": 0.17013, "map_at_300": 0.17033, "map_at_500": 0.17052, "map_at_1000": 0.17068, "recall_at_1": 0.11422, "recall_at_3": 0.18191, "recall_at_5": 0.21957, "recall_at_10": 0.26406, "recall_at_20": 0.31715, "recall_at_100": 0.45453, "recall_at_200": 0.52812, "recall_at_300": 0.56345, "recall_at_500": 0.61566, "recall_at_1000": 0.69317, "precision_at_1": 0.13937, "precision_at_3": 0.07708, "precision_at_5": 0.05664, "precision_at_10": 0.0351, "precision_at_20": 0.02147, "precision_at_100": 0.00654, "precision_at_200": 0.00389, "precision_at_300": 0.00284, "precision_at_500": 0.0019, "precision_at_1000": 0.00109, "mrr_at_1": 0.13937, "mrr_at_3": 0.17378, "mrr_at_5": 0.18359, "mrr_at_10": 0.19055, "mrr_at_20": 0.19458, "mrr_at_100": 0.19837, "mrr_at_200": 0.19892, "mrr_at_300": 0.19907, "mrr_at_500": 0.1992, "mrr_at_1000": 0.1993, "rc_at_1": {"relevant": 0.0, "distractor": 0.0}, "rc_at_3": {"relevant": 0.0, "distractor": 0.0}, "rc_at_5": {"relevant": 0.0, "distractor": 0.0}, "rc_at_10": {"relevant": 0.0, "distractor": 0.0}, "rc_at_20": {"relevant": 0.0, "distractor": 0.0}, "rc_at_100": {"relevant": 0.0, "distractor": 0.0}, "rc_at_200": {"relevant": 0.0, "distractor": 0.0}, "rc_at_300": {"relevant": 0.0, "distractor": 0.0}, "rc_at_500": {"relevant": 0.0, "distractor": 0.0}, "rc_at_1000": {"relevant": 0.0, "distractor": 0.0}}