{"ndcg_at_1": 0.54, "ndcg_at_3": 0.5305, "ndcg_at_5": 0.4987, "ndcg_at_10": 0.46756, "ndcg_at_20": 0.42975, "ndcg_at_100": 0.31599, "ndcg_at_200": 0.26211, "ndcg_at_300": 0.2426, "ndcg_at_500": 0.2354, "ndcg_at_1000": 0.26894, "map_at_1": 0.00153, "map_at_3": 0.00378, "map_at_5": 0.00571, "map_at_10": 0.00977, "map_at_20": 0.01566, "map_at_100": 0.04194, "map_at_200": 0.05753, "map_at_300": 0.06728, "map_at_500": 0.07824, "map_at_1000": 0.09043, "recall_at_1": 0.00153, "recall_at_3": 0.00424, "recall_at_5": 0.0066, "recall_at_10": 0.01206, "recall_at_20": 0.02078, "recall_at_100": 0.06994, "recall_at_200": 0.1087, "recall_at_300": 0.13882, "recall_at_500": 0.18022, "recall_at_1000": 0.2471, "precision_at_1": 0.58, "precision_at_3": 0.56667, "precision_at_5": 0.524, "precision_at_10": 0.494, "precision_at_20": 0.442, "precision_at_100": 0.3154, "precision_at_200": 0.2518, "precision_at_300": 0.21707, "precision_at_500": 0.17204, "precision_at_1000": 0.11946, "mrr_at_1": 0.58, "mrr_at_3": 0.68, "mrr_at_5": 0.684, "mrr_at_10": 0.69421, "mrr_at_20": 0.69575, "mrr_at_100": 0.69718, "mrr_at_200": 0.69718, "mrr_at_300": 0.69718, "mrr_at_500": 0.69718, "mrr_at_1000": 0.69718, "rc_at_1": {"relevant": 0.0, "distractor": 0.0}, "rc_at_3": {"relevant": 0.0, "distractor": 0.0}, "rc_at_5": {"relevant": 0.0, "distractor": 0.0}, "rc_at_10": {"relevant": 0.0, "distractor": 0.0}, "rc_at_20": {"relevant": 0.0, "distractor": 0.0}, "rc_at_100": {"relevant": 0.0, "distractor": 0.0}, "rc_at_200": {"relevant": 0.0, "distractor": 0.0}, "rc_at_300": {"relevant": 0.0, "distractor": 0.0}, "rc_at_500": {"relevant": 0.0, "distractor": 0.0}, "rc_at_1000": {"relevant": 0.0, "distractor": 0.0}}