{"ndcg_at_1": 0.03129, "ndcg_at_3": 0.04489, "ndcg_at_5": 0.05304, "ndcg_at_10": 0.0636, "ndcg_at_20": 0.07413, "ndcg_at_100": 0.09376, "ndcg_at_200": 0.10199, "ndcg_at_300": 0.10737, "ndcg_at_500": 0.11342, "ndcg_at_1000": 0.12069, "map_at_1": 0.0268, "map_at_3": 0.03962, "map_at_5": 0.04407, "map_at_10": 0.04847, "map_at_20": 0.05128, "map_at_100": 0.05386, "map_at_200": 0.05429, "map_at_300": 0.05447, "map_at_500": 0.05461, "map_at_1000": 0.05471, "recall_at_1": 0.0268, "recall_at_3": 0.05519, "recall_at_5": 0.07411, "recall_at_10": 0.1054, "recall_at_20": 0.14595, "recall_at_100": 0.24986, "recall_at_200": 0.30593, "recall_at_300": 0.34685, "recall_at_500": 0.39593, "recall_at_1000": 0.4621, "precision_at_1": 0.03129, "precision_at_3": 0.02144, "precision_at_5": 0.01738, "precision_at_10": 0.01237, "precision_at_20": 0.00856, "precision_at_100": 0.00295, "precision_at_200": 0.00182, "precision_at_300": 0.00138, "precision_at_500": 0.00095, "precision_at_1000": 0.00055, "mrr_at_1": 0.031, "mrr_at_3": 0.04456, "mrr_at_5": 0.04962, "mrr_at_10": 0.05408, "mrr_at_20": 0.05716, "mrr_at_100": 0.05975, "mrr_at_200": 0.06018, "mrr_at_300": 0.06036, "mrr_at_500": 0.06049, "mrr_at_1000": 0.06058, "rc_at_1": {"relevant": 0.0, "distractor": 0.0}, "rc_at_3": {"relevant": 0.0, "distractor": 0.0}, "rc_at_5": {"relevant": 0.0, "distractor": 0.0}, "rc_at_10": {"relevant": 0.0, "distractor": 0.0}, "rc_at_20": {"relevant": 0.0, "distractor": 0.0}, "rc_at_100": {"relevant": 0.0, "distractor": 0.0}, "rc_at_200": {"relevant": 0.0, "distractor": 0.0}, "rc_at_300": {"relevant": 0.0, "distractor": 0.0}, "rc_at_500": {"relevant": 0.0, "distractor": 0.0}, "rc_at_1000": {"relevant": 0.0, "distractor": 0.0}}