{"ndcg_at_1": 0.22127, "ndcg_at_3": 0.26689, "ndcg_at_5": 0.28931, "ndcg_at_10": 0.31544, "ndcg_at_20": 0.33612, "ndcg_at_100": 0.37197, "ndcg_at_200": 0.38378, "ndcg_at_300": 0.38914, "ndcg_at_500": 0.39444, "ndcg_at_1000": 0.40016, "map_at_1": 0.18278, "map_at_3": 0.23755, "map_at_5": 0.25205, "map_at_10": 0.26441, "map_at_20": 0.27079, "map_at_100": 0.27637, "map_at_200": 0.27715, "map_at_300": 0.27739, "map_at_500": 0.27755, "map_at_1000": 0.27767, "recall_at_1": 0.18278, "recall_at_3": 0.29766, "recall_at_5": 0.35472, "recall_at_10": 0.43098, "recall_at_20": 0.50689, "recall_at_100": 0.68455, "recall_at_200": 0.76006, "recall_at_300": 0.79682, "recall_at_500": 0.83618, "recall_at_1000": 0.88164, "precision_at_1": 0.22127, "precision_at_3": 0.12641, "precision_at_5": 0.0925, "precision_at_10": 0.05822, "precision_at_20": 0.03538, "precision_at_100": 0.01021, "precision_at_200": 0.0058, "precision_at_300": 0.00412, "precision_at_500": 0.00264, "precision_at_1000": 0.00143, "mrr_at_1": 0.21989, "mrr_at_3": 0.27564, "mrr_at_5": 0.29123, "mrr_at_10": 0.30129, "mrr_at_20": 0.30693, "mrr_at_100": 0.3111, "mrr_at_200": 0.3116, "mrr_at_300": 0.31174, "mrr_at_500": 0.31184, "mrr_at_1000": 0.31189, "rc_at_1": {"relevant": 0.0, "distractor": 0.0}, "rc_at_3": {"relevant": 0.0, "distractor": 0.0}, "rc_at_5": {"relevant": 0.0, "distractor": 0.0}, "rc_at_10": {"relevant": 0.0, "distractor": 0.0}, "rc_at_20": {"relevant": 0.0, "distractor": 0.0}, "rc_at_100": {"relevant": 0.0, "distractor": 0.0}, "rc_at_200": {"relevant": 0.0, "distractor": 0.0}, "rc_at_300": {"relevant": 0.0, "distractor": 0.0}, "rc_at_500": {"relevant": 0.0, "distractor": 0.0}, "rc_at_1000": {"relevant": 0.0, "distractor": 0.0}}