{"ndcg_at_1": 0.47273, "ndcg_at_3": 0.33245, "ndcg_at_5": 0.30554, "ndcg_at_10": 0.22915, "ndcg_at_20": 0.28045, "ndcg_at_100": 0.37146, "ndcg_at_200": 0.39058, "ndcg_at_300": 0.39966, "ndcg_at_500": 0.40754, "ndcg_at_1000": 0.41763, "map_at_1": 0.04727, "map_at_3": 0.07879, "map_at_5": 0.10261, "map_at_10": 0.12307, "map_at_20": 0.14486, "map_at_100": 0.17241, "map_at_200": 0.1752, "map_at_300": 0.17599, "map_at_500": 0.17655, "map_at_1000": 0.17699, "recall_at_1": 0.04727, "recall_at_3": 0.08727, "recall_at_5": 0.13455, "recall_at_10": 0.17818, "recall_at_20": 0.27091, "recall_at_100": 0.49636, "recall_at_200": 0.55818, "recall_at_300": 0.59091, "recall_at_500": 0.62182, "recall_at_1000": 0.66545, "precision_at_1": 0.47273, "precision_at_3": 0.29091, "precision_at_5": 0.26909, "precision_at_10": 0.17818, "precision_at_20": 0.13545, "precision_at_100": 0.04964, "precision_at_200": 0.02791, "precision_at_300": 0.0197, "precision_at_500": 0.01244, "precision_at_1000": 0.00665, "mrr_at_1": 0.47273, "mrr_at_3": 0.53939, "mrr_at_5": 0.56758, "mrr_at_10": 0.57551, "mrr_at_20": 0.58018, "mrr_at_100": 0.58144, "mrr_at_200": 0.58144, "mrr_at_300": 0.58144, "mrr_at_500": 0.58144, "mrr_at_1000": 0.58144, "rc_at_1": {"relevant": 0.47273, "distractor": 0.49091}, "rc_at_3": {"relevant": 0.87273, "distractor": 1.89091}, "rc_at_5": {"relevant": 1.34545, "distractor": 3.18182}, "rc_at_10": {"relevant": 1.78182, "distractor": 6.27273}, "rc_at_20": {"relevant": 2.70909, "distractor": 11.65455}, "rc_at_100": {"relevant": 4.96364, "distractor": 30.94545}, "rc_at_200": {"relevant": 5.58182, "distractor": 39.72727}, "rc_at_300": {"relevant": 5.90909, "distractor": 44.61818}, "rc_at_500": {"relevant": 6.23636, "distractor": 49.67273}, "rc_at_1000": {"relevant": 6.65455, "distractor": 55.65455}}