{"ndcg_at_1": 0.26493, "ndcg_at_3": 0.31509, "ndcg_at_5": 0.34054, "ndcg_at_10": 0.37165, "ndcg_at_20": 0.39661, "ndcg_at_100": 0.4317, "ndcg_at_200": 0.44056, "ndcg_at_300": 0.44621, "ndcg_at_500": 0.45088, "ndcg_at_1000": 0.45543, "map_at_1": 0.22874, "map_at_3": 0.28517, "map_at_5": 0.30276, "map_at_10": 0.31703, "map_at_20": 0.32451, "map_at_100": 0.32997, "map_at_200": 0.33058, "map_at_300": 0.33083, "map_at_500": 0.33096, "map_at_1000": 0.33105, "recall_at_1": 0.22874, "recall_at_3": 0.34863, "recall_at_5": 0.41429, "recall_at_10": 0.50398, "recall_at_20": 0.59394, "recall_at_100": 0.76475, "recall_at_200": 0.81782, "recall_at_300": 0.85747, "recall_at_500": 0.89219, "recall_at_1000": 0.92934, "precision_at_1": 0.26493, "precision_at_3": 0.14459, "precision_at_5": 0.1041, "precision_at_10": 0.06558, "precision_at_20": 0.03965, "precision_at_100": 0.01072, "precision_at_200": 0.0059, "precision_at_300": 0.00417, "precision_at_500": 0.00264, "precision_at_1000": 0.00139, "mrr_at_1": 0.26493, "mrr_at_3": 0.32369, "mrr_at_5": 0.33857, "mrr_at_10": 0.35136, "mrr_at_20": 0.35766, "mrr_at_100": 0.36191, "mrr_at_200": 0.36226, "mrr_at_300": 0.36239, "mrr_at_500": 0.36246, "mrr_at_1000": 0.36251, "rc_at_1": {"relevant": 0.0, "distractor": 0.0}, "rc_at_3": {"relevant": 0.0, "distractor": 0.0}, "rc_at_5": {"relevant": 0.0, "distractor": 0.0}, "rc_at_10": {"relevant": 0.0, "distractor": 0.0}, "rc_at_20": {"relevant": 0.0, "distractor": 0.0}, "rc_at_100": {"relevant": 0.0, "distractor": 0.0}, "rc_at_200": {"relevant": 0.0, "distractor": 0.0}, "rc_at_300": {"relevant": 0.0, "distractor": 0.0}, "rc_at_500": {"relevant": 0.0, "distractor": 0.0}, "rc_at_1000": {"relevant": 0.0, "distractor": 0.0}}