{"ndcg_at_1": 0.51223, "ndcg_at_3": 0.57775, "ndcg_at_5": 0.60444, "ndcg_at_10": 0.62609, "ndcg_at_20": 0.64239, "ndcg_at_100": 0.66171, "ndcg_at_200": 0.66639, "ndcg_at_300": 0.6685, "ndcg_at_500": 0.67019, "ndcg_at_1000": 0.67213, "map_at_1": 0.45136, "map_at_3": 0.54296, "map_at_5": 0.56219, "map_at_10": 0.57417, "map_at_20": 0.58019, "map_at_100": 0.58356, "map_at_200": 0.58388, "map_at_300": 0.58397, "map_at_500": 0.58403, "map_at_1000": 0.58408, "recall_at_1": 0.45136, "recall_at_3": 0.62052, "recall_at_5": 0.68463, "recall_at_10": 0.74526, "recall_at_20": 0.8062, "recall_at_100": 0.89872, "recall_at_200": 0.92822, "recall_at_300": 0.94345, "recall_at_500": 0.95571, "recall_at_1000": 0.97137, "precision_at_1": 0.51223, "precision_at_3": 0.25329, "precision_at_5": 0.17304, "precision_at_10": 0.09774, "precision_at_20": 0.05386, "precision_at_100": 0.01236, "precision_at_200": 0.00644, "precision_at_300": 0.00437, "precision_at_500": 0.00268, "precision_at_1000": 0.00137, "mrr_at_1": 0.51285, "mrr_at_3": 0.58297, "mrr_at_5": 0.59714, "mrr_at_10": 0.60438, "mrr_at_20": 0.60819, "mrr_at_100": 0.61046, "mrr_at_200": 0.61065, "mrr_at_300": 0.6107, "mrr_at_500": 0.61072, "mrr_at_1000": 0.61074, "rc_at_1": {"relevant": 0.0, "distractor": 0.0}, "rc_at_3": {"relevant": 0.0, "distractor": 0.0}, "rc_at_5": {"relevant": 0.0, "distractor": 0.0}, "rc_at_10": {"relevant": 0.0, "distractor": 0.0}, "rc_at_20": {"relevant": 0.0, "distractor": 0.0}, "rc_at_100": {"relevant": 0.0, "distractor": 0.0}, "rc_at_200": {"relevant": 0.0, "distractor": 0.0}, "rc_at_300": {"relevant": 0.0, "distractor": 0.0}, "rc_at_500": {"relevant": 0.0, "distractor": 0.0}, "rc_at_1000": {"relevant": 0.0, "distractor": 0.0}}