{"ndcg_at_1": 0.19544, "ndcg_at_3": 0.17988, "ndcg_at_5": 0.19128, "ndcg_at_10": 0.2129, "ndcg_at_20": 0.23067, "ndcg_at_100": 0.2607, "ndcg_at_200": 0.27255, "ndcg_at_300": 0.27735, "ndcg_at_500": 0.28398, "ndcg_at_1000": 0.29144, "map_at_1": 0.08958, "map_at_3": 0.13154, "map_at_5": 0.14157, "map_at_10": 0.15156, "map_at_20": 0.1573, "map_at_100": 0.16222, "map_at_200": 0.16307, "map_at_300": 0.16331, "map_at_500": 0.16353, "map_at_1000": 0.16368, "recall_at_1": 0.08958, "recall_at_3": 0.16992, "recall_at_5": 0.20504, "recall_at_10": 0.25338, "recall_at_20": 0.30396, "recall_at_100": 0.42129, "recall_at_200": 0.48149, "recall_at_300": 0.5079, "recall_at_500": 0.54848, "recall_at_1000": 0.59725, "precision_at_1": 0.19544, "precision_at_3": 0.13333, "precision_at_5": 0.09902, "precision_at_10": 0.06345, "precision_at_20": 0.03922, "precision_at_100": 0.01136, "precision_at_200": 0.00661, "precision_at_300": 0.00469, "precision_at_500": 0.00307, "precision_at_1000": 0.0017, "mrr_at_1": 0.19739, "mrr_at_3": 0.26558, "mrr_at_5": 0.28183, "mrr_at_10": 0.29133, "mrr_at_20": 0.29564, "mrr_at_100": 0.29966, "mrr_at_200": 0.3, "mrr_at_300": 0.3001, "mrr_at_500": 0.30017, "mrr_at_1000": 0.30022, "rc_at_1": {"relevant": 0.0, "distractor": 0.0}, "rc_at_3": {"relevant": 0.0, "distractor": 0.0}, "rc_at_5": {"relevant": 0.0, "distractor": 0.0}, "rc_at_10": {"relevant": 0.0, "distractor": 0.0}, "rc_at_20": {"relevant": 0.0, "distractor": 0.0}, "rc_at_100": {"relevant": 0.0, "distractor": 0.0}, "rc_at_200": {"relevant": 0.0, "distractor": 0.0}, "rc_at_300": {"relevant": 0.0, "distractor": 0.0}, "rc_at_500": {"relevant": 0.0, "distractor": 0.0}, "rc_at_1000": {"relevant": 0.0, "distractor": 0.0}}