{"ndcg_at_1": 0.13799, "ndcg_at_3": 0.16291, "ndcg_at_5": 0.17491, "ndcg_at_10": 0.19321, "ndcg_at_20": 0.20897, "ndcg_at_100": 0.23804, "ndcg_at_200": 0.24797, "ndcg_at_300": 0.25342, "ndcg_at_500": 0.26015, "ndcg_at_1000": 0.26824, "map_at_1": 0.11021, "map_at_3": 0.143, "map_at_5": 0.15134, "map_at_10": 0.15958, "map_at_20": 0.16424, "map_at_100": 0.16849, "map_at_200": 0.16907, "map_at_300": 0.16929, "map_at_500": 0.16946, "map_at_1000": 0.1696, "recall_at_1": 0.11021, "recall_at_3": 0.17984, "recall_at_5": 0.21104, "recall_at_10": 0.2662, "recall_at_20": 0.32474, "recall_at_100": 0.47083, "recall_at_200": 0.53536, "recall_at_300": 0.57371, "recall_at_500": 0.62608, "recall_at_1000": 0.69446, "precision_at_1": 0.13799, "precision_at_3": 0.07788, "precision_at_5": 0.0565, "precision_at_10": 0.03641, "precision_at_20": 0.02263, "precision_at_100": 0.00689, "precision_at_200": 0.00397, "precision_at_300": 0.00288, "precision_at_500": 0.00191, "precision_at_1000": 0.00108, "mrr_at_1": 0.13799, "mrr_at_3": 0.17315, "mrr_at_5": 0.1813, "mrr_at_10": 0.18959, "mrr_at_20": 0.19397, "mrr_at_100": 0.19759, "mrr_at_200": 0.19805, "mrr_at_300": 0.1982, "mrr_at_500": 0.19834, "mrr_at_1000": 0.19843, "rc_at_1": {"relevant": 0.0, "distractor": 0.0}, "rc_at_3": {"relevant": 0.0, "distractor": 0.0}, "rc_at_5": {"relevant": 0.0, "distractor": 0.0}, "rc_at_10": {"relevant": 0.0, "distractor": 0.0}, "rc_at_20": {"relevant": 0.0, "distractor": 0.0}, "rc_at_100": {"relevant": 0.0, "distractor": 0.0}, "rc_at_200": {"relevant": 0.0, "distractor": 0.0}, "rc_at_300": {"relevant": 0.0, "distractor": 0.0}, "rc_at_500": {"relevant": 0.0, "distractor": 0.0}, "rc_at_1000": {"relevant": 0.0, "distractor": 0.0}}