{"ndcg_at_1": 0.11758, "ndcg_at_3": 0.13339, "ndcg_at_5": 0.14753, "ndcg_at_10": 0.16289, "ndcg_at_20": 0.17606, "ndcg_at_100": 0.20024, "ndcg_at_200": 0.21077, "ndcg_at_300": 0.21639, "ndcg_at_500": 0.22195, "ndcg_at_1000": 0.23029, "map_at_1": 0.09475, "map_at_3": 0.11884, "map_at_5": 0.12741, "map_at_10": 0.13447, "map_at_20": 0.13813, "map_at_100": 0.14144, "map_at_200": 0.14203, "map_at_300": 0.14224, "map_at_500": 0.14238, "map_at_1000": 0.14251, "recall_at_1": 0.09475, "recall_at_3": 0.14568, "recall_at_5": 0.18184, "recall_at_10": 0.22687, "recall_at_20": 0.27428, "recall_at_100": 0.39603, "recall_at_200": 0.46416, "recall_at_300": 0.50251, "recall_at_500": 0.54421, "recall_at_1000": 0.61587, "precision_at_1": 0.11758, "precision_at_3": 0.06164, "precision_at_5": 0.04658, "precision_at_10": 0.02979, "precision_at_20": 0.01844, "precision_at_100": 0.00566, "precision_at_200": 0.00338, "precision_at_300": 0.00252, "precision_at_500": 0.00167, "precision_at_1000": 0.00095, "mrr_at_1": 0.11758, "mrr_at_3": 0.14346, "mrr_at_5": 0.15259, "mrr_at_10": 0.15964, "mrr_at_20": 0.16385, "mrr_at_100": 0.16683, "mrr_at_200": 0.16731, "mrr_at_300": 0.16746, "mrr_at_500": 0.16758, "mrr_at_1000": 0.16768, "rc_at_1": {"relevant": 0.0, "distractor": 0.0}, "rc_at_3": {"relevant": 0.0, "distractor": 0.0}, "rc_at_5": {"relevant": 0.0, "distractor": 0.0}, "rc_at_10": {"relevant": 0.0, "distractor": 0.0}, "rc_at_20": {"relevant": 0.0, "distractor": 0.0}, "rc_at_100": {"relevant": 0.0, "distractor": 0.0}, "rc_at_200": {"relevant": 0.0, "distractor": 0.0}, "rc_at_300": {"relevant": 0.0, "distractor": 0.0}, "rc_at_500": {"relevant": 0.0, "distractor": 0.0}, "rc_at_1000": {"relevant": 0.0, "distractor": 0.0}}