{"ndcg_at_1": 0.32768, "ndcg_at_3": 0.39378, "ndcg_at_5": 0.42029, "ndcg_at_10": 0.44904, "ndcg_at_20": 0.47069, "ndcg_at_100": 0.49925, "ndcg_at_200": 0.5059, "ndcg_at_300": 0.50894, "ndcg_at_500": 0.51198, "ndcg_at_1000": 0.51504, "map_at_1": 0.30528, "map_at_3": 0.36871, "map_at_5": 0.38446, "map_at_10": 0.39718, "map_at_20": 0.40372, "map_at_100": 0.40799, "map_at_200": 0.40839, "map_at_300": 0.40851, "map_at_500": 0.40858, "map_at_1000": 0.40864, "recall_at_1": 0.30528, "recall_at_3": 0.43948, "recall_at_5": 0.50308, "recall_at_10": 0.58873, "recall_at_20": 0.66923, "recall_at_100": 0.81465, "recall_at_200": 0.85865, "recall_at_300": 0.88112, "recall_at_500": 0.90612, "recall_at_1000": 0.93203, "precision_at_1": 0.32768, "precision_at_3": 0.16535, "precision_at_5": 0.11435, "precision_at_10": 0.06791, "precision_at_20": 0.03915, "precision_at_100": 0.00977, "precision_at_200": 0.0052, "precision_at_300": 0.00357, "precision_at_500": 0.0022, "precision_at_1000": 0.00114, "mrr_at_1": 0.32994, "mrr_at_3": 0.39341, "mrr_at_5": 0.40844, "mrr_at_10": 0.41935, "mrr_at_20": 0.42483, "mrr_at_100": 0.42829, "mrr_at_200": 0.42861, "mrr_at_300": 0.42869, "mrr_at_500": 0.42875, "mrr_at_1000": 0.42878, "rc_at_1": {"relevant": 0.0, "distractor": 0.0}, "rc_at_3": {"relevant": 0.0, "distractor": 0.0}, "rc_at_5": {"relevant": 0.0, "distractor": 0.0}, "rc_at_10": {"relevant": 0.0, "distractor": 0.0}, "rc_at_20": {"relevant": 0.0, "distractor": 0.0}, "rc_at_100": {"relevant": 0.0, "distractor": 0.0}, "rc_at_200": {"relevant": 0.0, "distractor": 0.0}, "rc_at_300": {"relevant": 0.0, "distractor": 0.0}, "rc_at_500": {"relevant": 0.0, "distractor": 0.0}, "rc_at_1000": {"relevant": 0.0, "distractor": 0.0}}