{"ndcg_at_1": 0.126, "ndcg_at_3": 0.10958, "ndcg_at_5": 0.09796, "ndcg_at_10": 0.1218, "ndcg_at_20": 0.14063, "ndcg_at_100": 0.1827, "ndcg_at_200": 0.19751, "ndcg_at_300": 0.2064, "ndcg_at_500": 0.21715, "ndcg_at_1000": 0.23268, "map_at_1": 0.02555, "map_at_3": 0.04613, "map_at_5": 0.05543, "map_at_10": 0.06535, "map_at_20": 0.07129, "map_at_100": 0.07855, "map_at_200": 0.07965, "map_at_300": 0.08011, "map_at_500": 0.0805, "map_at_1000": 0.08086, "recall_at_1": 0.02555, "recall_at_3": 0.06358, "recall_at_5": 0.0897, "recall_at_10": 0.13305, "recall_at_20": 0.1774, "recall_at_100": 0.31358, "recall_at_200": 0.37682, "recall_at_300": 0.41887, "recall_at_500": 0.4736, "recall_at_1000": 0.56088, "precision_at_1": 0.126, "precision_at_3": 0.10433, "precision_at_5": 0.0882, "precision_at_10": 0.0656, "precision_at_20": 0.04375, "precision_at_100": 0.01545, "precision_at_200": 0.00927, "precision_at_300": 0.00687, "precision_at_500": 0.00466, "precision_at_1000": 0.00276, "mrr_at_1": 0.128, "mrr_at_3": 0.18667, "mrr_at_5": 0.20327, "mrr_at_10": 0.21762, "mrr_at_20": 0.22393, "mrr_at_100": 0.22931, "mrr_at_200": 0.22979, "mrr_at_300": 0.22994, "mrr_at_500": 0.23007, "mrr_at_1000": 0.23015, "rc_at_1": {"relevant": 0.0, "distractor": 0.0}, "rc_at_3": {"relevant": 0.0, "distractor": 0.0}, "rc_at_5": {"relevant": 0.0, "distractor": 0.0}, "rc_at_10": {"relevant": 0.0, "distractor": 0.0}, "rc_at_20": {"relevant": 0.0, "distractor": 0.0}, "rc_at_100": {"relevant": 0.0, "distractor": 0.0}, "rc_at_200": {"relevant": 0.0, "distractor": 0.0}, "rc_at_300": {"relevant": 0.0, "distractor": 0.0}, "rc_at_500": {"relevant": 0.0, "distractor": 0.0}, "rc_at_1000": {"relevant": 0.0, "distractor": 0.0}}