{"ndcg_at_1": 0.55875, "ndcg_at_3": 0.47419, "ndcg_at_5": 0.44523, "ndcg_at_10": 0.42181, "ndcg_at_20": 0.41719, "ndcg_at_100": 0.47902, "ndcg_at_200": 0.50666, "ndcg_at_300": 0.51936, "ndcg_at_500": 0.53442, "ndcg_at_1000": 0.55127, "map_at_1": 0.09295, "map_at_3": 0.14536, "map_at_5": 0.1702, "map_at_10": 0.20171, "map_at_20": 0.23381, "map_at_100": 0.28827, "map_at_200": 0.2974, "map_at_300": 0.30037, "map_at_500": 0.30311, "map_at_1000": 0.30535, "recall_at_1": 0.09295, "recall_at_3": 0.15792, "recall_at_5": 0.19922, "recall_at_10": 0.25653, "recall_at_20": 0.3283, "recall_at_100": 0.54949, "recall_at_200": 0.63064, "recall_at_300": 0.66925, "recall_at_500": 0.71779, "recall_at_1000": 0.77896, "precision_at_1": 0.69, "precision_at_3": 0.50333, "precision_at_5": 0.429, "precision_at_10": 0.33175, "precision_at_20": 0.25387, "precision_at_100": 0.11203, "precision_at_200": 0.07005, "precision_at_300": 0.05216, "precision_at_500": 0.03598, "precision_at_1000": 0.02142, "mrr_at_1": 0.69, "mrr_at_3": 0.75583, "mrr_at_5": 0.76433, "mrr_at_10": 0.76981, "mrr_at_20": 0.77141, "mrr_at_100": 0.77246, "mrr_at_200": 0.77253, "mrr_at_300": 0.77255, "mrr_at_500": 0.77255, "mrr_at_1000": 0.77256, "rc_at_1": {"relevant": 0.0, "distractor": 0.0}, "rc_at_3": {"relevant": 0.0, "distractor": 0.0}, "rc_at_5": {"relevant": 0.0, "distractor": 0.0}, "rc_at_10": {"relevant": 0.0, "distractor": 0.0}, "rc_at_20": {"relevant": 0.0, "distractor": 0.0}, "rc_at_100": {"relevant": 0.0, "distractor": 0.0}, "rc_at_200": {"relevant": 0.0, "distractor": 0.0}, "rc_at_300": {"relevant": 0.0, "distractor": 0.0}, "rc_at_500": {"relevant": 0.0, "distractor": 0.0}, "rc_at_1000": {"relevant": 0.0, "distractor": 0.0}}