{"ndcg_at_1": 0.40333, "ndcg_at_3": 0.48223, "ndcg_at_5": 0.51468, "ndcg_at_10": 0.5401, "ndcg_at_20": 0.54969, "ndcg_at_100": 0.57125, "ndcg_at_200": 0.57805, "ndcg_at_300": 0.58054, "ndcg_at_500": 0.58331, "ndcg_at_1000": 0.58687, "map_at_1": 0.38706, "map_at_3": 0.45625, "map_at_5": 0.47558, "map_at_10": 0.487, "map_at_20": 0.49021, "map_at_100": 0.4937, "map_at_200": 0.49409, "map_at_300": 0.49418, "map_at_500": 0.49424, "map_at_1000": 0.49429, "recall_at_1": 0.38706, "recall_at_3": 0.53772, "recall_at_5": 0.61644, "recall_at_10": 0.69083, "recall_at_20": 0.72483, "recall_at_100": 0.83517, "recall_at_200": 0.88267, "recall_at_300": 0.90167, "recall_at_500": 0.925, "recall_at_1000": 0.95833, "precision_at_1": 0.40333, "precision_at_3": 0.19111, "precision_at_5": 0.13467, "precision_at_10": 0.07667, "precision_at_20": 0.04067, "precision_at_100": 0.0095, "precision_at_200": 0.005, "precision_at_300": 0.00341, "precision_at_500": 0.0021, "precision_at_1000": 0.00108, "mrr_at_1": 0.39667, "mrr_at_3": 0.47056, "mrr_at_5": 0.48639, "mrr_at_10": 0.4952, "mrr_at_20": 0.49878, "mrr_at_100": 0.50098, "mrr_at_200": 0.50135, "mrr_at_300": 0.50141, "mrr_at_500": 0.5015, "mrr_at_1000": 0.50154, "rc_at_1": {"relevant": 0.0, "distractor": 0.0}, "rc_at_3": {"relevant": 0.0, "distractor": 0.0}, "rc_at_5": {"relevant": 0.0, "distractor": 0.0}, "rc_at_10": {"relevant": 0.0, "distractor": 0.0}, "rc_at_20": {"relevant": 0.0, "distractor": 0.0}, "rc_at_100": {"relevant": 0.0, "distractor": 0.0}, "rc_at_200": {"relevant": 0.0, "distractor": 0.0}, "rc_at_300": {"relevant": 0.0, "distractor": 0.0}, "rc_at_500": {"relevant": 0.0, "distractor": 0.0}, "rc_at_1000": {"relevant": 0.0, "distractor": 0.0}}