{"ndcg_at_1": 0.43636, "ndcg_at_3": 0.31966, "ndcg_at_5": 0.2894, "ndcg_at_10": 0.24372, "ndcg_at_20": 0.30744, "ndcg_at_100": 0.45586, "ndcg_at_200": 0.48373, "ndcg_at_300": 0.49276, "ndcg_at_500": 0.49882, "ndcg_at_1000": 0.50888, "map_at_1": 0.04364, "map_at_3": 0.07394, "map_at_5": 0.09439, "map_at_10": 0.12355, "map_at_20": 0.15215, "map_at_100": 0.20473, "map_at_200": 0.21001, "map_at_300": 0.211, "map_at_500": 0.21143, "map_at_1000": 0.21184, "recall_at_1": 0.04364, "recall_at_3": 0.08545, "recall_at_5": 0.12727, "recall_at_10": 0.20545, "recall_at_20": 0.32182, "recall_at_100": 0.68727, "recall_at_200": 0.77636, "recall_at_300": 0.80909, "recall_at_500": 0.83273, "recall_at_1000": 0.87636, "precision_at_1": 0.43636, "precision_at_3": 0.28485, "precision_at_5": 0.25455, "precision_at_10": 0.20545, "precision_at_20": 0.16091, "precision_at_100": 0.06873, "precision_at_200": 0.03882, "precision_at_300": 0.02697, "precision_at_500": 0.01665, "precision_at_1000": 0.00876, "mrr_at_1": 0.43636, "mrr_at_3": 0.52121, "mrr_at_5": 0.54939, "mrr_at_10": 0.55805, "mrr_at_20": 0.56778, "mrr_at_100": 0.56882, "mrr_at_200": 0.56895, "mrr_at_300": 0.56895, "mrr_at_500": 0.56895, "mrr_at_1000": 0.56895, "rc_at_1": {"relevant": 0.43636, "distractor": 0.56364}, "rc_at_3": {"relevant": 0.85455, "distractor": 2.12727}, "rc_at_5": {"relevant": 1.27273, "distractor": 3.70909}, "rc_at_10": {"relevant": 2.05455, "distractor": 7.81818}, "rc_at_20": {"relevant": 3.21818, "distractor": 15.90909}, "rc_at_100": {"relevant": 6.87273, "distractor": 59.45455}, "rc_at_200": {"relevant": 7.76364, "distractor": 69.65455}, "rc_at_300": {"relevant": 8.09091, "distractor": 74.16364}, "rc_at_500": {"relevant": 8.32727, "distractor": 79.12727}, "rc_at_1000": {"relevant": 8.76364, "distractor": 84.90909}}