{"ndcg_at_1": 0.32531, "ndcg_at_3": 0.36143, "ndcg_at_5": 0.38193, "ndcg_at_10": 0.40958, "ndcg_at_20": 0.42724, "ndcg_at_100": 0.45722, "ndcg_at_200": 0.46822, "ndcg_at_300": 0.47116, "ndcg_at_500": 0.47648, "ndcg_at_1000": 0.48325, "map_at_1": 0.2625, "map_at_3": 0.32458, "map_at_5": 0.33957, "map_at_10": 0.35359, "map_at_20": 0.35919, "map_at_100": 0.36438, "map_at_200": 0.36514, "map_at_300": 0.3653, "map_at_500": 0.36547, "map_at_1000": 0.36562, "recall_at_1": 0.2625, "recall_at_3": 0.38784, "recall_at_5": 0.44194, "recall_at_10": 0.52384, "recall_at_20": 0.58674, "recall_at_100": 0.72491, "recall_at_200": 0.79307, "recall_at_300": 0.81126, "recall_at_500": 0.84955, "recall_at_1000": 0.90333, "precision_at_1": 0.32531, "precision_at_3": 0.16875, "precision_at_5": 0.11954, "precision_at_10": 0.07382, "precision_at_20": 0.04244, "precision_at_100": 0.01145, "precision_at_200": 0.00641, "precision_at_300": 0.00446, "precision_at_500": 0.00287, "precision_at_1000": 0.00156, "mrr_at_1": 0.32531, "mrr_at_3": 0.38402, "mrr_at_5": 0.39649, "mrr_at_10": 0.40805, "mrr_at_20": 0.41228, "mrr_at_100": 0.41542, "mrr_at_200": 0.41587, "mrr_at_300": 0.41592, "mrr_at_500": 0.416, "mrr_at_1000": 0.41606, "rc_at_1": {"relevant": 0.0, "distractor": 0.0}, "rc_at_3": {"relevant": 0.0, "distractor": 0.0}, "rc_at_5": {"relevant": 0.0, "distractor": 0.0}, "rc_at_10": {"relevant": 0.0, "distractor": 0.0}, "rc_at_20": {"relevant": 0.0, "distractor": 0.0}, "rc_at_100": {"relevant": 0.0, "distractor": 0.0}, "rc_at_200": {"relevant": 0.0, "distractor": 0.0}, "rc_at_300": {"relevant": 0.0, "distractor": 0.0}, "rc_at_500": {"relevant": 0.0, "distractor": 0.0}, "rc_at_1000": {"relevant": 0.0, "distractor": 0.0}}