{"ndcg_at_1": 0.03172, "ndcg_at_3": 0.0401, "ndcg_at_5": 0.04667, "ndcg_at_10": 0.05394, "ndcg_at_20": 0.06172, "ndcg_at_100": 0.07869, "ndcg_at_200": 0.08768, "ndcg_at_300": 0.09289, "ndcg_at_500": 0.10237, "ndcg_at_1000": 0.11411, "map_at_1": 0.02654, "map_at_3": 0.03545, "map_at_5": 0.03909, "map_at_10": 0.04194, "map_at_20": 0.04401, "map_at_100": 0.04611, "map_at_200": 0.04656, "map_at_300": 0.04675, "map_at_500": 0.04697, "map_at_1000": 0.04714, "recall_at_1": 0.02654, "recall_at_3": 0.04704, "recall_at_5": 0.06314, "recall_at_10": 0.08549, "recall_at_20": 0.11472, "recall_at_100": 0.20209, "recall_at_200": 0.26225, "recall_at_300": 0.29961, "recall_at_500": 0.37568, "recall_at_1000": 0.47757, "precision_at_1": 0.03172, "precision_at_3": 0.01803, "precision_at_5": 0.01493, "precision_at_10": 0.01007, "precision_at_20": 0.00695, "precision_at_100": 0.00263, "precision_at_200": 0.00173, "precision_at_300": 0.00135, "precision_at_500": 0.00102, "precision_at_1000": 0.00066, "mrr_at_1": 0.03358, "mrr_at_3": 0.04353, "mrr_at_5": 0.04586, "mrr_at_10": 0.05056, "mrr_at_20": 0.05265, "mrr_at_100": 0.05512, "mrr_at_200": 0.05556, "mrr_at_300": 0.05579, "mrr_at_500": 0.05598, "mrr_at_1000": 0.05614, "rc_at_1": {"relevant": 0.0, "distractor": 0.0}, "rc_at_3": {"relevant": 0.0, "distractor": 0.0}, "rc_at_5": {"relevant": 0.0, "distractor": 0.0}, "rc_at_10": {"relevant": 0.0, "distractor": 0.0}, "rc_at_20": {"relevant": 0.0, "distractor": 0.0}, "rc_at_100": {"relevant": 0.0, "distractor": 0.0}, "rc_at_200": {"relevant": 0.0, "distractor": 0.0}, "rc_at_300": {"relevant": 0.0, "distractor": 0.0}, "rc_at_500": {"relevant": 0.0, "distractor": 0.0}, "rc_at_1000": {"relevant": 0.0, "distractor": 0.0}}