{"ndcg_at_1": 0.00071, "ndcg_at_3": 0.28993, "ndcg_at_5": 0.35078, "ndcg_at_10": 0.40758, "ndcg_at_20": 0.43279, "ndcg_at_100": 0.44656, "ndcg_at_200": 0.44746, "ndcg_at_300": 0.44764, "ndcg_at_500": 0.44789, "ndcg_at_1000": 0.44797, "map_at_1": 0.00071, "map_at_3": 0.21989, "map_at_5": 0.2536, "map_at_10": 0.27704, "map_at_20": 0.28407, "map_at_100": 0.28634, "map_at_200": 0.28639, "map_at_300": 0.2864, "map_at_500": 0.2864, "map_at_1000": 0.2864, "recall_at_1": 0.00071, "recall_at_3": 0.49218, "recall_at_5": 0.64011, "recall_at_10": 0.81579, "recall_at_20": 0.91465, "recall_at_100": 0.98364, "recall_at_200": 0.99004, "recall_at_300": 0.99147, "recall_at_500": 0.9936, "recall_at_1000": 0.99431, "precision_at_1": 0.00071, "precision_at_3": 0.16406, "precision_at_5": 0.12802, "precision_at_10": 0.08158, "precision_at_20": 0.04573, "precision_at_100": 0.00984, "precision_at_200": 0.00495, "precision_at_300": 0.0033, "precision_at_500": 0.00199, "precision_at_1000": 0.00099, "mrr_at_1": 0.0, "mrr_at_3": 0.22475, "mrr_at_5": 0.26127, "mrr_at_10": 0.28517, "mrr_at_20": 0.292, "mrr_at_100": 0.29386, "mrr_at_200": 0.29389, "mrr_at_300": 0.2939, "mrr_at_500": 0.2939, "mrr_at_1000": 0.2939, "rc_at_1": {"relevant": 0.0, "distractor": 0.0}, "rc_at_3": {"relevant": 0.0, "distractor": 0.0}, "rc_at_5": {"relevant": 0.0, "distractor": 0.0}, "rc_at_10": {"relevant": 0.0, "distractor": 0.0}, "rc_at_20": {"relevant": 0.0, "distractor": 0.0}, "rc_at_100": {"relevant": 0.0, "distractor": 0.0}, "rc_at_200": {"relevant": 0.0, "distractor": 0.0}, "rc_at_300": {"relevant": 0.0, "distractor": 0.0}, "rc_at_500": {"relevant": 0.0, "distractor": 0.0}, "rc_at_1000": {"relevant": 0.0, "distractor": 0.0}}