{"ndcg_at_1": 0.53061, "ndcg_at_3": 0.35917, "ndcg_at_5": 0.31422, "ndcg_at_10": 0.26194, "ndcg_at_20": 0.26833, "ndcg_at_100": 0.36048, "ndcg_at_200": 0.40048, "ndcg_at_300": 0.42405, "ndcg_at_500": 0.4505, "ndcg_at_1000": 0.47802, "map_at_1": 0.0384, "map_at_3": 0.06442, "map_at_5": 0.08242, "map_at_10": 0.10462, "map_at_20": 0.12712, "map_at_100": 0.15883, "map_at_200": 0.16551, "map_at_300": 0.16846, "map_at_500": 0.17103, "map_at_1000": 0.17317, "recall_at_1": 0.0384, "recall_at_3": 0.07105, "recall_at_5": 0.10197, "recall_at_10": 0.14945, "recall_at_20": 0.22479, "recall_at_100": 0.42408, "recall_at_200": 0.53204, "recall_at_300": 0.59697, "recall_at_500": 0.67946, "recall_at_1000": 0.77448, "precision_at_1": 0.55102, "precision_at_3": 0.33333, "precision_at_5": 0.28163, "precision_at_10": 0.20408, "precision_at_20": 0.15714, "precision_at_100": 0.06612, "precision_at_200": 0.04408, "precision_at_300": 0.03422, "precision_at_500": 0.02408, "precision_at_1000": 0.01418, "mrr_at_1": 0.55102, "mrr_at_3": 0.60204, "mrr_at_5": 0.62041, "mrr_at_10": 0.62976, "mrr_at_20": 0.6322, "mrr_at_100": 0.634, "mrr_at_200": 0.63448, "mrr_at_300": 0.63455, "mrr_at_500": 0.63455, "mrr_at_1000": 0.63455, "rc_at_1": {"relevant": 0.0, "distractor": 0.0}, "rc_at_3": {"relevant": 0.0, "distractor": 0.0}, "rc_at_5": {"relevant": 0.0, "distractor": 0.0}, "rc_at_10": {"relevant": 0.0, "distractor": 0.0}, "rc_at_20": {"relevant": 0.0, "distractor": 0.0}, "rc_at_100": {"relevant": 0.0, "distractor": 0.0}, "rc_at_200": {"relevant": 0.0, "distractor": 0.0}, "rc_at_300": {"relevant": 0.0, "distractor": 0.0}, "rc_at_500": {"relevant": 0.0, "distractor": 0.0}, "rc_at_1000": {"relevant": 0.0, "distractor": 0.0}}