{"ndcg_at_1": 0.26531, "ndcg_at_3": 0.26085, "ndcg_at_5": 0.24041, "ndcg_at_10": 0.25746, "ndcg_at_20": 0.25681, "ndcg_at_100": 0.35274, "ndcg_at_200": 0.39709, "ndcg_at_300": 0.41559, "ndcg_at_500": 0.43792, "ndcg_at_1000": 0.46533, "map_at_1": 0.02414, "map_at_3": 0.05031, "map_at_5": 0.06218, "map_at_10": 0.10001, "map_at_20": 0.11816, "map_at_100": 0.15128, "map_at_200": 0.15969, "map_at_300": 0.16209, "map_at_500": 0.16457, "map_at_1000": 0.1667, "recall_at_1": 0.02414, "recall_at_3": 0.06255, "recall_at_5": 0.08674, "recall_at_10": 0.17491, "recall_at_20": 0.235, "recall_at_100": 0.45025, "recall_at_200": 0.57092, "recall_at_300": 0.62536, "recall_at_500": 0.69594, "recall_at_1000": 0.7894, "precision_at_1": 0.32653, "precision_at_3": 0.29252, "precision_at_5": 0.25306, "precision_at_10": 0.25102, "precision_at_20": 0.17755, "precision_at_100": 0.07347, "precision_at_200": 0.04796, "precision_at_300": 0.03599, "precision_at_500": 0.02482, "precision_at_1000": 0.01459, "mrr_at_1": 0.32653, "mrr_at_3": 0.44218, "mrr_at_5": 0.47993, "mrr_at_10": 0.49463, "mrr_at_20": 0.50205, "mrr_at_100": 0.50271, "mrr_at_200": 0.50288, "mrr_at_300": 0.50288, "mrr_at_500": 0.50288, "mrr_at_1000": 0.50288, "rc_at_1": {"relevant": 0.0, "distractor": 0.0}, "rc_at_3": {"relevant": 0.0, "distractor": 0.0}, "rc_at_5": {"relevant": 0.0, "distractor": 0.0}, "rc_at_10": {"relevant": 0.0, "distractor": 0.0}, "rc_at_20": {"relevant": 0.0, "distractor": 0.0}, "rc_at_100": {"relevant": 0.0, "distractor": 0.0}, "rc_at_200": {"relevant": 0.0, "distractor": 0.0}, "rc_at_300": {"relevant": 0.0, "distractor": 0.0}, "rc_at_500": {"relevant": 0.0, "distractor": 0.0}, "rc_at_1000": {"relevant": 0.0, "distractor": 0.0}}