{"ndcg_at_1": 0.04571, "ndcg_at_3": 0.05844, "ndcg_at_5": 0.06437, "ndcg_at_10": 0.07214, "ndcg_at_20": 0.07872, "ndcg_at_100": 0.09857, "ndcg_at_200": 0.10822, "ndcg_at_300": 0.11454, "ndcg_at_500": 0.12201, "ndcg_at_1000": 0.13219, "map_at_1": 0.04096, "map_at_3": 0.05229, "map_at_5": 0.05588, "map_at_10": 0.059, "map_at_20": 0.06076, "map_at_100": 0.06335, "map_at_200": 0.06385, "map_at_300": 0.06407, "map_at_500": 0.06424, "map_at_1000": 0.06439, "recall_at_1": 0.04096, "recall_at_3": 0.06695, "recall_at_5": 0.08211, "recall_at_10": 0.10606, "recall_at_20": 0.12998, "recall_at_100": 0.23239, "recall_at_200": 0.29674, "recall_at_300": 0.34203, "recall_at_500": 0.40089, "recall_at_1000": 0.48913, "precision_at_1": 0.04571, "precision_at_3": 0.02612, "precision_at_5": 0.01922, "precision_at_10": 0.0125, "precision_at_20": 0.00788, "precision_at_100": 0.00294, "precision_at_200": 0.00193, "precision_at_300": 0.00153, "precision_at_500": 0.00109, "precision_at_1000": 0.00068, "mrr_at_1": 0.04571, "mrr_at_3": 0.06001, "mrr_at_5": 0.06398, "mrr_at_10": 0.06736, "mrr_at_20": 0.06956, "mrr_at_100": 0.07246, "mrr_at_200": 0.07297, "mrr_at_300": 0.07317, "mrr_at_500": 0.07334, "mrr_at_1000": 0.07347, "rc_at_1": {"relevant": 0.0, "distractor": 0.0}, "rc_at_3": {"relevant": 0.0, "distractor": 0.0}, "rc_at_5": {"relevant": 0.0, "distractor": 0.0}, "rc_at_10": {"relevant": 0.0, "distractor": 0.0}, "rc_at_20": {"relevant": 0.0, "distractor": 0.0}, "rc_at_100": {"relevant": 0.0, "distractor": 0.0}, "rc_at_200": {"relevant": 0.0, "distractor": 0.0}, "rc_at_300": {"relevant": 0.0, "distractor": 0.0}, "rc_at_500": {"relevant": 0.0, "distractor": 0.0}, "rc_at_1000": {"relevant": 0.0, "distractor": 0.0}}