{"ndcg_at_1": 0.06164, "ndcg_at_3": 0.08151, "ndcg_at_5": 0.09074, "ndcg_at_10": 0.10485, "ndcg_at_20": 0.11581, "ndcg_at_100": 0.14621, "ndcg_at_200": 0.15799, "ndcg_at_300": 0.16658, "ndcg_at_500": 0.17863, "ndcg_at_1000": 0.19001, "map_at_1": 0.04988, "map_at_3": 0.07062, "map_at_5": 0.07647, "map_at_10": 0.0822, "map_at_20": 0.08538, "map_at_100": 0.08971, "map_at_200": 0.09038, "map_at_300": 0.0907, "map_at_500": 0.091, "map_at_1000": 0.09119, "recall_at_1": 0.04988, "recall_at_3": 0.09603, "recall_at_5": 0.11966, "recall_at_10": 0.1599, "recall_at_20": 0.19832, "recall_at_100": 0.34915, "recall_at_200": 0.42454, "recall_at_300": 0.48533, "recall_at_500": 0.57989, "recall_at_1000": 0.67555, "precision_at_1": 0.06164, "precision_at_3": 0.03995, "precision_at_5": 0.02945, "precision_at_10": 0.02078, "precision_at_20": 0.01358, "precision_at_100": 0.00506, "precision_at_200": 0.00316, "precision_at_300": 0.00245, "precision_at_500": 0.00176, "precision_at_1000": 0.00105, "mrr_at_1": 0.06279, "mrr_at_3": 0.08524, "mrr_at_5": 0.09094, "mrr_at_10": 0.09819, "mrr_at_20": 0.10154, "mrr_at_100": 0.10575, "mrr_at_200": 0.10632, "mrr_at_300": 0.10659, "mrr_at_500": 0.10685, "mrr_at_1000": 0.10697, "rc_at_1": {"relevant": 0.0, "distractor": 0.0}, "rc_at_3": {"relevant": 0.0, "distractor": 0.0}, "rc_at_5": {"relevant": 0.0, "distractor": 0.0}, "rc_at_10": {"relevant": 0.0, "distractor": 0.0}, "rc_at_20": {"relevant": 0.0, "distractor": 0.0}, "rc_at_100": {"relevant": 0.0, "distractor": 0.0}, "rc_at_200": {"relevant": 0.0, "distractor": 0.0}, "rc_at_300": {"relevant": 0.0, "distractor": 0.0}, "rc_at_500": {"relevant": 0.0, "distractor": 0.0}, "rc_at_1000": {"relevant": 0.0, "distractor": 0.0}}