{"ndcg_at_1": 0.47273, "ndcg_at_3": 0.3677, "ndcg_at_5": 0.32147, "ndcg_at_10": 0.25548, "ndcg_at_20": 0.31669, "ndcg_at_100": 0.43464, "ndcg_at_200": 0.45582, "ndcg_at_300": 0.46391, "ndcg_at_500": 0.4728, "ndcg_at_1000": 0.48125, "map_at_1": 0.04727, "map_at_3": 0.08848, "map_at_5": 0.10985, "map_at_10": 0.13745, "map_at_20": 0.16823, "map_at_100": 0.20776, "map_at_200": 0.21128, "map_at_300": 0.21219, "map_at_500": 0.21281, "map_at_1000": 0.21314, "recall_at_1": 0.04727, "recall_at_3": 0.10182, "recall_at_5": 0.14182, "recall_at_10": 0.20727, "recall_at_20": 0.31818, "recall_at_100": 0.60727, "recall_at_200": 0.67636, "recall_at_300": 0.70545, "recall_at_500": 0.74, "recall_at_1000": 0.77636, "precision_at_1": 0.47273, "precision_at_3": 0.33939, "precision_at_5": 0.28364, "precision_at_10": 0.20727, "precision_at_20": 0.15909, "precision_at_100": 0.06073, "precision_at_200": 0.03382, "precision_at_300": 0.02352, "precision_at_500": 0.0148, "precision_at_1000": 0.00776, "mrr_at_1": 0.47273, "mrr_at_3": 0.55152, "mrr_at_5": 0.58061, "mrr_at_10": 0.5897, "mrr_at_20": 0.59655, "mrr_at_100": 0.59682, "mrr_at_200": 0.59682, "mrr_at_300": 0.59682, "mrr_at_500": 0.59686, "mrr_at_1000": 0.59691, "rc_at_1": {"relevant": 0.47273, "distractor": 0.50909}, "rc_at_3": {"relevant": 1.01818, "distractor": 1.89091}, "rc_at_5": {"relevant": 1.41818, "distractor": 3.43636}, "rc_at_10": {"relevant": 2.07273, "distractor": 7.58182}, "rc_at_20": {"relevant": 3.18182, "distractor": 14.69091}, "rc_at_100": {"relevant": 6.07273, "distractor": 47.21818}, "rc_at_200": {"relevant": 6.76364, "distractor": 57.14545}, "rc_at_300": {"relevant": 7.05455, "distractor": 61.72727}, "rc_at_500": {"relevant": 7.4, "distractor": 65.90909}, "rc_at_1000": {"relevant": 7.76364, "distractor": 71.6}}