{"ndcg_at_1": 0.19776, "ndcg_at_3": 0.24698, "ndcg_at_5": 0.26996, "ndcg_at_10": 0.3007, "ndcg_at_20": 0.32611, "ndcg_at_100": 0.36088, "ndcg_at_200": 0.37207, "ndcg_at_300": 0.37715, "ndcg_at_500": 0.38349, "ndcg_at_1000": 0.38922, "map_at_1": 0.15955, "map_at_3": 0.21645, "map_at_5": 0.2306, "map_at_10": 0.24476, "map_at_20": 0.2525, "map_at_100": 0.25785, "map_at_200": 0.25863, "map_at_300": 0.25884, "map_at_500": 0.25903, "map_at_1000": 0.25914, "recall_at_1": 0.15955, "recall_at_3": 0.28428, "recall_at_5": 0.34203, "recall_at_10": 0.42979, "recall_at_20": 0.52117, "recall_at_100": 0.68969, "recall_at_200": 0.75702, "recall_at_300": 0.79208, "recall_at_500": 0.83944, "recall_at_1000": 0.88643, "precision_at_1": 0.19776, "precision_at_3": 0.11774, "precision_at_5": 0.08756, "precision_at_10": 0.05759, "precision_at_20": 0.03582, "precision_at_100": 0.00998, "precision_at_200": 0.00566, "precision_at_300": 0.00398, "precision_at_500": 0.00257, "precision_at_1000": 0.00138, "mrr_at_1": 0.19776, "mrr_at_3": 0.25891, "mrr_at_5": 0.27415, "mrr_at_10": 0.28718, "mrr_at_20": 0.29377, "mrr_at_100": 0.29776, "mrr_at_200": 0.29822, "mrr_at_300": 0.29834, "mrr_at_500": 0.29844, "mrr_at_1000": 0.29849, "rc_at_1": {"relevant": 0.0, "distractor": 0.0}, "rc_at_3": {"relevant": 0.0, "distractor": 0.0}, "rc_at_5": {"relevant": 0.0, "distractor": 0.0}, "rc_at_10": {"relevant": 0.0, "distractor": 0.0}, "rc_at_20": {"relevant": 0.0, "distractor": 0.0}, "rc_at_100": {"relevant": 0.0, "distractor": 0.0}, "rc_at_200": {"relevant": 0.0, "distractor": 0.0}, "rc_at_300": {"relevant": 0.0, "distractor": 0.0}, "rc_at_500": {"relevant": 0.0, "distractor": 0.0}, "rc_at_1000": {"relevant": 0.0, "distractor": 0.0}}