{"ndcg_at_1": 0.12308, "ndcg_at_3": 0.06592, "ndcg_at_5": 0.0564, "ndcg_at_10": 0.04439, "ndcg_at_20": 0.05622, "ndcg_at_100": 0.1012, "ndcg_at_200": 0.12111, "ndcg_at_300": 0.13262, "ndcg_at_500": 0.14557, "ndcg_at_1000": 0.17008, "map_at_1": 0.01231, "map_at_3": 0.01359, "map_at_5": 0.01582, "map_at_10": 0.01798, "map_at_20": 0.02016, "map_at_100": 0.02692, "map_at_200": 0.02853, "map_at_300": 0.02937, "map_at_500": 0.02994, "map_at_1000": 0.0306, "recall_at_1": 0.01231, "recall_at_3": 0.01538, "recall_at_5": 0.02154, "recall_at_10": 0.03231, "recall_at_20": 0.05385, "recall_at_100": 0.16615, "recall_at_200": 0.23077, "recall_at_300": 0.27231, "recall_at_500": 0.32308, "recall_at_1000": 0.42923, "precision_at_1": 0.12308, "precision_at_3": 0.05128, "precision_at_5": 0.04308, "precision_at_10": 0.03231, "precision_at_20": 0.02692, "precision_at_100": 0.01662, "precision_at_200": 0.01154, "precision_at_300": 0.00908, "precision_at_500": 0.00646, "precision_at_1000": 0.00429, "mrr_at_1": 0.12308, "mrr_at_3": 0.1359, "mrr_at_5": 0.14282, "mrr_at_10": 0.14951, "mrr_at_20": 0.16038, "mrr_at_100": 0.16875, "mrr_at_200": 0.16931, "mrr_at_300": 0.16939, "mrr_at_500": 0.16945, "mrr_at_1000": 0.16955, "rc_at_1": {"relevant": 0.12308, "distractor": 0.29231}, "rc_at_3": {"relevant": 0.15385, "distractor": 0.75385}, "rc_at_5": {"relevant": 0.21538, "distractor": 1.27692}, "rc_at_10": {"relevant": 0.30769, "distractor": 2.50769}, "rc_at_20": {"relevant": 0.53846, "distractor": 4.49231}, "rc_at_100": {"relevant": 1.66154, "distractor": 14.67692}, "rc_at_200": {"relevant": 2.30769, "distractor": 22.04615}, "rc_at_300": {"relevant": 2.72308, "distractor": 26.55385}, "rc_at_500": {"relevant": 3.23077, "distractor": 33.46154}, "rc_at_1000": {"relevant": 4.30769, "distractor": 43.38462}}