{"ndcg_at_1": 0.14459, "ndcg_at_3": 0.16841, "ndcg_at_5": 0.18205, "ndcg_at_10": 0.19528, "ndcg_at_20": 0.21123, "ndcg_at_100": 0.2396, "ndcg_at_200": 0.25282, "ndcg_at_300": 0.25864, "ndcg_at_500": 0.26618, "ndcg_at_1000": 0.27527, "map_at_1": 0.12618, "map_at_3": 0.15336, "map_at_5": 0.16126, "map_at_10": 0.16689, "map_at_20": 0.17138, "map_at_100": 0.17542, "map_at_200": 0.17616, "map_at_300": 0.17637, "map_at_500": 0.17656, "map_at_1000": 0.17672, "recall_at_1": 0.12618, "recall_at_3": 0.1882, "recall_at_5": 0.22216, "recall_at_10": 0.26033, "recall_at_20": 0.31914, "recall_at_100": 0.46094, "recall_at_200": 0.54808, "recall_at_300": 0.59005, "recall_at_500": 0.6486, "recall_at_1000": 0.72403, "precision_at_1": 0.14459, "precision_at_3": 0.07307, "precision_at_5": 0.0528, "precision_at_10": 0.03162, "precision_at_20": 0.01982, "precision_at_100": 0.00609, "precision_at_200": 0.00368, "precision_at_300": 0.00267, "precision_at_500": 0.00179, "precision_at_1000": 0.00103, "mrr_at_1": 0.14459, "mrr_at_3": 0.17475, "mrr_at_5": 0.18422, "mrr_at_10": 0.19044, "mrr_at_20": 0.1952, "mrr_at_100": 0.19885, "mrr_at_200": 0.1995, "mrr_at_300": 0.19967, "mrr_at_500": 0.19982, "mrr_at_1000": 0.19992, "rc_at_1": {"relevant": 0.0, "distractor": 0.0}, "rc_at_3": {"relevant": 0.0, "distractor": 0.0}, "rc_at_5": {"relevant": 0.0, "distractor": 0.0}, "rc_at_10": {"relevant": 0.0, "distractor": 0.0}, "rc_at_20": {"relevant": 0.0, "distractor": 0.0}, "rc_at_100": {"relevant": 0.0, "distractor": 0.0}, "rc_at_200": {"relevant": 0.0, "distractor": 0.0}, "rc_at_300": {"relevant": 0.0, "distractor": 0.0}, "rc_at_500": {"relevant": 0.0, "distractor": 0.0}, "rc_at_1000": {"relevant": 0.0, "distractor": 0.0}}