{"ndcg_at_1": 0.20025, "ndcg_at_3": 0.24567, "ndcg_at_5": 0.27118, "ndcg_at_10": 0.30101, "ndcg_at_20": 0.32345, "ndcg_at_100": 0.36014, "ndcg_at_200": 0.37085, "ndcg_at_300": 0.37521, "ndcg_at_500": 0.38138, "ndcg_at_1000": 0.38868, "map_at_1": 0.16094, "map_at_3": 0.21591, "map_at_5": 0.2319, "map_at_10": 0.24546, "map_at_20": 0.25205, "map_at_100": 0.25778, "map_at_200": 0.25848, "map_at_300": 0.2587, "map_at_500": 0.25887, "map_at_1000": 0.25901, "recall_at_1": 0.16094, "recall_at_3": 0.27819, "recall_at_5": 0.34305, "recall_at_10": 0.42952, "recall_at_20": 0.51044, "recall_at_100": 0.68646, "recall_at_200": 0.75319, "recall_at_300": 0.78232, "recall_at_500": 0.82777, "recall_at_1000": 0.88861, "precision_at_1": 0.20025, "precision_at_3": 0.11816, "precision_at_5": 0.08831, "precision_at_10": 0.05734, "precision_at_20": 0.03489, "precision_at_100": 0.01002, "precision_at_200": 0.00562, "precision_at_300": 0.00394, "precision_at_500": 0.00254, "precision_at_1000": 0.00139, "mrr_at_1": 0.20025, "mrr_at_3": 0.25995, "mrr_at_5": 0.27581, "mrr_at_10": 0.28845, "mrr_at_20": 0.29487, "mrr_at_100": 0.29901, "mrr_at_200": 0.29942, "mrr_at_300": 0.29951, "mrr_at_500": 0.29962, "mrr_at_1000": 0.2997, "rc_at_1": {"relevant": 0.0, "distractor": 0.0}, "rc_at_3": {"relevant": 0.0, "distractor": 0.0}, "rc_at_5": {"relevant": 0.0, "distractor": 0.0}, "rc_at_10": {"relevant": 0.0, "distractor": 0.0}, "rc_at_20": {"relevant": 0.0, "distractor": 0.0}, "rc_at_100": {"relevant": 0.0, "distractor": 0.0}, "rc_at_200": {"relevant": 0.0, "distractor": 0.0}, "rc_at_300": {"relevant": 0.0, "distractor": 0.0}, "rc_at_500": {"relevant": 0.0, "distractor": 0.0}, "rc_at_1000": {"relevant": 0.0, "distractor": 0.0}}