{"ndcg_at_1": 0.04514, "ndcg_at_3": 0.06351, "ndcg_at_5": 0.07264, "ndcg_at_10": 0.08454, "ndcg_at_20": 0.09727, "ndcg_at_100": 0.12367, "ndcg_at_200": 0.13375, "ndcg_at_300": 0.14025, "ndcg_at_500": 0.14915, "ndcg_at_1000": 0.15872, "map_at_1": 0.03631, "map_at_3": 0.05457, "map_at_5": 0.05971, "map_at_10": 0.06463, "map_at_20": 0.06811, "map_at_100": 0.07159, "map_at_200": 0.07214, "map_at_300": 0.07237, "map_at_500": 0.07259, "map_at_1000": 0.07274, "recall_at_1": 0.03631, "recall_at_3": 0.07723, "recall_at_5": 0.10006, "recall_at_10": 0.13493, "recall_at_20": 0.18339, "recall_at_100": 0.31939, "recall_at_200": 0.38729, "recall_at_300": 0.43564, "recall_at_500": 0.50636, "recall_at_1000": 0.58927, "precision_at_1": 0.04514, "precision_at_3": 0.03093, "precision_at_5": 0.02395, "precision_at_10": 0.01655, "precision_at_20": 0.01141, "precision_at_100": 0.00412, "precision_at_200": 0.00251, "precision_at_300": 0.0019, "precision_at_500": 0.00134, "precision_at_1000": 0.0008, "mrr_at_1": 0.04639, "mrr_at_3": 0.06583, "mrr_at_5": 0.07138, "mrr_at_10": 0.07727, "mrr_at_20": 0.08094, "mrr_at_100": 0.08461, "mrr_at_200": 0.08511, "mrr_at_300": 0.08531, "mrr_at_500": 0.08549, "mrr_at_1000": 0.08561, "rc_at_1": {"relevant": 0.0, "distractor": 0.0}, "rc_at_3": {"relevant": 0.0, "distractor": 0.0}, "rc_at_5": {"relevant": 0.0, "distractor": 0.0}, "rc_at_10": {"relevant": 0.0, "distractor": 0.0}, "rc_at_20": {"relevant": 0.0, "distractor": 0.0}, "rc_at_100": {"relevant": 0.0, "distractor": 0.0}, "rc_at_200": {"relevant": 0.0, "distractor": 0.0}, "rc_at_300": {"relevant": 0.0, "distractor": 0.0}, "rc_at_500": {"relevant": 0.0, "distractor": 0.0}, "rc_at_1000": {"relevant": 0.0, "distractor": 0.0}}