{"ndcg_at_1": 0.39667, "ndcg_at_3": 0.43568, "ndcg_at_5": 0.44804, "ndcg_at_10": 0.47543, "ndcg_at_20": 0.49768, "ndcg_at_100": 0.5215, "ndcg_at_200": 0.52741, "ndcg_at_300": 0.53172, "ndcg_at_500": 0.53674, "ndcg_at_1000": 0.54118, "map_at_1": 0.374, "map_at_3": 0.41641, "map_at_5": 0.42557, "map_at_10": 0.43784, "map_at_20": 0.44455, "map_at_100": 0.44788, "map_at_200": 0.4482, "map_at_300": 0.44835, "map_at_500": 0.44846, "map_at_1000": 0.44853, "recall_at_1": 0.374, "recall_at_3": 0.46706, "recall_at_5": 0.49706, "recall_at_10": 0.579, "recall_at_20": 0.66256, "recall_at_100": 0.78833, "recall_at_200": 0.82867, "recall_at_300": 0.862, "recall_at_500": 0.90533, "recall_at_1000": 0.946, "precision_at_1": 0.39667, "precision_at_3": 0.16889, "precision_at_5": 0.11, "precision_at_10": 0.06467, "precision_at_20": 0.0375, "precision_at_100": 0.00893, "precision_at_200": 0.00473, "precision_at_300": 0.00328, "precision_at_500": 0.00205, "precision_at_1000": 0.00107, "mrr_at_1": 0.39, "mrr_at_3": 0.43333, "mrr_at_5": 0.43967, "mrr_at_10": 0.45113, "mrr_at_20": 0.4559, "mrr_at_100": 0.45913, "mrr_at_200": 0.4594, "mrr_at_300": 0.4595, "mrr_at_500": 0.45962, "mrr_at_1000": 0.45967, "rc_at_1": {"relevant": 0.0, "distractor": 0.0}, "rc_at_3": {"relevant": 0.0, "distractor": 0.0}, "rc_at_5": {"relevant": 0.0, "distractor": 0.0}, "rc_at_10": {"relevant": 0.0, "distractor": 0.0}, "rc_at_20": {"relevant": 0.0, "distractor": 0.0}, "rc_at_100": {"relevant": 0.0, "distractor": 0.0}, "rc_at_200": {"relevant": 0.0, "distractor": 0.0}, "rc_at_300": {"relevant": 0.0, "distractor": 0.0}, "rc_at_500": {"relevant": 0.0, "distractor": 0.0}, "rc_at_1000": {"relevant": 0.0, "distractor": 0.0}}