{"ndcg_at_1": 0.01543, "ndcg_at_3": 0.01685, "ndcg_at_5": 0.01884, "ndcg_at_10": 0.02181, "ndcg_at_20": 0.02848, "ndcg_at_100": 0.04484, "ndcg_at_200": 0.05425, "ndcg_at_300": 0.06022, "ndcg_at_500": 0.06772, "ndcg_at_1000": 0.07988, "map_at_1": 0.0076, "map_at_3": 0.01205, "map_at_5": 0.01335, "map_at_10": 0.01447, "map_at_20": 0.01622, "map_at_100": 0.01817, "map_at_200": 0.01864, "map_at_300": 0.01884, "map_at_500": 0.01902, "map_at_1000": 0.01922, "recall_at_1": 0.0076, "recall_at_3": 0.01705, "recall_at_5": 0.02234, "recall_at_10": 0.03036, "recall_at_20": 0.05143, "recall_at_100": 0.12033, "recall_at_200": 0.17582, "recall_at_300": 0.21301, "recall_at_500": 0.26268, "recall_at_1000": 0.35054, "precision_at_1": 0.01543, "precision_at_3": 0.01132, "precision_at_5": 0.00926, "precision_at_10": 0.00679, "precision_at_20": 0.00586, "precision_at_100": 0.00307, "precision_at_200": 0.00215, "precision_at_300": 0.00174, "precision_at_500": 0.00131, "precision_at_1000": 0.0009, "mrr_at_1": 0.01543, "mrr_at_3": 0.02238, "mrr_at_5": 0.02477, "mrr_at_10": 0.02732, "mrr_at_20": 0.03009, "mrr_at_100": 0.03334, "mrr_at_200": 0.03394, "mrr_at_300": 0.03417, "mrr_at_500": 0.03435, "mrr_at_1000": 0.03449, "rc_at_1": {"relevant": 0.0, "distractor": 0.0}, "rc_at_3": {"relevant": 0.0, "distractor": 0.0}, "rc_at_5": {"relevant": 0.0, "distractor": 0.0}, "rc_at_10": {"relevant": 0.0, "distractor": 0.0}, "rc_at_20": {"relevant": 0.0, "distractor": 0.0}, "rc_at_100": {"relevant": 0.0, "distractor": 0.0}, "rc_at_200": {"relevant": 0.0, "distractor": 0.0}, "rc_at_300": {"relevant": 0.0, "distractor": 0.0}, "rc_at_500": {"relevant": 0.0, "distractor": 0.0}, "rc_at_1000": {"relevant": 0.0, "distractor": 0.0}}