{"ndcg_at_1": 0.49966, "ndcg_at_3": 0.38235, "ndcg_at_5": 0.4031, "ndcg_at_10": 0.42352, "ndcg_at_20": 0.43774, "ndcg_at_100": 0.46015, "ndcg_at_200": 0.46691, "ndcg_at_300": 0.47082, "ndcg_at_500": 0.47468, "ndcg_at_1000": 0.47999, "map_at_1": 0.24983, "map_at_3": 0.31503, "map_at_5": 0.32862, "map_at_10": 0.33882, "map_at_20": 0.34356, "map_at_100": 0.34734, "map_at_200": 0.34781, "map_at_300": 0.34798, "map_at_500": 0.3481, "map_at_1000": 0.3482, "recall_at_1": 0.24983, "recall_at_3": 0.35503, "recall_at_5": 0.39595, "recall_at_10": 0.44733, "recall_at_20": 0.49305, "recall_at_100": 0.59278, "recall_at_200": 0.63214, "recall_at_300": 0.65753, "recall_at_500": 0.68467, "recall_at_1000": 0.72566, "precision_at_1": 0.49966, "precision_at_3": 0.23669, "precision_at_5": 0.15838, "precision_at_10": 0.08947, "precision_at_20": 0.0493, "precision_at_100": 0.01186, "precision_at_200": 0.00632, "precision_at_300": 0.00438, "precision_at_500": 0.00274, "precision_at_1000": 0.00145, "mrr_at_1": 0.49966, "mrr_at_3": 0.55719, "mrr_at_5": 0.56774, "mrr_at_10": 0.5749, "mrr_at_20": 0.57823, "mrr_at_100": 0.58045, "mrr_at_200": 0.58065, "mrr_at_300": 0.58071, "mrr_at_500": 0.58076, "mrr_at_1000": 0.58078, "rc_at_1": {"relevant": 0.0, "distractor": 0.0}, "rc_at_3": {"relevant": 0.0, "distractor": 0.0}, "rc_at_5": {"relevant": 0.0, "distractor": 0.0}, "rc_at_10": {"relevant": 0.0, "distractor": 0.0}, "rc_at_20": {"relevant": 0.0, "distractor": 0.0}, "rc_at_100": {"relevant": 0.0, "distractor": 0.0}, "rc_at_200": {"relevant": 0.0, "distractor": 0.0}, "rc_at_300": {"relevant": 0.0, "distractor": 0.0}, "rc_at_500": {"relevant": 0.0, "distractor": 0.0}, "rc_at_1000": {"relevant": 0.0, "distractor": 0.0}}