{"ndcg_at_1": 0.14229, "ndcg_at_3": 0.17821, "ndcg_at_5": 0.19384, "ndcg_at_10": 0.21964, "ndcg_at_20": 0.2434, "ndcg_at_100": 0.29264, "ndcg_at_200": 0.30583, "ndcg_at_300": 0.31269, "ndcg_at_500": 0.32033, "ndcg_at_1000": 0.3296, "map_at_1": 0.11404, "map_at_3": 0.15172, "map_at_5": 0.16196, "map_at_10": 0.17374, "map_at_20": 0.18131, "map_at_100": 0.18911, "map_at_200": 0.19021, "map_at_300": 0.19065, "map_at_500": 0.19098, "map_at_1000": 0.19128, "recall_at_1": 0.11404, "recall_at_3": 0.19736, "recall_at_5": 0.23821, "recall_at_10": 0.31625, "recall_at_20": 0.40619, "recall_at_100": 0.65001, "recall_at_200": 0.7297, "recall_at_300": 0.77409, "recall_at_500": 0.82821, "recall_at_1000": 0.89886, "precision_at_1": 0.14229, "precision_at_3": 0.08827, "precision_at_5": 0.06601, "precision_at_10": 0.04625, "precision_at_20": 0.03172, "precision_at_100": 0.01227, "precision_at_200": 0.00741, "precision_at_300": 0.0055, "precision_at_500": 0.00374, "precision_at_1000": 0.00216, "mrr_at_1": 0.14032, "mrr_at_3": 0.18808, "mrr_at_5": 0.19835, "mrr_at_10": 0.20942, "mrr_at_20": 0.21624, "mrr_at_100": 0.22237, "mrr_at_200": 0.22289, "mrr_at_300": 0.22303, "mrr_at_500": 0.22315, "mrr_at_1000": 0.22323, "rc_at_1": {"relevant": 0.0, "distractor": 0.0}, "rc_at_3": {"relevant": 0.0, "distractor": 0.0}, "rc_at_5": {"relevant": 0.0, "distractor": 0.0}, "rc_at_10": {"relevant": 0.0, "distractor": 0.0}, "rc_at_20": {"relevant": 0.0, "distractor": 0.0}, "rc_at_100": {"relevant": 0.0, "distractor": 0.0}, "rc_at_200": {"relevant": 0.0, "distractor": 0.0}, "rc_at_300": {"relevant": 0.0, "distractor": 0.0}, "rc_at_500": {"relevant": 0.0, "distractor": 0.0}, "rc_at_1000": {"relevant": 0.0, "distractor": 0.0}}