{"ndcg_at_1": 0.32213, "ndcg_at_3": 0.37771, "ndcg_at_5": 0.39844, "ndcg_at_10": 0.42465, "ndcg_at_20": 0.45105, "ndcg_at_100": 0.48288, "ndcg_at_200": 0.49319, "ndcg_at_300": 0.49774, "ndcg_at_500": 0.50161, "ndcg_at_1000": 0.50655, "map_at_1": 0.27151, "map_at_3": 0.33489, "map_at_5": 0.35089, "map_at_10": 0.36529, "map_at_20": 0.37543, "map_at_100": 0.38253, "map_at_200": 0.38378, "map_at_300": 0.38426, "map_at_500": 0.38459, "map_at_1000": 0.38483, "recall_at_1": 0.27151, "recall_at_3": 0.40196, "recall_at_5": 0.45826, "recall_at_10": 0.53549, "recall_at_20": 0.63482, "recall_at_100": 0.78833, "recall_at_200": 0.84636, "recall_at_300": 0.87244, "recall_at_500": 0.8973, "recall_at_1000": 0.93171, "precision_at_1": 0.32213, "precision_at_3": 0.17589, "precision_at_5": 0.12648, "precision_at_10": 0.08024, "precision_at_20": 0.05188, "precision_at_100": 0.01549, "precision_at_200": 0.00926, "precision_at_300": 0.00683, "precision_at_500": 0.0045, "precision_at_1000": 0.00246, "mrr_at_1": 0.32213, "mrr_at_3": 0.38867, "mrr_at_5": 0.40201, "mrr_at_10": 0.41285, "mrr_at_20": 0.41886, "mrr_at_100": 0.42236, "mrr_at_200": 0.4227, "mrr_at_300": 0.4228, "mrr_at_500": 0.42285, "mrr_at_1000": 0.42289, "rc_at_1": {"relevant": 0.0, "distractor": 0.0}, "rc_at_3": {"relevant": 0.0, "distractor": 0.0}, "rc_at_5": {"relevant": 0.0, "distractor": 0.0}, "rc_at_10": {"relevant": 0.0, "distractor": 0.0}, "rc_at_20": {"relevant": 0.0, "distractor": 0.0}, "rc_at_100": {"relevant": 0.0, "distractor": 0.0}, "rc_at_200": {"relevant": 0.0, "distractor": 0.0}, "rc_at_300": {"relevant": 0.0, "distractor": 0.0}, "rc_at_500": {"relevant": 0.0, "distractor": 0.0}, "rc_at_1000": {"relevant": 0.0, "distractor": 0.0}}