{"ndcg_at_1": 0.15864, "ndcg_at_3": 0.18826, "ndcg_at_5": 0.20665, "ndcg_at_10": 0.23159, "ndcg_at_20": 0.25351, "ndcg_at_100": 0.289, "ndcg_at_200": 0.30168, "ndcg_at_300": 0.30794, "ndcg_at_500": 0.31511, "ndcg_at_1000": 0.32306, "map_at_1": 0.12914, "map_at_3": 0.16599, "map_at_5": 0.17761, "map_at_10": 0.18898, "map_at_20": 0.19546, "map_at_100": 0.20068, "map_at_200": 0.20147, "map_at_300": 0.20173, "map_at_500": 0.20195, "map_at_1000": 0.2021, "recall_at_1": 0.12914, "recall_at_3": 0.20907, "recall_at_5": 0.25618, "recall_at_10": 0.33069, "recall_at_20": 0.41147, "recall_at_100": 0.58874, "recall_at_200": 0.66979, "recall_at_300": 0.71379, "recall_at_500": 0.76748, "recall_at_1000": 0.83273, "precision_at_1": 0.15864, "precision_at_3": 0.08844, "precision_at_5": 0.06655, "precision_at_10": 0.04401, "precision_at_20": 0.02815, "precision_at_100": 0.00856, "precision_at_200": 0.00502, "precision_at_300": 0.00363, "precision_at_500": 0.00239, "precision_at_1000": 0.00134, "mrr_at_1": 0.15864, "mrr_at_3": 0.19873, "mrr_at_5": 0.21081, "mrr_at_10": 0.22153, "mrr_at_20": 0.22761, "mrr_at_100": 0.23217, "mrr_at_200": 0.23271, "mrr_at_300": 0.23288, "mrr_at_500": 0.23301, "mrr_at_1000": 0.23309, "rc_at_1": {"relevant": 0.0, "distractor": 0.0}, "rc_at_3": {"relevant": 0.0, "distractor": 0.0}, "rc_at_5": {"relevant": 0.0, "distractor": 0.0}, "rc_at_10": {"relevant": 0.0, "distractor": 0.0}, "rc_at_20": {"relevant": 0.0, "distractor": 0.0}, "rc_at_100": {"relevant": 0.0, "distractor": 0.0}, "rc_at_200": {"relevant": 0.0, "distractor": 0.0}, "rc_at_300": {"relevant": 0.0, "distractor": 0.0}, "rc_at_500": {"relevant": 0.0, "distractor": 0.0}, "rc_at_1000": {"relevant": 0.0, "distractor": 0.0}}