{"ndcg_at_1": 0.09907, "ndcg_at_3": 0.08621, "ndcg_at_5": 0.07843, "ndcg_at_10": 0.07449, "ndcg_at_20": 0.07346, "ndcg_at_100": 0.09473, "ndcg_at_200": 0.11547, "ndcg_at_300": 0.12994, "ndcg_at_500": 0.15079, "ndcg_at_1000": 0.19584, "map_at_1": 0.00647, "map_at_3": 0.01111, "map_at_5": 0.01327, "map_at_10": 0.01656, "map_at_20": 0.01858, "map_at_100": 0.02365, "map_at_200": 0.02591, "map_at_300": 0.02723, "map_at_500": 0.02897, "map_at_1000": 0.03182, "recall_at_1": 0.00647, "recall_at_3": 0.01406, "recall_at_5": 0.02124, "recall_at_10": 0.03678, "recall_at_20": 0.05014, "recall_at_100": 0.13857, "recall_at_200": 0.20352, "recall_at_300": 0.24808, "recall_at_500": 0.31251, "recall_at_1000": 0.47395, "precision_at_1": 0.10836, "precision_at_3": 0.08669, "precision_at_5": 0.07183, "precision_at_10": 0.06006, "precision_at_20": 0.05077, "precision_at_100": 0.03152, "precision_at_200": 0.02553, "precision_at_300": 0.02238, "precision_at_500": 0.01892, "precision_at_1000": 0.01543, "mrr_at_1": 0.10836, "mrr_at_3": 0.14293, "mrr_at_5": 0.1533, "mrr_at_10": 0.16709, "mrr_at_20": 0.17555, "mrr_at_100": 0.1809, "mrr_at_200": 0.18154, "mrr_at_300": 0.1817, "mrr_at_500": 0.1818, "mrr_at_1000": 0.18192, "rc_at_1": {"relevant": 0.0, "distractor": 0.0}, "rc_at_3": {"relevant": 0.0, "distractor": 0.0}, "rc_at_5": {"relevant": 0.0, "distractor": 0.0}, "rc_at_10": {"relevant": 0.0, "distractor": 0.0}, "rc_at_20": {"relevant": 0.0, "distractor": 0.0}, "rc_at_100": {"relevant": 0.0, "distractor": 0.0}, "rc_at_200": {"relevant": 0.0, "distractor": 0.0}, "rc_at_300": {"relevant": 0.0, "distractor": 0.0}, "rc_at_500": {"relevant": 0.0, "distractor": 0.0}, "rc_at_1000": {"relevant": 0.0, "distractor": 0.0}}