{"ndcg_at_1": 0.5575, "ndcg_at_3": 0.46353, "ndcg_at_5": 0.43492, "ndcg_at_10": 0.41147, "ndcg_at_20": 0.40248, "ndcg_at_100": 0.44535, "ndcg_at_200": 0.47279, "ndcg_at_300": 0.48594, "ndcg_at_500": 0.50003, "ndcg_at_1000": 0.51815, "map_at_1": 0.08792, "map_at_3": 0.13947, "map_at_5": 0.16116, "map_at_10": 0.19088, "map_at_20": 0.21896, "map_at_100": 0.26073, "map_at_200": 0.26911, "map_at_300": 0.27186, "map_at_500": 0.27423, "map_at_1000": 0.27623, "recall_at_1": 0.08792, "recall_at_3": 0.15437, "recall_at_5": 0.18821, "recall_at_10": 0.24393, "recall_at_20": 0.31529, "recall_at_100": 0.49181, "recall_at_200": 0.57102, "recall_at_300": 0.61196, "recall_at_500": 0.65686, "recall_at_1000": 0.72061, "precision_at_1": 0.6775, "precision_at_3": 0.49083, "precision_at_5": 0.417, "precision_at_10": 0.323, "precision_at_20": 0.23987, "precision_at_100": 0.0995, "precision_at_200": 0.06275, "precision_at_300": 0.0468, "precision_at_500": 0.03196, "precision_at_1000": 0.01902, "mrr_at_1": 0.6775, "mrr_at_3": 0.74583, "mrr_at_5": 0.75246, "mrr_at_10": 0.75695, "mrr_at_20": 0.76024, "mrr_at_100": 0.76092, "mrr_at_200": 0.76096, "mrr_at_300": 0.76096, "mrr_at_500": 0.76097, "mrr_at_1000": 0.76098, "rc_at_1": {"relevant": 0.0, "distractor": 0.0}, "rc_at_3": {"relevant": 0.0, "distractor": 0.0}, "rc_at_5": {"relevant": 0.0, "distractor": 0.0}, "rc_at_10": {"relevant": 0.0, "distractor": 0.0}, "rc_at_20": {"relevant": 0.0, "distractor": 0.0}, "rc_at_100": {"relevant": 0.0, "distractor": 0.0}, "rc_at_200": {"relevant": 0.0, "distractor": 0.0}, "rc_at_300": {"relevant": 0.0, "distractor": 0.0}, "rc_at_500": {"relevant": 0.0, "distractor": 0.0}, "rc_at_1000": {"relevant": 0.0, "distractor": 0.0}}