{"ndcg_at_1": 0.24886, "ndcg_at_3": 0.31603, "ndcg_at_5": 0.34158, "ndcg_at_10": 0.37133, "ndcg_at_20": 0.39827, "ndcg_at_100": 0.43359, "ndcg_at_200": 0.44303, "ndcg_at_300": 0.44725, "ndcg_at_500": 0.45212, "ndcg_at_1000": 0.45718, "map_at_1": 0.20127, "map_at_3": 0.27609, "map_at_5": 0.29363, "map_at_10": 0.3089, "map_at_20": 0.31746, "map_at_100": 0.32327, "map_at_200": 0.32392, "map_at_300": 0.32414, "map_at_500": 0.32431, "map_at_1000": 0.32444, "recall_at_1": 0.20127, "recall_at_3": 0.3579, "recall_at_5": 0.42381, "recall_at_10": 0.51005, "recall_at_20": 0.60728, "recall_at_100": 0.77704, "recall_at_200": 0.83359, "recall_at_300": 0.86122, "recall_at_500": 0.89481, "recall_at_1000": 0.93364, "precision_at_1": 0.24886, "precision_at_3": 0.15753, "precision_at_5": 0.11553, "precision_at_10": 0.07226, "precision_at_20": 0.04372, "precision_at_100": 0.01205, "precision_at_200": 0.00667, "precision_at_300": 0.0047, "precision_at_500": 0.003, "precision_at_1000": 0.00162, "mrr_at_1": 0.24886, "mrr_at_3": 0.32858, "mrr_at_5": 0.34484, "mrr_at_10": 0.35619, "mrr_at_20": 0.36294, "mrr_at_100": 0.36639, "mrr_at_200": 0.36679, "mrr_at_300": 0.36688, "mrr_at_500": 0.36694, "mrr_at_1000": 0.36698, "rc_at_1": {"relevant": 0.0, "distractor": 0.0}, "rc_at_3": {"relevant": 0.0, "distractor": 0.0}, "rc_at_5": {"relevant": 0.0, "distractor": 0.0}, "rc_at_10": {"relevant": 0.0, "distractor": 0.0}, "rc_at_20": {"relevant": 0.0, "distractor": 0.0}, "rc_at_100": {"relevant": 0.0, "distractor": 0.0}, "rc_at_200": {"relevant": 0.0, "distractor": 0.0}, "rc_at_300": {"relevant": 0.0, "distractor": 0.0}, "rc_at_500": {"relevant": 0.0, "distractor": 0.0}, "rc_at_1000": {"relevant": 0.0, "distractor": 0.0}}