{"ndcg_at_1": 0.762, "ndcg_at_3": 0.80843, "ndcg_at_5": 0.82643, "ndcg_at_10": 0.84201, "ndcg_at_20": 0.8502, "ndcg_at_100": 0.8582, "ndcg_at_200": 0.85942, "ndcg_at_300": 0.85989, "ndcg_at_500": 0.86022, "ndcg_at_1000": 0.86045, "map_at_1": 0.66243, "map_at_3": 0.76882, "map_at_5": 0.78729, "map_at_10": 0.7992, "map_at_20": 0.80358, "map_at_100": 0.80606, "map_at_200": 0.80623, "map_at_300": 0.80627, "map_at_500": 0.8063, "map_at_1000": 0.80631, "recall_at_1": 0.66243, "recall_at_3": 0.8315, "recall_at_5": 0.88159, "recall_at_10": 0.92677, "recall_at_20": 0.95386, "recall_at_100": 0.98554, "recall_at_200": 0.99147, "recall_at_300": 0.99408, "recall_at_500": 0.99597, "recall_at_1000": 0.99752, "precision_at_1": 0.762, "precision_at_3": 0.35317, "precision_at_5": 0.23344, "precision_at_10": 0.12849, "precision_at_20": 0.06858, "precision_at_100": 0.01499, "precision_at_200": 0.00764, "precision_at_300": 0.00514, "precision_at_500": 0.0031, "precision_at_1000": 0.00156, "mrr_at_1": 0.762, "mrr_at_3": 0.81968, "mrr_at_5": 0.82832, "mrr_at_10": 0.83247, "mrr_at_20": 0.83377, "mrr_at_100": 0.83425, "mrr_at_200": 0.83427, "mrr_at_300": 0.83428, "mrr_at_500": 0.83428, "mrr_at_1000": 0.83428, "rc_at_1": {"relevant": 0.0, "distractor": 0.0}, "rc_at_3": {"relevant": 0.0, "distractor": 0.0}, "rc_at_5": {"relevant": 0.0, "distractor": 0.0}, "rc_at_10": {"relevant": 0.0, "distractor": 0.0}, "rc_at_20": {"relevant": 0.0, "distractor": 0.0}, "rc_at_100": {"relevant": 0.0, "distractor": 0.0}, "rc_at_200": {"relevant": 0.0, "distractor": 0.0}, "rc_at_300": {"relevant": 0.0, "distractor": 0.0}, "rc_at_500": {"relevant": 0.0, "distractor": 0.0}, "rc_at_1000": {"relevant": 0.0, "distractor": 0.0}}