{"ndcg_at_1": 0.2589, "ndcg_at_3": 0.30667, "ndcg_at_5": 0.33029, "ndcg_at_10": 0.35958, "ndcg_at_20": 0.38043, "ndcg_at_100": 0.41972, "ndcg_at_200": 0.43052, "ndcg_at_300": 0.43555, "ndcg_at_500": 0.44046, "ndcg_at_1000": 0.44585, "map_at_1": 0.21304, "map_at_3": 0.27241, "map_at_5": 0.28781, "map_at_10": 0.30224, "map_at_20": 0.30904, "map_at_100": 0.31577, "map_at_200": 0.31646, "map_at_300": 0.31669, "map_at_500": 0.31687, "map_at_1000": 0.317, "recall_at_1": 0.21304, "recall_at_3": 0.3347, "recall_at_5": 0.39492, "recall_at_10": 0.48018, "recall_at_20": 0.55245, "recall_at_100": 0.73674, "recall_at_200": 0.80498, "recall_at_300": 0.83831, "recall_at_500": 0.87192, "recall_at_1000": 0.91435, "precision_at_1": 0.2589, "precision_at_3": 0.14758, "precision_at_5": 0.10645, "precision_at_10": 0.06805, "precision_at_20": 0.04086, "precision_at_100": 0.01172, "precision_at_200": 0.00653, "precision_at_300": 0.00462, "precision_at_500": 0.00296, "precision_at_1000": 0.00159, "mrr_at_1": 0.2589, "mrr_at_3": 0.32435, "mrr_at_5": 0.34081, "mrr_at_10": 0.35255, "mrr_at_20": 0.35782, "mrr_at_100": 0.3622, "mrr_at_200": 0.3626, "mrr_at_300": 0.36272, "mrr_at_500": 0.36278, "mrr_at_1000": 0.36283, "rc_at_1": {"relevant": 0.0, "distractor": 0.0}, "rc_at_3": {"relevant": 0.0, "distractor": 0.0}, "rc_at_5": {"relevant": 0.0, "distractor": 0.0}, "rc_at_10": {"relevant": 0.0, "distractor": 0.0}, "rc_at_20": {"relevant": 0.0, "distractor": 0.0}, "rc_at_100": {"relevant": 0.0, "distractor": 0.0}, "rc_at_200": {"relevant": 0.0, "distractor": 0.0}, "rc_at_300": {"relevant": 0.0, "distractor": 0.0}, "rc_at_500": {"relevant": 0.0, "distractor": 0.0}, "rc_at_1000": {"relevant": 0.0, "distractor": 0.0}}