{"ndcg_at_1": 0.37407, "ndcg_at_3": 0.43179, "ndcg_at_5": 0.4554, "ndcg_at_10": 0.4819, "ndcg_at_20": 0.50309, "ndcg_at_100": 0.53158, "ndcg_at_200": 0.5413, "ndcg_at_300": 0.54439, "ndcg_at_500": 0.54869, "ndcg_at_1000": 0.55109, "map_at_1": 0.32314, "map_at_3": 0.39757, "map_at_5": 0.41448, "map_at_10": 0.42744, "map_at_20": 0.43438, "map_at_100": 0.43909, "map_at_200": 0.43973, "map_at_300": 0.43987, "map_at_500": 0.44, "map_at_1000": 0.44006, "recall_at_1": 0.32314, "recall_at_3": 0.46852, "recall_at_5": 0.5315, "recall_at_10": 0.60748, "recall_at_20": 0.68302, "recall_at_100": 0.81846, "recall_at_200": 0.87934, "recall_at_300": 0.89997, "recall_at_500": 0.93233, "recall_at_1000": 0.94924, "precision_at_1": 0.37407, "precision_at_3": 0.1959, "precision_at_5": 0.13545, "precision_at_10": 0.08013, "precision_at_20": 0.04627, "precision_at_100": 0.01172, "precision_at_200": 0.00641, "precision_at_300": 0.00442, "precision_at_500": 0.00277, "precision_at_1000": 0.00144, "mrr_at_1": 0.37407, "mrr_at_3": 0.43983, "mrr_at_5": 0.45429, "mrr_at_10": 0.46432, "mrr_at_20": 0.46945, "mrr_at_100": 0.47256, "mrr_at_200": 0.47294, "mrr_at_300": 0.473, "mrr_at_500": 0.47307, "mrr_at_1000": 0.47308, "rc_at_1": {"relevant": 0.0, "distractor": 0.0}, "rc_at_3": {"relevant": 0.0, "distractor": 0.0}, "rc_at_5": {"relevant": 0.0, "distractor": 0.0}, "rc_at_10": {"relevant": 0.0, "distractor": 0.0}, "rc_at_20": {"relevant": 0.0, "distractor": 0.0}, "rc_at_100": {"relevant": 0.0, "distractor": 0.0}, "rc_at_200": {"relevant": 0.0, "distractor": 0.0}, "rc_at_300": {"relevant": 0.0, "distractor": 0.0}, "rc_at_500": {"relevant": 0.0, "distractor": 0.0}, "rc_at_1000": {"relevant": 0.0, "distractor": 0.0}}