{"ndcg_at_1": 0.49359, "ndcg_at_3": 0.39385, "ndcg_at_5": 0.41737, "ndcg_at_10": 0.43818, "ndcg_at_20": 0.45355, "ndcg_at_100": 0.47713, "ndcg_at_200": 0.48461, "ndcg_at_300": 0.48863, "ndcg_at_500": 0.49266, "ndcg_at_1000": 0.49739, "map_at_1": 0.24679, "map_at_3": 0.32918, "map_at_5": 0.34452, "map_at_10": 0.35491, "map_at_20": 0.36006, "map_at_100": 0.3642, "map_at_200": 0.36473, "map_at_300": 0.36491, "map_at_500": 0.36504, "map_at_1000": 0.36513, "recall_at_1": 0.24679, "recall_at_3": 0.37346, "recall_at_5": 0.41999, "recall_at_10": 0.47232, "recall_at_20": 0.52194, "recall_at_100": 0.62674, "recall_at_200": 0.67029, "recall_at_300": 0.69629, "recall_at_500": 0.72451, "recall_at_1000": 0.76104, "precision_at_1": 0.49359, "precision_at_3": 0.24898, "precision_at_5": 0.16799, "precision_at_10": 0.09446, "precision_at_20": 0.05219, "precision_at_100": 0.01253, "precision_at_200": 0.0067, "precision_at_300": 0.00464, "precision_at_500": 0.0029, "precision_at_1000": 0.00152, "mrr_at_1": 0.49359, "mrr_at_3": 0.55393, "mrr_at_5": 0.56587, "mrr_at_10": 0.5732, "mrr_at_20": 0.57665, "mrr_at_100": 0.57871, "mrr_at_200": 0.57892, "mrr_at_300": 0.579, "mrr_at_500": 0.57903, "mrr_at_1000": 0.57906, "rc_at_1": {"relevant": 0.0, "distractor": 0.0}, "rc_at_3": {"relevant": 0.0, "distractor": 0.0}, "rc_at_5": {"relevant": 0.0, "distractor": 0.0}, "rc_at_10": {"relevant": 0.0, "distractor": 0.0}, "rc_at_20": {"relevant": 0.0, "distractor": 0.0}, "rc_at_100": {"relevant": 0.0, "distractor": 0.0}, "rc_at_200": {"relevant": 0.0, "distractor": 0.0}, "rc_at_300": {"relevant": 0.0, "distractor": 0.0}, "rc_at_500": {"relevant": 0.0, "distractor": 0.0}, "rc_at_1000": {"relevant": 0.0, "distractor": 0.0}}