{"ndcg_at_1": 0.04075, "ndcg_at_3": 0.05408, "ndcg_at_5": 0.06222, "ndcg_at_10": 0.07438, "ndcg_at_20": 0.08514, "ndcg_at_100": 0.10907, "ndcg_at_200": 0.12047, "ndcg_at_300": 0.12694, "ndcg_at_500": 0.1339, "ndcg_at_1000": 0.14485, "map_at_1": 0.03543, "map_at_3": 0.04829, "map_at_5": 0.05277, "map_at_10": 0.05782, "map_at_20": 0.06072, "map_at_100": 0.06398, "map_at_200": 0.06458, "map_at_300": 0.06481, "map_at_500": 0.06498, "map_at_1000": 0.06514, "recall_at_1": 0.03543, "recall_at_3": 0.06424, "recall_at_5": 0.08413, "recall_at_10": 0.11963, "recall_at_20": 0.16053, "recall_at_100": 0.28173, "recall_at_200": 0.35867, "recall_at_300": 0.40613, "recall_at_500": 0.46136, "recall_at_1000": 0.55771, "precision_at_1": 0.04075, "precision_at_3": 0.02508, "precision_at_5": 0.01981, "precision_at_10": 0.01442, "precision_at_20": 0.00978, "precision_at_100": 0.0037, "precision_at_200": 0.00236, "precision_at_300": 0.00181, "precision_at_500": 0.00125, "precision_at_1000": 0.00076, "mrr_at_1": 0.04075, "mrr_at_3": 0.05465, "mrr_at_5": 0.05951, "mrr_at_10": 0.06505, "mrr_at_20": 0.06813, "mrr_at_100": 0.07147, "mrr_at_200": 0.07206, "mrr_at_300": 0.07225, "mrr_at_500": 0.0724, "mrr_at_1000": 0.07254, "rc_at_1": {"relevant": 0.0, "distractor": 0.0}, "rc_at_3": {"relevant": 0.0, "distractor": 0.0}, "rc_at_5": {"relevant": 0.0, "distractor": 0.0}, "rc_at_10": {"relevant": 0.0, "distractor": 0.0}, "rc_at_20": {"relevant": 0.0, "distractor": 0.0}, "rc_at_100": {"relevant": 0.0, "distractor": 0.0}, "rc_at_200": {"relevant": 0.0, "distractor": 0.0}, "rc_at_300": {"relevant": 0.0, "distractor": 0.0}, "rc_at_500": {"relevant": 0.0, "distractor": 0.0}, "rc_at_1000": {"relevant": 0.0, "distractor": 0.0}}