{"ndcg_at_1": 0.41641, "ndcg_at_3": 0.38199, "ndcg_at_5": 0.35858, "ndcg_at_10": 0.32568, "ndcg_at_20": 0.30041, "ndcg_at_100": 0.29807, "ndcg_at_200": 0.31509, "ndcg_at_300": 0.33058, "ndcg_at_500": 0.35164, "ndcg_at_1000": 0.38819, "map_at_1": 0.05577, "map_at_3": 0.09029, "map_at_5": 0.10512, "map_at_10": 0.12118, "map_at_20": 0.13276, "map_at_100": 0.15015, "map_at_200": 0.15506, "map_at_300": 0.15769, "map_at_500": 0.16034, "map_at_1000": 0.1637, "recall_at_1": 0.05577, "recall_at_3": 0.10085, "recall_at_5": 0.12612, "recall_at_10": 0.15926, "recall_at_20": 0.192, "recall_at_100": 0.30302, "recall_at_200": 0.36698, "recall_at_300": 0.42192, "recall_at_500": 0.49759, "recall_at_1000": 0.62513, "precision_at_1": 0.43034, "precision_at_3": 0.36017, "precision_at_5": 0.30898, "precision_at_10": 0.23684, "precision_at_20": 0.17074, "precision_at_100": 0.07495, "precision_at_200": 0.05012, "precision_at_300": 0.03994, "precision_at_500": 0.02955, "precision_at_1000": 0.02009, "mrr_at_1": 0.44272, "mrr_at_3": 0.51548, "mrr_at_5": 0.52616, "mrr_at_10": 0.53335, "mrr_at_20": 0.53663, "mrr_at_100": 0.53921, "mrr_at_200": 0.53934, "mrr_at_300": 0.53946, "mrr_at_500": 0.53953, "mrr_at_1000": 0.53958, "rc_at_1": {"relevant": 0.0, "distractor": 0.0}, "rc_at_3": {"relevant": 0.0, "distractor": 0.0}, "rc_at_5": {"relevant": 0.0, "distractor": 0.0}, "rc_at_10": {"relevant": 0.0, "distractor": 0.0}, "rc_at_20": {"relevant": 0.0, "distractor": 0.0}, "rc_at_100": {"relevant": 0.0, "distractor": 0.0}, "rc_at_200": {"relevant": 0.0, "distractor": 0.0}, "rc_at_300": {"relevant": 0.0, "distractor": 0.0}, "rc_at_500": {"relevant": 0.0, "distractor": 0.0}, "rc_at_1000": {"relevant": 0.0, "distractor": 0.0}}