{"ndcg_at_1": 0.43364, "ndcg_at_3": 0.3949, "ndcg_at_5": 0.41011, "ndcg_at_10": 0.4347, "ndcg_at_20": 0.46044, "ndcg_at_100": 0.49886, "ndcg_at_200": 0.51105, "ndcg_at_300": 0.51623, "ndcg_at_500": 0.52192, "ndcg_at_1000": 0.52842, "map_at_1": 0.22316, "map_at_3": 0.3114, "map_at_5": 0.33802, "map_at_10": 0.35669, "map_at_20": 0.36693, "map_at_100": 0.37474, "map_at_200": 0.37581, "map_at_300": 0.3761, "map_at_500": 0.37636, "map_at_1000": 0.37652, "recall_at_1": 0.22316, "recall_at_3": 0.35883, "recall_at_5": 0.42659, "recall_at_10": 0.50261, "recall_at_20": 0.58082, "recall_at_100": 0.73749, "recall_at_200": 0.80324, "recall_at_300": 0.83384, "recall_at_500": 0.86895, "recall_at_1000": 0.91461, "precision_at_1": 0.43364, "precision_at_3": 0.25823, "precision_at_5": 0.19136, "precision_at_10": 0.11806, "precision_at_20": 0.07022, "precision_at_100": 0.01852, "precision_at_200": 0.01016, "precision_at_300": 0.00707, "precision_at_500": 0.00448, "precision_at_1000": 0.00237, "mrr_at_1": 0.4321, "mrr_at_3": 0.49177, "mrr_at_5": 0.50589, "mrr_at_10": 0.51545, "mrr_at_20": 0.5199, "mrr_at_100": 0.52285, "mrr_at_200": 0.52316, "mrr_at_300": 0.52322, "mrr_at_500": 0.52324, "mrr_at_1000": 0.52328, "rc_at_1": {"relevant": 0.0, "distractor": 0.0}, "rc_at_3": {"relevant": 0.0, "distractor": 0.0}, "rc_at_5": {"relevant": 0.0, "distractor": 0.0}, "rc_at_10": {"relevant": 0.0, "distractor": 0.0}, "rc_at_20": {"relevant": 0.0, "distractor": 0.0}, "rc_at_100": {"relevant": 0.0, "distractor": 0.0}, "rc_at_200": {"relevant": 0.0, "distractor": 0.0}, "rc_at_300": {"relevant": 0.0, "distractor": 0.0}, "rc_at_500": {"relevant": 0.0, "distractor": 0.0}, "rc_at_1000": {"relevant": 0.0, "distractor": 0.0}}