{"ndcg_at_1": 0.0078, "ndcg_at_3": 0.01049, "ndcg_at_5": 0.01216, "ndcg_at_10": 0.01452, "ndcg_at_20": 0.01721, "ndcg_at_100": 0.02437, "ndcg_at_200": 0.02807, "ndcg_at_300": 0.03033, "ndcg_at_500": 0.0332, "ndcg_at_1000": 0.03779, "map_at_1": 0.00708, "map_at_3": 0.00944, "map_at_5": 0.01035, "map_at_10": 0.01134, "map_at_20": 0.01206, "map_at_100": 0.01292, "map_at_200": 0.01311, "map_at_300": 0.01318, "map_at_500": 0.01325, "map_at_1000": 0.01331, "recall_at_1": 0.00708, "recall_at_3": 0.01263, "recall_at_5": 0.01668, "recall_at_10": 0.0238, "recall_at_20": 0.0343, "recall_at_100": 0.07379, "recall_at_200": 0.09977, "recall_at_300": 0.11735, "recall_at_500": 0.14151, "recall_at_1000": 0.18383, "precision_at_1": 0.0078, "precision_at_3": 0.00465, "precision_at_5": 0.00363, "precision_at_10": 0.00255, "precision_at_20": 0.00185, "precision_at_100": 0.0008, "precision_at_200": 0.00054, "precision_at_300": 0.00043, "precision_at_500": 0.00031, "precision_at_1000": 0.0002, "mrr_at_1": 0.0078, "mrr_at_3": 0.0104, "mrr_at_5": 0.01135, "mrr_at_10": 0.01239, "mrr_at_20": 0.01313, "mrr_at_100": 0.01408, "mrr_at_200": 0.01428, "mrr_at_300": 0.01436, "mrr_at_500": 0.01443, "mrr_at_1000": 0.01449, "rc_at_1": {"relevant": 0.0, "distractor": 0.0}, "rc_at_3": {"relevant": 0.0, "distractor": 0.0}, "rc_at_5": {"relevant": 0.0, "distractor": 0.0}, "rc_at_10": {"relevant": 0.0, "distractor": 0.0}, "rc_at_20": {"relevant": 0.0, "distractor": 0.0}, "rc_at_100": {"relevant": 0.0, "distractor": 0.0}, "rc_at_200": {"relevant": 0.0, "distractor": 0.0}, "rc_at_300": {"relevant": 0.0, "distractor": 0.0}, "rc_at_500": {"relevant": 0.0, "distractor": 0.0}, "rc_at_1000": {"relevant": 0.0, "distractor": 0.0}}