{"ndcg_at_1": 0.0774, "ndcg_at_3": 0.07331, "ndcg_at_5": 0.06855, "ndcg_at_10": 0.06514, "ndcg_at_20": 0.06194, "ndcg_at_100": 0.07784, "ndcg_at_200": 0.09471, "ndcg_at_300": 0.10811, "ndcg_at_500": 0.13104, "ndcg_at_1000": 0.17484, "map_at_1": 0.00478, "map_at_3": 0.00876, "map_at_5": 0.01007, "map_at_10": 0.01206, "map_at_20": 0.01379, "map_at_100": 0.01805, "map_at_200": 0.01971, "map_at_300": 0.0208, "map_at_500": 0.02234, "map_at_1000": 0.0249, "recall_at_1": 0.00478, "recall_at_3": 0.01196, "recall_at_5": 0.01608, "recall_at_10": 0.0238, "recall_at_20": 0.03767, "recall_at_100": 0.10879, "recall_at_200": 0.16299, "recall_at_300": 0.20834, "recall_at_500": 0.28756, "recall_at_1000": 0.44406, "precision_at_1": 0.08669, "precision_at_3": 0.07534, "precision_at_5": 0.06687, "precision_at_10": 0.05604, "precision_at_20": 0.04334, "precision_at_100": 0.02721, "precision_at_200": 0.0222, "precision_at_300": 0.0196, "precision_at_500": 0.01711, "precision_at_1000": 0.01431, "mrr_at_1": 0.08669, "mrr_at_3": 0.12332, "mrr_at_5": 0.13447, "mrr_at_10": 0.14519, "mrr_at_20": 0.1501, "mrr_at_100": 0.15634, "mrr_at_200": 0.15729, "mrr_at_300": 0.1575, "mrr_at_500": 0.15765, "mrr_at_1000": 0.15774, "rc_at_1": {"relevant": 0.0, "distractor": 0.0}, "rc_at_3": {"relevant": 0.0, "distractor": 0.0}, "rc_at_5": {"relevant": 0.0, "distractor": 0.0}, "rc_at_10": {"relevant": 0.0, "distractor": 0.0}, "rc_at_20": {"relevant": 0.0, "distractor": 0.0}, "rc_at_100": {"relevant": 0.0, "distractor": 0.0}, "rc_at_200": {"relevant": 0.0, "distractor": 0.0}, "rc_at_300": {"relevant": 0.0, "distractor": 0.0}, "rc_at_500": {"relevant": 0.0, "distractor": 0.0}, "rc_at_1000": {"relevant": 0.0, "distractor": 0.0}}