{"ndcg_at_1": 0.32727, "ndcg_at_3": 0.25658, "ndcg_at_5": 0.20083, "ndcg_at_10": 0.14686, "ndcg_at_20": 0.17904, "ndcg_at_100": 0.2233, "ndcg_at_200": 0.23967, "ndcg_at_300": 0.24625, "ndcg_at_500": 0.25373, "ndcg_at_1000": 0.26844, "map_at_1": 0.03273, "map_at_3": 0.0603, "map_at_5": 0.0673, "map_at_10": 0.0751, "map_at_20": 0.08821, "map_at_100": 0.0991, "map_at_200": 0.10067, "map_at_300": 0.10119, "map_at_500": 0.10156, "map_at_1000": 0.10195, "recall_at_1": 0.03273, "recall_at_3": 0.07091, "recall_at_5": 0.08182, "recall_at_10": 0.10545, "recall_at_20": 0.16182, "recall_at_100": 0.27273, "recall_at_200": 0.32545, "recall_at_300": 0.34909, "recall_at_500": 0.37818, "recall_at_1000": 0.44182, "precision_at_1": 0.32727, "precision_at_3": 0.23636, "precision_at_5": 0.16364, "precision_at_10": 0.10545, "precision_at_20": 0.08091, "precision_at_100": 0.02727, "precision_at_200": 0.01627, "precision_at_300": 0.01164, "precision_at_500": 0.00756, "precision_at_1000": 0.00442, "mrr_at_1": 0.32727, "mrr_at_3": 0.39697, "mrr_at_5": 0.40515, "mrr_at_10": 0.41078, "mrr_at_20": 0.41728, "mrr_at_100": 0.42097, "mrr_at_200": 0.42097, "mrr_at_300": 0.42105, "mrr_at_500": 0.42111, "mrr_at_1000": 0.4212, "rc_at_1": {"relevant": 0.32727, "distractor": 0.25455}, "rc_at_3": {"relevant": 0.70909, "distractor": 0.85455}, "rc_at_5": {"relevant": 0.81818, "distractor": 1.58182}, "rc_at_10": {"relevant": 1.05455, "distractor": 2.89091}, "rc_at_20": {"relevant": 1.61818, "distractor": 4.74545}, "rc_at_100": {"relevant": 2.72727, "distractor": 10.98182}, "rc_at_200": {"relevant": 3.25455, "distractor": 15.34545}, "rc_at_300": {"relevant": 3.49091, "distractor": 17.87273}, "rc_at_500": {"relevant": 3.78182, "distractor": 21.61818}, "rc_at_1000": {"relevant": 4.41818, "distractor": 26.87273}}