{"ndcg_at_1": 0.38462, "ndcg_at_3": 0.2667, "ndcg_at_5": 0.24866, "ndcg_at_10": 0.20397, "ndcg_at_20": 0.254, "ndcg_at_100": 0.35123, "ndcg_at_200": 0.3837, "ndcg_at_300": 0.39431, "ndcg_at_500": 0.40576, "ndcg_at_1000": 0.42087, "map_at_1": 0.03846, "map_at_3": 0.06538, "map_at_5": 0.08754, "map_at_10": 0.10884, "map_at_20": 0.13049, "map_at_100": 0.15927, "map_at_200": 0.1638, "map_at_300": 0.16477, "map_at_500": 0.16554, "map_at_1000": 0.16623, "recall_at_1": 0.03846, "recall_at_3": 0.07077, "recall_at_5": 0.11077, "recall_at_10": 0.17231, "recall_at_20": 0.26154, "recall_at_100": 0.50615, "recall_at_200": 0.61077, "recall_at_300": 0.64923, "recall_at_500": 0.69385, "recall_at_1000": 0.75846, "precision_at_1": 0.38462, "precision_at_3": 0.2359, "precision_at_5": 0.22154, "precision_at_10": 0.17231, "precision_at_20": 0.13077, "precision_at_100": 0.05062, "precision_at_200": 0.03054, "precision_at_300": 0.02164, "precision_at_500": 0.01388, "precision_at_1000": 0.00758, "mrr_at_1": 0.38462, "mrr_at_3": 0.41282, "mrr_at_5": 0.43744, "mrr_at_10": 0.45801, "mrr_at_20": 0.46925, "mrr_at_100": 0.47169, "mrr_at_200": 0.4719, "mrr_at_300": 0.4719, "mrr_at_500": 0.4719, "mrr_at_1000": 0.4719, "rc_at_1": {"relevant": 0.38462, "distractor": 0.58462}, "rc_at_3": {"relevant": 0.70769, "distractor": 2.12308}, "rc_at_5": {"relevant": 1.10769, "distractor": 3.6}, "rc_at_10": {"relevant": 1.72308, "distractor": 7.21538}, "rc_at_20": {"relevant": 2.61538, "distractor": 14.52308}, "rc_at_100": {"relevant": 5.06154, "distractor": 50.90769}, "rc_at_200": {"relevant": 6.10769, "distractor": 64.46154}, "rc_at_300": {"relevant": 6.49231, "distractor": 69.56923}, "rc_at_500": {"relevant": 6.93846, "distractor": 75.09231}, "rc_at_1000": {"relevant": 7.58462, "distractor": 80.64615}}