{"ndcg_at_1": 0.43077, "ndcg_at_3": 0.35557, "ndcg_at_5": 0.30862, "ndcg_at_10": 0.25143, "ndcg_at_20": 0.3129, "ndcg_at_100": 0.51481, "ndcg_at_200": 0.56374, "ndcg_at_300": 0.56549, "ndcg_at_500": 0.56549, "ndcg_at_1000": 0.56549, "map_at_1": 0.04308, "map_at_3": 0.08667, "map_at_5": 0.10959, "map_at_10": 0.13992, "map_at_20": 0.17413, "map_at_100": 0.23424, "map_at_200": 0.24601, "map_at_300": 0.24629, "map_at_500": 0.24629, "map_at_1000": 0.24629, "recall_at_1": 0.04308, "recall_at_3": 0.1, "recall_at_5": 0.13692, "recall_at_10": 0.20923, "recall_at_20": 0.32, "recall_at_100": 0.84308, "recall_at_200": 0.99385, "recall_at_300": 1.0, "recall_at_500": 1.0, "recall_at_1000": 1.0, "precision_at_1": 0.43077, "precision_at_3": 0.33333, "precision_at_5": 0.27385, "precision_at_10": 0.20923, "precision_at_20": 0.16, "precision_at_100": 0.08431, "precision_at_200": 0.04969, "precision_at_300": 0.03333, "precision_at_500": 0.02, "precision_at_1000": 0.01, "mrr_at_1": 0.43077, "mrr_at_3": 0.51282, "mrr_at_5": 0.53051, "mrr_at_10": 0.54472, "mrr_at_20": 0.55215, "mrr_at_100": 0.55508, "mrr_at_200": 0.55508, "mrr_at_300": 0.55508, "mrr_at_500": 0.55508, "mrr_at_1000": 0.55508, "rc_at_1": {"relevant": 0.43077, "distractor": 0.56923}, "rc_at_3": {"relevant": 1.0, "distractor": 2.0}, "rc_at_5": {"relevant": 1.36923, "distractor": 3.63077}, "rc_at_10": {"relevant": 2.09231, "distractor": 7.87692}, "rc_at_20": {"relevant": 3.2, "distractor": 16.72308}, "rc_at_100": {"relevant": 8.43077, "distractor": 88.81538}, "rc_at_200": {"relevant": 9.93846, "distractor": 98.41538}, "rc_at_300": {"relevant": 10.0, "distractor": 98.90769}, "rc_at_500": {"relevant": 10.0, "distractor": 99.30769}, "rc_at_1000": {"relevant": 10.0, "distractor": 99.73846}}