{"ndcg_at_1": 0.41641, "ndcg_at_3": 0.38302, "ndcg_at_5": 0.36094, "ndcg_at_10": 0.32427, "ndcg_at_20": 0.29896, "ndcg_at_100": 0.28813, "ndcg_at_200": 0.30343, "ndcg_at_300": 0.31698, "ndcg_at_500": 0.33773, "ndcg_at_1000": 0.37706, "map_at_1": 0.05578, "map_at_3": 0.08917, "map_at_5": 0.10205, "map_at_10": 0.11765, "map_at_20": 0.12905, "map_at_100": 0.14441, "map_at_200": 0.14855, "map_at_300": 0.15075, "map_at_500": 0.15326, "map_at_1000": 0.15669, "recall_at_1": 0.05578, "recall_at_3": 0.09924, "recall_at_5": 0.12132, "recall_at_10": 0.15411, "recall_at_20": 0.18515, "recall_at_100": 0.28336, "recall_at_200": 0.34732, "recall_at_300": 0.39718, "recall_at_500": 0.46906, "recall_at_1000": 0.61139, "precision_at_1": 0.43034, "precision_at_3": 0.36017, "precision_at_5": 0.31393, "precision_at_10": 0.23653, "precision_at_20": 0.17245, "precision_at_100": 0.07105, "precision_at_200": 0.04707, "precision_at_300": 0.03719, "precision_at_500": 0.02802, "precision_at_1000": 0.01956, "mrr_at_1": 0.43344, "mrr_at_3": 0.50052, "mrr_at_5": 0.51754, "mrr_at_10": 0.52356, "mrr_at_20": 0.52639, "mrr_at_100": 0.52898, "mrr_at_200": 0.52922, "mrr_at_300": 0.52928, "mrr_at_500": 0.52935, "mrr_at_1000": 0.5294, "rc_at_1": {"relevant": 0.0, "distractor": 0.0}, "rc_at_3": {"relevant": 0.0, "distractor": 0.0}, "rc_at_5": {"relevant": 0.0, "distractor": 0.0}, "rc_at_10": {"relevant": 0.0, "distractor": 0.0}, "rc_at_20": {"relevant": 0.0, "distractor": 0.0}, "rc_at_100": {"relevant": 0.0, "distractor": 0.0}, "rc_at_200": {"relevant": 0.0, "distractor": 0.0}, "rc_at_300": {"relevant": 0.0, "distractor": 0.0}, "rc_at_500": {"relevant": 0.0, "distractor": 0.0}, "rc_at_1000": {"relevant": 0.0, "distractor": 0.0}}