{"ndcg_at_1": 0.20062, "ndcg_at_3": 0.17962, "ndcg_at_5": 0.18521, "ndcg_at_10": 0.20233, "ndcg_at_20": 0.22065, "ndcg_at_100": 0.26091, "ndcg_at_200": 0.27472, "ndcg_at_300": 0.28212, "ndcg_at_500": 0.29053, "ndcg_at_1000": 0.30174, "map_at_1": 0.0992, "map_at_3": 0.13326, "map_at_5": 0.14431, "map_at_10": 0.15394, "map_at_20": 0.15954, "map_at_100": 0.166, "map_at_200": 0.167, "map_at_300": 0.16735, "map_at_500": 0.16764, "map_at_1000": 0.16788, "recall_at_1": 0.0992, "recall_at_3": 0.15761, "recall_at_5": 0.18799, "recall_at_10": 0.24336, "recall_at_20": 0.29913, "recall_at_100": 0.47165, "recall_at_200": 0.54937, "recall_at_300": 0.59498, "recall_at_500": 0.65073, "recall_at_1000": 0.73281, "precision_at_1": 0.20062, "precision_at_3": 0.12243, "precision_at_5": 0.09167, "precision_at_10": 0.05895, "precision_at_20": 0.03719, "precision_at_100": 0.01202, "precision_at_200": 0.007, "precision_at_300": 0.00507, "precision_at_500": 0.00333, "precision_at_1000": 0.00187, "mrr_at_1": 0.20062, "mrr_at_3": 0.23843, "mrr_at_5": 0.24715, "mrr_at_10": 0.25744, "mrr_at_20": 0.26301, "mrr_at_100": 0.26701, "mrr_at_200": 0.26741, "mrr_at_300": 0.26754, "mrr_at_500": 0.26766, "mrr_at_1000": 0.26776, "rc_at_1": {"relevant": 0.0, "distractor": 0.0}, "rc_at_3": {"relevant": 0.0, "distractor": 0.0}, "rc_at_5": {"relevant": 0.0, "distractor": 0.0}, "rc_at_10": {"relevant": 0.0, "distractor": 0.0}, "rc_at_20": {"relevant": 0.0, "distractor": 0.0}, "rc_at_100": {"relevant": 0.0, "distractor": 0.0}, "rc_at_200": {"relevant": 0.0, "distractor": 0.0}, "rc_at_300": {"relevant": 0.0, "distractor": 0.0}, "rc_at_500": {"relevant": 0.0, "distractor": 0.0}, "rc_at_1000": {"relevant": 0.0, "distractor": 0.0}}