{"ndcg_at_1": 0.19218, "ndcg_at_3": 0.16694, "ndcg_at_5": 0.18281, "ndcg_at_10": 0.20759, "ndcg_at_20": 0.22983, "ndcg_at_100": 0.27267, "ndcg_at_200": 0.28603, "ndcg_at_300": 0.29258, "ndcg_at_500": 0.30084, "ndcg_at_1000": 0.31009, "map_at_1": 0.08852, "map_at_3": 0.12212, "map_at_5": 0.13422, "map_at_10": 0.14542, "map_at_20": 0.15237, "map_at_100": 0.15971, "map_at_200": 0.16071, "map_at_300": 0.16104, "map_at_500": 0.16132, "map_at_1000": 0.16153, "recall_at_1": 0.08852, "recall_at_3": 0.15566, "recall_at_5": 0.1975, "recall_at_10": 0.25364, "recall_at_20": 0.31738, "recall_at_100": 0.48516, "recall_at_200": 0.55317, "recall_at_300": 0.58976, "recall_at_500": 0.63944, "recall_at_1000": 0.70037, "precision_at_1": 0.19218, "precision_at_3": 0.12182, "precision_at_5": 0.09603, "precision_at_10": 0.06378, "precision_at_20": 0.04124, "precision_at_100": 0.01339, "precision_at_200": 0.00775, "precision_at_300": 0.00555, "precision_at_500": 0.00365, "precision_at_1000": 0.00202, "mrr_at_1": 0.19218, "mrr_at_3": 0.25125, "mrr_at_5": 0.26926, "mrr_at_10": 0.28107, "mrr_at_20": 0.2874, "mrr_at_100": 0.29157, "mrr_at_200": 0.29193, "mrr_at_300": 0.29202, "mrr_at_500": 0.29212, "mrr_at_1000": 0.29218, "rc_at_1": {"relevant": 0.0, "distractor": 0.0}, "rc_at_3": {"relevant": 0.0, "distractor": 0.0}, "rc_at_5": {"relevant": 0.0, "distractor": 0.0}, "rc_at_10": {"relevant": 0.0, "distractor": 0.0}, "rc_at_20": {"relevant": 0.0, "distractor": 0.0}, "rc_at_100": {"relevant": 0.0, "distractor": 0.0}, "rc_at_200": {"relevant": 0.0, "distractor": 0.0}, "rc_at_300": {"relevant": 0.0, "distractor": 0.0}, "rc_at_500": {"relevant": 0.0, "distractor": 0.0}, "rc_at_1000": {"relevant": 0.0, "distractor": 0.0}}