{"ndcg_at_1": 0.24254, "ndcg_at_3": 0.29366, "ndcg_at_5": 0.31877, "ndcg_at_10": 0.34539, "ndcg_at_20": 0.37073, "ndcg_at_100": 0.41002, "ndcg_at_200": 0.42026, "ndcg_at_300": 0.42439, "ndcg_at_500": 0.42877, "ndcg_at_1000": 0.43376, "map_at_1": 0.20975, "map_at_3": 0.26437, "map_at_5": 0.28036, "map_at_10": 0.29341, "map_at_20": 0.30083, "map_at_100": 0.30687, "map_at_200": 0.30755, "map_at_300": 0.30775, "map_at_500": 0.30788, "map_at_1000": 0.30797, "recall_at_1": 0.20975, "recall_at_3": 0.32842, "recall_at_5": 0.39284, "recall_at_10": 0.46811, "recall_at_20": 0.56111, "recall_at_100": 0.75422, "recall_at_200": 0.81812, "recall_at_300": 0.84583, "recall_at_500": 0.87759, "recall_at_1000": 0.91895, "precision_at_1": 0.24254, "precision_at_3": 0.13557, "precision_at_5": 0.09888, "precision_at_10": 0.06175, "precision_at_20": 0.03755, "precision_at_100": 0.01055, "precision_at_200": 0.00587, "precision_at_300": 0.00411, "precision_at_500": 0.0026, "precision_at_1000": 0.00138, "mrr_at_1": 0.24254, "mrr_at_3": 0.30115, "mrr_at_5": 0.31743, "mrr_at_10": 0.32737, "mrr_at_20": 0.33428, "mrr_at_100": 0.33896, "mrr_at_200": 0.33935, "mrr_at_300": 0.33942, "mrr_at_500": 0.33949, "mrr_at_1000": 0.33954, "rc_at_1": {"relevant": 0.0, "distractor": 0.0}, "rc_at_3": {"relevant": 0.0, "distractor": 0.0}, "rc_at_5": {"relevant": 0.0, "distractor": 0.0}, "rc_at_10": {"relevant": 0.0, "distractor": 0.0}, "rc_at_20": {"relevant": 0.0, "distractor": 0.0}, "rc_at_100": {"relevant": 0.0, "distractor": 0.0}, "rc_at_200": {"relevant": 0.0, "distractor": 0.0}, "rc_at_300": {"relevant": 0.0, "distractor": 0.0}, "rc_at_500": {"relevant": 0.0, "distractor": 0.0}, "rc_at_1000": {"relevant": 0.0, "distractor": 0.0}}