{"ndcg_at_1": 0.15385, "ndcg_at_3": 0.14568, "ndcg_at_5": 0.12932, "ndcg_at_10": 0.10675, "ndcg_at_20": 0.12929, "ndcg_at_100": 0.17289, "ndcg_at_200": 0.1876, "ndcg_at_300": 0.19908, "ndcg_at_500": 0.21123, "ndcg_at_1000": 0.2307, "map_at_1": 0.01538, "map_at_3": 0.03, "map_at_5": 0.03823, "map_at_10": 0.04961, "map_at_20": 0.05678, "map_at_100": 0.06599, "map_at_200": 0.0674, "map_at_300": 0.06817, "map_at_500": 0.06877, "map_at_1000": 0.0693, "recall_at_1": 0.01538, "recall_at_3": 0.04308, "recall_at_5": 0.06, "recall_at_10": 0.09231, "recall_at_20": 0.13231, "recall_at_100": 0.24, "recall_at_200": 0.28769, "recall_at_300": 0.32923, "recall_at_500": 0.37692, "recall_at_1000": 0.46154, "precision_at_1": 0.15385, "precision_at_3": 0.14359, "precision_at_5": 0.12, "precision_at_10": 0.09231, "precision_at_20": 0.06615, "precision_at_100": 0.024, "precision_at_200": 0.01438, "precision_at_300": 0.01097, "precision_at_500": 0.00754, "precision_at_1000": 0.00462, "mrr_at_1": 0.16923, "mrr_at_3": 0.25897, "mrr_at_5": 0.27282, "mrr_at_10": 0.28365, "mrr_at_20": 0.28784, "mrr_at_100": 0.29327, "mrr_at_200": 0.2938, "mrr_at_300": 0.29393, "mrr_at_500": 0.29401, "mrr_at_1000": 0.29407, "rc_at_1": {"relevant": 0.16923, "distractor": 0.6}, "rc_at_3": {"relevant": 0.46154, "distractor": 1.49231}, "rc_at_5": {"relevant": 0.66154, "distractor": 2.4}, "rc_at_10": {"relevant": 0.96923, "distractor": 4.46154}, "rc_at_20": {"relevant": 1.36923, "distractor": 7.73846}, "rc_at_100": {"relevant": 2.50769, "distractor": 19.41538}, "rc_at_200": {"relevant": 2.95385, "distractor": 24.81538}, "rc_at_300": {"relevant": 3.32308, "distractor": 28.32308}, "rc_at_500": {"relevant": 3.89231, "distractor": 32.89231}, "rc_at_1000": {"relevant": 4.61538, "distractor": 39.44615}}