{"ndcg_at_1": 0.16512, "ndcg_at_3": 0.15048, "ndcg_at_5": 0.15248, "ndcg_at_10": 0.16535, "ndcg_at_20": 0.18023, "ndcg_at_100": 0.21078, "ndcg_at_200": 0.22354, "ndcg_at_300": 0.22997, "ndcg_at_500": 0.23838, "ndcg_at_1000": 0.24995, "map_at_1": 0.08878, "map_at_3": 0.11487, "map_at_5": 0.12006, "map_at_10": 0.12678, "map_at_20": 0.13158, "map_at_100": 0.13604, "map_at_200": 0.13683, "map_at_300": 0.13708, "map_at_500": 0.13733, "map_at_1000": 0.13755, "recall_at_1": 0.08878, "recall_at_3": 0.13854, "recall_at_5": 0.15847, "recall_at_10": 0.19901, "recall_at_20": 0.24634, "recall_at_100": 0.37994, "recall_at_200": 0.45225, "recall_at_300": 0.49287, "recall_at_500": 0.54678, "recall_at_1000": 0.6283, "precision_at_1": 0.16512, "precision_at_3": 0.09516, "precision_at_5": 0.06636, "precision_at_10": 0.04198, "precision_at_20": 0.02693, "precision_at_100": 0.00864, "precision_at_200": 0.00519, "precision_at_300": 0.00379, "precision_at_500": 0.00259, "precision_at_1000": 0.00153, "mrr_at_1": 0.16512, "mrr_at_3": 0.19933, "mrr_at_5": 0.20743, "mrr_at_10": 0.21429, "mrr_at_20": 0.21764, "mrr_at_100": 0.22172, "mrr_at_200": 0.22233, "mrr_at_300": 0.22251, "mrr_at_500": 0.22268, "mrr_at_1000": 0.22279, "rc_at_1": {"relevant": 0.0, "distractor": 0.0}, "rc_at_3": {"relevant": 0.0, "distractor": 0.0}, "rc_at_5": {"relevant": 0.0, "distractor": 0.0}, "rc_at_10": {"relevant": 0.0, "distractor": 0.0}, "rc_at_20": {"relevant": 0.0, "distractor": 0.0}, "rc_at_100": {"relevant": 0.0, "distractor": 0.0}, "rc_at_200": {"relevant": 0.0, "distractor": 0.0}, "rc_at_300": {"relevant": 0.0, "distractor": 0.0}, "rc_at_500": {"relevant": 0.0, "distractor": 0.0}, "rc_at_1000": {"relevant": 0.0, "distractor": 0.0}}