{"ndcg_at_1": 0.07692, "ndcg_at_3": 0.04882, "ndcg_at_5": 0.04381, "ndcg_at_10": 0.03817, "ndcg_at_20": 0.04595, "ndcg_at_100": 0.07227, "ndcg_at_200": 0.08323, "ndcg_at_300": 0.0884, "ndcg_at_500": 0.09622, "ndcg_at_1000": 0.10377, "map_at_1": 0.00769, "map_at_3": 0.01051, "map_at_5": 0.01251, "map_at_10": 0.01561, "map_at_20": 0.0175, "map_at_100": 0.02266, "map_at_200": 0.0238, "map_at_300": 0.02423, "map_at_500": 0.02447, "map_at_1000": 0.02468, "recall_at_1": 0.00769, "recall_at_3": 0.01231, "recall_at_5": 0.01846, "recall_at_10": 0.03231, "recall_at_20": 0.04615, "recall_at_100": 0.11231, "recall_at_200": 0.14769, "recall_at_300": 0.16615, "recall_at_500": 0.19692, "recall_at_1000": 0.22923, "precision_at_1": 0.07692, "precision_at_3": 0.04103, "precision_at_5": 0.03692, "precision_at_10": 0.03231, "precision_at_20": 0.02308, "precision_at_100": 0.01123, "precision_at_200": 0.00738, "precision_at_300": 0.00554, "precision_at_500": 0.00394, "precision_at_1000": 0.00229, "mrr_at_1": 0.09231, "mrr_at_3": 0.10256, "mrr_at_5": 0.10641, "mrr_at_10": 0.11393, "mrr_at_20": 0.11989, "mrr_at_100": 0.12295, "mrr_at_200": 0.12328, "mrr_at_300": 0.12335, "mrr_at_500": 0.12355, "mrr_at_1000": 0.1236, "rc_at_1": {"relevant": 0.09231, "distractor": 0.12308}, "rc_at_3": {"relevant": 0.13846, "distractor": 0.36923}, "rc_at_5": {"relevant": 0.18462, "distractor": 0.64615}, "rc_at_10": {"relevant": 0.30769, "distractor": 1.06154}, "rc_at_20": {"relevant": 0.46154, "distractor": 2.12308}, "rc_at_100": {"relevant": 1.12308, "distractor": 5.56923}, "rc_at_200": {"relevant": 1.47692, "distractor": 7.32308}, "rc_at_300": {"relevant": 1.67692, "distractor": 8.70769}, "rc_at_500": {"relevant": 1.98462, "distractor": 10.67692}, "rc_at_1000": {"relevant": 2.30769, "distractor": 13.93846}}