{"ndcg_at_1": 0.43667, "ndcg_at_3": 0.50135, "ndcg_at_5": 0.52782, "ndcg_at_10": 0.54711, "ndcg_at_20": 0.55891, "ndcg_at_100": 0.58151, "ndcg_at_200": 0.58638, "ndcg_at_300": 0.5904, "ndcg_at_500": 0.59195, "ndcg_at_1000": 0.59655, "map_at_1": 0.41278, "map_at_3": 0.47731, "map_at_5": 0.49393, "map_at_10": 0.50311, "map_at_20": 0.50638, "map_at_100": 0.5099, "map_at_200": 0.51017, "map_at_300": 0.51031, "map_at_500": 0.51036, "map_at_1000": 0.51043, "recall_at_1": 0.41278, "recall_at_3": 0.54467, "recall_at_5": 0.60867, "recall_at_10": 0.66544, "recall_at_20": 0.71056, "recall_at_100": 0.82733, "recall_at_200": 0.86133, "recall_at_300": 0.892, "recall_at_500": 0.90433, "recall_at_1000": 0.94667, "precision_at_1": 0.43667, "precision_at_3": 0.19778, "precision_at_5": 0.13533, "precision_at_10": 0.075, "precision_at_20": 0.04017, "precision_at_100": 0.0094, "precision_at_200": 0.00488, "precision_at_300": 0.00338, "precision_at_500": 0.00206, "precision_at_1000": 0.00108, "mrr_at_1": 0.43667, "mrr_at_3": 0.49889, "mrr_at_5": 0.51256, "mrr_at_10": 0.51967, "mrr_at_20": 0.52288, "mrr_at_100": 0.52563, "mrr_at_200": 0.52588, "mrr_at_300": 0.52599, "mrr_at_500": 0.52601, "mrr_at_1000": 0.52608, "rc_at_1": {"relevant": 0.0, "distractor": 0.0}, "rc_at_3": {"relevant": 0.0, "distractor": 0.0}, "rc_at_5": {"relevant": 0.0, "distractor": 0.0}, "rc_at_10": {"relevant": 0.0, "distractor": 0.0}, "rc_at_20": {"relevant": 0.0, "distractor": 0.0}, "rc_at_100": {"relevant": 0.0, "distractor": 0.0}, "rc_at_200": {"relevant": 0.0, "distractor": 0.0}, "rc_at_300": {"relevant": 0.0, "distractor": 0.0}, "rc_at_500": {"relevant": 0.0, "distractor": 0.0}, "rc_at_1000": {"relevant": 0.0, "distractor": 0.0}}