{"ndcg_at_1": 0.81, "ndcg_at_3": 0.75939, "ndcg_at_5": 0.74423, "ndcg_at_10": 0.71763, "ndcg_at_20": 0.66823, "ndcg_at_100": 0.51721, "ndcg_at_200": 0.43997, "ndcg_at_300": 0.40746, "ndcg_at_500": 0.39785, "ndcg_at_1000": 0.44763, "map_at_1": 0.00241, "map_at_3": 0.00641, "map_at_5": 0.00961, "map_at_10": 0.01728, "map_at_20": 0.02925, "map_at_100": 0.08971, "map_at_200": 0.12885, "map_at_300": 0.15145, "map_at_500": 0.17721, "map_at_1000": 0.2052, "recall_at_1": 0.00241, "recall_at_3": 0.0066, "recall_at_5": 0.01029, "recall_at_10": 0.01921, "recall_at_20": 0.03422, "recall_at_100": 0.12204, "recall_at_200": 0.19321, "recall_at_300": 0.2412, "recall_at_500": 0.30917, "recall_at_1000": 0.41347, "precision_at_1": 0.92, "precision_at_3": 0.82, "precision_at_5": 0.796, "precision_at_10": 0.756, "precision_at_20": 0.692, "precision_at_100": 0.5224, "precision_at_200": 0.4268, "precision_at_300": 0.36513, "precision_at_500": 0.28772, "precision_at_1000": 0.19658, "mrr_at_1": 0.92, "mrr_at_3": 0.95, "mrr_at_5": 0.954, "mrr_at_10": 0.954, "mrr_at_20": 0.954, "mrr_at_100": 0.954, "mrr_at_200": 0.954, "mrr_at_300": 0.954, "mrr_at_500": 0.954, "mrr_at_1000": 0.954, "rc_at_1": {"relevant": 0.0, "distractor": 0.0}, "rc_at_3": {"relevant": 0.0, "distractor": 0.0}, "rc_at_5": {"relevant": 0.0, "distractor": 0.0}, "rc_at_10": {"relevant": 0.0, "distractor": 0.0}, "rc_at_20": {"relevant": 0.0, "distractor": 0.0}, "rc_at_100": {"relevant": 0.0, "distractor": 0.0}, "rc_at_200": {"relevant": 0.0, "distractor": 0.0}, "rc_at_300": {"relevant": 0.0, "distractor": 0.0}, "rc_at_500": {"relevant": 0.0, "distractor": 0.0}, "rc_at_1000": {"relevant": 0.0, "distractor": 0.0}}