{"ndcg_at_1": 0.41538, "ndcg_at_3": 0.34456, "ndcg_at_5": 0.30673, "ndcg_at_10": 0.24889, "ndcg_at_20": 0.29682, "ndcg_at_100": 0.46084, "ndcg_at_200": 0.51284, "ndcg_at_300": 0.52483, "ndcg_at_500": 0.52921, "ndcg_at_1000": 0.53353, "map_at_1": 0.04154, "map_at_3": 0.0841, "map_at_5": 0.10964, "map_at_10": 0.13869, "map_at_20": 0.16052, "map_at_100": 0.20854, "map_at_200": 0.21863, "map_at_300": 0.22018, "map_at_500": 0.22055, "map_at_1000": 0.22079, "recall_at_1": 0.04154, "recall_at_3": 0.09846, "recall_at_5": 0.14, "recall_at_10": 0.21077, "recall_at_20": 0.29692, "recall_at_100": 0.71692, "recall_at_200": 0.88308, "recall_at_300": 0.92615, "recall_at_500": 0.94308, "recall_at_1000": 0.96154, "precision_at_1": 0.41538, "precision_at_3": 0.32821, "precision_at_5": 0.28, "precision_at_10": 0.21077, "precision_at_20": 0.14846, "precision_at_100": 0.07169, "precision_at_200": 0.04415, "precision_at_300": 0.03087, "precision_at_500": 0.01886, "precision_at_1000": 0.00962, "mrr_at_1": 0.41538, "mrr_at_3": 0.49487, "mrr_at_5": 0.51256, "mrr_at_10": 0.52523, "mrr_at_20": 0.53386, "mrr_at_100": 0.53699, "mrr_at_200": 0.53699, "mrr_at_300": 0.53699, "mrr_at_500": 0.53699, "mrr_at_1000": 0.53699, "rc_at_1": {"relevant": 0.41538, "distractor": 0.58462}, "rc_at_3": {"relevant": 0.98462, "distractor": 2.01538}, "rc_at_5": {"relevant": 1.4, "distractor": 3.58462}, "rc_at_10": {"relevant": 2.12308, "distractor": 7.84615}, "rc_at_20": {"relevant": 2.98462, "distractor": 16.73846}, "rc_at_100": {"relevant": 7.18462, "distractor": 80.2}, "rc_at_200": {"relevant": 8.84615, "distractor": 92.72308}, "rc_at_300": {"relevant": 9.26154, "distractor": 94.44615}, "rc_at_500": {"relevant": 9.44615, "distractor": 96.0}, "rc_at_1000": {"relevant": 9.61538, "distractor": 97.2}}