{"ndcg_at_1": 0.41538, "ndcg_at_3": 0.34456, "ndcg_at_5": 0.30673, "ndcg_at_10": 0.24889, "ndcg_at_20": 0.29693, "ndcg_at_100": 0.4827, "ndcg_at_200": 0.54064, "ndcg_at_300": 0.54149, "ndcg_at_500": 0.54386, "ndcg_at_1000": 0.54496, "map_at_1": 0.04154, "map_at_3": 0.0841, "map_at_5": 0.10964, "map_at_10": 0.13869, "map_at_20": 0.16064, "map_at_100": 0.21496, "map_at_200": 0.22759, "map_at_300": 0.22769, "map_at_500": 0.22792, "map_at_1000": 0.228, "recall_at_1": 0.04154, "recall_at_3": 0.09846, "recall_at_5": 0.14, "recall_at_10": 0.21077, "recall_at_20": 0.29692, "recall_at_100": 0.77846, "recall_at_200": 0.96, "recall_at_300": 0.96308, "recall_at_500": 0.97231, "recall_at_1000": 0.97692, "precision_at_1": 0.41538, "precision_at_3": 0.32821, "precision_at_5": 0.28, "precision_at_10": 0.21077, "precision_at_20": 0.14846, "precision_at_100": 0.07785, "precision_at_200": 0.048, "precision_at_300": 0.0321, "precision_at_500": 0.01945, "precision_at_1000": 0.00977, "mrr_at_1": 0.41538, "mrr_at_3": 0.49487, "mrr_at_5": 0.51256, "mrr_at_10": 0.52523, "mrr_at_20": 0.53395, "mrr_at_100": 0.53707, "mrr_at_200": 0.53707, "mrr_at_300": 0.53707, "mrr_at_500": 0.53707, "mrr_at_1000": 0.53707, "rc_at_1": {"relevant": 0.41538, "distractor": 0.58462}, "rc_at_3": {"relevant": 0.98462, "distractor": 2.01538}, "rc_at_5": {"relevant": 1.4, "distractor": 3.58462}, "rc_at_10": {"relevant": 2.12308, "distractor": 7.86154}, "rc_at_20": {"relevant": 2.98462, "distractor": 16.90769}, "rc_at_100": {"relevant": 7.78462, "distractor": 87.12308}, "rc_at_200": {"relevant": 9.6, "distractor": 97.2}, "rc_at_300": {"relevant": 9.63077, "distractor": 97.95385}, "rc_at_500": {"relevant": 9.72308, "distractor": 98.41538}, "rc_at_1000": {"relevant": 9.76923, "distractor": 98.90769}}