{"ndcg_at_1": 0.16879, "ndcg_at_3": 0.19239, "ndcg_at_5": 0.20481, "ndcg_at_10": 0.22343, "ndcg_at_20": 0.23536, "ndcg_at_100": 0.25968, "ndcg_at_200": 0.26929, "ndcg_at_300": 0.2743, "ndcg_at_500": 0.28042, "ndcg_at_1000": 0.28951, "map_at_1": 0.13062, "map_at_3": 0.16626, "map_at_5": 0.17498, "map_at_10": 0.1841, "map_at_20": 0.18796, "map_at_100": 0.19199, "map_at_200": 0.19264, "map_at_300": 0.19289, "map_at_500": 0.19307, "map_at_1000": 0.19324, "recall_at_1": 0.13062, "recall_at_3": 0.20495, "recall_at_5": 0.23899, "recall_at_10": 0.29622, "recall_at_20": 0.34256, "recall_at_100": 0.46066, "recall_at_200": 0.51844, "recall_at_300": 0.55084, "recall_at_500": 0.59507, "recall_at_1000": 0.66794, "precision_at_1": 0.16879, "precision_at_3": 0.09682, "precision_at_5": 0.07006, "precision_at_10": 0.04516, "precision_at_20": 0.02726, "precision_at_100": 0.00797, "precision_at_200": 0.00471, "precision_at_300": 0.00345, "precision_at_500": 0.00229, "precision_at_1000": 0.00132, "mrr_at_1": 0.16879, "mrr_at_3": 0.20775, "mrr_at_5": 0.21714, "mrr_at_10": 0.22578, "mrr_at_20": 0.22919, "mrr_at_100": 0.23234, "mrr_at_200": 0.23273, "mrr_at_300": 0.23284, "mrr_at_500": 0.23296, "mrr_at_1000": 0.23306, "rc_at_1": {"relevant": 0.0, "distractor": 0.0}, "rc_at_3": {"relevant": 0.0, "distractor": 0.0}, "rc_at_5": {"relevant": 0.0, "distractor": 0.0}, "rc_at_10": {"relevant": 0.0, "distractor": 0.0}, "rc_at_20": {"relevant": 0.0, "distractor": 0.0}, "rc_at_100": {"relevant": 0.0, "distractor": 0.0}, "rc_at_200": {"relevant": 0.0, "distractor": 0.0}, "rc_at_300": {"relevant": 0.0, "distractor": 0.0}, "rc_at_500": {"relevant": 0.0, "distractor": 0.0}, "rc_at_1000": {"relevant": 0.0, "distractor": 0.0}}