{"ndcg_at_1": 0.21012, "ndcg_at_3": 0.23839, "ndcg_at_5": 0.25718, "ndcg_at_10": 0.28448, "ndcg_at_20": 0.30431, "ndcg_at_100": 0.33699, "ndcg_at_200": 0.34722, "ndcg_at_300": 0.35335, "ndcg_at_500": 0.35741, "ndcg_at_1000": 0.36214, "map_at_1": 0.18838, "map_at_3": 0.22072, "map_at_5": 0.23193, "map_at_10": 0.24425, "map_at_20": 0.24996, "map_at_100": 0.25475, "map_at_200": 0.25535, "map_at_300": 0.25558, "map_at_500": 0.2557, "map_at_1000": 0.25578, "recall_at_1": 0.18838, "recall_at_3": 0.25781, "recall_at_5": 0.30541, "recall_at_10": 0.38666, "recall_at_20": 0.46072, "recall_at_100": 0.62597, "recall_at_200": 0.69276, "recall_at_300": 0.73819, "recall_at_500": 0.76992, "recall_at_1000": 0.80936, "precision_at_1": 0.21012, "precision_at_3": 0.10072, "precision_at_5": 0.0727, "precision_at_10": 0.04709, "precision_at_20": 0.02876, "precision_at_100": 0.00811, "precision_at_200": 0.00456, "precision_at_300": 0.00325, "precision_at_500": 0.00205, "precision_at_1000": 0.00109, "mrr_at_1": 0.21012, "mrr_at_3": 0.24361, "mrr_at_5": 0.25603, "mrr_at_10": 0.26753, "mrr_at_20": 0.27311, "mrr_at_100": 0.27712, "mrr_at_200": 0.27763, "mrr_at_300": 0.27779, "mrr_at_500": 0.27787, "mrr_at_1000": 0.27792, "rc_at_1": {"relevant": 0.0, "distractor": 0.0}, "rc_at_3": {"relevant": 0.0, "distractor": 0.0}, "rc_at_5": {"relevant": 0.0, "distractor": 0.0}, "rc_at_10": {"relevant": 0.0, "distractor": 0.0}, "rc_at_20": {"relevant": 0.0, "distractor": 0.0}, "rc_at_100": {"relevant": 0.0, "distractor": 0.0}, "rc_at_200": {"relevant": 0.0, "distractor": 0.0}, "rc_at_300": {"relevant": 0.0, "distractor": 0.0}, "rc_at_500": {"relevant": 0.0, "distractor": 0.0}, "rc_at_1000": {"relevant": 0.0, "distractor": 0.0}}