{"ndcg_at_1": 0.13863, "ndcg_at_3": 0.19247, "ndcg_at_5": 0.21373, "ndcg_at_10": 0.23961, "ndcg_at_20": 0.26375, "ndcg_at_100": 0.30384, "ndcg_at_200": 0.31492, "ndcg_at_300": 0.31927, "ndcg_at_500": 0.32689, "ndcg_at_1000": 0.33442, "map_at_1": 0.1227, "map_at_3": 0.17082, "map_at_5": 0.18326, "map_at_10": 0.19442, "map_at_20": 0.20119, "map_at_100": 0.20713, "map_at_200": 0.20779, "map_at_300": 0.20798, "map_at_500": 0.2082, "map_at_1000": 0.20834, "recall_at_1": 0.1227, "recall_at_3": 0.23151, "recall_at_5": 0.28364, "recall_at_10": 0.36201, "recall_at_20": 0.45339, "recall_at_100": 0.65635, "recall_at_200": 0.73036, "recall_at_300": 0.76205, "recall_at_500": 0.82251, "recall_at_1000": 0.88623, "precision_at_1": 0.13863, "precision_at_3": 0.08811, "precision_at_5": 0.06506, "precision_at_10": 0.04159, "precision_at_20": 0.02652, "precision_at_100": 0.00802, "precision_at_200": 0.00457, "precision_at_300": 0.00323, "precision_at_500": 0.00214, "precision_at_1000": 0.00119, "mrr_at_1": 0.13863, "mrr_at_3": 0.1907, "mrr_at_5": 0.2029, "mrr_at_10": 0.21399, "mrr_at_20": 0.22058, "mrr_at_100": 0.22636, "mrr_at_200": 0.22686, "mrr_at_300": 0.22697, "mrr_at_500": 0.2271, "mrr_at_1000": 0.22718, "rc_at_1": {"relevant": 0.0, "distractor": 0.0}, "rc_at_3": {"relevant": 0.0, "distractor": 0.0}, "rc_at_5": {"relevant": 0.0, "distractor": 0.0}, "rc_at_10": {"relevant": 0.0, "distractor": 0.0}, "rc_at_20": {"relevant": 0.0, "distractor": 0.0}, "rc_at_100": {"relevant": 0.0, "distractor": 0.0}, "rc_at_200": {"relevant": 0.0, "distractor": 0.0}, "rc_at_300": {"relevant": 0.0, "distractor": 0.0}, "rc_at_500": {"relevant": 0.0, "distractor": 0.0}, "rc_at_1000": {"relevant": 0.0, "distractor": 0.0}}