{"ndcg_at_1": 0.42125, "ndcg_at_3": 0.34608, "ndcg_at_5": 0.32084, "ndcg_at_10": 0.2966, "ndcg_at_20": 0.28774, "ndcg_at_100": 0.31785, "ndcg_at_200": 0.34138, "ndcg_at_300": 0.35308, "ndcg_at_500": 0.36648, "ndcg_at_1000": 0.38425, "map_at_1": 0.071, "map_at_3": 0.10104, "map_at_5": 0.11246, "map_at_10": 0.12671, "map_at_20": 0.14072, "map_at_100": 0.1616, "map_at_200": 0.16665, "map_at_300": 0.1686, "map_at_500": 0.17043, "map_at_1000": 0.17209, "recall_at_1": 0.071, "recall_at_3": 0.1106, "recall_at_5": 0.13187, "recall_at_10": 0.16523, "recall_at_20": 0.21004, "recall_at_100": 0.34185, "recall_at_200": 0.41341, "recall_at_300": 0.45048, "recall_at_500": 0.49603, "recall_at_1000": 0.55922, "precision_at_1": 0.5325, "precision_at_3": 0.36417, "precision_at_5": 0.298, "precision_at_10": 0.2225, "precision_at_20": 0.16412, "precision_at_100": 0.06825, "precision_at_200": 0.04506, "precision_at_300": 0.03466, "precision_at_500": 0.02464, "precision_at_1000": 0.01517, "mrr_at_1": 0.52, "mrr_at_3": 0.58833, "mrr_at_5": 0.60133, "mrr_at_10": 0.60862, "mrr_at_20": 0.61225, "mrr_at_100": 0.6146, "mrr_at_200": 0.61477, "mrr_at_300": 0.61483, "mrr_at_500": 0.61483, "mrr_at_1000": 0.61484, "rc_at_1": {"relevant": 0.0, "distractor": 0.0}, "rc_at_3": {"relevant": 0.0, "distractor": 0.0}, "rc_at_5": {"relevant": 0.0, "distractor": 0.0}, "rc_at_10": {"relevant": 0.0, "distractor": 0.0}, "rc_at_20": {"relevant": 0.0, "distractor": 0.0}, "rc_at_100": {"relevant": 0.0, "distractor": 0.0}, "rc_at_200": {"relevant": 0.0, "distractor": 0.0}, "rc_at_300": {"relevant": 0.0, "distractor": 0.0}, "rc_at_500": {"relevant": 0.0, "distractor": 0.0}, "rc_at_1000": {"relevant": 0.0, "distractor": 0.0}}