{"ndcg_at_1": 0.26399, "ndcg_at_3": 0.31535, "ndcg_at_5": 0.34037, "ndcg_at_10": 0.37114, "ndcg_at_20": 0.39633, "ndcg_at_100": 0.43157, "ndcg_at_200": 0.44031, "ndcg_at_300": 0.44594, "ndcg_at_500": 0.45056, "ndcg_at_1000": 0.45515, "map_at_1": 0.22827, "map_at_3": 0.28525, "map_at_5": 0.30256, "map_at_10": 0.31667, "map_at_20": 0.32421, "map_at_100": 0.32968, "map_at_200": 0.33029, "map_at_300": 0.33053, "map_at_500": 0.33066, "map_at_1000": 0.33075, "recall_at_1": 0.22827, "recall_at_3": 0.34956, "recall_at_5": 0.41429, "recall_at_10": 0.50305, "recall_at_20": 0.59394, "recall_at_100": 0.76568, "recall_at_200": 0.8179, "recall_at_300": 0.85747, "recall_at_500": 0.89188, "recall_at_1000": 0.92934, "precision_at_1": 0.26399, "precision_at_3": 0.1449, "precision_at_5": 0.1041, "precision_at_10": 0.06549, "precision_at_20": 0.03965, "precision_at_100": 0.01073, "precision_at_200": 0.00591, "precision_at_300": 0.00417, "precision_at_500": 0.00263, "precision_at_1000": 0.00139, "mrr_at_1": 0.26493, "mrr_at_3": 0.32385, "mrr_at_5": 0.3385, "mrr_at_10": 0.35153, "mrr_at_20": 0.35776, "mrr_at_100": 0.36201, "mrr_at_200": 0.36235, "mrr_at_300": 0.36249, "mrr_at_500": 0.36257, "mrr_at_1000": 0.36261, "rc_at_1": {"relevant": 0.0, "distractor": 0.0}, "rc_at_3": {"relevant": 0.0, "distractor": 0.0}, "rc_at_5": {"relevant": 0.0, "distractor": 0.0}, "rc_at_10": {"relevant": 0.0, "distractor": 0.0}, "rc_at_20": {"relevant": 0.0, "distractor": 0.0}, "rc_at_100": {"relevant": 0.0, "distractor": 0.0}, "rc_at_200": {"relevant": 0.0, "distractor": 0.0}, "rc_at_300": {"relevant": 0.0, "distractor": 0.0}, "rc_at_500": {"relevant": 0.0, "distractor": 0.0}, "rc_at_1000": {"relevant": 0.0, "distractor": 0.0}}