{"ndcg_at_1": 0.10769, "ndcg_at_3": 0.07142, "ndcg_at_5": 0.07116, "ndcg_at_10": 0.05271, "ndcg_at_20": 0.06984, "ndcg_at_100": 0.10794, "ndcg_at_200": 0.11987, "ndcg_at_300": 0.12573, "ndcg_at_500": 0.13236, "ndcg_at_1000": 0.1449, "map_at_1": 0.01077, "map_at_3": 0.01564, "map_at_5": 0.01949, "map_at_10": 0.02171, "map_at_20": 0.02629, "map_at_100": 0.03471, "map_at_200": 0.03597, "map_at_300": 0.0363, "map_at_500": 0.03656, "map_at_1000": 0.03686, "recall_at_1": 0.01077, "recall_at_3": 0.01846, "recall_at_5": 0.03231, "recall_at_10": 0.04154, "recall_at_20": 0.07231, "recall_at_100": 0.16615, "recall_at_200": 0.20462, "recall_at_300": 0.22615, "recall_at_500": 0.25231, "recall_at_1000": 0.30615, "precision_at_1": 0.10769, "precision_at_3": 0.06154, "precision_at_5": 0.06462, "precision_at_10": 0.04154, "precision_at_20": 0.03615, "precision_at_100": 0.01662, "precision_at_200": 0.01023, "precision_at_300": 0.00754, "precision_at_500": 0.00505, "precision_at_1000": 0.00306, "mrr_at_1": 0.10769, "mrr_at_3": 0.12564, "mrr_at_5": 0.15179, "mrr_at_10": 0.15564, "mrr_at_20": 0.16375, "mrr_at_100": 0.16863, "mrr_at_200": 0.16888, "mrr_at_300": 0.169, "mrr_at_500": 0.16915, "mrr_at_1000": 0.16932, "rc_at_1": {"relevant": 0.10769, "distractor": 0.27692}, "rc_at_3": {"relevant": 0.18462, "distractor": 0.75385}, "rc_at_5": {"relevant": 0.32308, "distractor": 1.13846}, "rc_at_10": {"relevant": 0.41538, "distractor": 2.09231}, "rc_at_20": {"relevant": 0.72308, "distractor": 3.61538}, "rc_at_100": {"relevant": 1.66154, "distractor": 9.89231}, "rc_at_200": {"relevant": 2.04615, "distractor": 13.23077}, "rc_at_300": {"relevant": 2.26154, "distractor": 15.56923}, "rc_at_500": {"relevant": 2.52308, "distractor": 18.55385}, "rc_at_1000": {"relevant": 3.06154, "distractor": 23.01538}}