{"ndcg_at_1": 0.28374, "ndcg_at_3": 0.32931, "ndcg_at_5": 0.34883, "ndcg_at_10": 0.37172, "ndcg_at_20": 0.3942, "ndcg_at_100": 0.42476, "ndcg_at_200": 0.4349, "ndcg_at_300": 0.43989, "ndcg_at_500": 0.44347, "ndcg_at_1000": 0.44856, "map_at_1": 0.25626, "map_at_3": 0.30536, "map_at_5": 0.3177, "map_at_10": 0.32808, "map_at_20": 0.33503, "map_at_100": 0.33953, "map_at_200": 0.34014, "map_at_300": 0.34034, "map_at_500": 0.34044, "map_at_1000": 0.34054, "recall_at_1": 0.25626, "recall_at_3": 0.35877, "recall_at_5": 0.40839, "recall_at_10": 0.47812, "recall_at_20": 0.56138, "recall_at_100": 0.71618, "recall_at_200": 0.78322, "recall_at_300": 0.81875, "recall_at_500": 0.84589, "recall_at_1000": 0.88881, "precision_at_1": 0.28374, "precision_at_3": 0.14008, "precision_at_5": 0.09755, "precision_at_10": 0.05813, "precision_at_20": 0.0352, "precision_at_100": 0.00928, "precision_at_200": 0.00512, "precision_at_300": 0.00362, "precision_at_500": 0.00227, "precision_at_1000": 0.00121, "mrr_at_1": 0.28374, "mrr_at_3": 0.3341, "mrr_at_5": 0.34537, "mrr_at_10": 0.35527, "mrr_at_20": 0.36076, "mrr_at_100": 0.36452, "mrr_at_200": 0.36499, "mrr_at_300": 0.36512, "mrr_at_500": 0.36519, "mrr_at_1000": 0.36524, "rc_at_1": {"relevant": 0.0, "distractor": 0.0}, "rc_at_3": {"relevant": 0.0, "distractor": 0.0}, "rc_at_5": {"relevant": 0.0, "distractor": 0.0}, "rc_at_10": {"relevant": 0.0, "distractor": 0.0}, "rc_at_20": {"relevant": 0.0, "distractor": 0.0}, "rc_at_100": {"relevant": 0.0, "distractor": 0.0}, "rc_at_200": {"relevant": 0.0, "distractor": 0.0}, "rc_at_300": {"relevant": 0.0, "distractor": 0.0}, "rc_at_500": {"relevant": 0.0, "distractor": 0.0}, "rc_at_1000": {"relevant": 0.0, "distractor": 0.0}}