{"ndcg_at_1": 0.22486, "ndcg_at_3": 0.27974, "ndcg_at_5": 0.30665, "ndcg_at_10": 0.33212, "ndcg_at_20": 0.35243, "ndcg_at_100": 0.387, "ndcg_at_200": 0.39825, "ndcg_at_300": 0.40281, "ndcg_at_500": 0.40707, "ndcg_at_1000": 0.41337, "map_at_1": 0.20886, "map_at_3": 0.25879, "map_at_5": 0.27475, "map_at_10": 0.28562, "map_at_20": 0.29141, "map_at_100": 0.29645, "map_at_200": 0.29709, "map_at_300": 0.29726, "map_at_500": 0.29738, "map_at_1000": 0.29748, "recall_at_1": 0.20886, "recall_at_3": 0.32005, "recall_at_5": 0.38493, "recall_at_10": 0.46057, "recall_at_20": 0.53725, "recall_at_100": 0.71432, "recall_at_200": 0.79039, "recall_at_300": 0.8241, "recall_at_500": 0.8582, "recall_at_1000": 0.91385, "precision_at_1": 0.22486, "precision_at_3": 0.11789, "precision_at_5": 0.08565, "precision_at_10": 0.05254, "precision_at_20": 0.03102, "precision_at_100": 0.00847, "precision_at_200": 0.00473, "precision_at_300": 0.0033, "precision_at_500": 0.00208, "precision_at_1000": 0.00112, "mrr_at_1": 0.22147, "mrr_at_3": 0.27382, "mrr_at_5": 0.28891, "mrr_at_10": 0.29991, "mrr_at_20": 0.30553, "mrr_at_100": 0.30985, "mrr_at_200": 0.31035, "mrr_at_300": 0.31049, "mrr_at_500": 0.31058, "mrr_at_1000": 0.31065, "rc_at_1": {"relevant": 0.0, "distractor": 0.0}, "rc_at_3": {"relevant": 0.0, "distractor": 0.0}, "rc_at_5": {"relevant": 0.0, "distractor": 0.0}, "rc_at_10": {"relevant": 0.0, "distractor": 0.0}, "rc_at_20": {"relevant": 0.0, "distractor": 0.0}, "rc_at_100": {"relevant": 0.0, "distractor": 0.0}, "rc_at_200": {"relevant": 0.0, "distractor": 0.0}, "rc_at_300": {"relevant": 0.0, "distractor": 0.0}, "rc_at_500": {"relevant": 0.0, "distractor": 0.0}, "rc_at_1000": {"relevant": 0.0, "distractor": 0.0}}