{"ndcg_at_1": 0.33846, "ndcg_at_3": 0.31319, "ndcg_at_5": 0.29662, "ndcg_at_10": 0.2497, "ndcg_at_20": 0.29318, "ndcg_at_100": 0.44943, "ndcg_at_200": 0.49562, "ndcg_at_300": 0.50289, "ndcg_at_500": 0.512, "ndcg_at_1000": 0.51807, "map_at_1": 0.03385, "map_at_3": 0.07718, "map_at_5": 0.10387, "map_at_10": 0.13924, "map_at_20": 0.15969, "map_at_100": 0.20539, "map_at_200": 0.21426, "map_at_300": 0.21515, "map_at_500": 0.21586, "map_at_1000": 0.21614, "recall_at_1": 0.03385, "recall_at_3": 0.09077, "recall_at_5": 0.14154, "recall_at_10": 0.22154, "recall_at_20": 0.3, "recall_at_100": 0.7, "recall_at_200": 0.84769, "recall_at_300": 0.87385, "recall_at_500": 0.90923, "recall_at_1000": 0.93538, "precision_at_1": 0.33846, "precision_at_3": 0.30256, "precision_at_5": 0.28308, "precision_at_10": 0.22154, "precision_at_20": 0.15, "precision_at_100": 0.07, "precision_at_200": 0.04238, "precision_at_300": 0.02913, "precision_at_500": 0.01818, "precision_at_1000": 0.00935, "mrr_at_1": 0.33846, "mrr_at_3": 0.42821, "mrr_at_5": 0.46282, "mrr_at_10": 0.48303, "mrr_at_20": 0.48732, "mrr_at_100": 0.49054, "mrr_at_200": 0.49054, "mrr_at_300": 0.49054, "mrr_at_500": 0.49054, "mrr_at_1000": 0.49054, "rc_at_1": {"relevant": 0.33846, "distractor": 0.63077}, "rc_at_3": {"relevant": 0.90769, "distractor": 2.04615}, "rc_at_5": {"relevant": 1.41538, "distractor": 3.53846}, "rc_at_10": {"relevant": 2.21538, "distractor": 7.61538}, "rc_at_20": {"relevant": 3.0, "distractor": 16.4}, "rc_at_100": {"relevant": 7.0, "distractor": 71.27692}, "rc_at_200": {"relevant": 8.47692, "distractor": 84.75385}, "rc_at_300": {"relevant": 8.73846, "distractor": 87.83077}, "rc_at_500": {"relevant": 9.09231, "distractor": 91.03077}, "rc_at_1000": {"relevant": 9.35385, "distractor": 93.76923}}