{"ndcg_at_1": 0.35385, "ndcg_at_3": 0.31586, "ndcg_at_5": 0.29855, "ndcg_at_10": 0.25207, "ndcg_at_20": 0.2955, "ndcg_at_100": 0.48109, "ndcg_at_200": 0.52947, "ndcg_at_300": 0.53419, "ndcg_at_500": 0.53812, "ndcg_at_1000": 0.5418, "map_at_1": 0.03538, "map_at_3": 0.07795, "map_at_5": 0.10464, "map_at_10": 0.14051, "map_at_20": 0.16141, "map_at_100": 0.21642, "map_at_200": 0.22667, "map_at_300": 0.22727, "map_at_500": 0.22761, "map_at_1000": 0.22782, "recall_at_1": 0.03538, "recall_at_3": 0.09077, "recall_at_5": 0.14154, "recall_at_10": 0.22308, "recall_at_20": 0.30154, "recall_at_100": 0.78154, "recall_at_200": 0.93385, "recall_at_300": 0.95077, "recall_at_500": 0.96615, "recall_at_1000": 0.98154, "precision_at_1": 0.35385, "precision_at_3": 0.30256, "precision_at_5": 0.28308, "precision_at_10": 0.22308, "precision_at_20": 0.15077, "precision_at_100": 0.07815, "precision_at_200": 0.04669, "precision_at_300": 0.03169, "precision_at_500": 0.01932, "precision_at_1000": 0.00982, "mrr_at_1": 0.35385, "mrr_at_3": 0.4359, "mrr_at_5": 0.47051, "mrr_at_10": 0.49072, "mrr_at_20": 0.49501, "mrr_at_100": 0.49835, "mrr_at_200": 0.49835, "mrr_at_300": 0.49835, "mrr_at_500": 0.49835, "mrr_at_1000": 0.49835, "rc_at_1": {"relevant": 0.35385, "distractor": 0.64615}, "rc_at_3": {"relevant": 0.90769, "distractor": 2.09231}, "rc_at_5": {"relevant": 1.41538, "distractor": 3.58462}, "rc_at_10": {"relevant": 2.23077, "distractor": 7.73846}, "rc_at_20": {"relevant": 3.01538, "distractor": 16.8}, "rc_at_100": {"relevant": 7.81538, "distractor": 81.72308}, "rc_at_200": {"relevant": 9.33846, "distractor": 93.63077}, "rc_at_300": {"relevant": 9.50769, "distractor": 95.18462}, "rc_at_500": {"relevant": 9.66154, "distractor": 96.86154}, "rc_at_1000": {"relevant": 9.81538, "distractor": 97.53846}}