{"ndcg_at_1": 0.43636, "ndcg_at_3": 0.30869, "ndcg_at_5": 0.256, "ndcg_at_10": 0.20537, "ndcg_at_20": 0.24965, "ndcg_at_100": 0.31847, "ndcg_at_200": 0.34184, "ndcg_at_300": 0.34837, "ndcg_at_500": 0.35724, "ndcg_at_1000": 0.36566, "map_at_1": 0.04364, "map_at_3": 0.07273, "map_at_5": 0.08682, "map_at_10": 0.10654, "map_at_20": 0.12634, "map_at_100": 0.14617, "map_at_200": 0.1491, "map_at_300": 0.14971, "map_at_500": 0.15017, "map_at_1000": 0.15053, "recall_at_1": 0.04364, "recall_at_3": 0.08364, "recall_at_5": 0.10727, "recall_at_10": 0.16364, "recall_at_20": 0.24364, "recall_at_100": 0.41273, "recall_at_200": 0.48909, "recall_at_300": 0.51273, "recall_at_500": 0.54727, "recall_at_1000": 0.58364, "precision_at_1": 0.43636, "precision_at_3": 0.27879, "precision_at_5": 0.21455, "precision_at_10": 0.16364, "precision_at_20": 0.12182, "precision_at_100": 0.04127, "precision_at_200": 0.02445, "precision_at_300": 0.01709, "precision_at_500": 0.01095, "precision_at_1000": 0.00584, "mrr_at_1": 0.45455, "mrr_at_3": 0.49394, "mrr_at_5": 0.50667, "mrr_at_10": 0.52178, "mrr_at_20": 0.52677, "mrr_at_100": 0.52867, "mrr_at_200": 0.52867, "mrr_at_300": 0.52867, "mrr_at_500": 0.52873, "mrr_at_1000": 0.52875, "rc_at_1": {"relevant": 0.45455, "distractor": 0.41818}, "rc_at_3": {"relevant": 0.83636, "distractor": 1.56364}, "rc_at_5": {"relevant": 1.07273, "distractor": 2.78182}, "rc_at_10": {"relevant": 1.63636, "distractor": 5.38182}, "rc_at_20": {"relevant": 2.43636, "distractor": 9.27273}, "rc_at_100": {"relevant": 4.12727, "distractor": 23.76364}, "rc_at_200": {"relevant": 4.89091, "distractor": 30.21818}, "rc_at_300": {"relevant": 5.12727, "distractor": 33.69091}, "rc_at_500": {"relevant": 5.47273, "distractor": 39.30909}, "rc_at_1000": {"relevant": 5.83636, "distractor": 45.18182}}