{"ndcg_at_1": 0.47273, "ndcg_at_3": 0.33763, "ndcg_at_5": 0.28435, "ndcg_at_10": 0.24245, "ndcg_at_20": 0.31468, "ndcg_at_100": 0.44748, "ndcg_at_200": 0.47293, "ndcg_at_300": 0.48409, "ndcg_at_500": 0.49569, "ndcg_at_1000": 0.50752, "map_at_1": 0.04727, "map_at_3": 0.08182, "map_at_5": 0.09718, "map_at_10": 0.12943, "map_at_20": 0.16315, "map_at_100": 0.20788, "map_at_200": 0.21258, "map_at_300": 0.21389, "map_at_500": 0.21481, "map_at_1000": 0.2154, "recall_at_1": 0.04727, "recall_at_3": 0.09091, "recall_at_5": 0.12, "recall_at_10": 0.20182, "recall_at_20": 0.33273, "recall_at_100": 0.66, "recall_at_200": 0.74182, "recall_at_300": 0.78182, "recall_at_500": 0.82727, "recall_at_1000": 0.87818, "precision_at_1": 0.47273, "precision_at_3": 0.30303, "precision_at_5": 0.24, "precision_at_10": 0.20182, "precision_at_20": 0.16636, "precision_at_100": 0.066, "precision_at_200": 0.03709, "precision_at_300": 0.02606, "precision_at_500": 0.01655, "precision_at_1000": 0.00878, "mrr_at_1": 0.47273, "mrr_at_3": 0.52121, "mrr_at_5": 0.53758, "mrr_at_10": 0.54977, "mrr_at_20": 0.55994, "mrr_at_100": 0.56177, "mrr_at_200": 0.56193, "mrr_at_300": 0.56202, "mrr_at_500": 0.56202, "mrr_at_1000": 0.56202, "rc_at_1": {"relevant": 0.47273, "distractor": 0.52727}, "rc_at_3": {"relevant": 0.90909, "distractor": 2.07273}, "rc_at_5": {"relevant": 1.2, "distractor": 3.72727}, "rc_at_10": {"relevant": 2.01818, "distractor": 7.61818}, "rc_at_20": {"relevant": 3.34545, "distractor": 15.30909}, "rc_at_100": {"relevant": 6.6, "distractor": 55.90909}, "rc_at_200": {"relevant": 7.41818, "distractor": 66.32727}, "rc_at_300": {"relevant": 7.81818, "distractor": 71.36364}, "rc_at_500": {"relevant": 8.27273, "distractor": 76.81818}, "rc_at_1000": {"relevant": 8.78182, "distractor": 83.56364}}