{"ndcg_at_1": 0.16008, "ndcg_at_3": 0.18406, "ndcg_at_5": 0.19321, "ndcg_at_10": 0.21102, "ndcg_at_20": 0.22495, "ndcg_at_100": 0.25922, "ndcg_at_200": 0.27191, "ndcg_at_300": 0.27769, "ndcg_at_500": 0.28647, "ndcg_at_1000": 0.29649, "map_at_1": 0.13038, "map_at_3": 0.16109, "map_at_5": 0.16843, "map_at_10": 0.17619, "map_at_20": 0.18085, "map_at_100": 0.18629, "map_at_200": 0.18713, "map_at_300": 0.18743, "map_at_500": 0.18774, "map_at_1000": 0.18801, "recall_at_1": 0.13038, "recall_at_3": 0.193, "recall_at_5": 0.22033, "recall_at_10": 0.2782, "recall_at_20": 0.33165, "recall_at_100": 0.50648, "recall_at_200": 0.58534, "recall_at_300": 0.62315, "recall_at_500": 0.68722, "recall_at_1000": 0.76579, "precision_at_1": 0.16008, "precision_at_3": 0.08498, "precision_at_5": 0.06087, "precision_at_10": 0.04091, "precision_at_20": 0.02619, "precision_at_100": 0.00907, "precision_at_200": 0.00558, "precision_at_300": 0.00419, "precision_at_500": 0.00292, "precision_at_1000": 0.00175, "mrr_at_1": 0.16008, "mrr_at_3": 0.19236, "mrr_at_5": 0.19977, "mrr_at_10": 0.20856, "mrr_at_20": 0.21314, "mrr_at_100": 0.21737, "mrr_at_200": 0.21797, "mrr_at_300": 0.2181, "mrr_at_500": 0.21827, "mrr_at_1000": 0.21836, "rc_at_1": {"relevant": 0.0, "distractor": 0.0}, "rc_at_3": {"relevant": 0.0, "distractor": 0.0}, "rc_at_5": {"relevant": 0.0, "distractor": 0.0}, "rc_at_10": {"relevant": 0.0, "distractor": 0.0}, "rc_at_20": {"relevant": 0.0, "distractor": 0.0}, "rc_at_100": {"relevant": 0.0, "distractor": 0.0}, "rc_at_200": {"relevant": 0.0, "distractor": 0.0}, "rc_at_300": {"relevant": 0.0, "distractor": 0.0}, "rc_at_500": {"relevant": 0.0, "distractor": 0.0}, "rc_at_1000": {"relevant": 0.0, "distractor": 0.0}}