{"ndcg_at_1": 0.27692, "ndcg_at_3": 0.22166, "ndcg_at_5": 0.19364, "ndcg_at_10": 0.16694, "ndcg_at_20": 0.2039, "ndcg_at_100": 0.27269, "ndcg_at_200": 0.29934, "ndcg_at_300": 0.31266, "ndcg_at_500": 0.32598, "ndcg_at_1000": 0.3433, "map_at_1": 0.02769, "map_at_3": 0.05051, "map_at_5": 0.06421, "map_at_10": 0.08636, "map_at_20": 0.10272, "map_at_100": 0.11868, "map_at_200": 0.12196, "map_at_300": 0.12295, "map_at_500": 0.12371, "map_at_1000": 0.12435, "recall_at_1": 0.02769, "recall_at_3": 0.06154, "recall_at_5": 0.08615, "recall_at_10": 0.14308, "recall_at_20": 0.20923, "recall_at_100": 0.38308, "recall_at_200": 0.46923, "recall_at_300": 0.51692, "recall_at_500": 0.56923, "recall_at_1000": 0.64462, "precision_at_1": 0.27692, "precision_at_3": 0.20513, "precision_at_5": 0.17231, "precision_at_10": 0.14308, "precision_at_20": 0.10462, "precision_at_100": 0.03831, "precision_at_200": 0.02346, "precision_at_300": 0.01723, "precision_at_500": 0.01138, "precision_at_1000": 0.00645, "mrr_at_1": 0.29231, "mrr_at_3": 0.37692, "mrr_at_5": 0.38692, "mrr_at_10": 0.40568, "mrr_at_20": 0.4107, "mrr_at_100": 0.41564, "mrr_at_200": 0.416, "mrr_at_300": 0.41614, "mrr_at_500": 0.41614, "mrr_at_1000": 0.41614, "rc_at_1": {"relevant": 0.29231, "distractor": 0.55385}, "rc_at_3": {"relevant": 0.69231, "distractor": 1.70769}, "rc_at_5": {"relevant": 0.96923, "distractor": 2.84615}, "rc_at_10": {"relevant": 1.56923, "distractor": 5.53846}, "rc_at_20": {"relevant": 2.13846, "distractor": 10.56923}, "rc_at_100": {"relevant": 4.2, "distractor": 33.21538}, "rc_at_200": {"relevant": 5.04615, "distractor": 42.52308}, "rc_at_300": {"relevant": 5.46154, "distractor": 47.6}, "rc_at_500": {"relevant": 5.98462, "distractor": 52.67692}, "rc_at_1000": {"relevant": 6.44615, "distractor": 59.93846}}