{"ndcg_at_1": 0.30769, "ndcg_at_3": 0.26781, "ndcg_at_5": 0.23846, "ndcg_at_10": 0.21552, "ndcg_at_20": 0.26263, "ndcg_at_100": 0.41656, "ndcg_at_200": 0.45762, "ndcg_at_300": 0.46398, "ndcg_at_500": 0.47336, "ndcg_at_1000": 0.48216, "map_at_1": 0.03077, "map_at_3": 0.06231, "map_at_5": 0.08308, "map_at_10": 0.11863, "map_at_20": 0.13988, "map_at_100": 0.18258, "map_at_200": 0.19023, "map_at_300": 0.19093, "map_at_500": 0.19172, "map_at_1000": 0.19215, "recall_at_1": 0.03077, "recall_at_3": 0.07692, "recall_at_5": 0.10923, "recall_at_10": 0.19538, "recall_at_20": 0.28, "recall_at_100": 0.67385, "recall_at_200": 0.80462, "recall_at_300": 0.82769, "recall_at_500": 0.86462, "recall_at_1000": 0.90308, "precision_at_1": 0.30769, "precision_at_3": 0.25641, "precision_at_5": 0.21846, "precision_at_10": 0.19538, "precision_at_20": 0.14, "precision_at_100": 0.06738, "precision_at_200": 0.04023, "precision_at_300": 0.02759, "precision_at_500": 0.01729, "precision_at_1000": 0.00903, "mrr_at_1": 0.30769, "mrr_at_3": 0.41282, "mrr_at_5": 0.41897, "mrr_at_10": 0.44382, "mrr_at_20": 0.45047, "mrr_at_100": 0.45472, "mrr_at_200": 0.45483, "mrr_at_300": 0.45483, "mrr_at_500": 0.45483, "mrr_at_1000": 0.45483, "rc_at_1": {"relevant": 0.30769, "distractor": 0.69231}, "rc_at_3": {"relevant": 0.81538, "distractor": 2.13846}, "rc_at_5": {"relevant": 1.12308, "distractor": 3.81538}, "rc_at_10": {"relevant": 2.0, "distractor": 7.81538}, "rc_at_20": {"relevant": 2.83077, "distractor": 16.30769}, "rc_at_100": {"relevant": 6.89231, "distractor": 68.55385}, "rc_at_200": {"relevant": 8.13846, "distractor": 81.6}, "rc_at_300": {"relevant": 8.38462, "distractor": 85.47692}, "rc_at_500": {"relevant": 8.72308, "distractor": 89.04615}, "rc_at_1000": {"relevant": 9.04615, "distractor": 92.46154}}