{"ndcg_at_1": 0.30769, "ndcg_at_3": 0.24332, "ndcg_at_5": 0.20998, "ndcg_at_10": 0.17828, "ndcg_at_20": 0.21775, "ndcg_at_100": 0.29921, "ndcg_at_200": 0.32071, "ndcg_at_300": 0.33305, "ndcg_at_500": 0.34523, "ndcg_at_1000": 0.35695, "map_at_1": 0.03077, "map_at_3": 0.05641, "map_at_5": 0.06833, "map_at_10": 0.0888, "map_at_20": 0.106, "map_at_100": 0.12618, "map_at_200": 0.12926, "map_at_300": 0.13023, "map_at_500": 0.13099, "map_at_1000": 0.13141, "recall_at_1": 0.03077, "recall_at_3": 0.06769, "recall_at_5": 0.09231, "recall_at_10": 0.15231, "recall_at_20": 0.22308, "recall_at_100": 0.42769, "recall_at_200": 0.49692, "recall_at_300": 0.54154, "recall_at_500": 0.58923, "recall_at_1000": 0.64, "precision_at_1": 0.30769, "precision_at_3": 0.22564, "precision_at_5": 0.18462, "precision_at_10": 0.15231, "precision_at_20": 0.11154, "precision_at_100": 0.04277, "precision_at_200": 0.02485, "precision_at_300": 0.01805, "precision_at_500": 0.01178, "precision_at_1000": 0.0064, "mrr_at_1": 0.30769, "mrr_at_3": 0.37436, "mrr_at_5": 0.39282, "mrr_at_10": 0.40905, "mrr_at_20": 0.41876, "mrr_at_100": 0.42453, "mrr_at_200": 0.42453, "mrr_at_300": 0.42453, "mrr_at_500": 0.42453, "mrr_at_1000": 0.42453, "rc_at_1": {"relevant": 0.30769, "distractor": 0.61538}, "rc_at_3": {"relevant": 0.67692, "distractor": 1.96923}, "rc_at_5": {"relevant": 0.93846, "distractor": 3.30769}, "rc_at_10": {"relevant": 1.52308, "distractor": 6.29231}, "rc_at_20": {"relevant": 2.23077, "distractor": 11.32308}, "rc_at_100": {"relevant": 4.27692, "distractor": 33.81538}, "rc_at_200": {"relevant": 4.96923, "distractor": 44.32308}, "rc_at_300": {"relevant": 5.41538, "distractor": 49.47692}, "rc_at_500": {"relevant": 5.89231, "distractor": 55.29231}, "rc_at_1000": {"relevant": 6.4, "distractor": 62.12308}}