{"ndcg_at_1": 0.093, "ndcg_at_3": 0.07608, "ndcg_at_5": 0.06629, "ndcg_at_10": 0.0863, "ndcg_at_20": 0.10525, "ndcg_at_100": 0.15443, "ndcg_at_200": 0.17937, "ndcg_at_300": 0.19391, "ndcg_at_500": 0.21005, "ndcg_at_1000": 0.23052, "map_at_1": 0.0189, "map_at_3": 0.03126, "map_at_5": 0.03618, "map_at_10": 0.04291, "map_at_20": 0.04837, "map_at_100": 0.0563, "map_at_200": 0.05818, "map_at_300": 0.05897, "map_at_500": 0.05961, "map_at_1000": 0.06017, "recall_at_1": 0.0189, "recall_at_3": 0.04365, "recall_at_5": 0.05932, "recall_at_10": 0.0963, "recall_at_20": 0.14058, "recall_at_100": 0.30188, "recall_at_200": 0.40792, "recall_at_300": 0.47632, "recall_at_500": 0.5588, "recall_at_1000": 0.67347, "precision_at_1": 0.093, "precision_at_3": 0.07167, "precision_at_5": 0.0582, "precision_at_10": 0.0473, "precision_at_20": 0.03455, "precision_at_100": 0.01483, "precision_at_200": 0.01001, "precision_at_300": 0.0078, "precision_at_500": 0.0055, "precision_at_1000": 0.00331, "mrr_at_1": 0.093, "mrr_at_3": 0.13417, "mrr_at_5": 0.14612, "mrr_at_10": 0.16232, "mrr_at_20": 0.17006, "mrr_at_100": 0.17594, "mrr_at_200": 0.17679, "mrr_at_300": 0.17699, "mrr_at_500": 0.17708, "mrr_at_1000": 0.17714, "rc_at_1": {"relevant": 0.0, "distractor": 0.0}, "rc_at_3": {"relevant": 0.0, "distractor": 0.0}, "rc_at_5": {"relevant": 0.0, "distractor": 0.0}, "rc_at_10": {"relevant": 0.0, "distractor": 0.0}, "rc_at_20": {"relevant": 0.0, "distractor": 0.0}, "rc_at_100": {"relevant": 0.0, "distractor": 0.0}, "rc_at_200": {"relevant": 0.0, "distractor": 0.0}, "rc_at_300": {"relevant": 0.0, "distractor": 0.0}, "rc_at_500": {"relevant": 0.0, "distractor": 0.0}, "rc_at_1000": {"relevant": 0.0, "distractor": 0.0}}