{"ndcg_at_1": 0.6982, "ndcg_at_3": 0.75993, "ndcg_at_5": 0.7846, "ndcg_at_10": 0.8091, "ndcg_at_20": 0.82021, "ndcg_at_100": 0.82762, "ndcg_at_200": 0.82849, "ndcg_at_300": 0.82878, "ndcg_at_500": 0.82897, "ndcg_at_1000": 0.82908, "map_at_1": 0.60836, "map_at_3": 0.71915, "map_at_5": 0.74104, "map_at_10": 0.75661, "map_at_20": 0.76222, "map_at_100": 0.76474, "map_at_200": 0.76488, "map_at_300": 0.76492, "map_at_500": 0.76493, "map_at_1000": 0.76494, "recall_at_1": 0.60836, "recall_at_3": 0.79324, "recall_at_5": 0.8573, "recall_at_10": 0.9278, "recall_at_20": 0.9641, "recall_at_100": 0.99241, "recall_at_200": 0.99647, "recall_at_300": 0.99799, "recall_at_500": 0.99902, "recall_at_1000": 0.99957, "precision_at_1": 0.6982, "precision_at_3": 0.33653, "precision_at_5": 0.22686, "precision_at_10": 0.12884, "precision_at_20": 0.06979, "precision_at_100": 0.0152, "precision_at_200": 0.00772, "precision_at_300": 0.00518, "precision_at_500": 0.00312, "precision_at_1000": 0.00156, "mrr_at_1": 0.6984, "mrr_at_3": 0.76548, "mrr_at_5": 0.77755, "mrr_at_10": 0.78542, "mrr_at_20": 0.78712, "mrr_at_100": 0.78753, "mrr_at_200": 0.78754, "mrr_at_300": 0.78754, "mrr_at_500": 0.78754, "mrr_at_1000": 0.78754, "rc_at_1": {"relevant": 0.0, "distractor": 0.0}, "rc_at_3": {"relevant": 0.0, "distractor": 0.0}, "rc_at_5": {"relevant": 0.0, "distractor": 0.0}, "rc_at_10": {"relevant": 0.0, "distractor": 0.0}, "rc_at_20": {"relevant": 0.0, "distractor": 0.0}, "rc_at_100": {"relevant": 0.0, "distractor": 0.0}, "rc_at_200": {"relevant": 0.0, "distractor": 0.0}, "rc_at_300": {"relevant": 0.0, "distractor": 0.0}, "rc_at_500": {"relevant": 0.0, "distractor": 0.0}, "rc_at_1000": {"relevant": 0.0, "distractor": 0.0}}