{"ndcg_at_1": 0.31977, "ndcg_at_3": 0.38351, "ndcg_at_5": 0.40534, "ndcg_at_10": 0.43481, "ndcg_at_20": 0.45743, "ndcg_at_100": 0.48466, "ndcg_at_200": 0.49232, "ndcg_at_300": 0.49591, "ndcg_at_500": 0.49873, "ndcg_at_1000": 0.5022, "map_at_1": 0.29803, "map_at_3": 0.35843, "map_at_5": 0.37127, "map_at_10": 0.38473, "map_at_20": 0.39143, "map_at_100": 0.39537, "map_at_200": 0.39586, "map_at_300": 0.39599, "map_at_500": 0.39606, "map_at_1000": 0.39612, "recall_at_1": 0.29803, "recall_at_3": 0.42962, "recall_at_5": 0.48235, "recall_at_10": 0.56843, "recall_at_20": 0.65309, "recall_at_100": 0.79359, "recall_at_200": 0.84379, "recall_at_300": 0.86991, "recall_at_500": 0.89252, "recall_at_1000": 0.92193, "precision_at_1": 0.31977, "precision_at_3": 0.16083, "precision_at_5": 0.10938, "precision_at_10": 0.06565, "precision_at_20": 0.03814, "precision_at_100": 0.00944, "precision_at_200": 0.00508, "precision_at_300": 0.00351, "precision_at_500": 0.00217, "precision_at_1000": 0.00113, "mrr_at_1": 0.32203, "mrr_at_3": 0.38362, "mrr_at_5": 0.39644, "mrr_at_10": 0.4072, "mrr_at_20": 0.41339, "mrr_at_100": 0.41666, "mrr_at_200": 0.41701, "mrr_at_300": 0.4171, "mrr_at_500": 0.41716, "mrr_at_1000": 0.41719, "rc_at_1": {"relevant": 0.0, "distractor": 0.0}, "rc_at_3": {"relevant": 0.0, "distractor": 0.0}, "rc_at_5": {"relevant": 0.0, "distractor": 0.0}, "rc_at_10": {"relevant": 0.0, "distractor": 0.0}, "rc_at_20": {"relevant": 0.0, "distractor": 0.0}, "rc_at_100": {"relevant": 0.0, "distractor": 0.0}, "rc_at_200": {"relevant": 0.0, "distractor": 0.0}, "rc_at_300": {"relevant": 0.0, "distractor": 0.0}, "rc_at_500": {"relevant": 0.0, "distractor": 0.0}, "rc_at_1000": {"relevant": 0.0, "distractor": 0.0}}