{"ndcg_at_1": 0.44615, "ndcg_at_3": 0.35557, "ndcg_at_5": 0.3194, "ndcg_at_10": 0.26029, "ndcg_at_20": 0.32066, "ndcg_at_100": 0.52322, "ndcg_at_200": 0.56897, "ndcg_at_300": 0.5707, "ndcg_at_500": 0.5707, "ndcg_at_1000": 0.5707, "map_at_1": 0.04462, "map_at_3": 0.08513, "map_at_5": 0.11144, "map_at_10": 0.14258, "map_at_20": 0.17761, "map_at_100": 0.23834, "map_at_200": 0.24916, "map_at_300": 0.24943, "map_at_500": 0.24943, "map_at_1000": 0.24943, "recall_at_1": 0.04462, "recall_at_3": 0.09846, "recall_at_5": 0.14308, "recall_at_10": 0.21846, "recall_at_20": 0.32769, "recall_at_100": 0.85231, "recall_at_200": 0.99385, "recall_at_300": 1.0, "recall_at_500": 1.0, "recall_at_1000": 1.0, "precision_at_1": 0.44615, "precision_at_3": 0.32821, "precision_at_5": 0.28615, "precision_at_10": 0.21846, "precision_at_20": 0.16385, "precision_at_100": 0.08523, "precision_at_200": 0.04969, "precision_at_300": 0.03333, "precision_at_500": 0.02, "precision_at_1000": 0.01, "mrr_at_1": 0.44615, "mrr_at_3": 0.52821, "mrr_at_5": 0.5459, "mrr_at_10": 0.56317, "mrr_at_20": 0.5657, "mrr_at_100": 0.56977, "mrr_at_200": 0.56977, "mrr_at_300": 0.56977, "mrr_at_500": 0.56977, "mrr_at_1000": 0.56977, "rc_at_1": {"relevant": 0.44615, "distractor": 0.55385}, "rc_at_3": {"relevant": 0.98462, "distractor": 2.01538}, "rc_at_5": {"relevant": 1.41538, "distractor": 3.56923}, "rc_at_10": {"relevant": 2.18462, "distractor": 7.78462}, "rc_at_20": {"relevant": 3.27692, "distractor": 16.66154}, "rc_at_100": {"relevant": 8.52308, "distractor": 88.52308}, "rc_at_200": {"relevant": 9.93846, "distractor": 98.2}, "rc_at_300": {"relevant": 10.0, "distractor": 98.89231}, "rc_at_500": {"relevant": 10.0, "distractor": 99.27692}, "rc_at_1000": {"relevant": 10.0, "distractor": 99.63077}}