{"ndcg_at_1": 0.84398, "ndcg_at_3": 0.87692, "ndcg_at_5": 0.8841, "ndcg_at_10": 0.89036, "ndcg_at_20": 0.89364, "ndcg_at_100": 0.89666, "ndcg_at_200": 0.89752, "ndcg_at_300": 0.89781, "ndcg_at_500": 0.89816, "ndcg_at_1000": 0.8986, "map_at_1": 0.7833, "map_at_3": 0.84816, "map_at_5": 0.85385, "map_at_10": 0.85739, "map_at_20": 0.85865, "map_at_100": 0.85932, "map_at_200": 0.8594, "map_at_300": 0.85941, "map_at_500": 0.85943, "map_at_1000": 0.85944, "recall_at_1": 0.7833, "recall_at_3": 0.908, "recall_at_5": 0.92758, "recall_at_10": 0.94586, "recall_at_20": 0.95702, "recall_at_100": 0.96986, "recall_at_200": 0.97455, "recall_at_300": 0.97624, "recall_at_500": 0.97845, "recall_at_1000": 0.98152, "precision_at_1": 0.84398, "precision_at_3": 0.33178, "precision_at_5": 0.20441, "precision_at_10": 0.10519, "precision_at_20": 0.05362, "precision_at_100": 0.01103, "precision_at_200": 0.00558, "precision_at_300": 0.00373, "precision_at_500": 0.00225, "precision_at_1000": 0.00114, "mrr_at_1": 0.84398, "mrr_at_3": 0.89861, "mrr_at_5": 0.90224, "mrr_at_10": 0.90409, "mrr_at_20": 0.9045, "mrr_at_100": 0.90461, "mrr_at_200": 0.90461, "mrr_at_300": 0.90461, "mrr_at_500": 0.90461, "mrr_at_1000": 0.90461, "rc_at_1": {"relevant": 0.0, "distractor": 0.0}, "rc_at_3": {"relevant": 0.0, "distractor": 0.0}, "rc_at_5": {"relevant": 0.0, "distractor": 0.0}, "rc_at_10": {"relevant": 0.0, "distractor": 0.0}, "rc_at_20": {"relevant": 0.0, "distractor": 0.0}, "rc_at_100": {"relevant": 0.0, "distractor": 0.0}, "rc_at_200": {"relevant": 0.0, "distractor": 0.0}, "rc_at_300": {"relevant": 0.0, "distractor": 0.0}, "rc_at_500": {"relevant": 0.0, "distractor": 0.0}, "rc_at_1000": {"relevant": 0.0, "distractor": 0.0}}