{"ndcg_at_1": 0.28362, "ndcg_at_3": 0.34378, "ndcg_at_5": 0.37009, "ndcg_at_10": 0.39334, "ndcg_at_20": 0.41887, "ndcg_at_100": 0.44785, "ndcg_at_200": 0.4569, "ndcg_at_300": 0.4606, "ndcg_at_500": 0.46419, "ndcg_at_1000": 0.46765, "map_at_1": 0.26381, "map_at_3": 0.32098, "map_at_5": 0.3367, "map_at_10": 0.34704, "map_at_20": 0.35452, "map_at_100": 0.35886, "map_at_200": 0.35943, "map_at_300": 0.35956, "map_at_500": 0.35965, "map_at_1000": 0.35971, "recall_at_1": 0.26381, "recall_at_3": 0.38676, "recall_at_5": 0.44845, "recall_at_10": 0.51642, "recall_at_20": 0.61211, "recall_at_100": 0.76076, "recall_at_200": 0.81923, "recall_at_300": 0.84698, "recall_at_500": 0.87605, "recall_at_1000": 0.90599, "precision_at_1": 0.28362, "precision_at_3": 0.14275, "precision_at_5": 0.10124, "precision_at_10": 0.05944, "precision_at_20": 0.03565, "precision_at_100": 0.00899, "precision_at_200": 0.00493, "precision_at_300": 0.00341, "precision_at_500": 0.00212, "precision_at_1000": 0.0011, "mrr_at_1": 0.28362, "mrr_at_3": 0.342, "mrr_at_5": 0.35652, "mrr_at_10": 0.36629, "mrr_at_20": 0.37304, "mrr_at_100": 0.3767, "mrr_at_200": 0.37713, "mrr_at_300": 0.37724, "mrr_at_500": 0.37731, "mrr_at_1000": 0.37735, "rc_at_1": {"relevant": 0.0, "distractor": 0.0}, "rc_at_3": {"relevant": 0.0, "distractor": 0.0}, "rc_at_5": {"relevant": 0.0, "distractor": 0.0}, "rc_at_10": {"relevant": 0.0, "distractor": 0.0}, "rc_at_20": {"relevant": 0.0, "distractor": 0.0}, "rc_at_100": {"relevant": 0.0, "distractor": 0.0}, "rc_at_200": {"relevant": 0.0, "distractor": 0.0}, "rc_at_300": {"relevant": 0.0, "distractor": 0.0}, "rc_at_500": {"relevant": 0.0, "distractor": 0.0}, "rc_at_1000": {"relevant": 0.0, "distractor": 0.0}}