{"ndcg_at_1": 0.36923, "ndcg_at_3": 0.31758, "ndcg_at_5": 0.28475, "ndcg_at_10": 0.2528, "ndcg_at_20": 0.29981, "ndcg_at_100": 0.45022, "ndcg_at_200": 0.49333, "ndcg_at_300": 0.50615, "ndcg_at_500": 0.51129, "ndcg_at_1000": 0.5202, "map_at_1": 0.03692, "map_at_3": 0.07846, "map_at_5": 0.09769, "map_at_10": 0.14061, "map_at_20": 0.16164, "map_at_100": 0.20581, "map_at_200": 0.21439, "map_at_300": 0.21585, "map_at_500": 0.21631, "map_at_1000": 0.21673, "recall_at_1": 0.03692, "recall_at_3": 0.09077, "recall_at_5": 0.13077, "recall_at_10": 0.22615, "recall_at_20": 0.31077, "recall_at_100": 0.7, "recall_at_200": 0.83692, "recall_at_300": 0.88308, "recall_at_500": 0.90308, "recall_at_1000": 0.94154, "precision_at_1": 0.36923, "precision_at_3": 0.30256, "precision_at_5": 0.26154, "precision_at_10": 0.22615, "precision_at_20": 0.15538, "precision_at_100": 0.07, "precision_at_200": 0.04185, "precision_at_300": 0.02944, "precision_at_500": 0.01806, "precision_at_1000": 0.00942, "mrr_at_1": 0.38462, "mrr_at_3": 0.45385, "mrr_at_5": 0.48692, "mrr_at_10": 0.50853, "mrr_at_20": 0.51281, "mrr_at_100": 0.51492, "mrr_at_200": 0.51492, "mrr_at_300": 0.51492, "mrr_at_500": 0.51492, "mrr_at_1000": 0.51492, "rc_at_1": {"relevant": 0.38462, "distractor": 0.61538}, "rc_at_3": {"relevant": 0.93846, "distractor": 2.04615}, "rc_at_5": {"relevant": 1.36923, "distractor": 3.61538}, "rc_at_10": {"relevant": 2.32308, "distractor": 7.58462}, "rc_at_20": {"relevant": 3.10769, "distractor": 16.27692}, "rc_at_100": {"relevant": 7.07692, "distractor": 72.66154}, "rc_at_200": {"relevant": 8.41538, "distractor": 86.13846}, "rc_at_300": {"relevant": 8.83077, "distractor": 89.6}, "rc_at_500": {"relevant": 9.04615, "distractor": 92.21538}, "rc_at_1000": {"relevant": 9.41538, "distractor": 94.47692}}