{"ndcg_at_1": 0.36923, "ndcg_at_3": 0.31758, "ndcg_at_5": 0.28475, "ndcg_at_10": 0.25294, "ndcg_at_20": 0.30013, "ndcg_at_100": 0.49557, "ndcg_at_200": 0.54514, "ndcg_at_300": 0.54986, "ndcg_at_500": 0.54986, "ndcg_at_1000": 0.55059, "map_at_1": 0.03692, "map_at_3": 0.07846, "map_at_5": 0.09769, "map_at_10": 0.14067, "map_at_20": 0.16192, "map_at_100": 0.2198, "map_at_200": 0.23139, "map_at_300": 0.23204, "map_at_500": 0.23204, "map_at_1000": 0.23209, "recall_at_1": 0.03692, "recall_at_3": 0.09077, "recall_at_5": 0.13077, "recall_at_10": 0.22615, "recall_at_20": 0.31077, "recall_at_100": 0.82462, "recall_at_200": 0.97846, "recall_at_300": 0.99538, "recall_at_500": 0.99538, "recall_at_1000": 0.99846, "precision_at_1": 0.36923, "precision_at_3": 0.30256, "precision_at_5": 0.26154, "precision_at_10": 0.22615, "precision_at_20": 0.15538, "precision_at_100": 0.08246, "precision_at_200": 0.04892, "precision_at_300": 0.03318, "precision_at_500": 0.01991, "precision_at_1000": 0.00998, "mrr_at_1": 0.38462, "mrr_at_3": 0.45385, "mrr_at_5": 0.48692, "mrr_at_10": 0.50918, "mrr_at_20": 0.51355, "mrr_at_100": 0.5157, "mrr_at_200": 0.5157, "mrr_at_300": 0.5157, "mrr_at_500": 0.5157, "mrr_at_1000": 0.5157, "rc_at_1": {"relevant": 0.38462, "distractor": 0.61538}, "rc_at_3": {"relevant": 0.93846, "distractor": 2.06154}, "rc_at_5": {"relevant": 1.36923, "distractor": 3.63077}, "rc_at_10": {"relevant": 2.32308, "distractor": 7.64615}, "rc_at_20": {"relevant": 3.12308, "distractor": 16.73846}, "rc_at_100": {"relevant": 8.26154, "distractor": 87.44615}, "rc_at_200": {"relevant": 9.78462, "distractor": 97.61538}, "rc_at_300": {"relevant": 9.95385, "distractor": 98.41538}, "rc_at_500": {"relevant": 9.95385, "distractor": 98.84615}, "rc_at_1000": {"relevant": 9.98462, "distractor": 99.32308}}