{"ndcg_at_1": 0.41538, "ndcg_at_3": 0.3419, "ndcg_at_5": 0.30907, "ndcg_at_10": 0.24947, "ndcg_at_20": 0.28954, "ndcg_at_100": 0.37812, "ndcg_at_200": 0.39814, "ndcg_at_300": 0.40967, "ndcg_at_500": 0.42349, "ndcg_at_1000": 0.43564, "map_at_1": 0.04154, "map_at_3": 0.08487, "map_at_5": 0.11395, "map_at_10": 0.14323, "map_at_20": 0.16687, "map_at_100": 0.19082, "map_at_200": 0.19403, "map_at_300": 0.19519, "map_at_500": 0.19602, "map_at_1000": 0.19655, "recall_at_1": 0.04154, "recall_at_3": 0.09692, "recall_at_5": 0.14154, "recall_at_10": 0.21077, "recall_at_20": 0.28154, "recall_at_100": 0.50154, "recall_at_200": 0.56615, "recall_at_300": 0.60769, "recall_at_500": 0.66154, "recall_at_1000": 0.71385, "precision_at_1": 0.41538, "precision_at_3": 0.32308, "precision_at_5": 0.28308, "precision_at_10": 0.21077, "precision_at_20": 0.14077, "precision_at_100": 0.05015, "precision_at_200": 0.02831, "precision_at_300": 0.02026, "precision_at_500": 0.01323, "precision_at_1000": 0.00714, "mrr_at_1": 0.41538, "mrr_at_3": 0.48462, "mrr_at_5": 0.49846, "mrr_at_10": 0.5138, "mrr_at_20": 0.51884, "mrr_at_100": 0.52241, "mrr_at_200": 0.52264, "mrr_at_300": 0.52264, "mrr_at_500": 0.52264, "mrr_at_1000": 0.52264, "rc_at_1": {"relevant": 0.41538, "distractor": 0.49231}, "rc_at_3": {"relevant": 0.96923, "distractor": 1.72308}, "rc_at_5": {"relevant": 1.43077, "distractor": 3.03077}, "rc_at_10": {"relevant": 2.09231, "distractor": 6.30769}, "rc_at_20": {"relevant": 2.81538, "distractor": 12.83077}, "rc_at_100": {"relevant": 5.01538, "distractor": 39.84615}, "rc_at_200": {"relevant": 5.67692, "distractor": 50.56923}, "rc_at_300": {"relevant": 6.09231, "distractor": 56.46154}, "rc_at_500": {"relevant": 6.61538, "distractor": 63.41538}, "rc_at_1000": {"relevant": 7.13846, "distractor": 70.8}}