{"ndcg_at_1": 0.43636, "ndcg_at_3": 0.33895, "ndcg_at_5": 0.31528, "ndcg_at_10": 0.24442, "ndcg_at_20": 0.30897, "ndcg_at_100": 0.47959, "ndcg_at_200": 0.49998, "ndcg_at_300": 0.50848, "ndcg_at_500": 0.51881, "ndcg_at_1000": 0.52553, "map_at_1": 0.04364, "map_at_3": 0.07879, "map_at_5": 0.10652, "map_at_10": 0.13173, "map_at_20": 0.1621, "map_at_100": 0.21922, "map_at_200": 0.22284, "map_at_300": 0.22371, "map_at_500": 0.22454, "map_at_1000": 0.22482, "recall_at_1": 0.04364, "recall_at_3": 0.09273, "recall_at_5": 0.14364, "recall_at_10": 0.2, "recall_at_20": 0.31636, "recall_at_100": 0.74182, "recall_at_200": 0.80727, "recall_at_300": 0.83818, "recall_at_500": 0.87818, "recall_at_1000": 0.90727, "precision_at_1": 0.43636, "precision_at_3": 0.30909, "precision_at_5": 0.28727, "precision_at_10": 0.2, "precision_at_20": 0.15818, "precision_at_100": 0.07418, "precision_at_200": 0.04036, "precision_at_300": 0.02794, "precision_at_500": 0.01756, "precision_at_1000": 0.00907, "mrr_at_1": 0.43636, "mrr_at_3": 0.53333, "mrr_at_5": 0.55424, "mrr_at_10": 0.56901, "mrr_at_20": 0.57325, "mrr_at_100": 0.57472, "mrr_at_200": 0.57502, "mrr_at_300": 0.5751, "mrr_at_500": 0.5751, "mrr_at_1000": 0.5751, "rc_at_1": {"relevant": 0.43636, "distractor": 0.56364}, "rc_at_3": {"relevant": 0.92727, "distractor": 2.07273}, "rc_at_5": {"relevant": 1.43636, "distractor": 3.56364}, "rc_at_10": {"relevant": 2.0, "distractor": 7.87273}, "rc_at_20": {"relevant": 3.16364, "distractor": 16.21818}, "rc_at_100": {"relevant": 7.41818, "distractor": 63.87273}, "rc_at_200": {"relevant": 8.07273, "distractor": 75.03636}, "rc_at_300": {"relevant": 8.38182, "distractor": 78.83636}, "rc_at_500": {"relevant": 8.78182, "distractor": 83.07273}, "rc_at_1000": {"relevant": 9.07273, "distractor": 87.94545}}