{"ndcg_at_1": 0.09091, "ndcg_at_3": 0.07811, "ndcg_at_5": 0.06388, "ndcg_at_10": 0.04914, "ndcg_at_20": 0.05839, "ndcg_at_100": 0.0678, "ndcg_at_200": 0.07678, "ndcg_at_300": 0.0818, "ndcg_at_500": 0.08878, "ndcg_at_1000": 0.09765, "map_at_1": 0.00909, "map_at_3": 0.01636, "map_at_5": 0.01791, "map_at_10": 0.02098, "map_at_20": 0.02431, "map_at_100": 0.02614, "map_at_200": 0.02663, "map_at_300": 0.02691, "map_at_500": 0.02715, "map_at_1000": 0.02736, "recall_at_1": 0.00909, "recall_at_3": 0.02182, "recall_at_5": 0.02727, "recall_at_10": 0.03818, "recall_at_20": 0.05455, "recall_at_100": 0.07818, "recall_at_200": 0.10727, "recall_at_300": 0.12545, "recall_at_500": 0.15273, "recall_at_1000": 0.19091, "precision_at_1": 0.09091, "precision_at_3": 0.07273, "precision_at_5": 0.05455, "precision_at_10": 0.03818, "precision_at_20": 0.02727, "precision_at_100": 0.00782, "precision_at_200": 0.00536, "precision_at_300": 0.00418, "precision_at_500": 0.00305, "precision_at_1000": 0.00191, "mrr_at_1": 0.16364, "mrr_at_3": 0.18182, "mrr_at_5": 0.18636, "mrr_at_10": 0.19383, "mrr_at_20": 0.19714, "mrr_at_100": 0.19812, "mrr_at_200": 0.19858, "mrr_at_300": 0.19892, "mrr_at_500": 0.19897, "mrr_at_1000": 0.19909, "rc_at_1": {"relevant": 0.16364, "distractor": 0.14545}, "rc_at_3": {"relevant": 0.23636, "distractor": 0.38182}, "rc_at_5": {"relevant": 0.29091, "distractor": 0.54545}, "rc_at_10": {"relevant": 0.43636, "distractor": 0.87273}, "rc_at_20": {"relevant": 0.58182, "distractor": 1.29091}, "rc_at_100": {"relevant": 0.90909, "distractor": 3.29091}, "rc_at_200": {"relevant": 1.2, "distractor": 5.05455}, "rc_at_300": {"relevant": 1.41818, "distractor": 6.45455}, "rc_at_500": {"relevant": 1.65455, "distractor": 7.94545}, "rc_at_1000": {"relevant": 1.92727, "distractor": 10.14545}}