{"ndcg_at_1": 0.5225, "ndcg_at_3": 0.45105, "ndcg_at_5": 0.4165, "ndcg_at_10": 0.39552, "ndcg_at_20": 0.39143, "ndcg_at_100": 0.43763, "ndcg_at_200": 0.46237, "ndcg_at_300": 0.47632, "ndcg_at_500": 0.49119, "ndcg_at_1000": 0.50863, "map_at_1": 0.08606, "map_at_3": 0.13326, "map_at_5": 0.15095, "map_at_10": 0.17902, "map_at_20": 0.20919, "map_at_100": 0.25226, "map_at_200": 0.26018, "map_at_300": 0.26343, "map_at_500": 0.26614, "map_at_1000": 0.26856, "recall_at_1": 0.08606, "recall_at_3": 0.14683, "recall_at_5": 0.17485, "recall_at_10": 0.22868, "recall_at_20": 0.30065, "recall_at_100": 0.48417, "recall_at_200": 0.55797, "recall_at_300": 0.60304, "recall_at_500": 0.65284, "recall_at_1000": 0.71563, "precision_at_1": 0.625, "precision_at_3": 0.47917, "precision_at_5": 0.3925, "precision_at_10": 0.308, "precision_at_20": 0.23962, "precision_at_100": 0.10068, "precision_at_200": 0.06398, "precision_at_300": 0.04867, "precision_at_500": 0.03392, "precision_at_1000": 0.02038, "mrr_at_1": 0.625, "mrr_at_3": 0.70333, "mrr_at_5": 0.71271, "mrr_at_10": 0.71923, "mrr_at_20": 0.72071, "mrr_at_100": 0.72187, "mrr_at_200": 0.72195, "mrr_at_300": 0.72198, "mrr_at_500": 0.72199, "mrr_at_1000": 0.722, "rc_at_1": {"relevant": 0.0, "distractor": 0.0}, "rc_at_3": {"relevant": 0.0, "distractor": 0.0}, "rc_at_5": {"relevant": 0.0, "distractor": 0.0}, "rc_at_10": {"relevant": 0.0, "distractor": 0.0}, "rc_at_20": {"relevant": 0.0, "distractor": 0.0}, "rc_at_100": {"relevant": 0.0, "distractor": 0.0}, "rc_at_200": {"relevant": 0.0, "distractor": 0.0}, "rc_at_300": {"relevant": 0.0, "distractor": 0.0}, "rc_at_500": {"relevant": 0.0, "distractor": 0.0}, "rc_at_1000": {"relevant": 0.0, "distractor": 0.0}}