{"ndcg_at_1": 0.39, "ndcg_at_3": 0.37224, "ndcg_at_5": 0.3655, "ndcg_at_10": 0.33801, "ndcg_at_20": 0.3043, "ndcg_at_100": 0.20754, "ndcg_at_200": 0.16904, "ndcg_at_300": 0.15538, "ndcg_at_500": 0.15415, "ndcg_at_1000": 0.1803, "map_at_1": 0.00119, "map_at_3": 0.00301, "map_at_5": 0.00423, "map_at_10": 0.00669, "map_at_20": 0.01052, "map_at_100": 0.02489, "map_at_200": 0.03252, "map_at_300": 0.03674, "map_at_500": 0.04215, "map_at_1000": 0.04854, "recall_at_1": 0.00119, "recall_at_3": 0.00347, "recall_at_5": 0.00516, "recall_at_10": 0.00898, "recall_at_20": 0.01544, "recall_at_100": 0.04833, "recall_at_200": 0.07403, "recall_at_300": 0.09201, "recall_at_500": 0.11921, "recall_at_1000": 0.16586, "precision_at_1": 0.44, "precision_at_3": 0.42, "precision_at_5": 0.4, "precision_at_10": 0.356, "precision_at_20": 0.31, "precision_at_100": 0.2018, "precision_at_200": 0.1573, "precision_at_300": 0.13253, "precision_at_500": 0.10632, "precision_at_1000": 0.07576, "mrr_at_1": 0.44, "mrr_at_3": 0.54667, "mrr_at_5": 0.58567, "mrr_at_10": 0.58767, "mrr_at_20": 0.59205, "mrr_at_100": 0.59413, "mrr_at_200": 0.59429, "mrr_at_300": 0.59429, "mrr_at_500": 0.59429, "mrr_at_1000": 0.59429, "rc_at_1": {"relevant": 0.0, "distractor": 0.0}, "rc_at_3": {"relevant": 0.0, "distractor": 0.0}, "rc_at_5": {"relevant": 0.0, "distractor": 0.0}, "rc_at_10": {"relevant": 0.0, "distractor": 0.0}, "rc_at_20": {"relevant": 0.0, "distractor": 0.0}, "rc_at_100": {"relevant": 0.0, "distractor": 0.0}, "rc_at_200": {"relevant": 0.0, "distractor": 0.0}, "rc_at_300": {"relevant": 0.0, "distractor": 0.0}, "rc_at_500": {"relevant": 0.0, "distractor": 0.0}, "rc_at_1000": {"relevant": 0.0, "distractor": 0.0}}