{"ndcg_at_1": 0.32908, "ndcg_at_3": 0.43615, "ndcg_at_5": 0.47456, "ndcg_at_10": 0.5089, "ndcg_at_20": 0.53044, "ndcg_at_100": 0.55147, "ndcg_at_200": 0.55539, "ndcg_at_300": 0.55734, "ndcg_at_500": 0.55883, "ndcg_at_1000": 0.56088, "map_at_1": 0.29526, "map_at_3": 0.39941, "map_at_5": 0.42222, "map_at_10": 0.43779, "map_at_20": 0.44441, "map_at_100": 0.44775, "map_at_200": 0.44799, "map_at_300": 0.44806, "map_at_500": 0.4481, "map_at_1000": 0.44813, "recall_at_1": 0.29526, "recall_at_3": 0.51371, "recall_at_5": 0.60214, "recall_at_10": 0.70186, "recall_at_20": 0.78148, "recall_at_100": 0.88738, "recall_at_200": 0.91341, "recall_at_300": 0.92796, "recall_at_500": 0.93975, "recall_at_1000": 0.95841, "precision_at_1": 0.32908, "precision_at_3": 0.19805, "precision_at_5": 0.14085, "precision_at_10": 0.08326, "precision_at_20": 0.04677, "precision_at_100": 0.01073, "precision_at_200": 0.00554, "precision_at_300": 0.00376, "precision_at_500": 0.00229, "precision_at_1000": 0.00117, "mrr_at_1": 0.32879, "mrr_at_3": 0.42811, "mrr_at_5": 0.4475, "mrr_at_10": 0.4605, "mrr_at_20": 0.46574, "mrr_at_100": 0.4682, "mrr_at_200": 0.46836, "mrr_at_300": 0.46841, "mrr_at_500": 0.46844, "mrr_at_1000": 0.46846, "rc_at_1": {"relevant": 0.0, "distractor": 0.0}, "rc_at_3": {"relevant": 0.0, "distractor": 0.0}, "rc_at_5": {"relevant": 0.0, "distractor": 0.0}, "rc_at_10": {"relevant": 0.0, "distractor": 0.0}, "rc_at_20": {"relevant": 0.0, "distractor": 0.0}, "rc_at_100": {"relevant": 0.0, "distractor": 0.0}, "rc_at_200": {"relevant": 0.0, "distractor": 0.0}, "rc_at_300": {"relevant": 0.0, "distractor": 0.0}, "rc_at_500": {"relevant": 0.0, "distractor": 0.0}, "rc_at_1000": {"relevant": 0.0, "distractor": 0.0}}