{"ndcg_at_1": 0.20887, "ndcg_at_3": 0.2692, "ndcg_at_5": 0.30372, "ndcg_at_10": 0.32268, "ndcg_at_20": 0.3393, "ndcg_at_100": 0.37184, "ndcg_at_200": 0.38408, "ndcg_at_300": 0.38783, "ndcg_at_500": 0.39273, "ndcg_at_1000": 0.40094, "map_at_1": 0.18876, "map_at_3": 0.24499, "map_at_5": 0.26518, "map_at_10": 0.27377, "map_at_20": 0.27858, "map_at_100": 0.28303, "map_at_200": 0.28372, "map_at_300": 0.28388, "map_at_500": 0.28402, "map_at_1000": 0.28416, "recall_at_1": 0.18876, "recall_at_3": 0.31636, "recall_at_5": 0.39783, "recall_at_10": 0.45337, "recall_at_20": 0.51566, "recall_at_100": 0.68583, "recall_at_200": 0.76851, "recall_at_300": 0.79417, "recall_at_500": 0.83194, "recall_at_1000": 0.9055, "precision_at_1": 0.20887, "precision_at_3": 0.11768, "precision_at_5": 0.09057, "precision_at_10": 0.0525, "precision_at_20": 0.03004, "precision_at_100": 0.00841, "precision_at_200": 0.00478, "precision_at_300": 0.00338, "precision_at_500": 0.00216, "precision_at_1000": 0.00119, "mrr_at_1": 0.20887, "mrr_at_3": 0.2671, "mrr_at_5": 0.2866, "mrr_at_10": 0.29403, "mrr_at_20": 0.29863, "mrr_at_100": 0.30247, "mrr_at_200": 0.30307, "mrr_at_300": 0.30315, "mrr_at_500": 0.30324, "mrr_at_1000": 0.30333, "rc_at_1": {"relevant": 0.0, "distractor": 0.0}, "rc_at_3": {"relevant": 0.0, "distractor": 0.0}, "rc_at_5": {"relevant": 0.0, "distractor": 0.0}, "rc_at_10": {"relevant": 0.0, "distractor": 0.0}, "rc_at_20": {"relevant": 0.0, "distractor": 0.0}, "rc_at_100": {"relevant": 0.0, "distractor": 0.0}, "rc_at_200": {"relevant": 0.0, "distractor": 0.0}, "rc_at_300": {"relevant": 0.0, "distractor": 0.0}, "rc_at_500": {"relevant": 0.0, "distractor": 0.0}, "rc_at_1000": {"relevant": 0.0, "distractor": 0.0}}