{"ndcg_at_1": 0.28917, "ndcg_at_3": 0.31059, "ndcg_at_5": 0.32619, "ndcg_at_10": 0.3432, "ndcg_at_20": 0.35813, "ndcg_at_100": 0.38367, "ndcg_at_200": 0.39094, "ndcg_at_300": 0.39544, "ndcg_at_500": 0.40173, "ndcg_at_1000": 0.40834, "map_at_1": 0.23007, "map_at_3": 0.27703, "map_at_5": 0.28965, "map_at_10": 0.29917, "map_at_20": 0.30458, "map_at_100": 0.30935, "map_at_200": 0.30991, "map_at_300": 0.31013, "map_at_500": 0.31033, "map_at_1000": 0.31047, "recall_at_1": 0.23007, "recall_at_3": 0.31802, "recall_at_5": 0.36403, "recall_at_10": 0.41782, "recall_at_20": 0.47349, "recall_at_100": 0.59527, "recall_at_200": 0.63771, "recall_at_300": 0.66794, "recall_at_500": 0.71367, "recall_at_1000": 0.76519, "precision_at_1": 0.28917, "precision_at_3": 0.14862, "precision_at_5": 0.10497, "precision_at_10": 0.06395, "precision_at_20": 0.03825, "precision_at_100": 0.01078, "precision_at_200": 0.00597, "precision_at_300": 0.00424, "precision_at_500": 0.00277, "precision_at_1000": 0.00153, "mrr_at_1": 0.28917, "mrr_at_3": 0.33025, "mrr_at_5": 0.34188, "mrr_at_10": 0.35011, "mrr_at_20": 0.35414, "mrr_at_100": 0.35702, "mrr_at_200": 0.35732, "mrr_at_300": 0.35744, "mrr_at_500": 0.35755, "mrr_at_1000": 0.35762, "rc_at_1": {"relevant": 0.0, "distractor": 0.0}, "rc_at_3": {"relevant": 0.0, "distractor": 0.0}, "rc_at_5": {"relevant": 0.0, "distractor": 0.0}, "rc_at_10": {"relevant": 0.0, "distractor": 0.0}, "rc_at_20": {"relevant": 0.0, "distractor": 0.0}, "rc_at_100": {"relevant": 0.0, "distractor": 0.0}, "rc_at_200": {"relevant": 0.0, "distractor": 0.0}, "rc_at_300": {"relevant": 0.0, "distractor": 0.0}, "rc_at_500": {"relevant": 0.0, "distractor": 0.0}, "rc_at_1000": {"relevant": 0.0, "distractor": 0.0}}