{"ndcg_at_1": 0.20019, "ndcg_at_3": 0.22525, "ndcg_at_5": 0.23558, "ndcg_at_10": 0.255, "ndcg_at_20": 0.27063, "ndcg_at_100": 0.29934, "ndcg_at_200": 0.313, "ndcg_at_300": 0.31954, "ndcg_at_500": 0.32662, "ndcg_at_1000": 0.33424, "map_at_1": 0.1697, "map_at_3": 0.20392, "map_at_5": 0.21103, "map_at_10": 0.21977, "map_at_20": 0.22448, "map_at_100": 0.22866, "map_at_200": 0.22951, "map_at_300": 0.22977, "map_at_500": 0.22998, "map_at_1000": 0.23012, "recall_at_1": 0.1697, "recall_at_3": 0.24223, "recall_at_5": 0.27023, "recall_at_10": 0.32767, "recall_at_20": 0.3842, "recall_at_100": 0.52248, "recall_at_200": 0.60856, "recall_at_300": 0.65379, "recall_at_500": 0.70656, "recall_at_1000": 0.76942, "precision_at_1": 0.20019, "precision_at_3": 0.10138, "precision_at_5": 0.06987, "precision_at_10": 0.04408, "precision_at_20": 0.02661, "precision_at_100": 0.00782, "precision_at_200": 0.00468, "precision_at_300": 0.00341, "precision_at_500": 0.00225, "precision_at_1000": 0.00125, "mrr_at_1": 0.20019, "mrr_at_3": 0.23805, "mrr_at_5": 0.24628, "mrr_at_10": 0.25571, "mrr_at_20": 0.25988, "mrr_at_100": 0.26364, "mrr_at_200": 0.26425, "mrr_at_300": 0.26442, "mrr_at_500": 0.26455, "mrr_at_1000": 0.26463, "rc_at_1": {"relevant": 0.0, "distractor": 0.0}, "rc_at_3": {"relevant": 0.0, "distractor": 0.0}, "rc_at_5": {"relevant": 0.0, "distractor": 0.0}, "rc_at_10": {"relevant": 0.0, "distractor": 0.0}, "rc_at_20": {"relevant": 0.0, "distractor": 0.0}, "rc_at_100": {"relevant": 0.0, "distractor": 0.0}, "rc_at_200": {"relevant": 0.0, "distractor": 0.0}, "rc_at_300": {"relevant": 0.0, "distractor": 0.0}, "rc_at_500": {"relevant": 0.0, "distractor": 0.0}, "rc_at_1000": {"relevant": 0.0, "distractor": 0.0}}