{"ndcg_at_1": 0.47461, "ndcg_at_3": 0.53917, "ndcg_at_5": 0.56199, "ndcg_at_10": 0.58406, "ndcg_at_20": 0.59991, "ndcg_at_100": 0.62097, "ndcg_at_200": 0.62602, "ndcg_at_300": 0.62845, "ndcg_at_500": 0.63068, "ndcg_at_1000": 0.63363, "map_at_1": 0.41565, "map_at_3": 0.50453, "map_at_5": 0.52062, "map_at_10": 0.53213, "map_at_20": 0.53776, "map_at_100": 0.54139, "map_at_200": 0.54174, "map_at_300": 0.54184, "map_at_500": 0.54191, "map_at_1000": 0.54197, "recall_at_1": 0.41565, "recall_at_3": 0.584, "recall_at_5": 0.63976, "recall_at_10": 0.70323, "recall_at_20": 0.76123, "recall_at_100": 0.86365, "recall_at_200": 0.89583, "recall_at_300": 0.91305, "recall_at_500": 0.92979, "recall_at_1000": 0.95507, "precision_at_1": 0.47461, "precision_at_3": 0.23824, "precision_at_5": 0.16063, "precision_at_10": 0.09116, "precision_at_20": 0.05047, "precision_at_100": 0.01181, "precision_at_200": 0.00619, "precision_at_300": 0.00422, "precision_at_500": 0.0026, "precision_at_1000": 0.00134, "mrr_at_1": 0.47461, "mrr_at_3": 0.54545, "mrr_at_5": 0.55771, "mrr_at_10": 0.56553, "mrr_at_20": 0.56916, "mrr_at_100": 0.57155, "mrr_at_200": 0.57174, "mrr_at_300": 0.5718, "mrr_at_500": 0.57184, "mrr_at_1000": 0.57187, "rc_at_1": {"relevant": 0.0, "distractor": 0.0}, "rc_at_3": {"relevant": 0.0, "distractor": 0.0}, "rc_at_5": {"relevant": 0.0, "distractor": 0.0}, "rc_at_10": {"relevant": 0.0, "distractor": 0.0}, "rc_at_20": {"relevant": 0.0, "distractor": 0.0}, "rc_at_100": {"relevant": 0.0, "distractor": 0.0}, "rc_at_200": {"relevant": 0.0, "distractor": 0.0}, "rc_at_300": {"relevant": 0.0, "distractor": 0.0}, "rc_at_500": {"relevant": 0.0, "distractor": 0.0}, "rc_at_1000": {"relevant": 0.0, "distractor": 0.0}}