{"ndcg_at_1": 0.22699, "ndcg_at_3": 0.27374, "ndcg_at_5": 0.29265, "ndcg_at_10": 0.3133, "ndcg_at_20": 0.3393, "ndcg_at_100": 0.36846, "ndcg_at_200": 0.37936, "ndcg_at_300": 0.38559, "ndcg_at_500": 0.39027, "ndcg_at_1000": 0.39565, "map_at_1": 0.20052, "map_at_3": 0.25008, "map_at_5": 0.26163, "map_at_10": 0.27096, "map_at_20": 0.27873, "map_at_100": 0.28294, "map_at_200": 0.2836, "map_at_300": 0.28385, "map_at_500": 0.28397, "map_at_1000": 0.28407, "recall_at_1": 0.20052, "recall_at_3": 0.30444, "recall_at_5": 0.35125, "recall_at_10": 0.41422, "recall_at_20": 0.51251, "recall_at_100": 0.66063, "recall_at_200": 0.73281, "recall_at_300": 0.77804, "recall_at_500": 0.81497, "recall_at_1000": 0.86027, "precision_at_1": 0.22699, "precision_at_3": 0.12168, "precision_at_5": 0.08528, "precision_at_10": 0.05138, "precision_at_20": 0.03213, "precision_at_100": 0.00859, "precision_at_200": 0.00482, "precision_at_300": 0.00345, "precision_at_500": 0.00218, "precision_at_1000": 0.00117, "mrr_at_1": 0.22699, "mrr_at_3": 0.27889, "mrr_at_5": 0.29062, "mrr_at_10": 0.29892, "mrr_at_20": 0.30559, "mrr_at_100": 0.30922, "mrr_at_200": 0.30969, "mrr_at_300": 0.30986, "mrr_at_500": 0.30994, "mrr_at_1000": 0.31, "rc_at_1": {"relevant": 0.0, "distractor": 0.0}, "rc_at_3": {"relevant": 0.0, "distractor": 0.0}, "rc_at_5": {"relevant": 0.0, "distractor": 0.0}, "rc_at_10": {"relevant": 0.0, "distractor": 0.0}, "rc_at_20": {"relevant": 0.0, "distractor": 0.0}, "rc_at_100": {"relevant": 0.0, "distractor": 0.0}, "rc_at_200": {"relevant": 0.0, "distractor": 0.0}, "rc_at_300": {"relevant": 0.0, "distractor": 0.0}, "rc_at_500": {"relevant": 0.0, "distractor": 0.0}, "rc_at_1000": {"relevant": 0.0, "distractor": 0.0}}