{"ndcg_at_1": 0.0, "ndcg_at_3": 0.24705, "ndcg_at_5": 0.31343, "ndcg_at_10": 0.37554, "ndcg_at_20": 0.40889, "ndcg_at_100": 0.4228, "ndcg_at_200": 0.4244, "ndcg_at_300": 0.42476, "ndcg_at_500": 0.42517, "ndcg_at_1000": 0.42539, "map_at_1": 0.0, "map_at_3": 0.18706, "map_at_5": 0.22383, "map_at_10": 0.24959, "map_at_20": 0.25898, "map_at_100": 0.26103, "map_at_200": 0.26112, "map_at_300": 0.26113, "map_at_500": 0.26114, "map_at_1000": 0.26114, "recall_at_1": 0.0, "recall_at_3": 0.42034, "recall_at_5": 0.58179, "recall_at_10": 0.77312, "recall_at_20": 0.90327, "recall_at_100": 0.97653, "recall_at_200": 0.98791, "recall_at_300": 0.99075, "recall_at_500": 0.99431, "recall_at_1000": 0.99644, "precision_at_1": 0.0, "precision_at_3": 0.14011, "precision_at_5": 0.11636, "precision_at_10": 0.07731, "precision_at_20": 0.04516, "precision_at_100": 0.00977, "precision_at_200": 0.00494, "precision_at_300": 0.0033, "precision_at_500": 0.00199, "precision_at_1000": 0.001, "mrr_at_1": 0.0, "mrr_at_3": 0.18706, "mrr_at_5": 0.22383, "mrr_at_10": 0.24959, "mrr_at_20": 0.25897, "mrr_at_100": 0.26103, "mrr_at_200": 0.26111, "mrr_at_300": 0.26112, "mrr_at_500": 0.26113, "mrr_at_1000": 0.26113, "rc_at_1": {"relevant": 0.0, "distractor": 0.0}, "rc_at_3": {"relevant": 0.0, "distractor": 0.0}, "rc_at_5": {"relevant": 0.0, "distractor": 0.0}, "rc_at_10": {"relevant": 0.0, "distractor": 0.0}, "rc_at_20": {"relevant": 0.0, "distractor": 0.0}, "rc_at_100": {"relevant": 0.0, "distractor": 0.0}, "rc_at_200": {"relevant": 0.0, "distractor": 0.0}, "rc_at_300": {"relevant": 0.0, "distractor": 0.0}, "rc_at_500": {"relevant": 0.0, "distractor": 0.0}, "rc_at_1000": {"relevant": 0.0, "distractor": 0.0}}