{"ndcg_at_1": 0.55476, "ndcg_at_3": 0.64481, "ndcg_at_5": 0.67108, "ndcg_at_10": 0.69109, "ndcg_at_20": 0.70358, "ndcg_at_100": 0.71459, "ndcg_at_200": 0.71635, "ndcg_at_300": 0.71714, "ndcg_at_500": 0.71782, "ndcg_at_1000": 0.71884, "map_at_1": 0.51818, "map_at_3": 0.60854, "map_at_5": 0.62394, "map_at_10": 0.63268, "map_at_20": 0.63635, "map_at_100": 0.6381, "map_at_200": 0.63821, "map_at_300": 0.63825, "map_at_500": 0.63827, "map_at_1000": 0.63829, "recall_at_1": 0.51818, "recall_at_3": 0.71228, "recall_at_5": 0.77581, "recall_at_10": 0.83542, "recall_at_20": 0.88243, "recall_at_100": 0.93755, "recall_at_200": 0.9486, "recall_at_300": 0.95397, "recall_at_500": 0.95873, "recall_at_1000": 0.96704, "precision_at_1": 0.55476, "precision_at_3": 0.25718, "precision_at_5": 0.16919, "precision_at_10": 0.09167, "precision_at_20": 0.04872, "precision_at_100": 0.01048, "precision_at_200": 0.00533, "precision_at_300": 0.00359, "precision_at_500": 0.00217, "precision_at_1000": 0.0011, "mrr_at_1": 0.55476, "mrr_at_3": 0.64531, "mrr_at_5": 0.66053, "mrr_at_10": 0.66902, "mrr_at_20": 0.67225, "mrr_at_100": 0.67354, "mrr_at_200": 0.6736, "mrr_at_300": 0.67361, "mrr_at_500": 0.67362, "mrr_at_1000": 0.67362, "rc_at_1": {"relevant": 0.0, "distractor": 0.0}, "rc_at_3": {"relevant": 0.0, "distractor": 0.0}, "rc_at_5": {"relevant": 0.0, "distractor": 0.0}, "rc_at_10": {"relevant": 0.0, "distractor": 0.0}, "rc_at_20": {"relevant": 0.0, "distractor": 0.0}, "rc_at_100": {"relevant": 0.0, "distractor": 0.0}, "rc_at_200": {"relevant": 0.0, "distractor": 0.0}, "rc_at_300": {"relevant": 0.0, "distractor": 0.0}, "rc_at_500": {"relevant": 0.0, "distractor": 0.0}, "rc_at_1000": {"relevant": 0.0, "distractor": 0.0}}