{"ndcg_at_1": 0.23077, "ndcg_at_3": 0.17456, "ndcg_at_5": 0.15423, "ndcg_at_10": 0.13123, "ndcg_at_20": 0.16769, "ndcg_at_100": 0.23356, "ndcg_at_200": 0.25887, "ndcg_at_300": 0.26823, "ndcg_at_500": 0.27995, "ndcg_at_1000": 0.29184, "map_at_1": 0.02308, "map_at_3": 0.03795, "map_at_5": 0.04703, "map_at_10": 0.06125, "map_at_20": 0.07414, "map_at_100": 0.09148, "map_at_200": 0.09415, "map_at_300": 0.09481, "map_at_500": 0.09549, "map_at_1000": 0.09595, "recall_at_1": 0.02308, "recall_at_3": 0.04769, "recall_at_5": 0.06769, "recall_at_10": 0.11231, "recall_at_20": 0.17846, "recall_at_100": 0.34308, "recall_at_200": 0.42615, "recall_at_300": 0.46, "recall_at_500": 0.50615, "recall_at_1000": 0.55692, "precision_at_1": 0.23077, "precision_at_3": 0.15897, "precision_at_5": 0.13538, "precision_at_10": 0.11231, "precision_at_20": 0.08923, "precision_at_100": 0.03431, "precision_at_200": 0.02131, "precision_at_300": 0.01533, "precision_at_500": 0.01012, "precision_at_1000": 0.00557, "mrr_at_1": 0.23077, "mrr_at_3": 0.29744, "mrr_at_5": 0.31897, "mrr_at_10": 0.33394, "mrr_at_20": 0.34247, "mrr_at_100": 0.34472, "mrr_at_200": 0.34547, "mrr_at_300": 0.34554, "mrr_at_500": 0.34563, "mrr_at_1000": 0.34563, "rc_at_1": {"relevant": 0.23077, "distractor": 0.6}, "rc_at_3": {"relevant": 0.47692, "distractor": 1.8}, "rc_at_5": {"relevant": 0.67692, "distractor": 2.96923}, "rc_at_10": {"relevant": 1.12308, "distractor": 5.6}, "rc_at_20": {"relevant": 1.78462, "distractor": 10.18462}, "rc_at_100": {"relevant": 3.43077, "distractor": 30.0}, "rc_at_200": {"relevant": 4.26154, "distractor": 38.18462}, "rc_at_300": {"relevant": 4.6, "distractor": 42.35385}, "rc_at_500": {"relevant": 5.06154, "distractor": 47.63077}, "rc_at_1000": {"relevant": 5.56923, "distractor": 54.64615}}