{"ndcg_at_1": 0.10769, "ndcg_at_3": 0.13124, "ndcg_at_5": 0.12627, "ndcg_at_10": 0.11652, "ndcg_at_20": 0.16132, "ndcg_at_100": 0.33204, "ndcg_at_200": 0.3809, "ndcg_at_300": 0.39836, "ndcg_at_500": 0.41053, "ndcg_at_1000": 0.42275, "map_at_1": 0.01077, "map_at_3": 0.02692, "map_at_5": 0.03523, "map_at_10": 0.04707, "map_at_20": 0.06284, "map_at_100": 0.10741, "map_at_200": 0.11607, "map_at_300": 0.11802, "map_at_500": 0.11896, "map_at_1000": 0.11956, "recall_at_1": 0.01077, "recall_at_3": 0.04154, "recall_at_5": 0.06462, "recall_at_10": 0.11385, "recall_at_20": 0.19538, "recall_at_100": 0.62923, "recall_at_200": 0.78615, "recall_at_300": 0.84923, "recall_at_500": 0.89692, "recall_at_1000": 0.94923, "precision_at_1": 0.10769, "precision_at_3": 0.13846, "precision_at_5": 0.12923, "precision_at_10": 0.11385, "precision_at_20": 0.09769, "precision_at_100": 0.06292, "precision_at_200": 0.03931, "precision_at_300": 0.02831, "precision_at_500": 0.01794, "precision_at_1000": 0.00949, "mrr_at_1": 0.10769, "mrr_at_3": 0.20256, "mrr_at_5": 0.22564, "mrr_at_10": 0.25347, "mrr_at_20": 0.25927, "mrr_at_100": 0.26624, "mrr_at_200": 0.2665, "mrr_at_300": 0.2665, "mrr_at_500": 0.2665, "mrr_at_1000": 0.2665, "rc_at_1": {"relevant": 0.10769, "distractor": 0.81538}, "rc_at_3": {"relevant": 0.41538, "distractor": 2.24615}, "rc_at_5": {"relevant": 0.64615, "distractor": 3.78462}, "rc_at_10": {"relevant": 1.13846, "distractor": 7.53846}, "rc_at_20": {"relevant": 1.95385, "distractor": 14.75385}, "rc_at_100": {"relevant": 6.29231, "distractor": 56.70769}, "rc_at_200": {"relevant": 7.86154, "distractor": 71.92308}, "rc_at_300": {"relevant": 8.49231, "distractor": 77.47692}, "rc_at_500": {"relevant": 8.96923, "distractor": 83.72308}, "rc_at_1000": {"relevant": 9.49231, "distractor": 91.33846}}