{"ndcg_at_1": 0.63498, "ndcg_at_3": 0.51891, "ndcg_at_5": 0.54615, "ndcg_at_10": 0.57025, "ndcg_at_20": 0.58678, "ndcg_at_100": 0.60848, "ndcg_at_200": 0.6144, "ndcg_at_300": 0.61737, "ndcg_at_500": 0.62083, "ndcg_at_1000": 0.62446, "map_at_1": 0.31749, "map_at_3": 0.44767, "map_at_5": 0.46789, "map_at_10": 0.48119, "map_at_20": 0.48745, "map_at_100": 0.49166, "map_at_200": 0.4921, "map_at_300": 0.49225, "map_at_500": 0.49236, "map_at_1000": 0.49244, "recall_at_1": 0.31749, "recall_at_3": 0.49656, "recall_at_5": 0.55051, "recall_at_10": 0.61087, "recall_at_20": 0.66401, "recall_at_100": 0.75982, "recall_at_200": 0.79426, "recall_at_300": 0.8135, "recall_at_500": 0.83774, "recall_at_1000": 0.8657, "precision_at_1": 0.63498, "precision_at_3": 0.33104, "precision_at_5": 0.2202, "precision_at_10": 0.12217, "precision_at_20": 0.0664, "precision_at_100": 0.0152, "precision_at_200": 0.00794, "precision_at_300": 0.00542, "precision_at_500": 0.00335, "precision_at_1000": 0.00173, "mrr_at_1": 0.63511, "mrr_at_3": 0.69566, "mrr_at_5": 0.70442, "mrr_at_10": 0.71057, "mrr_at_20": 0.71296, "mrr_at_100": 0.71423, "mrr_at_200": 0.71435, "mrr_at_300": 0.71438, "mrr_at_500": 0.7144, "mrr_at_1000": 0.71442, "rc_at_1": {"relevant": 0.0, "distractor": 0.0}, "rc_at_3": {"relevant": 0.0, "distractor": 0.0}, "rc_at_5": {"relevant": 0.0, "distractor": 0.0}, "rc_at_10": {"relevant": 0.0, "distractor": 0.0}, "rc_at_20": {"relevant": 0.0, "distractor": 0.0}, "rc_at_100": {"relevant": 0.0, "distractor": 0.0}, "rc_at_200": {"relevant": 0.0, "distractor": 0.0}, "rc_at_300": {"relevant": 0.0, "distractor": 0.0}, "rc_at_500": {"relevant": 0.0, "distractor": 0.0}, "rc_at_1000": {"relevant": 0.0, "distractor": 0.0}}