{"ndcg_at_1": 0.25537, "ndcg_at_3": 0.32171, "ndcg_at_5": 0.34703, "ndcg_at_10": 0.37204, "ndcg_at_20": 0.39086, "ndcg_at_100": 0.42033, "ndcg_at_200": 0.42736, "ndcg_at_300": 0.4319, "ndcg_at_500": 0.43649, "ndcg_at_1000": 0.44146, "map_at_1": 0.23679, "map_at_3": 0.29688, "map_at_5": 0.31145, "map_at_10": 0.32286, "map_at_20": 0.32843, "map_at_100": 0.3325, "map_at_200": 0.33291, "map_at_300": 0.33308, "map_at_500": 0.3332, "map_at_1000": 0.33328, "recall_at_1": 0.23679, "recall_at_3": 0.36938, "recall_at_5": 0.4295, "recall_at_10": 0.50286, "recall_at_20": 0.57314, "recall_at_100": 0.72779, "recall_at_200": 0.77406, "recall_at_300": 0.80827, "recall_at_500": 0.84495, "recall_at_1000": 0.88909, "precision_at_1": 0.25537, "precision_at_3": 0.1371, "precision_at_5": 0.0974, "precision_at_10": 0.05808, "precision_at_20": 0.03362, "precision_at_100": 0.00863, "precision_at_200": 0.00466, "precision_at_300": 0.00325, "precision_at_500": 0.00205, "precision_at_1000": 0.00109, "mrr_at_1": 0.25537, "mrr_at_3": 0.31883, "mrr_at_5": 0.33313, "mrr_at_10": 0.34291, "mrr_at_20": 0.34753, "mrr_at_100": 0.35126, "mrr_at_200": 0.35156, "mrr_at_300": 0.35169, "mrr_at_500": 0.35177, "mrr_at_1000": 0.35183, "rc_at_1": {"relevant": 0.0, "distractor": 0.0}, "rc_at_3": {"relevant": 0.0, "distractor": 0.0}, "rc_at_5": {"relevant": 0.0, "distractor": 0.0}, "rc_at_10": {"relevant": 0.0, "distractor": 0.0}, "rc_at_20": {"relevant": 0.0, "distractor": 0.0}, "rc_at_100": {"relevant": 0.0, "distractor": 0.0}, "rc_at_200": {"relevant": 0.0, "distractor": 0.0}, "rc_at_300": {"relevant": 0.0, "distractor": 0.0}, "rc_at_500": {"relevant": 0.0, "distractor": 0.0}, "rc_at_1000": {"relevant": 0.0, "distractor": 0.0}}