{"ndcg_at_1": 0.38462, "ndcg_at_3": 0.27486, "ndcg_at_5": 0.25635, "ndcg_at_10": 0.21162, "ndcg_at_20": 0.26678, "ndcg_at_100": 0.44037, "ndcg_at_200": 0.48759, "ndcg_at_300": 0.49483, "ndcg_at_500": 0.49956, "ndcg_at_1000": 0.50493, "map_at_1": 0.03846, "map_at_3": 0.06667, "map_at_5": 0.08913, "map_at_10": 0.11269, "map_at_20": 0.13727, "map_at_100": 0.18667, "map_at_200": 0.19648, "map_at_300": 0.19726, "map_at_500": 0.19766, "map_at_1000": 0.19793, "recall_at_1": 0.03846, "recall_at_3": 0.07385, "recall_at_5": 0.11538, "recall_at_10": 0.18, "recall_at_20": 0.27846, "recall_at_100": 0.72615, "recall_at_200": 0.87538, "recall_at_300": 0.90154, "recall_at_500": 0.92, "recall_at_1000": 0.94308, "precision_at_1": 0.38462, "precision_at_3": 0.24615, "precision_at_5": 0.23077, "precision_at_10": 0.18, "precision_at_20": 0.13923, "precision_at_100": 0.07262, "precision_at_200": 0.04377, "precision_at_300": 0.03005, "precision_at_500": 0.0184, "precision_at_1000": 0.00943, "mrr_at_1": 0.38462, "mrr_at_3": 0.42564, "mrr_at_5": 0.45487, "mrr_at_10": 0.46952, "mrr_at_20": 0.48167, "mrr_at_100": 0.48547, "mrr_at_200": 0.48547, "mrr_at_300": 0.48547, "mrr_at_500": 0.48547, "mrr_at_1000": 0.48547, "rc_at_1": {"relevant": 0.38462, "distractor": 0.61538}, "rc_at_3": {"relevant": 0.73846, "distractor": 2.26154}, "rc_at_5": {"relevant": 1.16923, "distractor": 3.83077}, "rc_at_10": {"relevant": 1.81538, "distractor": 8.10769}, "rc_at_20": {"relevant": 2.78462, "distractor": 16.95385}, "rc_at_100": {"relevant": 7.26154, "distractor": 80.6}, "rc_at_200": {"relevant": 8.75385, "distractor": 92.33846}, "rc_at_300": {"relevant": 9.03077, "distractor": 94.53846}, "rc_at_500": {"relevant": 9.2, "distractor": 96.10769}, "rc_at_1000": {"relevant": 9.44615, "distractor": 97.70769}}