{"ndcg_at_1": 0.27273, "ndcg_at_3": 0.18385, "ndcg_at_5": 0.16312, "ndcg_at_10": 0.13288, "ndcg_at_20": 0.14301, "ndcg_at_100": 0.18223, "ndcg_at_200": 0.19845, "ndcg_at_300": 0.20845, "ndcg_at_500": 0.22348, "ndcg_at_1000": 0.24492, "map_at_1": 0.02727, "map_at_3": 0.04424, "map_at_5": 0.05815, "map_at_10": 0.07243, "map_at_20": 0.07524, "map_at_100": 0.08245, "map_at_200": 0.08398, "map_at_300": 0.08461, "map_at_500": 0.08529, "map_at_1000": 0.08599, "recall_at_1": 0.02727, "recall_at_3": 0.04727, "recall_at_5": 0.06909, "recall_at_10": 0.10727, "recall_at_20": 0.12545, "recall_at_100": 0.22727, "recall_at_200": 0.28, "recall_at_300": 0.31636, "recall_at_500": 0.37455, "recall_at_1000": 0.46727, "precision_at_1": 0.27273, "precision_at_3": 0.15758, "precision_at_5": 0.13818, "precision_at_10": 0.10727, "precision_at_20": 0.06273, "precision_at_100": 0.02273, "precision_at_200": 0.014, "precision_at_300": 0.01055, "precision_at_500": 0.00749, "precision_at_1000": 0.00467, "mrr_at_1": 0.27273, "mrr_at_3": 0.30303, "mrr_at_5": 0.31121, "mrr_at_10": 0.32405, "mrr_at_20": 0.32943, "mrr_at_100": 0.33329, "mrr_at_200": 0.33374, "mrr_at_300": 0.33395, "mrr_at_500": 0.334, "mrr_at_1000": 0.33407, "rc_at_1": {"relevant": 0.27273, "distractor": 0.30909}, "rc_at_3": {"relevant": 0.49091, "distractor": 1.01818}, "rc_at_5": {"relevant": 0.70909, "distractor": 1.54545}, "rc_at_10": {"relevant": 1.07273, "distractor": 2.70909}, "rc_at_20": {"relevant": 1.27273, "distractor": 4.4}, "rc_at_100": {"relevant": 2.34545, "distractor": 11.34545}, "rc_at_200": {"relevant": 2.81818, "distractor": 15.69091}, "rc_at_300": {"relevant": 3.36364, "distractor": 18.34545}, "rc_at_500": {"relevant": 3.85455, "distractor": 22.61818}, "rc_at_1000": {"relevant": 4.67273, "distractor": 28.67273}}