{"ndcg_at_1": 0.25361, "ndcg_at_3": 0.2093, "ndcg_at_5": 0.2251, "ndcg_at_10": 0.24299, "ndcg_at_20": 0.25799, "ndcg_at_100": 0.28429, "ndcg_at_200": 0.29388, "ndcg_at_300": 0.29871, "ndcg_at_500": 0.30497, "ndcg_at_1000": 0.31185, "map_at_1": 0.12681, "map_at_3": 0.16968, "map_at_5": 0.17881, "map_at_10": 0.18652, "map_at_20": 0.19103, "map_at_100": 0.19492, "map_at_200": 0.19553, "map_at_300": 0.19572, "map_at_500": 0.1959, "map_at_1000": 0.19602, "recall_at_1": 0.12681, "recall_at_3": 0.20142, "recall_at_5": 0.23275, "recall_at_10": 0.27785, "recall_at_20": 0.32647, "recall_at_100": 0.44416, "recall_at_200": 0.49993, "recall_at_300": 0.5312, "recall_at_500": 0.57502, "recall_at_1000": 0.62816, "precision_at_1": 0.25361, "precision_at_3": 0.13428, "precision_at_5": 0.0931, "precision_at_10": 0.05557, "precision_at_20": 0.03265, "precision_at_100": 0.00888, "precision_at_200": 0.005, "precision_at_300": 0.00354, "precision_at_500": 0.0023, "precision_at_1000": 0.00126, "mrr_at_1": 0.25429, "mrr_at_3": 0.30086, "mrr_at_5": 0.31142, "mrr_at_10": 0.32, "mrr_at_20": 0.32421, "mrr_at_100": 0.32779, "mrr_at_200": 0.32821, "mrr_at_300": 0.32834, "mrr_at_500": 0.32844, "mrr_at_1000": 0.3285, "rc_at_1": {"relevant": 0.0, "distractor": 0.0}, "rc_at_3": {"relevant": 0.0, "distractor": 0.0}, "rc_at_5": {"relevant": 0.0, "distractor": 0.0}, "rc_at_10": {"relevant": 0.0, "distractor": 0.0}, "rc_at_20": {"relevant": 0.0, "distractor": 0.0}, "rc_at_100": {"relevant": 0.0, "distractor": 0.0}, "rc_at_200": {"relevant": 0.0, "distractor": 0.0}, "rc_at_300": {"relevant": 0.0, "distractor": 0.0}, "rc_at_500": {"relevant": 0.0, "distractor": 0.0}, "rc_at_1000": {"relevant": 0.0, "distractor": 0.0}}