{"ndcg_at_1": 0.32055, "ndcg_at_3": 0.35151, "ndcg_at_5": 0.37552, "ndcg_at_10": 0.39852, "ndcg_at_20": 0.41401, "ndcg_at_100": 0.44437, "ndcg_at_200": 0.45338, "ndcg_at_300": 0.45673, "ndcg_at_500": 0.46108, "ndcg_at_1000": 0.46609, "map_at_1": 0.28736, "map_at_3": 0.32871, "map_at_5": 0.34439, "map_at_10": 0.35503, "map_at_20": 0.35977, "map_at_100": 0.36424, "map_at_200": 0.36481, "map_at_300": 0.36495, "map_at_500": 0.36507, "map_at_1000": 0.36515, "recall_at_1": 0.28736, "recall_at_3": 0.37294, "recall_at_5": 0.43314, "recall_at_10": 0.50289, "recall_at_20": 0.56153, "recall_at_100": 0.71346, "recall_at_200": 0.77149, "recall_at_300": 0.7949, "recall_at_500": 0.82971, "recall_at_1000": 0.8717, "precision_at_1": 0.32055, "precision_at_3": 0.14519, "precision_at_5": 0.10368, "precision_at_10": 0.06166, "precision_at_20": 0.03474, "precision_at_100": 0.00922, "precision_at_200": 0.00506, "precision_at_300": 0.00352, "precision_at_500": 0.00221, "precision_at_1000": 0.00118, "mrr_at_1": 0.32055, "mrr_at_3": 0.36196, "mrr_at_5": 0.37508, "mrr_at_10": 0.38481, "mrr_at_20": 0.38872, "mrr_at_100": 0.39266, "mrr_at_200": 0.39305, "mrr_at_300": 0.39314, "mrr_at_500": 0.39322, "mrr_at_1000": 0.39328, "rc_at_1": {"relevant": 0.0, "distractor": 0.0}, "rc_at_3": {"relevant": 0.0, "distractor": 0.0}, "rc_at_5": {"relevant": 0.0, "distractor": 0.0}, "rc_at_10": {"relevant": 0.0, "distractor": 0.0}, "rc_at_20": {"relevant": 0.0, "distractor": 0.0}, "rc_at_100": {"relevant": 0.0, "distractor": 0.0}, "rc_at_200": {"relevant": 0.0, "distractor": 0.0}, "rc_at_300": {"relevant": 0.0, "distractor": 0.0}, "rc_at_500": {"relevant": 0.0, "distractor": 0.0}, "rc_at_1000": {"relevant": 0.0, "distractor": 0.0}}