{"ndcg_at_1": 0.46, "ndcg_at_3": 0.44274, "ndcg_at_5": 0.41995, "ndcg_at_10": 0.40583, "ndcg_at_20": 0.38434, "ndcg_at_100": 0.27586, "ndcg_at_200": 0.22373, "ndcg_at_300": 0.20297, "ndcg_at_500": 0.19682, "ndcg_at_1000": 0.22574, "map_at_1": 0.00118, "map_at_3": 0.00294, "map_at_5": 0.0044, "map_at_10": 0.00771, "map_at_20": 0.01355, "map_at_100": 0.03665, "map_at_200": 0.04802, "map_at_300": 0.05463, "map_at_500": 0.06189, "map_at_1000": 0.07078, "recall_at_1": 0.00118, "recall_at_3": 0.00336, "recall_at_5": 0.00517, "recall_at_10": 0.01022, "recall_at_20": 0.01909, "recall_at_100": 0.06203, "recall_at_200": 0.09324, "recall_at_300": 0.11672, "recall_at_500": 0.15124, "recall_at_1000": 0.20792, "precision_at_1": 0.52, "precision_at_3": 0.49333, "precision_at_5": 0.46, "precision_at_10": 0.442, "precision_at_20": 0.41, "precision_at_100": 0.2764, "precision_at_200": 0.2132, "precision_at_300": 0.18033, "precision_at_500": 0.14272, "precision_at_1000": 0.10066, "mrr_at_1": 0.52, "mrr_at_3": 0.60667, "mrr_at_5": 0.60667, "mrr_at_10": 0.61724, "mrr_at_20": 0.62591, "mrr_at_100": 0.62686, "mrr_at_200": 0.62705, "mrr_at_300": 0.62705, "mrr_at_500": 0.62705, "mrr_at_1000": 0.62705, "rc_at_1": {"relevant": 0.0, "distractor": 0.0}, "rc_at_3": {"relevant": 0.0, "distractor": 0.0}, "rc_at_5": {"relevant": 0.0, "distractor": 0.0}, "rc_at_10": {"relevant": 0.0, "distractor": 0.0}, "rc_at_20": {"relevant": 0.0, "distractor": 0.0}, "rc_at_100": {"relevant": 0.0, "distractor": 0.0}, "rc_at_200": {"relevant": 0.0, "distractor": 0.0}, "rc_at_300": {"relevant": 0.0, "distractor": 0.0}, "rc_at_500": {"relevant": 0.0, "distractor": 0.0}, "rc_at_1000": {"relevant": 0.0, "distractor": 0.0}}