{"ndcg_at_1": 0.80348, "ndcg_at_3": 0.84852, "ndcg_at_5": 0.85855, "ndcg_at_10": 0.8651, "ndcg_at_20": 0.86937, "ndcg_at_100": 0.87333, "ndcg_at_200": 0.87416, "ndcg_at_300": 0.8746, "ndcg_at_500": 0.87507, "ndcg_at_1000": 0.87561, "map_at_1": 0.74566, "map_at_3": 0.81733, "map_at_5": 0.82476, "map_at_10": 0.82832, "map_at_20": 0.82985, "map_at_100": 0.83064, "map_at_200": 0.83071, "map_at_300": 0.83074, "map_at_500": 0.83075, "map_at_1000": 0.83077, "recall_at_1": 0.74566, "recall_at_3": 0.88791, "recall_at_5": 0.9138, "recall_at_10": 0.93341, "recall_at_20": 0.94843, "recall_at_100": 0.96611, "recall_at_200": 0.97079, "recall_at_300": 0.97356, "recall_at_500": 0.97678, "recall_at_1000": 0.98069, "precision_at_1": 0.80348, "precision_at_3": 0.32418, "precision_at_5": 0.20156, "precision_at_10": 0.10377, "precision_at_20": 0.05311, "precision_at_100": 0.01099, "precision_at_200": 0.00555, "precision_at_300": 0.00372, "precision_at_500": 0.00225, "precision_at_1000": 0.00113, "mrr_at_1": 0.80348, "mrr_at_3": 0.86604, "mrr_at_5": 0.87115, "mrr_at_10": 0.87324, "mrr_at_20": 0.87396, "mrr_at_100": 0.87417, "mrr_at_200": 0.87418, "mrr_at_300": 0.87418, "mrr_at_500": 0.87418, "mrr_at_1000": 0.87418, "rc_at_1": {"relevant": 0.0, "distractor": 0.0}, "rc_at_3": {"relevant": 0.0, "distractor": 0.0}, "rc_at_5": {"relevant": 0.0, "distractor": 0.0}, "rc_at_10": {"relevant": 0.0, "distractor": 0.0}, "rc_at_20": {"relevant": 0.0, "distractor": 0.0}, "rc_at_100": {"relevant": 0.0, "distractor": 0.0}, "rc_at_200": {"relevant": 0.0, "distractor": 0.0}, "rc_at_300": {"relevant": 0.0, "distractor": 0.0}, "rc_at_500": {"relevant": 0.0, "distractor": 0.0}, "rc_at_1000": {"relevant": 0.0, "distractor": 0.0}}