{"ndcg_at_1": 0.40875, "ndcg_at_3": 0.32183, "ndcg_at_5": 0.29812, "ndcg_at_10": 0.27284, "ndcg_at_20": 0.25933, "ndcg_at_100": 0.28575, "ndcg_at_200": 0.30588, "ndcg_at_300": 0.31687, "ndcg_at_500": 0.33098, "ndcg_at_1000": 0.34889, "map_at_1": 0.05622, "map_at_3": 0.08034, "map_at_5": 0.09202, "map_at_10": 0.10574, "map_at_20": 0.11667, "map_at_100": 0.13465, "map_at_200": 0.13888, "map_at_300": 0.14061, "map_at_500": 0.14216, "map_at_1000": 0.14363, "recall_at_1": 0.05622, "recall_at_3": 0.09013, "recall_at_5": 0.11215, "recall_at_10": 0.14899, "recall_at_20": 0.18807, "recall_at_100": 0.30475, "recall_at_200": 0.36596, "recall_at_300": 0.40131, "recall_at_500": 0.45212, "recall_at_1000": 0.51628, "precision_at_1": 0.495, "precision_at_3": 0.33417, "precision_at_5": 0.2785, "precision_at_10": 0.20375, "precision_at_20": 0.14587, "precision_at_100": 0.06057, "precision_at_200": 0.03943, "precision_at_300": 0.03026, "precision_at_500": 0.02156, "precision_at_1000": 0.0134, "mrr_at_1": 0.495, "mrr_at_3": 0.55792, "mrr_at_5": 0.56817, "mrr_at_10": 0.57683, "mrr_at_20": 0.58173, "mrr_at_100": 0.5837, "mrr_at_200": 0.58387, "mrr_at_300": 0.58394, "mrr_at_500": 0.584, "mrr_at_1000": 0.58401, "rc_at_1": {"relevant": 0.0, "distractor": 0.0}, "rc_at_3": {"relevant": 0.0, "distractor": 0.0}, "rc_at_5": {"relevant": 0.0, "distractor": 0.0}, "rc_at_10": {"relevant": 0.0, "distractor": 0.0}, "rc_at_20": {"relevant": 0.0, "distractor": 0.0}, "rc_at_100": {"relevant": 0.0, "distractor": 0.0}, "rc_at_200": {"relevant": 0.0, "distractor": 0.0}, "rc_at_300": {"relevant": 0.0, "distractor": 0.0}, "rc_at_500": {"relevant": 0.0, "distractor": 0.0}, "rc_at_1000": {"relevant": 0.0, "distractor": 0.0}}