{"ndcg_at_1": 0.00791, "ndcg_at_3": 0.01184, "ndcg_at_5": 0.01605, "ndcg_at_10": 0.02093, "ndcg_at_20": 0.0279, "ndcg_at_100": 0.0425, "ndcg_at_200": 0.04949, "ndcg_at_300": 0.05449, "ndcg_at_500": 0.0605, "ndcg_at_1000": 0.07085, "map_at_1": 0.0064, "map_at_3": 0.00998, "map_at_5": 0.01238, "map_at_10": 0.01455, "map_at_20": 0.01648, "map_at_100": 0.01835, "map_at_200": 0.01869, "map_at_300": 0.01885, "map_at_500": 0.019, "map_at_1000": 0.01914, "recall_at_1": 0.0064, "recall_at_3": 0.01544, "recall_at_5": 0.02561, "recall_at_10": 0.04002, "recall_at_20": 0.06673, "recall_at_100": 0.14577, "recall_at_200": 0.19414, "recall_at_300": 0.23234, "recall_at_500": 0.28187, "recall_at_1000": 0.37445, "precision_at_1": 0.00791, "precision_at_3": 0.00565, "precision_at_5": 0.00565, "precision_at_10": 0.00441, "precision_at_20": 0.00367, "precision_at_100": 0.00163, "precision_at_200": 0.00111, "precision_at_300": 0.00089, "precision_at_500": 0.00065, "precision_at_1000": 0.00044, "mrr_at_1": 0.00791, "mrr_at_3": 0.01149, "mrr_at_5": 0.01414, "mrr_at_10": 0.01627, "mrr_at_20": 0.01837, "mrr_at_100": 0.02028, "mrr_at_200": 0.02065, "mrr_at_300": 0.02082, "mrr_at_500": 0.02096, "mrr_at_1000": 0.0211, "rc_at_1": {"relevant": 0.0, "distractor": 0.0}, "rc_at_3": {"relevant": 0.0, "distractor": 0.0}, "rc_at_5": {"relevant": 0.0, "distractor": 0.0}, "rc_at_10": {"relevant": 0.0, "distractor": 0.0}, "rc_at_20": {"relevant": 0.0, "distractor": 0.0}, "rc_at_100": {"relevant": 0.0, "distractor": 0.0}, "rc_at_200": {"relevant": 0.0, "distractor": 0.0}, "rc_at_300": {"relevant": 0.0, "distractor": 0.0}, "rc_at_500": {"relevant": 0.0, "distractor": 0.0}, "rc_at_1000": {"relevant": 0.0, "distractor": 0.0}}