{"ndcg_at_1": 0.41176, "ndcg_at_3": 0.3848, "ndcg_at_5": 0.3573, "ndcg_at_10": 0.32173, "ndcg_at_20": 0.30204, "ndcg_at_100": 0.29903, "ndcg_at_200": 0.31609, "ndcg_at_300": 0.33041, "ndcg_at_500": 0.35214, "ndcg_at_1000": 0.38859, "map_at_1": 0.05202, "map_at_3": 0.0894, "map_at_5": 0.10197, "map_at_10": 0.11902, "map_at_20": 0.1327, "map_at_100": 0.14963, "map_at_200": 0.15446, "map_at_300": 0.157, "map_at_500": 0.15969, "map_at_1000": 0.16325, "recall_at_1": 0.05202, "recall_at_3": 0.10118, "recall_at_5": 0.12365, "recall_at_10": 0.15813, "recall_at_20": 0.20047, "recall_at_100": 0.31062, "recall_at_200": 0.37792, "recall_at_300": 0.4307, "recall_at_500": 0.50821, "recall_at_1000": 0.63306, "precision_at_1": 0.42724, "precision_at_3": 0.36533, "precision_at_5": 0.3096, "precision_at_10": 0.23529, "precision_at_20": 0.17523, "precision_at_100": 0.07424, "precision_at_200": 0.04989, "precision_at_300": 0.03976, "precision_at_500": 0.0295, "precision_at_1000": 0.02033, "mrr_at_1": 0.43653, "mrr_at_3": 0.50516, "mrr_at_5": 0.51832, "mrr_at_10": 0.52522, "mrr_at_20": 0.52827, "mrr_at_100": 0.53167, "mrr_at_200": 0.53179, "mrr_at_300": 0.53186, "mrr_at_500": 0.53193, "mrr_at_1000": 0.53196, "rc_at_1": {"relevant": 0.0, "distractor": 0.0}, "rc_at_3": {"relevant": 0.0, "distractor": 0.0}, "rc_at_5": {"relevant": 0.0, "distractor": 0.0}, "rc_at_10": {"relevant": 0.0, "distractor": 0.0}, "rc_at_20": {"relevant": 0.0, "distractor": 0.0}, "rc_at_100": {"relevant": 0.0, "distractor": 0.0}, "rc_at_200": {"relevant": 0.0, "distractor": 0.0}, "rc_at_300": {"relevant": 0.0, "distractor": 0.0}, "rc_at_500": {"relevant": 0.0, "distractor": 0.0}, "rc_at_1000": {"relevant": 0.0, "distractor": 0.0}}