{"ndcg_at_1": 0.14295, "ndcg_at_3": 0.17629, "ndcg_at_5": 0.19366, "ndcg_at_10": 0.21406, "ndcg_at_20": 0.22899, "ndcg_at_100": 0.26091, "ndcg_at_200": 0.27318, "ndcg_at_300": 0.27813, "ndcg_at_500": 0.2849, "ndcg_at_1000": 0.29301, "map_at_1": 0.12256, "map_at_3": 0.15881, "map_at_5": 0.16933, "map_at_10": 0.17824, "map_at_20": 0.18262, "map_at_100": 0.18734, "map_at_200": 0.18806, "map_at_300": 0.18825, "map_at_500": 0.18843, "map_at_1000": 0.18856, "recall_at_1": 0.12256, "recall_at_3": 0.19983, "recall_at_5": 0.24114, "recall_at_10": 0.30051, "recall_at_20": 0.35658, "recall_at_100": 0.51915, "recall_at_200": 0.59987, "recall_at_300": 0.63527, "recall_at_500": 0.68903, "recall_at_1000": 0.76012, "precision_at_1": 0.14295, "precision_at_3": 0.0813, "precision_at_5": 0.06006, "precision_at_10": 0.0385, "precision_at_20": 0.02342, "precision_at_100": 0.00693, "precision_at_200": 0.00405, "precision_at_300": 0.00289, "precision_at_500": 0.0019, "precision_at_1000": 0.00105, "mrr_at_1": 0.14295, "mrr_at_3": 0.1813, "mrr_at_5": 0.19186, "mrr_at_10": 0.20087, "mrr_at_20": 0.20497, "mrr_at_100": 0.20891, "mrr_at_200": 0.20951, "mrr_at_300": 0.20964, "mrr_at_500": 0.20977, "mrr_at_1000": 0.20985, "rc_at_1": {"relevant": 0.0, "distractor": 0.0}, "rc_at_3": {"relevant": 0.0, "distractor": 0.0}, "rc_at_5": {"relevant": 0.0, "distractor": 0.0}, "rc_at_10": {"relevant": 0.0, "distractor": 0.0}, "rc_at_20": {"relevant": 0.0, "distractor": 0.0}, "rc_at_100": {"relevant": 0.0, "distractor": 0.0}, "rc_at_200": {"relevant": 0.0, "distractor": 0.0}, "rc_at_300": {"relevant": 0.0, "distractor": 0.0}, "rc_at_500": {"relevant": 0.0, "distractor": 0.0}, "rc_at_1000": {"relevant": 0.0, "distractor": 0.0}}