{"ndcg_at_1": 0.76651, "ndcg_at_3": 0.61131, "ndcg_at_5": 0.6324, "ndcg_at_10": 0.65081, "ndcg_at_20": 0.66223, "ndcg_at_100": 0.67943, "ndcg_at_200": 0.68412, "ndcg_at_300": 0.68663, "ndcg_at_500": 0.68941, "ndcg_at_1000": 0.69268, "map_at_1": 0.38325, "map_at_3": 0.53638, "map_at_5": 0.55276, "map_at_10": 0.56357, "map_at_20": 0.5681, "map_at_100": 0.57151, "map_at_200": 0.57188, "map_at_300": 0.572, "map_at_500": 0.57209, "map_at_1000": 0.57216, "recall_at_1": 0.38325, "recall_at_3": 0.57596, "recall_at_5": 0.61769, "recall_at_10": 0.66388, "recall_at_20": 0.70061, "recall_at_100": 0.7767, "recall_at_200": 0.80398, "recall_at_300": 0.82026, "recall_at_500": 0.8397, "recall_at_1000": 0.86489, "precision_at_1": 0.76651, "precision_at_3": 0.38397, "precision_at_5": 0.24708, "precision_at_10": 0.13278, "precision_at_20": 0.07006, "precision_at_100": 0.01553, "precision_at_200": 0.00804, "precision_at_300": 0.00547, "precision_at_500": 0.00336, "precision_at_1000": 0.00173, "mrr_at_1": 0.76651, "mrr_at_3": 0.81339, "mrr_at_5": 0.81885, "mrr_at_10": 0.8222, "mrr_at_20": 0.82341, "mrr_at_100": 0.82422, "mrr_at_200": 0.82427, "mrr_at_300": 0.8243, "mrr_at_500": 0.82431, "mrr_at_1000": 0.82432, "rc_at_1": {"relevant": 0.0, "distractor": 0.0}, "rc_at_3": {"relevant": 0.0, "distractor": 0.0}, "rc_at_5": {"relevant": 0.0, "distractor": 0.0}, "rc_at_10": {"relevant": 0.0, "distractor": 0.0}, "rc_at_20": {"relevant": 0.0, "distractor": 0.0}, "rc_at_100": {"relevant": 0.0, "distractor": 0.0}, "rc_at_200": {"relevant": 0.0, "distractor": 0.0}, "rc_at_300": {"relevant": 0.0, "distractor": 0.0}, "rc_at_500": {"relevant": 0.0, "distractor": 0.0}, "rc_at_1000": {"relevant": 0.0, "distractor": 0.0}}