{"ndcg_at_1": 0.53793, "ndcg_at_3": 0.59968, "ndcg_at_5": 0.6266, "ndcg_at_10": 0.65325, "ndcg_at_20": 0.66735, "ndcg_at_100": 0.68501, "ndcg_at_200": 0.68891, "ndcg_at_300": 0.69032, "ndcg_at_500": 0.69219, "ndcg_at_1000": 0.69377, "map_at_1": 0.47396, "map_at_3": 0.56519, "map_at_5": 0.58415, "map_at_10": 0.59862, "map_at_20": 0.6039, "map_at_100": 0.6071, "map_at_200": 0.60741, "map_at_300": 0.60749, "map_at_500": 0.60755, "map_at_1000": 0.60758, "recall_at_1": 0.47396, "recall_at_3": 0.64123, "recall_at_5": 0.7059, "recall_at_10": 0.78288, "recall_at_20": 0.83436, "recall_at_100": 0.91962, "recall_at_200": 0.94306, "recall_at_300": 0.95262, "recall_at_500": 0.96713, "recall_at_1000": 0.98003, "precision_at_1": 0.53793, "precision_at_3": 0.26186, "precision_at_5": 0.17881, "precision_at_10": 0.10219, "precision_at_20": 0.05589, "precision_at_100": 0.01265, "precision_at_200": 0.00657, "precision_at_300": 0.00445, "precision_at_500": 0.00272, "precision_at_1000": 0.00138, "mrr_at_1": 0.53793, "mrr_at_3": 0.60585, "mrr_at_5": 0.62008, "mrr_at_10": 0.62889, "mrr_at_20": 0.63218, "mrr_at_100": 0.63398, "mrr_at_200": 0.63412, "mrr_at_300": 0.63415, "mrr_at_500": 0.63418, "mrr_at_1000": 0.63419, "rc_at_1": {"relevant": 0.0, "distractor": 0.0}, "rc_at_3": {"relevant": 0.0, "distractor": 0.0}, "rc_at_5": {"relevant": 0.0, "distractor": 0.0}, "rc_at_10": {"relevant": 0.0, "distractor": 0.0}, "rc_at_20": {"relevant": 0.0, "distractor": 0.0}, "rc_at_100": {"relevant": 0.0, "distractor": 0.0}, "rc_at_200": {"relevant": 0.0, "distractor": 0.0}, "rc_at_300": {"relevant": 0.0, "distractor": 0.0}, "rc_at_500": {"relevant": 0.0, "distractor": 0.0}, "rc_at_1000": {"relevant": 0.0, "distractor": 0.0}}