{"ndcg_at_1": 0.10836, "ndcg_at_3": 0.08479, "ndcg_at_5": 0.08034, "ndcg_at_10": 0.07343, "ndcg_at_20": 0.07096, "ndcg_at_100": 0.08848, "ndcg_at_200": 0.11076, "ndcg_at_300": 0.12534, "ndcg_at_500": 0.14927, "ndcg_at_1000": 0.19396, "map_at_1": 0.00667, "map_at_3": 0.00922, "map_at_5": 0.0105, "map_at_10": 0.01255, "map_at_20": 0.01471, "map_at_100": 0.01971, "map_at_200": 0.02212, "map_at_300": 0.02347, "map_at_500": 0.02532, "map_at_1000": 0.02825, "recall_at_1": 0.00667, "recall_at_3": 0.01167, "recall_at_5": 0.01527, "recall_at_10": 0.02536, "recall_at_20": 0.04145, "recall_at_100": 0.12717, "recall_at_200": 0.2068, "recall_at_300": 0.25084, "recall_at_500": 0.33072, "recall_at_1000": 0.48651, "precision_at_1": 0.11455, "precision_at_3": 0.0805, "precision_at_5": 0.0743, "precision_at_10": 0.06099, "precision_at_20": 0.05, "precision_at_100": 0.03118, "precision_at_200": 0.02577, "precision_at_300": 0.02292, "precision_at_500": 0.01948, "precision_at_1000": 0.01578, "mrr_at_1": 0.11146, "mrr_at_3": 0.14448, "mrr_at_5": 0.15609, "mrr_at_10": 0.17001, "mrr_at_20": 0.17574, "mrr_at_100": 0.18233, "mrr_at_200": 0.1831, "mrr_at_300": 0.1833, "mrr_at_500": 0.18343, "mrr_at_1000": 0.18349, "rc_at_1": {"relevant": 0.0, "distractor": 0.0}, "rc_at_3": {"relevant": 0.0, "distractor": 0.0}, "rc_at_5": {"relevant": 0.0, "distractor": 0.0}, "rc_at_10": {"relevant": 0.0, "distractor": 0.0}, "rc_at_20": {"relevant": 0.0, "distractor": 0.0}, "rc_at_100": {"relevant": 0.0, "distractor": 0.0}, "rc_at_200": {"relevant": 0.0, "distractor": 0.0}, "rc_at_300": {"relevant": 0.0, "distractor": 0.0}, "rc_at_500": {"relevant": 0.0, "distractor": 0.0}, "rc_at_1000": {"relevant": 0.0, "distractor": 0.0}}