{"ndcg_at_1": 0.8034, "ndcg_at_3": 0.84726, "ndcg_at_5": 0.86401, "ndcg_at_10": 0.87635, "ndcg_at_20": 0.88313, "ndcg_at_100": 0.88911, "ndcg_at_200": 0.88975, "ndcg_at_300": 0.88999, "ndcg_at_500": 0.89016, "ndcg_at_1000": 0.89022, "map_at_1": 0.69738, "map_at_3": 0.80748, "map_at_5": 0.82664, "map_at_10": 0.83745, "map_at_20": 0.84163, "map_at_100": 0.84388, "map_at_200": 0.84399, "map_at_300": 0.84402, "map_at_500": 0.84404, "map_at_1000": 0.84405, "recall_at_1": 0.69738, "recall_at_3": 0.86743, "recall_at_5": 0.91486, "recall_at_10": 0.95076, "recall_at_20": 0.9729, "recall_at_100": 0.99457, "recall_at_200": 0.99736, "recall_at_300": 0.99844, "recall_at_500": 0.99929, "recall_at_1000": 0.9996, "precision_at_1": 0.8034, "precision_at_3": 0.37117, "precision_at_5": 0.24448, "precision_at_10": 0.1332, "precision_at_20": 0.07061, "precision_at_100": 0.01525, "precision_at_200": 0.00772, "precision_at_300": 0.00518, "precision_at_500": 0.00312, "precision_at_1000": 0.00157, "mrr_at_1": 0.8034, "mrr_at_3": 0.85818, "mrr_at_5": 0.86527, "mrr_at_10": 0.8681, "mrr_at_20": 0.86891, "mrr_at_100": 0.86921, "mrr_at_200": 0.86922, "mrr_at_300": 0.86922, "mrr_at_500": 0.86923, "mrr_at_1000": 0.86923, "rc_at_1": {"relevant": 0.0, "distractor": 0.0}, "rc_at_3": {"relevant": 0.0, "distractor": 0.0}, "rc_at_5": {"relevant": 0.0, "distractor": 0.0}, "rc_at_10": {"relevant": 0.0, "distractor": 0.0}, "rc_at_20": {"relevant": 0.0, "distractor": 0.0}, "rc_at_100": {"relevant": 0.0, "distractor": 0.0}, "rc_at_200": {"relevant": 0.0, "distractor": 0.0}, "rc_at_300": {"relevant": 0.0, "distractor": 0.0}, "rc_at_500": {"relevant": 0.0, "distractor": 0.0}, "rc_at_1000": {"relevant": 0.0, "distractor": 0.0}}