{"ndcg_at_1": 0.27273, "ndcg_at_3": 0.28664, "ndcg_at_5": 0.25996, "ndcg_at_10": 0.2185, "ndcg_at_20": 0.28198, "ndcg_at_100": 0.4479, "ndcg_at_200": 0.48088, "ndcg_at_300": 0.4894, "ndcg_at_500": 0.49452, "ndcg_at_1000": 0.50511, "map_at_1": 0.02727, "map_at_3": 0.0703, "map_at_5": 0.0923, "map_at_10": 0.11497, "map_at_20": 0.14415, "map_at_100": 0.20167, "map_at_200": 0.20803, "map_at_300": 0.20905, "map_at_500": 0.20946, "map_at_1000": 0.20994, "recall_at_1": 0.02727, "recall_at_3": 0.08727, "recall_at_5": 0.12545, "recall_at_10": 0.19636, "recall_at_20": 0.31273, "recall_at_100": 0.72, "recall_at_200": 0.82545, "recall_at_300": 0.85636, "recall_at_500": 0.87636, "recall_at_1000": 0.92182, "precision_at_1": 0.27273, "precision_at_3": 0.29091, "precision_at_5": 0.25091, "precision_at_10": 0.19636, "precision_at_20": 0.15636, "precision_at_100": 0.072, "precision_at_200": 0.04127, "precision_at_300": 0.02855, "precision_at_500": 0.01753, "precision_at_1000": 0.00922, "mrr_at_1": 0.27273, "mrr_at_3": 0.38182, "mrr_at_5": 0.4, "mrr_at_10": 0.4304, "mrr_at_20": 0.43593, "mrr_at_100": 0.43784, "mrr_at_200": 0.43784, "mrr_at_300": 0.43784, "mrr_at_500": 0.43784, "mrr_at_1000": 0.43784, "rc_at_1": {"relevant": 0.27273, "distractor": 0.70909}, "rc_at_3": {"relevant": 0.87273, "distractor": 2.03636}, "rc_at_5": {"relevant": 1.25455, "distractor": 3.6}, "rc_at_10": {"relevant": 1.96364, "distractor": 7.72727}, "rc_at_20": {"relevant": 3.12727, "distractor": 15.92727}, "rc_at_100": {"relevant": 7.2, "distractor": 61.72727}, "rc_at_200": {"relevant": 8.25455, "distractor": 74.38182}, "rc_at_300": {"relevant": 8.56364, "distractor": 78.32727}, "rc_at_500": {"relevant": 8.76364, "distractor": 82.23636}, "rc_at_1000": {"relevant": 9.21818, "distractor": 87.52727}}