{"ndcg_at_1": 0.07777, "ndcg_at_3": 0.09436, "ndcg_at_5": 0.10519, "ndcg_at_10": 0.11797, "ndcg_at_20": 0.1304, "ndcg_at_100": 0.15548, "ndcg_at_200": 0.16666, "ndcg_at_300": 0.17199, "ndcg_at_500": 0.17832, "ndcg_at_1000": 0.1879, "map_at_1": 0.06035, "map_at_3": 0.08052, "map_at_5": 0.08744, "map_at_10": 0.09296, "map_at_20": 0.09656, "map_at_100": 0.09999, "map_at_200": 0.10064, "map_at_300": 0.10083, "map_at_500": 0.101, "map_at_1000": 0.10115, "recall_at_1": 0.06035, "recall_at_3": 0.10513, "recall_at_5": 0.13332, "recall_at_10": 0.17229, "recall_at_20": 0.21837, "recall_at_100": 0.34625, "recall_at_200": 0.41864, "recall_at_300": 0.45672, "recall_at_500": 0.50514, "recall_at_1000": 0.58769, "precision_at_1": 0.07777, "precision_at_3": 0.04726, "precision_at_5": 0.0362, "precision_at_10": 0.02371, "precision_at_20": 0.01521, "precision_at_100": 0.00496, "precision_at_200": 0.00308, "precision_at_300": 0.00227, "precision_at_500": 0.00154, "precision_at_1000": 0.0009, "mrr_at_1": 0.07777, "mrr_at_3": 0.10295, "mrr_at_5": 0.11052, "mrr_at_10": 0.11645, "mrr_at_20": 0.12007, "mrr_at_100": 0.12335, "mrr_at_200": 0.12388, "mrr_at_300": 0.12404, "mrr_at_500": 0.12416, "mrr_at_1000": 0.12428, "rc_at_1": {"relevant": 0.0, "distractor": 0.0}, "rc_at_3": {"relevant": 0.0, "distractor": 0.0}, "rc_at_5": {"relevant": 0.0, "distractor": 0.0}, "rc_at_10": {"relevant": 0.0, "distractor": 0.0}, "rc_at_20": {"relevant": 0.0, "distractor": 0.0}, "rc_at_100": {"relevant": 0.0, "distractor": 0.0}, "rc_at_200": {"relevant": 0.0, "distractor": 0.0}, "rc_at_300": {"relevant": 0.0, "distractor": 0.0}, "rc_at_500": {"relevant": 0.0, "distractor": 0.0}, "rc_at_1000": {"relevant": 0.0, "distractor": 0.0}}