{"ndcg_at_1": 0.435, "ndcg_at_3": 0.35254, "ndcg_at_5": 0.32678, "ndcg_at_10": 0.31075, "ndcg_at_20": 0.30122, "ndcg_at_100": 0.33651, "ndcg_at_200": 0.36062, "ndcg_at_300": 0.37295, "ndcg_at_500": 0.38778, "ndcg_at_1000": 0.4067, "map_at_1": 0.07295, "map_at_3": 0.10601, "map_at_5": 0.11928, "map_at_10": 0.13825, "map_at_20": 0.15416, "map_at_100": 0.18005, "map_at_200": 0.18558, "map_at_300": 0.18754, "map_at_500": 0.18942, "map_at_1000": 0.19116, "recall_at_1": 0.07295, "recall_at_3": 0.11729, "recall_at_5": 0.14388, "recall_at_10": 0.1842, "recall_at_20": 0.2325, "recall_at_100": 0.37263, "recall_at_200": 0.44588, "recall_at_300": 0.48378, "recall_at_500": 0.5368, "recall_at_1000": 0.60631, "precision_at_1": 0.525, "precision_at_3": 0.36667, "precision_at_5": 0.3005, "precision_at_10": 0.2365, "precision_at_20": 0.1735, "precision_at_100": 0.072, "precision_at_200": 0.04664, "precision_at_300": 0.03559, "precision_at_500": 0.02508, "precision_at_1000": 0.01552, "mrr_at_1": 0.525, "mrr_at_3": 0.5975, "mrr_at_5": 0.61313, "mrr_at_10": 0.62118, "mrr_at_20": 0.62432, "mrr_at_100": 0.62644, "mrr_at_200": 0.62655, "mrr_at_300": 0.62657, "mrr_at_500": 0.62659, "mrr_at_1000": 0.6266, "rc_at_1": {"relevant": 0.0, "distractor": 0.0}, "rc_at_3": {"relevant": 0.0, "distractor": 0.0}, "rc_at_5": {"relevant": 0.0, "distractor": 0.0}, "rc_at_10": {"relevant": 0.0, "distractor": 0.0}, "rc_at_20": {"relevant": 0.0, "distractor": 0.0}, "rc_at_100": {"relevant": 0.0, "distractor": 0.0}, "rc_at_200": {"relevant": 0.0, "distractor": 0.0}, "rc_at_300": {"relevant": 0.0, "distractor": 0.0}, "rc_at_500": {"relevant": 0.0, "distractor": 0.0}, "rc_at_1000": {"relevant": 0.0, "distractor": 0.0}}