{"ndcg_at_1": 0.0, "ndcg_at_3": 0.2843, "ndcg_at_5": 0.35825, "ndcg_at_10": 0.41432, "ndcg_at_20": 0.44148, "ndcg_at_100": 0.45024, "ndcg_at_200": 0.45096, "ndcg_at_300": 0.4515, "ndcg_at_500": 0.45159, "ndcg_at_1000": 0.45159, "map_at_1": 0.0, "map_at_3": 0.2155, "map_at_5": 0.25644, "map_at_10": 0.27968, "map_at_20": 0.28742, "map_at_100": 0.28874, "map_at_200": 0.28878, "map_at_300": 0.2888, "map_at_500": 0.2888, "map_at_1000": 0.2888, "recall_at_1": 0.0, "recall_at_3": 0.48293, "recall_at_5": 0.66287, "recall_at_10": 0.8357, "recall_at_20": 0.94097, "recall_at_100": 0.98649, "recall_at_200": 0.99147, "recall_at_300": 0.99573, "recall_at_500": 0.99644, "recall_at_1000": 0.99644, "precision_at_1": 0.0, "precision_at_3": 0.16098, "precision_at_5": 0.13257, "precision_at_10": 0.08357, "precision_at_20": 0.04705, "precision_at_100": 0.00986, "precision_at_200": 0.00496, "precision_at_300": 0.00332, "precision_at_500": 0.00199, "precision_at_1000": 0.001, "mrr_at_1": 0.0, "mrr_at_3": 0.2155, "mrr_at_5": 0.25644, "mrr_at_10": 0.27967, "mrr_at_20": 0.28741, "mrr_at_100": 0.28873, "mrr_at_200": 0.28877, "mrr_at_300": 0.28879, "mrr_at_500": 0.28879, "mrr_at_1000": 0.28879, "rc_at_1": {"relevant": 0.0, "distractor": 0.0}, "rc_at_3": {"relevant": 0.0, "distractor": 0.0}, "rc_at_5": {"relevant": 0.0, "distractor": 0.0}, "rc_at_10": {"relevant": 0.0, "distractor": 0.0}, "rc_at_20": {"relevant": 0.0, "distractor": 0.0}, "rc_at_100": {"relevant": 0.0, "distractor": 0.0}, "rc_at_200": {"relevant": 0.0, "distractor": 0.0}, "rc_at_300": {"relevant": 0.0, "distractor": 0.0}, "rc_at_500": {"relevant": 0.0, "distractor": 0.0}, "rc_at_1000": {"relevant": 0.0, "distractor": 0.0}}