{"ndcg_at_1": 0.095, "ndcg_at_3": 0.06916, "ndcg_at_5": 0.06148, "ndcg_at_10": 0.05571, "ndcg_at_20": 0.05335, "ndcg_at_100": 0.05895, "ndcg_at_200": 0.06531, "ndcg_at_300": 0.06917, "ndcg_at_500": 0.0744, "ndcg_at_1000": 0.08325, "map_at_1": 0.00804, "map_at_3": 0.01173, "map_at_5": 0.01258, "map_at_10": 0.01449, "map_at_20": 0.01608, "map_at_100": 0.01848, "map_at_200": 0.01892, "map_at_300": 0.01909, "map_at_500": 0.01927, "map_at_1000": 0.01947, "recall_at_1": 0.00804, "recall_at_3": 0.01518, "recall_at_5": 0.01748, "recall_at_10": 0.02648, "recall_at_20": 0.03708, "recall_at_100": 0.06438, "recall_at_200": 0.08462, "recall_at_300": 0.09913, "recall_at_500": 0.11692, "recall_at_1000": 0.15406, "precision_at_1": 0.11, "precision_at_3": 0.0725, "precision_at_5": 0.057, "precision_at_10": 0.041, "precision_at_20": 0.03138, "precision_at_100": 0.01332, "precision_at_200": 0.00882, "precision_at_300": 0.00679, "precision_at_500": 0.00492, "precision_at_1000": 0.00325, "mrr_at_1": 0.11, "mrr_at_3": 0.14583, "mrr_at_5": 0.15358, "mrr_at_10": 0.15994, "mrr_at_20": 0.16533, "mrr_at_100": 0.16888, "mrr_at_200": 0.1695, "mrr_at_300": 0.16967, "mrr_at_500": 0.16981, "mrr_at_1000": 0.1699, "rc_at_1": {"relevant": 0.0, "distractor": 0.0}, "rc_at_3": {"relevant": 0.0, "distractor": 0.0}, "rc_at_5": {"relevant": 0.0, "distractor": 0.0}, "rc_at_10": {"relevant": 0.0, "distractor": 0.0}, "rc_at_20": {"relevant": 0.0, "distractor": 0.0}, "rc_at_100": {"relevant": 0.0, "distractor": 0.0}, "rc_at_200": {"relevant": 0.0, "distractor": 0.0}, "rc_at_300": {"relevant": 0.0, "distractor": 0.0}, "rc_at_500": {"relevant": 0.0, "distractor": 0.0}, "rc_at_1000": {"relevant": 0.0, "distractor": 0.0}}