{"ndcg_at_1": 0.43878, "ndcg_at_3": 0.30393, "ndcg_at_5": 0.27328, "ndcg_at_10": 0.25099, "ndcg_at_20": 0.26055, "ndcg_at_100": 0.36861, "ndcg_at_200": 0.40619, "ndcg_at_300": 0.42467, "ndcg_at_500": 0.45719, "ndcg_at_1000": 0.48471, "map_at_1": 0.03331, "map_at_3": 0.05378, "map_at_5": 0.06971, "map_at_10": 0.09525, "map_at_20": 0.1197, "map_at_100": 0.15587, "map_at_200": 0.16302, "map_at_300": 0.16541, "map_at_500": 0.1688, "map_at_1000": 0.17103, "recall_at_1": 0.03331, "recall_at_3": 0.06345, "recall_at_5": 0.09235, "recall_at_10": 0.15371, "recall_at_20": 0.23247, "recall_at_100": 0.4636, "recall_at_200": 0.56221, "recall_at_300": 0.61407, "recall_at_500": 0.71821, "recall_at_1000": 0.81671, "precision_at_1": 0.44898, "precision_at_3": 0.29252, "precision_at_5": 0.25306, "precision_at_10": 0.2102, "precision_at_20": 0.16122, "precision_at_100": 0.07367, "precision_at_200": 0.04694, "precision_at_300": 0.03503, "precision_at_500": 0.02559, "precision_at_1000": 0.01508, "mrr_at_1": 0.44898, "mrr_at_3": 0.53401, "mrr_at_5": 0.5483, "mrr_at_10": 0.56263, "mrr_at_20": 0.56683, "mrr_at_100": 0.57005, "mrr_at_200": 0.57005, "mrr_at_300": 0.57005, "mrr_at_500": 0.57012, "mrr_at_1000": 0.57012, "rc_at_1": {"relevant": 0.0, "distractor": 0.0}, "rc_at_3": {"relevant": 0.0, "distractor": 0.0}, "rc_at_5": {"relevant": 0.0, "distractor": 0.0}, "rc_at_10": {"relevant": 0.0, "distractor": 0.0}, "rc_at_20": {"relevant": 0.0, "distractor": 0.0}, "rc_at_100": {"relevant": 0.0, "distractor": 0.0}, "rc_at_200": {"relevant": 0.0, "distractor": 0.0}, "rc_at_300": {"relevant": 0.0, "distractor": 0.0}, "rc_at_500": {"relevant": 0.0, "distractor": 0.0}, "rc_at_1000": {"relevant": 0.0, "distractor": 0.0}}