{"ndcg_at_1": 0.20149, "ndcg_at_3": 0.24537, "ndcg_at_5": 0.26404, "ndcg_at_10": 0.28818, "ndcg_at_20": 0.31362, "ndcg_at_100": 0.35104, "ndcg_at_200": 0.36141, "ndcg_at_300": 0.36524, "ndcg_at_500": 0.37153, "ndcg_at_1000": 0.37801, "map_at_1": 0.1631, "map_at_3": 0.21677, "map_at_5": 0.22892, "map_at_10": 0.23918, "map_at_20": 0.2466, "map_at_100": 0.25237, "map_at_200": 0.25305, "map_at_300": 0.25322, "map_at_500": 0.2534, "map_at_1000": 0.25353, "recall_at_1": 0.1631, "recall_at_3": 0.27915, "recall_at_5": 0.32505, "recall_at_10": 0.39678, "recall_at_20": 0.48799, "recall_at_100": 0.67018, "recall_at_200": 0.7347, "recall_at_300": 0.76132, "recall_at_500": 0.80831, "recall_at_1000": 0.85954, "precision_at_1": 0.20149, "precision_at_3": 0.11899, "precision_at_5": 0.08433, "precision_at_10": 0.05274, "precision_at_20": 0.03358, "precision_at_100": 0.00974, "precision_at_200": 0.00547, "precision_at_300": 0.00381, "precision_at_500": 0.00247, "precision_at_1000": 0.00135, "mrr_at_1": 0.21393, "mrr_at_3": 0.26824, "mrr_at_5": 0.28, "mrr_at_10": 0.29228, "mrr_at_20": 0.2985, "mrr_at_100": 0.30302, "mrr_at_200": 0.3034, "mrr_at_300": 0.3035, "mrr_at_500": 0.30361, "mrr_at_1000": 0.30367, "rc_at_1": {"relevant": 0.0, "distractor": 0.0}, "rc_at_3": {"relevant": 0.0, "distractor": 0.0}, "rc_at_5": {"relevant": 0.0, "distractor": 0.0}, "rc_at_10": {"relevant": 0.0, "distractor": 0.0}, "rc_at_20": {"relevant": 0.0, "distractor": 0.0}, "rc_at_100": {"relevant": 0.0, "distractor": 0.0}, "rc_at_200": {"relevant": 0.0, "distractor": 0.0}, "rc_at_300": {"relevant": 0.0, "distractor": 0.0}, "rc_at_500": {"relevant": 0.0, "distractor": 0.0}, "rc_at_1000": {"relevant": 0.0, "distractor": 0.0}}