{"ndcg_at_1": 0.01941, "ndcg_at_3": 0.03205, "ndcg_at_5": 0.0357, "ndcg_at_10": 0.04402, "ndcg_at_20": 0.05248, "ndcg_at_100": 0.07505, "ndcg_at_200": 0.08816, "ndcg_at_300": 0.09633, "ndcg_at_500": 0.10549, "ndcg_at_1000": 0.11661, "map_at_1": 0.01693, "map_at_3": 0.02732, "map_at_5": 0.02938, "map_at_10": 0.03262, "map_at_20": 0.03494, "map_at_100": 0.03802, "map_at_200": 0.03873, "map_at_300": 0.03901, "map_at_500": 0.03922, "map_at_1000": 0.03939, "recall_at_1": 0.01693, "recall_at_3": 0.03936, "recall_at_5": 0.04815, "recall_at_10": 0.07204, "recall_at_20": 0.10278, "recall_at_100": 0.21648, "recall_at_200": 0.30177, "recall_at_300": 0.3609, "recall_at_500": 0.43297, "recall_at_1000": 0.52561, "precision_at_1": 0.01941, "precision_at_3": 0.01674, "precision_at_5": 0.01233, "precision_at_10": 0.0097, "precision_at_20": 0.00713, "precision_at_100": 0.00305, "precision_at_200": 0.00217, "precision_at_300": 0.00176, "precision_at_500": 0.00128, "precision_at_1000": 0.0008, "mrr_at_1": 0.01941, "mrr_at_3": 0.03253, "mrr_at_5": 0.03522, "mrr_at_10": 0.03946, "mrr_at_20": 0.04226, "mrr_at_100": 0.04547, "mrr_at_200": 0.04616, "mrr_at_300": 0.04643, "mrr_at_500": 0.04662, "mrr_at_1000": 0.04676, "rc_at_1": {"relevant": 0.0, "distractor": 0.0}, "rc_at_3": {"relevant": 0.0, "distractor": 0.0}, "rc_at_5": {"relevant": 0.0, "distractor": 0.0}, "rc_at_10": {"relevant": 0.0, "distractor": 0.0}, "rc_at_20": {"relevant": 0.0, "distractor": 0.0}, "rc_at_100": {"relevant": 0.0, "distractor": 0.0}, "rc_at_200": {"relevant": 0.0, "distractor": 0.0}, "rc_at_300": {"relevant": 0.0, "distractor": 0.0}, "rc_at_500": {"relevant": 0.0, "distractor": 0.0}, "rc_at_1000": {"relevant": 0.0, "distractor": 0.0}}