{"ndcg_at_1": 0.2, "ndcg_at_3": 0.15825, "ndcg_at_5": 0.14701, "ndcg_at_10": 0.12013, "ndcg_at_20": 0.15034, "ndcg_at_100": 0.20322, "ndcg_at_200": 0.22071, "ndcg_at_300": 0.22727, "ndcg_at_500": 0.23804, "ndcg_at_1000": 0.24577, "map_at_1": 0.02, "map_at_3": 0.03212, "map_at_5": 0.04094, "map_at_10": 0.05407, "map_at_20": 0.06679, "map_at_100": 0.07884, "map_at_200": 0.08088, "map_at_300": 0.08134, "map_at_500": 0.08193, "map_at_1000": 0.08219, "recall_at_1": 0.02, "recall_at_3": 0.04364, "recall_at_5": 0.06727, "recall_at_10": 0.10182, "recall_at_20": 0.15636, "recall_at_100": 0.28727, "recall_at_200": 0.34364, "recall_at_300": 0.36727, "recall_at_500": 0.40909, "recall_at_1000": 0.44182, "precision_at_1": 0.2, "precision_at_3": 0.14545, "precision_at_5": 0.13455, "precision_at_10": 0.10182, "precision_at_20": 0.07818, "precision_at_100": 0.02873, "precision_at_200": 0.01718, "precision_at_300": 0.01224, "precision_at_500": 0.00818, "precision_at_1000": 0.00442, "mrr_at_1": 0.2, "mrr_at_3": 0.28485, "mrr_at_5": 0.30939, "mrr_at_10": 0.31603, "mrr_at_20": 0.32241, "mrr_at_100": 0.32766, "mrr_at_200": 0.32781, "mrr_at_300": 0.32789, "mrr_at_500": 0.32793, "mrr_at_1000": 0.32796, "rc_at_1": {"relevant": 0.2, "distractor": 0.4}, "rc_at_3": {"relevant": 0.43636, "distractor": 1.16364}, "rc_at_5": {"relevant": 0.67273, "distractor": 1.74545}, "rc_at_10": {"relevant": 1.0, "distractor": 3.14545}, "rc_at_20": {"relevant": 1.56364, "distractor": 5.29091}, "rc_at_100": {"relevant": 2.87273, "distractor": 13.29091}, "rc_at_200": {"relevant": 3.43636, "distractor": 18.29091}, "rc_at_300": {"relevant": 3.67273, "distractor": 21.32727}, "rc_at_500": {"relevant": 4.09091, "distractor": 25.43636}, "rc_at_1000": {"relevant": 4.41818, "distractor": 30.85455}}