{"ndcg_at_1": 0.40343, "ndcg_at_3": 0.44879, "ndcg_at_5": 0.47045, "ndcg_at_10": 0.49552, "ndcg_at_20": 0.51589, "ndcg_at_100": 0.54534, "ndcg_at_200": 0.55428, "ndcg_at_300": 0.55794, "ndcg_at_500": 0.56178, "ndcg_at_1000": 0.5644, "map_at_1": 0.32351, "map_at_3": 0.39807, "map_at_5": 0.41764, "map_at_10": 0.43173, "map_at_20": 0.4394, "map_at_100": 0.44525, "map_at_200": 0.44603, "map_at_300": 0.44625, "map_at_500": 0.44642, "map_at_1000": 0.44651, "recall_at_1": 0.32351, "recall_at_3": 0.47054, "recall_at_5": 0.53431, "recall_at_10": 0.61666, "recall_at_20": 0.69004, "recall_at_100": 0.82223, "recall_at_200": 0.87448, "recall_at_300": 0.89818, "recall_at_500": 0.92326, "recall_at_1000": 0.94037, "precision_at_1": 0.40343, "precision_at_3": 0.21602, "precision_at_5": 0.15308, "precision_at_10": 0.09113, "precision_at_20": 0.05358, "precision_at_100": 0.01458, "precision_at_200": 0.00808, "precision_at_300": 0.00564, "precision_at_500": 0.00358, "precision_at_1000": 0.0019, "mrr_at_1": 0.39628, "mrr_at_3": 0.46876, "mrr_at_5": 0.48414, "mrr_at_10": 0.49443, "mrr_at_20": 0.49946, "mrr_at_100": 0.50197, "mrr_at_200": 0.50226, "mrr_at_300": 0.50234, "mrr_at_500": 0.50239, "mrr_at_1000": 0.5024, "rc_at_1": {"relevant": 0.0, "distractor": 0.0}, "rc_at_3": {"relevant": 0.0, "distractor": 0.0}, "rc_at_5": {"relevant": 0.0, "distractor": 0.0}, "rc_at_10": {"relevant": 0.0, "distractor": 0.0}, "rc_at_20": {"relevant": 0.0, "distractor": 0.0}, "rc_at_100": {"relevant": 0.0, "distractor": 0.0}, "rc_at_200": {"relevant": 0.0, "distractor": 0.0}, "rc_at_300": {"relevant": 0.0, "distractor": 0.0}, "rc_at_500": {"relevant": 0.0, "distractor": 0.0}, "rc_at_1000": {"relevant": 0.0, "distractor": 0.0}}