{"ndcg_at_1": 0.83, "ndcg_at_3": 0.79978, "ndcg_at_5": 0.78786, "ndcg_at_10": 0.74652, "ndcg_at_20": 0.70651, "ndcg_at_100": 0.56164, "ndcg_at_200": 0.48511, "ndcg_at_300": 0.45511, "ndcg_at_500": 0.45501, "ndcg_at_1000": 0.51562, "map_at_1": 0.00241, "map_at_3": 0.00644, "map_at_5": 0.01019, "map_at_10": 0.01805, "map_at_20": 0.03205, "map_at_100": 0.1044, "map_at_200": 0.15358, "map_at_300": 0.18143, "map_at_500": 0.21621, "map_at_1000": 0.25425, "recall_at_1": 0.00241, "recall_at_3": 0.00677, "recall_at_5": 0.01102, "recall_at_10": 0.01998, "recall_at_20": 0.03737, "recall_at_100": 0.14005, "recall_at_200": 0.22475, "recall_at_300": 0.28343, "recall_at_500": 0.36889, "recall_at_1000": 0.49086, "precision_at_1": 0.9, "precision_at_3": 0.86, "precision_at_5": 0.832, "precision_at_10": 0.776, "precision_at_20": 0.735, "precision_at_100": 0.5744, "precision_at_200": 0.4746, "precision_at_300": 0.40727, "precision_at_500": 0.32772, "precision_at_1000": 0.22672, "mrr_at_1": 0.9, "mrr_at_3": 0.93667, "mrr_at_5": 0.94167, "mrr_at_10": 0.94167, "mrr_at_20": 0.94167, "mrr_at_100": 0.94167, "mrr_at_200": 0.94167, "mrr_at_300": 0.94167, "mrr_at_500": 0.94167, "mrr_at_1000": 0.94167, "rc_at_1": {"relevant": 0.0, "distractor": 0.0}, "rc_at_3": {"relevant": 0.0, "distractor": 0.0}, "rc_at_5": {"relevant": 0.0, "distractor": 0.0}, "rc_at_10": {"relevant": 0.0, "distractor": 0.0}, "rc_at_20": {"relevant": 0.0, "distractor": 0.0}, "rc_at_100": {"relevant": 0.0, "distractor": 0.0}, "rc_at_200": {"relevant": 0.0, "distractor": 0.0}, "rc_at_300": {"relevant": 0.0, "distractor": 0.0}, "rc_at_500": {"relevant": 0.0, "distractor": 0.0}, "rc_at_1000": {"relevant": 0.0, "distractor": 0.0}}