{"ndcg_at_1": 0.65807, "ndcg_at_3": 0.50184, "ndcg_at_5": 0.52313, "ndcg_at_10": 0.54304, "ndcg_at_20": 0.55701, "ndcg_at_100": 0.57669, "ndcg_at_200": 0.58241, "ndcg_at_300": 0.5855, "ndcg_at_500": 0.58875, "ndcg_at_1000": 0.5931, "map_at_1": 0.32903, "map_at_3": 0.42397, "map_at_5": 0.43908, "map_at_10": 0.44974, "map_at_20": 0.45491, "map_at_100": 0.4586, "map_at_200": 0.45902, "map_at_300": 0.45918, "map_at_500": 0.45928, "map_at_1000": 0.45937, "recall_at_1": 0.32903, "recall_at_3": 0.46421, "recall_at_5": 0.50628, "recall_at_10": 0.55618, "recall_at_20": 0.60101, "recall_at_100": 0.68818, "recall_at_200": 0.72147, "recall_at_300": 0.74146, "recall_at_500": 0.76428, "recall_at_1000": 0.79777, "precision_at_1": 0.65807, "precision_at_3": 0.30948, "precision_at_5": 0.20251, "precision_at_10": 0.11124, "precision_at_20": 0.0601, "precision_at_100": 0.01376, "precision_at_200": 0.00721, "precision_at_300": 0.00494, "precision_at_500": 0.00306, "precision_at_1000": 0.0016, "mrr_at_1": 0.66104, "mrr_at_3": 0.71447, "mrr_at_5": 0.7227, "mrr_at_10": 0.72857, "mrr_at_20": 0.73068, "mrr_at_100": 0.732, "mrr_at_200": 0.73211, "mrr_at_300": 0.73215, "mrr_at_500": 0.73217, "mrr_at_1000": 0.73218, "rc_at_1": {"relevant": 0.0, "distractor": 0.0}, "rc_at_3": {"relevant": 0.0, "distractor": 0.0}, "rc_at_5": {"relevant": 0.0, "distractor": 0.0}, "rc_at_10": {"relevant": 0.0, "distractor": 0.0}, "rc_at_20": {"relevant": 0.0, "distractor": 0.0}, "rc_at_100": {"relevant": 0.0, "distractor": 0.0}, "rc_at_200": {"relevant": 0.0, "distractor": 0.0}, "rc_at_300": {"relevant": 0.0, "distractor": 0.0}, "rc_at_500": {"relevant": 0.0, "distractor": 0.0}, "rc_at_1000": {"relevant": 0.0, "distractor": 0.0}}