{"ndcg_at_1": 0.23891, "ndcg_at_3": 0.26603, "ndcg_at_5": 0.28414, "ndcg_at_10": 0.30488, "ndcg_at_20": 0.32616, "ndcg_at_100": 0.35946, "ndcg_at_200": 0.37054, "ndcg_at_300": 0.37607, "ndcg_at_500": 0.38358, "ndcg_at_1000": 0.3903, "map_at_1": 0.20054, "map_at_3": 0.24024, "map_at_5": 0.25259, "map_at_10": 0.2624, "map_at_20": 0.26891, "map_at_100": 0.27407, "map_at_200": 0.27478, "map_at_300": 0.27503, "map_at_500": 0.27528, "map_at_1000": 0.27544, "recall_at_1": 0.20054, "recall_at_3": 0.28222, "recall_at_5": 0.33017, "recall_at_10": 0.38956, "recall_at_20": 0.46884, "recall_at_100": 0.6324, "recall_at_200": 0.69959, "recall_at_300": 0.73589, "recall_at_500": 0.7897, "recall_at_1000": 0.8397, "precision_at_1": 0.23891, "precision_at_3": 0.12208, "precision_at_5": 0.0887, "precision_at_10": 0.05651, "precision_at_20": 0.03534, "precision_at_100": 0.01016, "precision_at_200": 0.00592, "precision_at_300": 0.00427, "precision_at_500": 0.00285, "precision_at_1000": 0.00162, "mrr_at_1": 0.2432, "mrr_at_3": 0.2804, "mrr_at_5": 0.29428, "mrr_at_10": 0.3053, "mrr_at_20": 0.31112, "mrr_at_100": 0.31482, "mrr_at_200": 0.31529, "mrr_at_300": 0.31543, "mrr_at_500": 0.31552, "mrr_at_1000": 0.31558, "rc_at_1": {"relevant": 0.0, "distractor": 0.0}, "rc_at_3": {"relevant": 0.0, "distractor": 0.0}, "rc_at_5": {"relevant": 0.0, "distractor": 0.0}, "rc_at_10": {"relevant": 0.0, "distractor": 0.0}, "rc_at_20": {"relevant": 0.0, "distractor": 0.0}, "rc_at_100": {"relevant": 0.0, "distractor": 0.0}, "rc_at_200": {"relevant": 0.0, "distractor": 0.0}, "rc_at_300": {"relevant": 0.0, "distractor": 0.0}, "rc_at_500": {"relevant": 0.0, "distractor": 0.0}, "rc_at_1000": {"relevant": 0.0, "distractor": 0.0}}