{"ndcg_at_1": 0.47273, "ndcg_at_3": 0.34952, "ndcg_at_5": 0.30622, "ndcg_at_10": 0.24545, "ndcg_at_20": 0.30869, "ndcg_at_100": 0.42185, "ndcg_at_200": 0.44571, "ndcg_at_300": 0.45735, "ndcg_at_500": 0.46564, "ndcg_at_1000": 0.47542, "map_at_1": 0.04727, "map_at_3": 0.08333, "map_at_5": 0.10252, "map_at_10": 0.1279, "map_at_20": 0.15698, "map_at_100": 0.19577, "map_at_200": 0.1999, "map_at_300": 0.20113, "map_at_500": 0.20174, "map_at_1000": 0.20221, "recall_at_1": 0.04727, "recall_at_3": 0.09455, "recall_at_5": 0.13273, "recall_at_10": 0.19818, "recall_at_20": 0.31273, "recall_at_100": 0.58909, "recall_at_200": 0.66545, "recall_at_300": 0.70727, "recall_at_500": 0.74, "recall_at_1000": 0.78182, "precision_at_1": 0.47273, "precision_at_3": 0.31515, "precision_at_5": 0.26545, "precision_at_10": 0.19818, "precision_at_20": 0.15636, "precision_at_100": 0.05891, "precision_at_200": 0.03327, "precision_at_300": 0.02358, "precision_at_500": 0.0148, "precision_at_1000": 0.00782, "mrr_at_1": 0.47273, "mrr_at_3": 0.53636, "mrr_at_5": 0.56182, "mrr_at_10": 0.57641, "mrr_at_20": 0.58043, "mrr_at_100": 0.58202, "mrr_at_200": 0.58202, "mrr_at_300": 0.5821, "mrr_at_500": 0.5821, "mrr_at_1000": 0.58215, "rc_at_1": {"relevant": 0.47273, "distractor": 0.52727}, "rc_at_3": {"relevant": 0.94545, "distractor": 1.96364}, "rc_at_5": {"relevant": 1.32727, "distractor": 3.49091}, "rc_at_10": {"relevant": 1.98182, "distractor": 7.38182}, "rc_at_20": {"relevant": 3.12727, "distractor": 14.25455}, "rc_at_100": {"relevant": 5.89091, "distractor": 45.45455}, "rc_at_200": {"relevant": 6.65455, "distractor": 54.96364}, "rc_at_300": {"relevant": 7.07273, "distractor": 58.8}, "rc_at_500": {"relevant": 7.4, "distractor": 63.2}, "rc_at_1000": {"relevant": 7.81818, "distractor": 69.49091}}