{"ndcg_at_1": 0.14125, "ndcg_at_3": 0.10072, "ndcg_at_5": 0.09667, "ndcg_at_10": 0.09502, "ndcg_at_20": 0.09417, "ndcg_at_100": 0.11399, "ndcg_at_200": 0.12664, "ndcg_at_300": 0.13484, "ndcg_at_500": 0.14613, "ndcg_at_1000": 0.16279, "map_at_1": 0.02019, "map_at_3": 0.02689, "map_at_5": 0.03112, "map_at_10": 0.03565, "map_at_20": 0.03878, "map_at_100": 0.0439, "map_at_200": 0.04523, "map_at_300": 0.04587, "map_at_500": 0.04652, "map_at_1000": 0.04725, "recall_at_1": 0.02019, "recall_at_3": 0.03039, "recall_at_5": 0.04515, "recall_at_10": 0.06416, "recall_at_20": 0.08646, "recall_at_100": 0.15101, "recall_at_200": 0.18873, "recall_at_300": 0.21648, "recall_at_500": 0.25776, "recall_at_1000": 0.3218, "precision_at_1": 0.18, "precision_at_3": 0.10917, "precision_at_5": 0.0915, "precision_at_10": 0.0735, "precision_at_20": 0.05275, "precision_at_100": 0.02547, "precision_at_200": 0.01742, "precision_at_300": 0.01392, "precision_at_500": 0.01037, "precision_at_1000": 0.00694, "mrr_at_1": 0.1675, "mrr_at_3": 0.21125, "mrr_at_5": 0.228, "mrr_at_10": 0.2397, "mrr_at_20": 0.24607, "mrr_at_100": 0.25094, "mrr_at_200": 0.25148, "mrr_at_300": 0.25156, "mrr_at_500": 0.25166, "mrr_at_1000": 0.25171, "rc_at_1": {"relevant": 0.0, "distractor": 0.0}, "rc_at_3": {"relevant": 0.0, "distractor": 0.0}, "rc_at_5": {"relevant": 0.0, "distractor": 0.0}, "rc_at_10": {"relevant": 0.0, "distractor": 0.0}, "rc_at_20": {"relevant": 0.0, "distractor": 0.0}, "rc_at_100": {"relevant": 0.0, "distractor": 0.0}, "rc_at_200": {"relevant": 0.0, "distractor": 0.0}, "rc_at_300": {"relevant": 0.0, "distractor": 0.0}, "rc_at_500": {"relevant": 0.0, "distractor": 0.0}, "rc_at_1000": {"relevant": 0.0, "distractor": 0.0}}