{"ndcg_at_1": 0.2659, "ndcg_at_3": 0.31834, "ndcg_at_5": 0.34247, "ndcg_at_10": 0.37102, "ndcg_at_20": 0.39438, "ndcg_at_100": 0.43284, "ndcg_at_200": 0.44355, "ndcg_at_300": 0.44813, "ndcg_at_500": 0.45294, "ndcg_at_1000": 0.45783, "map_at_1": 0.22965, "map_at_3": 0.28965, "map_at_5": 0.30572, "map_at_10": 0.31931, "map_at_20": 0.32677, "map_at_100": 0.33305, "map_at_200": 0.33377, "map_at_300": 0.33398, "map_at_500": 0.33413, "map_at_1000": 0.33423, "recall_at_1": 0.22965, "recall_at_3": 0.3515, "recall_at_5": 0.41143, "recall_at_10": 0.49642, "recall_at_20": 0.58173, "recall_at_100": 0.76979, "recall_at_200": 0.83776, "recall_at_300": 0.86947, "recall_at_500": 0.90578, "recall_at_1000": 0.9461, "precision_at_1": 0.2659, "precision_at_3": 0.14573, "precision_at_5": 0.1054, "precision_at_10": 0.06573, "precision_at_20": 0.03979, "precision_at_100": 0.01123, "precision_at_200": 0.00622, "precision_at_300": 0.00436, "precision_at_500": 0.00275, "precision_at_1000": 0.00145, "mrr_at_1": 0.2659, "mrr_at_3": 0.3234, "mrr_at_5": 0.33766, "mrr_at_10": 0.34933, "mrr_at_20": 0.3553, "mrr_at_100": 0.35975, "mrr_at_200": 0.36019, "mrr_at_300": 0.3603, "mrr_at_500": 0.36038, "mrr_at_1000": 0.36043, "rc_at_1": {"relevant": 0.0, "distractor": 0.0}, "rc_at_3": {"relevant": 0.0, "distractor": 0.0}, "rc_at_5": {"relevant": 0.0, "distractor": 0.0}, "rc_at_10": {"relevant": 0.0, "distractor": 0.0}, "rc_at_20": {"relevant": 0.0, "distractor": 0.0}, "rc_at_100": {"relevant": 0.0, "distractor": 0.0}, "rc_at_200": {"relevant": 0.0, "distractor": 0.0}, "rc_at_300": {"relevant": 0.0, "distractor": 0.0}, "rc_at_500": {"relevant": 0.0, "distractor": 0.0}, "rc_at_1000": {"relevant": 0.0, "distractor": 0.0}}