{"ndcg_at_1": 0.51375, "ndcg_at_3": 0.42917, "ndcg_at_5": 0.40226, "ndcg_at_10": 0.38161, "ndcg_at_20": 0.37323, "ndcg_at_100": 0.41165, "ndcg_at_200": 0.43634, "ndcg_at_300": 0.44982, "ndcg_at_500": 0.46436, "ndcg_at_1000": 0.48147, "map_at_1": 0.08433, "map_at_3": 0.12634, "map_at_5": 0.14355, "map_at_10": 0.1684, "map_at_20": 0.19189, "map_at_100": 0.22792, "map_at_200": 0.2355, "map_at_300": 0.23837, "map_at_500": 0.24103, "map_at_1000": 0.24334, "recall_at_1": 0.08433, "recall_at_3": 0.13798, "recall_at_5": 0.16566, "recall_at_10": 0.21634, "recall_at_20": 0.27714, "recall_at_100": 0.44463, "recall_at_200": 0.51973, "recall_at_300": 0.56324, "recall_at_500": 0.61182, "recall_at_1000": 0.67304, "precision_at_1": 0.625, "precision_at_3": 0.455, "precision_at_5": 0.381, "precision_at_10": 0.29375, "precision_at_20": 0.22137, "precision_at_100": 0.09198, "precision_at_200": 0.05965, "precision_at_300": 0.04551, "precision_at_500": 0.03212, "precision_at_1000": 0.01958, "mrr_at_1": 0.625, "mrr_at_3": 0.69417, "mrr_at_5": 0.70342, "mrr_at_10": 0.71226, "mrr_at_20": 0.7144, "mrr_at_100": 0.71547, "mrr_at_200": 0.71553, "mrr_at_300": 0.71555, "mrr_at_500": 0.71555, "mrr_at_1000": 0.71556, "rc_at_1": {"relevant": 0.0, "distractor": 0.0}, "rc_at_3": {"relevant": 0.0, "distractor": 0.0}, "rc_at_5": {"relevant": 0.0, "distractor": 0.0}, "rc_at_10": {"relevant": 0.0, "distractor": 0.0}, "rc_at_20": {"relevant": 0.0, "distractor": 0.0}, "rc_at_100": {"relevant": 0.0, "distractor": 0.0}, "rc_at_200": {"relevant": 0.0, "distractor": 0.0}, "rc_at_300": {"relevant": 0.0, "distractor": 0.0}, "rc_at_500": {"relevant": 0.0, "distractor": 0.0}, "rc_at_1000": {"relevant": 0.0, "distractor": 0.0}}