{"ndcg_at_1": 0.41, "ndcg_at_3": 0.3093, "ndcg_at_5": 0.27641, "ndcg_at_10": 0.25463, "ndcg_at_20": 0.23844, "ndcg_at_100": 0.25936, "ndcg_at_200": 0.27788, "ndcg_at_300": 0.28772, "ndcg_at_500": 0.30112, "ndcg_at_1000": 0.31729, "map_at_1": 0.05168, "map_at_3": 0.07406, "map_at_5": 0.08303, "map_at_10": 0.09623, "map_at_20": 0.10575, "map_at_100": 0.12131, "map_at_200": 0.12462, "map_at_300": 0.12597, "map_at_500": 0.12725, "map_at_1000": 0.12832, "recall_at_1": 0.05168, "recall_at_3": 0.08138, "recall_at_5": 0.09897, "recall_at_10": 0.13422, "recall_at_20": 0.16656, "recall_at_100": 0.2723, "recall_at_200": 0.33297, "recall_at_300": 0.36467, "recall_at_500": 0.41266, "recall_at_1000": 0.47582, "precision_at_1": 0.5, "precision_at_3": 0.32333, "precision_at_5": 0.2565, "precision_at_10": 0.1935, "precision_at_20": 0.13538, "precision_at_100": 0.05427, "precision_at_200": 0.03484, "precision_at_300": 0.02642, "precision_at_500": 0.01869, "precision_at_1000": 0.01144, "mrr_at_1": 0.5, "mrr_at_3": 0.55375, "mrr_at_5": 0.56538, "mrr_at_10": 0.57269, "mrr_at_20": 0.57582, "mrr_at_100": 0.57863, "mrr_at_200": 0.57882, "mrr_at_300": 0.57888, "mrr_at_500": 0.57893, "mrr_at_1000": 0.57896, "rc_at_1": {"relevant": 0.0, "distractor": 0.0}, "rc_at_3": {"relevant": 0.0, "distractor": 0.0}, "rc_at_5": {"relevant": 0.0, "distractor": 0.0}, "rc_at_10": {"relevant": 0.0, "distractor": 0.0}, "rc_at_20": {"relevant": 0.0, "distractor": 0.0}, "rc_at_100": {"relevant": 0.0, "distractor": 0.0}, "rc_at_200": {"relevant": 0.0, "distractor": 0.0}, "rc_at_300": {"relevant": 0.0, "distractor": 0.0}, "rc_at_500": {"relevant": 0.0, "distractor": 0.0}, "rc_at_1000": {"relevant": 0.0, "distractor": 0.0}}