{"ndcg_at_1": 0.1502, "ndcg_at_3": 0.18214, "ndcg_at_5": 0.19427, "ndcg_at_10": 0.20322, "ndcg_at_20": 0.22243, "ndcg_at_100": 0.25731, "ndcg_at_200": 0.27216, "ndcg_at_300": 0.27939, "ndcg_at_500": 0.28693, "ndcg_at_1000": 0.29651, "map_at_1": 0.12239, "map_at_3": 0.15762, "map_at_5": 0.16615, "map_at_10": 0.17087, "map_at_20": 0.17704, "map_at_100": 0.18246, "map_at_200": 0.18347, "map_at_300": 0.18384, "map_at_500": 0.18415, "map_at_1000": 0.18442, "recall_at_1": 0.12239, "recall_at_3": 0.19654, "recall_at_5": 0.23256, "recall_at_10": 0.26282, "recall_at_20": 0.33168, "recall_at_100": 0.50868, "recall_at_200": 0.60128, "recall_at_300": 0.65091, "recall_at_500": 0.70264, "recall_at_1000": 0.77471, "precision_at_1": 0.1502, "precision_at_3": 0.0863, "precision_at_5": 0.06245, "precision_at_10": 0.03775, "precision_at_20": 0.02678, "precision_at_100": 0.00921, "precision_at_200": 0.00581, "precision_at_300": 0.00435, "precision_at_500": 0.00302, "precision_at_1000": 0.00182, "mrr_at_1": 0.14625, "mrr_at_3": 0.1917, "mrr_at_5": 0.2001, "mrr_at_10": 0.2062, "mrr_at_20": 0.21001, "mrr_at_100": 0.2148, "mrr_at_200": 0.2155, "mrr_at_300": 0.21564, "mrr_at_500": 0.21577, "mrr_at_1000": 0.21587, "rc_at_1": {"relevant": 0.0, "distractor": 0.0}, "rc_at_3": {"relevant": 0.0, "distractor": 0.0}, "rc_at_5": {"relevant": 0.0, "distractor": 0.0}, "rc_at_10": {"relevant": 0.0, "distractor": 0.0}, "rc_at_20": {"relevant": 0.0, "distractor": 0.0}, "rc_at_100": {"relevant": 0.0, "distractor": 0.0}, "rc_at_200": {"relevant": 0.0, "distractor": 0.0}, "rc_at_300": {"relevant": 0.0, "distractor": 0.0}, "rc_at_500": {"relevant": 0.0, "distractor": 0.0}, "rc_at_1000": {"relevant": 0.0, "distractor": 0.0}}