{"ndcg_at_1": 0.35385, "ndcg_at_3": 0.30486, "ndcg_at_5": 0.27152, "ndcg_at_10": 0.22589, "ndcg_at_20": 0.28564, "ndcg_at_100": 0.47926, "ndcg_at_200": 0.51832, "ndcg_at_300": 0.52479, "ndcg_at_500": 0.52839, "ndcg_at_1000": 0.53271, "map_at_1": 0.03538, "map_at_3": 0.07667, "map_at_5": 0.09813, "map_at_10": 0.12614, "map_at_20": 0.15354, "map_at_100": 0.21334, "map_at_200": 0.22142, "map_at_300": 0.22225, "map_at_500": 0.22261, "map_at_1000": 0.22282, "recall_at_1": 0.03538, "recall_at_3": 0.08769, "recall_at_5": 0.12462, "recall_at_10": 0.19385, "recall_at_20": 0.30308, "recall_at_100": 0.79846, "recall_at_200": 0.92308, "recall_at_300": 0.94615, "recall_at_500": 0.96, "recall_at_1000": 0.97846, "precision_at_1": 0.35385, "precision_at_3": 0.29231, "precision_at_5": 0.24923, "precision_at_10": 0.19385, "precision_at_20": 0.15154, "precision_at_100": 0.07985, "precision_at_200": 0.04615, "precision_at_300": 0.03154, "precision_at_500": 0.0192, "precision_at_1000": 0.00978, "mrr_at_1": 0.35385, "mrr_at_3": 0.41795, "mrr_at_5": 0.44103, "mrr_at_10": 0.46021, "mrr_at_20": 0.46946, "mrr_at_100": 0.47403, "mrr_at_200": 0.47403, "mrr_at_300": 0.47403, "mrr_at_500": 0.47403, "mrr_at_1000": 0.47403, "rc_at_1": {"relevant": 0.35385, "distractor": 0.64615}, "rc_at_3": {"relevant": 0.87692, "distractor": 2.10769}, "rc_at_5": {"relevant": 1.24615, "distractor": 3.70769}, "rc_at_10": {"relevant": 1.93846, "distractor": 7.98462}, "rc_at_20": {"relevant": 3.03077, "distractor": 16.64615}, "rc_at_100": {"relevant": 7.98462, "distractor": 79.81538}, "rc_at_200": {"relevant": 9.23077, "distractor": 91.75385}, "rc_at_300": {"relevant": 9.46154, "distractor": 94.36923}, "rc_at_500": {"relevant": 9.6, "distractor": 96.27692}, "rc_at_1000": {"relevant": 9.78462, "distractor": 97.84615}}