{"ndcg_at_1": 0.05293, "ndcg_at_3": 0.07531, "ndcg_at_5": 0.08577, "ndcg_at_10": 0.10158, "ndcg_at_20": 0.11396, "ndcg_at_100": 0.14069, "ndcg_at_200": 0.15358, "ndcg_at_300": 0.16077, "ndcg_at_500": 0.16999, "ndcg_at_1000": 0.1815, "map_at_1": 0.04397, "map_at_3": 0.06373, "map_at_5": 0.07025, "map_at_10": 0.07684, "map_at_20": 0.08038, "map_at_100": 0.08387, "map_at_200": 0.08461, "map_at_300": 0.08486, "map_at_500": 0.0851, "map_at_1000": 0.08531, "recall_at_1": 0.04397, "recall_at_3": 0.09036, "recall_at_5": 0.11719, "recall_at_10": 0.16355, "recall_at_20": 0.20875, "recall_at_100": 0.34611, "recall_at_200": 0.4266, "recall_at_300": 0.47819, "recall_at_500": 0.54821, "recall_at_1000": 0.64127, "precision_at_1": 0.05293, "precision_at_3": 0.03815, "precision_at_5": 0.03033, "precision_at_10": 0.02189, "precision_at_20": 0.01445, "precision_at_100": 0.00504, "precision_at_200": 0.00329, "precision_at_300": 0.00248, "precision_at_500": 0.00176, "precision_at_1000": 0.00109, "mrr_at_1": 0.05293, "mrr_at_3": 0.07678, "mrr_at_5": 0.08407, "mrr_at_10": 0.09136, "mrr_at_20": 0.09534, "mrr_at_100": 0.0988, "mrr_at_200": 0.09948, "mrr_at_300": 0.09972, "mrr_at_500": 0.0999, "mrr_at_1000": 0.10002, "rc_at_1": {"relevant": 0.0, "distractor": 0.0}, "rc_at_3": {"relevant": 0.0, "distractor": 0.0}, "rc_at_5": {"relevant": 0.0, "distractor": 0.0}, "rc_at_10": {"relevant": 0.0, "distractor": 0.0}, "rc_at_20": {"relevant": 0.0, "distractor": 0.0}, "rc_at_100": {"relevant": 0.0, "distractor": 0.0}, "rc_at_200": {"relevant": 0.0, "distractor": 0.0}, "rc_at_300": {"relevant": 0.0, "distractor": 0.0}, "rc_at_500": {"relevant": 0.0, "distractor": 0.0}, "rc_at_1000": {"relevant": 0.0, "distractor": 0.0}}