{"ndcg_at_1": 0.49875, "ndcg_at_3": 0.42157, "ndcg_at_5": 0.39583, "ndcg_at_10": 0.37592, "ndcg_at_20": 0.37003, "ndcg_at_100": 0.41971, "ndcg_at_200": 0.44818, "ndcg_at_300": 0.46138, "ndcg_at_500": 0.47714, "ndcg_at_1000": 0.49657, "map_at_1": 0.08331, "map_at_3": 0.12869, "map_at_5": 0.14739, "map_at_10": 0.17569, "map_at_20": 0.20193, "map_at_100": 0.24414, "map_at_200": 0.25205, "map_at_300": 0.25474, "map_at_500": 0.25717, "map_at_1000": 0.25944, "recall_at_1": 0.08331, "recall_at_3": 0.14146, "recall_at_5": 0.1717, "recall_at_10": 0.22786, "recall_at_20": 0.29584, "recall_at_100": 0.48633, "recall_at_200": 0.57015, "recall_at_300": 0.61149, "recall_at_500": 0.66376, "recall_at_1000": 0.73151, "precision_at_1": 0.6175, "precision_at_3": 0.455, "precision_at_5": 0.382, "precision_at_10": 0.29725, "precision_at_20": 0.22187, "precision_at_100": 0.09373, "precision_at_200": 0.05996, "precision_at_300": 0.04528, "precision_at_500": 0.03154, "precision_at_1000": 0.0192, "mrr_at_1": 0.6175, "mrr_at_3": 0.68875, "mrr_at_5": 0.69975, "mrr_at_10": 0.70542, "mrr_at_20": 0.70825, "mrr_at_100": 0.70971, "mrr_at_200": 0.70978, "mrr_at_300": 0.70979, "mrr_at_500": 0.70981, "mrr_at_1000": 0.70981, "rc_at_1": {"relevant": 0.0, "distractor": 0.0}, "rc_at_3": {"relevant": 0.0, "distractor": 0.0}, "rc_at_5": {"relevant": 0.0, "distractor": 0.0}, "rc_at_10": {"relevant": 0.0, "distractor": 0.0}, "rc_at_20": {"relevant": 0.0, "distractor": 0.0}, "rc_at_100": {"relevant": 0.0, "distractor": 0.0}, "rc_at_200": {"relevant": 0.0, "distractor": 0.0}, "rc_at_300": {"relevant": 0.0, "distractor": 0.0}, "rc_at_500": {"relevant": 0.0, "distractor": 0.0}, "rc_at_1000": {"relevant": 0.0, "distractor": 0.0}}