{"ndcg_at_1": 0.39873, "ndcg_at_3": 0.44053, "ndcg_at_5": 0.46309, "ndcg_at_10": 0.4848, "ndcg_at_20": 0.50034, "ndcg_at_100": 0.52764, "ndcg_at_200": 0.5342, "ndcg_at_300": 0.53766, "ndcg_at_500": 0.54196, "ndcg_at_1000": 0.54675, "map_at_1": 0.32165, "map_at_3": 0.39568, "map_at_5": 0.41456, "map_at_10": 0.42705, "map_at_20": 0.43328, "map_at_100": 0.43904, "map_at_200": 0.43966, "map_at_300": 0.43987, "map_at_500": 0.44008, "map_at_1000": 0.44022, "recall_at_1": 0.32165, "recall_at_3": 0.45718, "recall_at_5": 0.52043, "recall_at_10": 0.58807, "recall_at_20": 0.64327, "recall_at_100": 0.76707, "recall_at_200": 0.80367, "recall_at_300": 0.82525, "recall_at_500": 0.85244, "recall_at_1000": 0.88768, "precision_at_1": 0.39873, "precision_at_3": 0.21104, "precision_at_5": 0.14981, "precision_at_10": 0.08994, "precision_at_20": 0.05223, "precision_at_100": 0.01431, "precision_at_200": 0.00783, "precision_at_300": 0.00548, "precision_at_500": 0.00354, "precision_at_1000": 0.00191, "mrr_at_1": 0.39809, "mrr_at_3": 0.46168, "mrr_at_5": 0.47661, "mrr_at_10": 0.48606, "mrr_at_20": 0.48963, "mrr_at_100": 0.49226, "mrr_at_200": 0.49247, "mrr_at_300": 0.49255, "mrr_at_500": 0.4926, "mrr_at_1000": 0.49264, "rc_at_1": {"relevant": 0.0, "distractor": 0.0}, "rc_at_3": {"relevant": 0.0, "distractor": 0.0}, "rc_at_5": {"relevant": 0.0, "distractor": 0.0}, "rc_at_10": {"relevant": 0.0, "distractor": 0.0}, "rc_at_20": {"relevant": 0.0, "distractor": 0.0}, "rc_at_100": {"relevant": 0.0, "distractor": 0.0}, "rc_at_200": {"relevant": 0.0, "distractor": 0.0}, "rc_at_300": {"relevant": 0.0, "distractor": 0.0}, "rc_at_500": {"relevant": 0.0, "distractor": 0.0}, "rc_at_1000": {"relevant": 0.0, "distractor": 0.0}}