{"ndcg_at_1": 0.38776, "ndcg_at_3": 0.36601, "ndcg_at_5": 0.34317, "ndcg_at_10": 0.31601, "ndcg_at_20": 0.31647, "ndcg_at_100": 0.41977, "ndcg_at_200": 0.45803, "ndcg_at_300": 0.47973, "ndcg_at_500": 0.49995, "ndcg_at_1000": 0.5269, "map_at_1": 0.03132, "map_at_3": 0.06907, "map_at_5": 0.09258, "map_at_10": 0.13174, "map_at_20": 0.15601, "map_at_100": 0.19503, "map_at_200": 0.20275, "map_at_300": 0.20599, "map_at_500": 0.20827, "map_at_1000": 0.2106, "recall_at_1": 0.03132, "recall_at_3": 0.08185, "recall_at_5": 0.12038, "recall_at_10": 0.19305, "recall_at_20": 0.27644, "recall_at_100": 0.50902, "recall_at_200": 0.61039, "recall_at_300": 0.67226, "recall_at_500": 0.73665, "recall_at_1000": 0.83235, "precision_at_1": 0.42857, "precision_at_3": 0.38095, "precision_at_5": 0.34286, "precision_at_10": 0.27551, "precision_at_20": 0.2051, "precision_at_100": 0.08327, "precision_at_200": 0.05224, "precision_at_300": 0.03946, "precision_at_500": 0.02661, "precision_at_1000": 0.01555, "mrr_at_1": 0.40816, "mrr_at_3": 0.53061, "mrr_at_5": 0.53571, "mrr_at_10": 0.55363, "mrr_at_20": 0.56051, "mrr_at_100": 0.56171, "mrr_at_200": 0.56171, "mrr_at_300": 0.56171, "mrr_at_500": 0.56171, "mrr_at_1000": 0.56171, "rc_at_1": {"relevant": 0.0, "distractor": 0.0}, "rc_at_3": {"relevant": 0.0, "distractor": 0.0}, "rc_at_5": {"relevant": 0.0, "distractor": 0.0}, "rc_at_10": {"relevant": 0.0, "distractor": 0.0}, "rc_at_20": {"relevant": 0.0, "distractor": 0.0}, "rc_at_100": {"relevant": 0.0, "distractor": 0.0}, "rc_at_200": {"relevant": 0.0, "distractor": 0.0}, "rc_at_300": {"relevant": 0.0, "distractor": 0.0}, "rc_at_500": {"relevant": 0.0, "distractor": 0.0}, "rc_at_1000": {"relevant": 0.0, "distractor": 0.0}}