{"ndcg_at_1": 0.38307, "ndcg_at_3": 0.43619, "ndcg_at_5": 0.45849, "ndcg_at_10": 0.48174, "ndcg_at_20": 0.50055, "ndcg_at_100": 0.52405, "ndcg_at_200": 0.53187, "ndcg_at_300": 0.53479, "ndcg_at_500": 0.53838, "ndcg_at_1000": 0.54201, "map_at_1": 0.32985, "map_at_3": 0.40311, "map_at_5": 0.41864, "map_at_10": 0.43019, "map_at_20": 0.43654, "map_at_100": 0.44032, "map_at_200": 0.44084, "map_at_300": 0.44095, "map_at_500": 0.44105, "map_at_1000": 0.44112, "recall_at_1": 0.32985, "recall_at_3": 0.4753, "recall_at_5": 0.53028, "recall_at_10": 0.59835, "recall_at_20": 0.66847, "recall_at_100": 0.78384, "recall_at_200": 0.83479, "recall_at_300": 0.85628, "recall_at_500": 0.8841, "recall_at_1000": 0.91498, "precision_at_1": 0.38307, "precision_at_3": 0.19415, "precision_at_5": 0.13329, "precision_at_10": 0.07699, "precision_at_20": 0.04376, "precision_at_100": 0.01065, "precision_at_200": 0.00573, "precision_at_300": 0.00393, "precision_at_500": 0.00245, "precision_at_1000": 0.00127, "mrr_at_1": 0.38683, "mrr_at_3": 0.44639, "mrr_at_5": 0.45969, "mrr_at_10": 0.46885, "mrr_at_20": 0.47324, "mrr_at_100": 0.476, "mrr_at_200": 0.47634, "mrr_at_300": 0.47642, "mrr_at_500": 0.4765, "mrr_at_1000": 0.47653, "rc_at_1": {"relevant": 0.0, "distractor": 0.0}, "rc_at_3": {"relevant": 0.0, "distractor": 0.0}, "rc_at_5": {"relevant": 0.0, "distractor": 0.0}, "rc_at_10": {"relevant": 0.0, "distractor": 0.0}, "rc_at_20": {"relevant": 0.0, "distractor": 0.0}, "rc_at_100": {"relevant": 0.0, "distractor": 0.0}, "rc_at_200": {"relevant": 0.0, "distractor": 0.0}, "rc_at_300": {"relevant": 0.0, "distractor": 0.0}, "rc_at_500": {"relevant": 0.0, "distractor": 0.0}, "rc_at_1000": {"relevant": 0.0, "distractor": 0.0}}