{"ndcg_at_1": 0.01538, "ndcg_at_3": 0.01538, "ndcg_at_5": 0.01337, "ndcg_at_10": 0.00965, "ndcg_at_20": 0.01294, "ndcg_at_100": 0.0152, "ndcg_at_200": 0.01661, "ndcg_at_300": 0.01749, "ndcg_at_500": 0.0202, "ndcg_at_1000": 0.02928, "map_at_1": 0.00154, "map_at_3": 0.00333, "map_at_5": 0.00449, "map_at_10": 0.00464, "map_at_20": 0.00502, "map_at_100": 0.00512, "map_at_200": 0.00518, "map_at_300": 0.0052, "map_at_500": 0.00524, "map_at_1000": 0.00533, "recall_at_1": 0.00154, "recall_at_3": 0.00462, "recall_at_5": 0.00615, "recall_at_10": 0.00769, "recall_at_20": 0.01385, "recall_at_100": 0.02, "recall_at_200": 0.02462, "recall_at_300": 0.02769, "recall_at_500": 0.03846, "recall_at_1000": 0.07846, "precision_at_1": 0.01538, "precision_at_3": 0.01538, "precision_at_5": 0.01231, "precision_at_10": 0.00769, "precision_at_20": 0.00692, "precision_at_100": 0.002, "precision_at_200": 0.00123, "precision_at_300": 0.00092, "precision_at_500": 0.00077, "precision_at_1000": 0.00078, "mrr_at_1": 0.03077, "mrr_at_3": 0.04103, "mrr_at_5": 0.04487, "mrr_at_10": 0.04812, "mrr_at_20": 0.05016, "mrr_at_100": 0.05212, "mrr_at_200": 0.05263, "mrr_at_300": 0.05277, "mrr_at_500": 0.0529, "mrr_at_1000": 0.05304, "rc_at_1": {"relevant": 0.03077, "distractor": 0.07692}, "rc_at_3": {"relevant": 0.09231, "distractor": 0.13846}, "rc_at_5": {"relevant": 0.10769, "distractor": 0.21538}, "rc_at_10": {"relevant": 0.13846, "distractor": 0.27692}, "rc_at_20": {"relevant": 0.16923, "distractor": 0.53846}, "rc_at_100": {"relevant": 0.26154, "distractor": 1.56923}, "rc_at_200": {"relevant": 0.36923, "distractor": 2.50769}, "rc_at_300": {"relevant": 0.44615, "distractor": 3.01538}, "rc_at_500": {"relevant": 0.61538, "distractor": 4.07692}, "rc_at_1000": {"relevant": 0.78462, "distractor": 5.53846}}