{"ndcg_at_1": 0.32653, "ndcg_at_3": 0.30601, "ndcg_at_5": 0.26132, "ndcg_at_10": 0.23784, "ndcg_at_20": 0.23741, "ndcg_at_100": 0.32946, "ndcg_at_200": 0.36299, "ndcg_at_300": 0.38447, "ndcg_at_500": 0.40605, "ndcg_at_1000": 0.43573, "map_at_1": 0.02674, "map_at_3": 0.06022, "map_at_5": 0.07182, "map_at_10": 0.09459, "map_at_20": 0.10976, "map_at_100": 0.13541, "map_at_200": 0.14063, "map_at_300": 0.14305, "map_at_500": 0.14514, "map_at_1000": 0.14721, "recall_at_1": 0.02674, "recall_at_3": 0.06986, "recall_at_5": 0.08814, "recall_at_10": 0.14344, "recall_at_20": 0.1978, "recall_at_100": 0.39058, "recall_at_200": 0.4843, "recall_at_300": 0.54415, "recall_at_500": 0.6121, "recall_at_1000": 0.71858, "precision_at_1": 0.34694, "precision_at_3": 0.31293, "precision_at_5": 0.24082, "precision_at_10": 0.19592, "precision_at_20": 0.1449, "precision_at_100": 0.06449, "precision_at_200": 0.04112, "precision_at_300": 0.0315, "precision_at_500": 0.02192, "precision_at_1000": 0.01316, "mrr_at_1": 0.36735, "mrr_at_3": 0.45238, "mrr_at_5": 0.46156, "mrr_at_10": 0.4842, "mrr_at_20": 0.4905, "mrr_at_100": 0.49418, "mrr_at_200": 0.49431, "mrr_at_300": 0.49441, "mrr_at_500": 0.49441, "mrr_at_1000": 0.49441, "rc_at_1": {"relevant": 0.0, "distractor": 0.0}, "rc_at_3": {"relevant": 0.0, "distractor": 0.0}, "rc_at_5": {"relevant": 0.0, "distractor": 0.0}, "rc_at_10": {"relevant": 0.0, "distractor": 0.0}, "rc_at_20": {"relevant": 0.0, "distractor": 0.0}, "rc_at_100": {"relevant": 0.0, "distractor": 0.0}, "rc_at_200": {"relevant": 0.0, "distractor": 0.0}, "rc_at_300": {"relevant": 0.0, "distractor": 0.0}, "rc_at_500": {"relevant": 0.0, "distractor": 0.0}, "rc_at_1000": {"relevant": 0.0, "distractor": 0.0}}