{"ndcg_at_1": 0.07338, "ndcg_at_3": 0.0863, "ndcg_at_5": 0.0956, "ndcg_at_10": 0.1087, "ndcg_at_20": 0.1247, "ndcg_at_100": 0.1509, "ndcg_at_200": 0.16358, "ndcg_at_300": 0.16932, "ndcg_at_500": 0.17809, "ndcg_at_1000": 0.18905, "map_at_1": 0.05861, "map_at_3": 0.07583, "map_at_5": 0.08106, "map_at_10": 0.08646, "map_at_20": 0.09066, "map_at_100": 0.09406, "map_at_200": 0.09477, "map_at_300": 0.09498, "map_at_500": 0.0952, "map_at_1000": 0.09537, "recall_at_1": 0.05861, "recall_at_3": 0.09563, "recall_at_5": 0.11874, "recall_at_10": 0.15859, "recall_at_20": 0.21707, "recall_at_100": 0.35213, "recall_at_200": 0.43364, "recall_at_300": 0.47457, "recall_at_500": 0.54244, "recall_at_1000": 0.63594, "precision_at_1": 0.07338, "precision_at_3": 0.04229, "precision_at_5": 0.03184, "precision_at_10": 0.02102, "precision_at_20": 0.01493, "precision_at_100": 0.00495, "precision_at_200": 0.00313, "precision_at_300": 0.00231, "precision_at_500": 0.00161, "precision_at_1000": 0.00096, "mrr_at_1": 0.07338, "mrr_at_3": 0.09473, "mrr_at_5": 0.10139, "mrr_at_10": 0.10741, "mrr_at_20": 0.11241, "mrr_at_100": 0.11571, "mrr_at_200": 0.11631, "mrr_at_300": 0.11648, "mrr_at_500": 0.11666, "mrr_at_1000": 0.11679, "rc_at_1": {"relevant": 0.0, "distractor": 0.0}, "rc_at_3": {"relevant": 0.0, "distractor": 0.0}, "rc_at_5": {"relevant": 0.0, "distractor": 0.0}, "rc_at_10": {"relevant": 0.0, "distractor": 0.0}, "rc_at_20": {"relevant": 0.0, "distractor": 0.0}, "rc_at_100": {"relevant": 0.0, "distractor": 0.0}, "rc_at_200": {"relevant": 0.0, "distractor": 0.0}, "rc_at_300": {"relevant": 0.0, "distractor": 0.0}, "rc_at_500": {"relevant": 0.0, "distractor": 0.0}, "rc_at_1000": {"relevant": 0.0, "distractor": 0.0}}