{"ndcg_at_1": 0.11101, "ndcg_at_3": 0.1272, "ndcg_at_5": 0.13895, "ndcg_at_10": 0.15433, "ndcg_at_20": 0.16586, "ndcg_at_100": 0.19041, "ndcg_at_200": 0.19934, "ndcg_at_300": 0.20569, "ndcg_at_500": 0.21278, "ndcg_at_1000": 0.22097, "map_at_1": 0.09939, "map_at_3": 0.11678, "map_at_5": 0.12368, "map_at_10": 0.13013, "map_at_20": 0.1333, "map_at_100": 0.13662, "map_at_200": 0.13711, "map_at_300": 0.13733, "map_at_500": 0.13751, "map_at_1000": 0.13763, "recall_at_1": 0.09939, "recall_at_3": 0.13994, "recall_at_5": 0.16925, "recall_at_10": 0.2145, "recall_at_20": 0.25717, "recall_at_100": 0.38241, "recall_at_200": 0.44033, "recall_at_300": 0.4869, "recall_at_500": 0.54233, "recall_at_1000": 0.61228, "precision_at_1": 0.11101, "precision_at_3": 0.05442, "precision_at_5": 0.04011, "precision_at_10": 0.02575, "precision_at_20": 0.01595, "precision_at_100": 0.00497, "precision_at_200": 0.00294, "precision_at_300": 0.00219, "precision_at_500": 0.00148, "precision_at_1000": 0.00085, "mrr_at_1": 0.11101, "mrr_at_3": 0.13153, "mrr_at_5": 0.13909, "mrr_at_10": 0.1466, "mrr_at_20": 0.14996, "mrr_at_100": 0.15321, "mrr_at_200": 0.15366, "mrr_at_300": 0.15387, "mrr_at_500": 0.15402, "mrr_at_1000": 0.15412, "rc_at_1": {"relevant": 0.0, "distractor": 0.0}, "rc_at_3": {"relevant": 0.0, "distractor": 0.0}, "rc_at_5": {"relevant": 0.0, "distractor": 0.0}, "rc_at_10": {"relevant": 0.0, "distractor": 0.0}, "rc_at_20": {"relevant": 0.0, "distractor": 0.0}, "rc_at_100": {"relevant": 0.0, "distractor": 0.0}, "rc_at_200": {"relevant": 0.0, "distractor": 0.0}, "rc_at_300": {"relevant": 0.0, "distractor": 0.0}, "rc_at_500": {"relevant": 0.0, "distractor": 0.0}, "rc_at_1000": {"relevant": 0.0, "distractor": 0.0}}