{"ndcg_at_1": 0.45333, "ndcg_at_3": 0.51628, "ndcg_at_5": 0.53466, "ndcg_at_10": 0.56069, "ndcg_at_20": 0.57773, "ndcg_at_100": 0.59432, "ndcg_at_200": 0.60086, "ndcg_at_300": 0.60545, "ndcg_at_500": 0.60845, "ndcg_at_1000": 0.61216, "map_at_1": 0.42744, "map_at_3": 0.49169, "map_at_5": 0.50452, "map_at_10": 0.51677, "map_at_20": 0.52181, "map_at_100": 0.52431, "map_at_200": 0.52465, "map_at_300": 0.52479, "map_at_500": 0.52487, "map_at_1000": 0.52493, "recall_at_1": 0.42744, "recall_at_3": 0.55839, "recall_at_5": 0.60333, "recall_at_10": 0.67983, "recall_at_20": 0.74494, "recall_at_100": 0.832, "recall_at_200": 0.87867, "recall_at_300": 0.91533, "recall_at_500": 0.94, "recall_at_1000": 0.975, "precision_at_1": 0.45333, "precision_at_3": 0.20333, "precision_at_5": 0.13533, "precision_at_10": 0.07733, "precision_at_20": 0.0425, "precision_at_100": 0.00953, "precision_at_200": 0.005, "precision_at_300": 0.00346, "precision_at_500": 0.00213, "precision_at_1000": 0.0011, "mrr_at_1": 0.44667, "mrr_at_3": 0.51167, "mrr_at_5": 0.5215, "mrr_at_10": 0.53038, "mrr_at_20": 0.53432, "mrr_at_100": 0.53644, "mrr_at_200": 0.53678, "mrr_at_300": 0.53692, "mrr_at_500": 0.53699, "mrr_at_1000": 0.53703, "rc_at_1": {"relevant": 0.0, "distractor": 0.0}, "rc_at_3": {"relevant": 0.0, "distractor": 0.0}, "rc_at_5": {"relevant": 0.0, "distractor": 0.0}, "rc_at_10": {"relevant": 0.0, "distractor": 0.0}, "rc_at_20": {"relevant": 0.0, "distractor": 0.0}, "rc_at_100": {"relevant": 0.0, "distractor": 0.0}, "rc_at_200": {"relevant": 0.0, "distractor": 0.0}, "rc_at_300": {"relevant": 0.0, "distractor": 0.0}, "rc_at_500": {"relevant": 0.0, "distractor": 0.0}, "rc_at_1000": {"relevant": 0.0, "distractor": 0.0}}