{"ndcg_at_1": 0.10769, "ndcg_at_3": 0.0642, "ndcg_at_5": 0.05493, "ndcg_at_10": 0.0445, "ndcg_at_20": 0.05451, "ndcg_at_100": 0.09827, "ndcg_at_200": 0.11824, "ndcg_at_300": 0.13189, "ndcg_at_500": 0.14494, "ndcg_at_1000": 0.16825, "map_at_1": 0.01077, "map_at_3": 0.01385, "map_at_5": 0.01592, "map_at_10": 0.01817, "map_at_20": 0.0199, "map_at_100": 0.02664, "map_at_200": 0.02808, "map_at_300": 0.02913, "map_at_500": 0.02967, "map_at_1000": 0.03033, "recall_at_1": 0.01077, "recall_at_3": 0.01538, "recall_at_5": 0.02154, "recall_at_10": 0.03385, "recall_at_20": 0.05231, "recall_at_100": 0.16, "recall_at_200": 0.22462, "recall_at_300": 0.27385, "recall_at_500": 0.32462, "recall_at_1000": 0.42462, "precision_at_1": 0.10769, "precision_at_3": 0.05128, "precision_at_5": 0.04308, "precision_at_10": 0.03385, "precision_at_20": 0.02615, "precision_at_100": 0.016, "precision_at_200": 0.01123, "precision_at_300": 0.00913, "precision_at_500": 0.00649, "precision_at_1000": 0.00425, "mrr_at_1": 0.12308, "mrr_at_3": 0.1359, "mrr_at_5": 0.13897, "mrr_at_10": 0.15143, "mrr_at_20": 0.15998, "mrr_at_100": 0.16894, "mrr_at_200": 0.16967, "mrr_at_300": 0.16967, "mrr_at_500": 0.16982, "mrr_at_1000": 0.16988, "rc_at_1": {"relevant": 0.12308, "distractor": 0.29231}, "rc_at_3": {"relevant": 0.16923, "distractor": 0.81538}, "rc_at_5": {"relevant": 0.21538, "distractor": 1.36923}, "rc_at_10": {"relevant": 0.33846, "distractor": 2.64615}, "rc_at_20": {"relevant": 0.53846, "distractor": 4.61538}, "rc_at_100": {"relevant": 1.61538, "distractor": 14.89231}, "rc_at_200": {"relevant": 2.32308, "distractor": 22.29231}, "rc_at_300": {"relevant": 2.8, "distractor": 27.2}, "rc_at_500": {"relevant": 3.36923, "distractor": 34.01538}, "rc_at_1000": {"relevant": 4.27692, "distractor": 43.52308}}