{"ndcg_at_1": 0.42323, "ndcg_at_3": 0.54603, "ndcg_at_5": 0.58527, "ndcg_at_10": 0.61763, "ndcg_at_20": 0.63572, "ndcg_at_100": 0.65038, "ndcg_at_200": 0.65309, "ndcg_at_300": 0.65377, "ndcg_at_500": 0.65432, "ndcg_at_1000": 0.6551, "map_at_1": 0.37836, "map_at_3": 0.50328, "map_at_5": 0.52769, "map_at_10": 0.54283, "map_at_20": 0.54865, "map_at_100": 0.55121, "map_at_200": 0.55138, "map_at_300": 0.55141, "map_at_500": 0.55142, "map_at_1000": 0.55143, "recall_at_1": 0.37836, "recall_at_3": 0.63606, "recall_at_5": 0.72581, "recall_at_10": 0.81849, "recall_at_20": 0.88449, "recall_at_100": 0.95597, "recall_at_200": 0.97388, "recall_at_300": 0.97909, "recall_at_500": 0.98358, "recall_at_1000": 0.99054, "precision_at_1": 0.42323, "precision_at_3": 0.24623, "precision_at_5": 0.17086, "precision_at_10": 0.09754, "precision_at_20": 0.05317, "precision_at_100": 0.01161, "precision_at_200": 0.00593, "precision_at_300": 0.00397, "precision_at_500": 0.00239, "precision_at_1000": 0.00121, "mrr_at_1": 0.42352, "mrr_at_3": 0.53665, "mrr_at_5": 0.5553, "mrr_at_10": 0.56703, "mrr_at_20": 0.5711, "mrr_at_100": 0.57273, "mrr_at_200": 0.57284, "mrr_at_300": 0.57286, "mrr_at_500": 0.57286, "mrr_at_1000": 0.57287, "rc_at_1": {"relevant": 0.0, "distractor": 0.0}, "rc_at_3": {"relevant": 0.0, "distractor": 0.0}, "rc_at_5": {"relevant": 0.0, "distractor": 0.0}, "rc_at_10": {"relevant": 0.0, "distractor": 0.0}, "rc_at_20": {"relevant": 0.0, "distractor": 0.0}, "rc_at_100": {"relevant": 0.0, "distractor": 0.0}, "rc_at_200": {"relevant": 0.0, "distractor": 0.0}, "rc_at_300": {"relevant": 0.0, "distractor": 0.0}, "rc_at_500": {"relevant": 0.0, "distractor": 0.0}, "rc_at_1000": {"relevant": 0.0, "distractor": 0.0}}