{"ndcg_at_1": 0.19776, "ndcg_at_3": 0.24513, "ndcg_at_5": 0.26883, "ndcg_at_10": 0.30148, "ndcg_at_20": 0.32522, "ndcg_at_100": 0.36007, "ndcg_at_200": 0.37144, "ndcg_at_300": 0.3763, "ndcg_at_500": 0.38249, "ndcg_at_1000": 0.38837, "map_at_1": 0.15955, "map_at_3": 0.21465, "map_at_5": 0.22948, "map_at_10": 0.24433, "map_at_20": 0.25152, "map_at_100": 0.25688, "map_at_200": 0.25766, "map_at_300": 0.25787, "map_at_500": 0.25805, "map_at_1000": 0.25817, "recall_at_1": 0.15955, "recall_at_3": 0.28138, "recall_at_5": 0.34209, "recall_at_10": 0.43518, "recall_at_20": 0.52014, "recall_at_100": 0.68872, "recall_at_200": 0.75799, "recall_at_300": 0.79104, "recall_at_500": 0.83747, "recall_at_1000": 0.88521, "precision_at_1": 0.19776, "precision_at_3": 0.11733, "precision_at_5": 0.08682, "precision_at_10": 0.05821, "precision_at_20": 0.03595, "precision_at_100": 0.00999, "precision_at_200": 0.00566, "precision_at_300": 0.00398, "precision_at_500": 0.00256, "precision_at_1000": 0.00138, "mrr_at_1": 0.19776, "mrr_at_3": 0.25767, "mrr_at_5": 0.27297, "mrr_at_10": 0.28675, "mrr_at_20": 0.29275, "mrr_at_100": 0.29685, "mrr_at_200": 0.29732, "mrr_at_300": 0.29744, "mrr_at_500": 0.29754, "mrr_at_1000": 0.29759, "rc_at_1": {"relevant": 0.0, "distractor": 0.0}, "rc_at_3": {"relevant": 0.0, "distractor": 0.0}, "rc_at_5": {"relevant": 0.0, "distractor": 0.0}, "rc_at_10": {"relevant": 0.0, "distractor": 0.0}, "rc_at_20": {"relevant": 0.0, "distractor": 0.0}, "rc_at_100": {"relevant": 0.0, "distractor": 0.0}, "rc_at_200": {"relevant": 0.0, "distractor": 0.0}, "rc_at_300": {"relevant": 0.0, "distractor": 0.0}, "rc_at_500": {"relevant": 0.0, "distractor": 0.0}, "rc_at_1000": {"relevant": 0.0, "distractor": 0.0}}