{"ndcg_at_1": 0.0, "ndcg_at_3": 0.00194, "ndcg_at_5": 0.0026, "ndcg_at_10": 0.00308, "ndcg_at_20": 0.00346, "ndcg_at_100": 0.00601, "ndcg_at_200": 0.00758, "ndcg_at_300": 0.00893, "ndcg_at_500": 0.00996, "ndcg_at_1000": 0.01409, "map_at_1": 0.0, "map_at_3": 0.00153, "map_at_5": 0.00192, "map_at_10": 0.00211, "map_at_20": 0.00221, "map_at_100": 0.00249, "map_at_200": 0.00258, "map_at_300": 0.00262, "map_at_500": 0.00264, "map_at_1000": 0.00269, "recall_at_1": 0.0, "recall_at_3": 0.00307, "recall_at_5": 0.0046, "recall_at_10": 0.00613, "recall_at_20": 0.00767, "recall_at_100": 0.02152, "recall_at_200": 0.03185, "recall_at_300": 0.04195, "recall_at_500": 0.05038, "recall_at_1000": 0.08743, "precision_at_1": 0.0, "precision_at_3": 0.00102, "precision_at_5": 0.00092, "precision_at_10": 0.00061, "precision_at_20": 0.00038, "precision_at_100": 0.00025, "precision_at_200": 0.00019, "precision_at_300": 0.00017, "precision_at_500": 0.00013, "precision_at_1000": 0.00011, "mrr_at_1": 0.00153, "mrr_at_3": 0.0023, "mrr_at_5": 0.0023, "mrr_at_10": 0.00252, "mrr_at_20": 0.00279, "mrr_at_100": 0.00298, "mrr_at_200": 0.00305, "mrr_at_300": 0.0031, "mrr_at_500": 0.00314, "mrr_at_1000": 0.00321, "rc_at_1": {"relevant": 0.0, "distractor": 0.0}, "rc_at_3": {"relevant": 0.0, "distractor": 0.0}, "rc_at_5": {"relevant": 0.0, "distractor": 0.0}, "rc_at_10": {"relevant": 0.0, "distractor": 0.0}, "rc_at_20": {"relevant": 0.0, "distractor": 0.0}, "rc_at_100": {"relevant": 0.0, "distractor": 0.0}, "rc_at_200": {"relevant": 0.0, "distractor": 0.0}, "rc_at_300": {"relevant": 0.0, "distractor": 0.0}, "rc_at_500": {"relevant": 0.0, "distractor": 0.0}, "rc_at_1000": {"relevant": 0.0, "distractor": 0.0}}