{"ndcg_at_1": 0.19565, "ndcg_at_3": 0.25098, "ndcg_at_5": 0.275, "ndcg_at_10": 0.30603, "ndcg_at_20": 0.32936, "ndcg_at_100": 0.37366, "ndcg_at_200": 0.38748, "ndcg_at_300": 0.39314, "ndcg_at_500": 0.39761, "ndcg_at_1000": 0.40434, "map_at_1": 0.16457, "map_at_3": 0.21916, "map_at_5": 0.23362, "map_at_10": 0.24787, "map_at_20": 0.25648, "map_at_100": 0.26435, "map_at_200": 0.26553, "map_at_300": 0.26593, "map_at_500": 0.26621, "map_at_1000": 0.26651, "recall_at_1": 0.16457, "recall_at_3": 0.28411, "recall_at_5": 0.34241, "recall_at_10": 0.43215, "recall_at_20": 0.51675, "recall_at_100": 0.73571, "recall_at_200": 0.82013, "recall_at_300": 0.85489, "recall_at_500": 0.88373, "recall_at_1000": 0.92977, "precision_at_1": 0.19565, "precision_at_3": 0.11989, "precision_at_5": 0.09209, "precision_at_10": 0.06344, "precision_at_20": 0.04121, "precision_at_100": 0.01379, "precision_at_200": 0.00826, "precision_at_300": 0.00609, "precision_at_500": 0.00404, "precision_at_1000": 0.00232, "mrr_at_1": 0.20356, "mrr_at_3": 0.25692, "mrr_at_5": 0.2751, "mrr_at_10": 0.28873, "mrr_at_20": 0.29467, "mrr_at_100": 0.29966, "mrr_at_200": 0.30021, "mrr_at_300": 0.30032, "mrr_at_500": 0.30037, "mrr_at_1000": 0.30043, "rc_at_1": {"relevant": 0.0, "distractor": 0.0}, "rc_at_3": {"relevant": 0.0, "distractor": 0.0}, "rc_at_5": {"relevant": 0.0, "distractor": 0.0}, "rc_at_10": {"relevant": 0.0, "distractor": 0.0}, "rc_at_20": {"relevant": 0.0, "distractor": 0.0}, "rc_at_100": {"relevant": 0.0, "distractor": 0.0}, "rc_at_200": {"relevant": 0.0, "distractor": 0.0}, "rc_at_300": {"relevant": 0.0, "distractor": 0.0}, "rc_at_500": {"relevant": 0.0, "distractor": 0.0}, "rc_at_1000": {"relevant": 0.0, "distractor": 0.0}}