{"ndcg_at_1": 0.02134, "ndcg_at_3": 0.02799, "ndcg_at_5": 0.03225, "ndcg_at_10": 0.03878, "ndcg_at_20": 0.04437, "ndcg_at_100": 0.06233, "ndcg_at_200": 0.07135, "ndcg_at_300": 0.07711, "ndcg_at_500": 0.08353, "ndcg_at_1000": 0.093, "map_at_1": 0.01666, "map_at_3": 0.02316, "map_at_5": 0.02565, "map_at_10": 0.02837, "map_at_20": 0.02987, "map_at_100": 0.03216, "map_at_200": 0.03264, "map_at_300": 0.03284, "map_at_500": 0.03299, "map_at_1000": 0.03313, "recall_at_1": 0.01666, "recall_at_3": 0.03204, "recall_at_5": 0.04323, "recall_at_10": 0.06279, "recall_at_20": 0.0829, "recall_at_100": 0.17503, "recall_at_200": 0.23504, "recall_at_300": 0.27738, "recall_at_500": 0.3279, "recall_at_1000": 0.40848, "precision_at_1": 0.02134, "precision_at_3": 0.0148, "precision_at_5": 0.01204, "precision_at_10": 0.00864, "precision_at_20": 0.00594, "precision_at_100": 0.00255, "precision_at_200": 0.00171, "precision_at_300": 0.00134, "precision_at_500": 0.00096, "precision_at_1000": 0.00062, "mrr_at_1": 0.02099, "mrr_at_3": 0.03034, "mrr_at_5": 0.0334, "mrr_at_10": 0.03692, "mrr_at_20": 0.03869, "mrr_at_100": 0.04124, "mrr_at_200": 0.04173, "mrr_at_300": 0.04192, "mrr_at_500": 0.04207, "mrr_at_1000": 0.04219, "rc_at_1": {"relevant": 0.0, "distractor": 0.0}, "rc_at_3": {"relevant": 0.0, "distractor": 0.0}, "rc_at_5": {"relevant": 0.0, "distractor": 0.0}, "rc_at_10": {"relevant": 0.0, "distractor": 0.0}, "rc_at_20": {"relevant": 0.0, "distractor": 0.0}, "rc_at_100": {"relevant": 0.0, "distractor": 0.0}, "rc_at_200": {"relevant": 0.0, "distractor": 0.0}, "rc_at_300": {"relevant": 0.0, "distractor": 0.0}, "rc_at_500": {"relevant": 0.0, "distractor": 0.0}, "rc_at_1000": {"relevant": 0.0, "distractor": 0.0}}