{"ndcg_at_1": 0.57667, "ndcg_at_3": 0.64236, "ndcg_at_5": 0.66466, "ndcg_at_10": 0.68519, "ndcg_at_20": 0.69851, "ndcg_at_100": 0.71357, "ndcg_at_200": 0.71616, "ndcg_at_300": 0.7183, "ndcg_at_500": 0.71984, "ndcg_at_1000": 0.72057, "map_at_1": 0.54328, "map_at_3": 0.61289, "map_at_5": 0.62828, "map_at_10": 0.63955, "map_at_20": 0.6441, "map_at_100": 0.64625, "map_at_200": 0.64639, "map_at_300": 0.64646, "map_at_500": 0.6465, "map_at_1000": 0.64651, "recall_at_1": 0.54328, "recall_at_3": 0.69561, "recall_at_5": 0.75044, "recall_at_10": 0.80522, "recall_at_20": 0.85367, "recall_at_100": 0.935, "recall_at_200": 0.95333, "recall_at_300": 0.97, "recall_at_500": 0.98333, "recall_at_1000": 0.99, "precision_at_1": 0.57667, "precision_at_3": 0.25, "precision_at_5": 0.16533, "precision_at_10": 0.09133, "precision_at_20": 0.04867, "precision_at_100": 0.01063, "precision_at_200": 0.00542, "precision_at_300": 0.00367, "precision_at_500": 0.00223, "precision_at_1000": 0.00112, "mrr_at_1": 0.57667, "mrr_at_3": 0.63944, "mrr_at_5": 0.65094, "mrr_at_10": 0.65775, "mrr_at_20": 0.66078, "mrr_at_100": 0.66254, "mrr_at_200": 0.66265, "mrr_at_300": 0.66273, "mrr_at_500": 0.66276, "mrr_at_1000": 0.66277, "rc_at_1": {"relevant": 0.0, "distractor": 0.0}, "rc_at_3": {"relevant": 0.0, "distractor": 0.0}, "rc_at_5": {"relevant": 0.0, "distractor": 0.0}, "rc_at_10": {"relevant": 0.0, "distractor": 0.0}, "rc_at_20": {"relevant": 0.0, "distractor": 0.0}, "rc_at_100": {"relevant": 0.0, "distractor": 0.0}, "rc_at_200": {"relevant": 0.0, "distractor": 0.0}, "rc_at_300": {"relevant": 0.0, "distractor": 0.0}, "rc_at_500": {"relevant": 0.0, "distractor": 0.0}, "rc_at_1000": {"relevant": 0.0, "distractor": 0.0}}