{"ndcg_at_1": 0.07273, "ndcg_at_3": 0.04805, "ndcg_at_5": 0.03472, "ndcg_at_10": 0.02516, "ndcg_at_20": 0.03309, "ndcg_at_100": 0.04976, "ndcg_at_200": 0.05595, "ndcg_at_300": 0.05894, "ndcg_at_500": 0.06217, "ndcg_at_1000": 0.0721, "map_at_1": 0.00727, "map_at_3": 0.01212, "map_at_5": 0.01212, "map_at_10": 0.01323, "map_at_20": 0.01476, "map_at_100": 0.01704, "map_at_200": 0.01765, "map_at_300": 0.01779, "map_at_500": 0.01786, "map_at_1000": 0.01803, "recall_at_1": 0.00727, "recall_at_3": 0.01273, "recall_at_5": 0.01273, "recall_at_10": 0.01636, "recall_at_20": 0.03091, "recall_at_100": 0.07273, "recall_at_200": 0.09273, "recall_at_300": 0.10364, "recall_at_500": 0.11636, "recall_at_1000": 0.16, "precision_at_1": 0.07273, "precision_at_3": 0.04242, "precision_at_5": 0.02545, "precision_at_10": 0.01636, "precision_at_20": 0.01545, "precision_at_100": 0.00727, "precision_at_200": 0.00464, "precision_at_300": 0.00345, "precision_at_500": 0.00233, "precision_at_1000": 0.0016, "mrr_at_1": 0.07273, "mrr_at_3": 0.07273, "mrr_at_5": 0.07636, "mrr_at_10": 0.08123, "mrr_at_20": 0.09222, "mrr_at_100": 0.09505, "mrr_at_200": 0.09527, "mrr_at_300": 0.09527, "mrr_at_500": 0.09559, "mrr_at_1000": 0.09562, "rc_at_1": {"relevant": 0.07273, "distractor": 0.07273}, "rc_at_3": {"relevant": 0.12727, "distractor": 0.27273}, "rc_at_5": {"relevant": 0.16364, "distractor": 0.49091}, "rc_at_10": {"relevant": 0.2, "distractor": 0.8}, "rc_at_20": {"relevant": 0.45455, "distractor": 1.30909}, "rc_at_100": {"relevant": 0.87273, "distractor": 3.32727}, "rc_at_200": {"relevant": 1.07273, "distractor": 4.54545}, "rc_at_300": {"relevant": 1.14545, "distractor": 5.47273}, "rc_at_500": {"relevant": 1.36364, "distractor": 6.47273}, "rc_at_1000": {"relevant": 1.6, "distractor": 8.43636}}