{"ndcg_at_1": 0.4863, "ndcg_at_3": 0.5654, "ndcg_at_5": 0.5983, "ndcg_at_10": 0.63017, "ndcg_at_20": 0.65102, "ndcg_at_100": 0.67381, "ndcg_at_200": 0.67749, "ndcg_at_300": 0.6786, "ndcg_at_500": 0.67936, "ndcg_at_1000": 0.6799, "map_at_1": 0.42711, "map_at_3": 0.52485, "map_at_5": 0.54839, "map_at_10": 0.56539, "map_at_20": 0.5733, "map_at_100": 0.57829, "map_at_200": 0.57865, "map_at_300": 0.57872, "map_at_500": 0.57876, "map_at_1000": 0.57878, "recall_at_1": 0.42711, "recall_at_3": 0.61501, "recall_at_5": 0.69492, "recall_at_10": 0.78617, "recall_at_20": 0.85895, "recall_at_100": 0.96067, "recall_at_200": 0.98159, "recall_at_300": 0.98843, "recall_at_500": 0.99305, "recall_at_1000": 0.99683, "precision_at_1": 0.4863, "precision_at_3": 0.25313, "precision_at_5": 0.17818, "precision_at_10": 0.10559, "precision_at_20": 0.06014, "precision_at_100": 0.01444, "precision_at_200": 0.0075, "precision_at_300": 0.00507, "precision_at_500": 0.00309, "precision_at_1000": 0.00156, "mrr_at_1": 0.4863, "mrr_at_3": 0.5689, "mrr_at_5": 0.58616, "mrr_at_10": 0.59749, "mrr_at_20": 0.60184, "mrr_at_100": 0.60406, "mrr_at_200": 0.60417, "mrr_at_300": 0.60419, "mrr_at_500": 0.6042, "mrr_at_1000": 0.6042, "rc_at_1": {"relevant": 0.0, "distractor": 0.0}, "rc_at_3": {"relevant": 0.0, "distractor": 0.0}, "rc_at_5": {"relevant": 0.0, "distractor": 0.0}, "rc_at_10": {"relevant": 0.0, "distractor": 0.0}, "rc_at_20": {"relevant": 0.0, "distractor": 0.0}, "rc_at_100": {"relevant": 0.0, "distractor": 0.0}, "rc_at_200": {"relevant": 0.0, "distractor": 0.0}, "rc_at_300": {"relevant": 0.0, "distractor": 0.0}, "rc_at_500": {"relevant": 0.0, "distractor": 0.0}, "rc_at_1000": {"relevant": 0.0, "distractor": 0.0}}