{"ndcg_at_1": 0.30588, "ndcg_at_3": 0.36502, "ndcg_at_5": 0.38536, "ndcg_at_10": 0.40626, "ndcg_at_20": 0.42177, "ndcg_at_100": 0.44457, "ndcg_at_200": 0.45215, "ndcg_at_300": 0.4557, "ndcg_at_500": 0.45912, "ndcg_at_1000": 0.46332, "map_at_1": 0.28392, "map_at_3": 0.34088, "map_at_5": 0.35263, "map_at_10": 0.36152, "map_at_20": 0.36584, "map_at_100": 0.36906, "map_at_200": 0.36946, "map_at_300": 0.36959, "map_at_500": 0.36967, "map_at_1000": 0.36973, "recall_at_1": 0.28392, "recall_at_3": 0.41072, "recall_at_5": 0.46022, "recall_at_10": 0.52311, "recall_at_20": 0.58299, "recall_at_100": 0.70188, "recall_at_200": 0.75416, "recall_at_300": 0.78109, "recall_at_500": 0.80889, "recall_at_1000": 0.84666, "precision_at_1": 0.30588, "precision_at_3": 0.14866, "precision_at_5": 0.10006, "precision_at_10": 0.05711, "precision_at_20": 0.0319, "precision_at_100": 0.00776, "precision_at_200": 0.00419, "precision_at_300": 0.0029, "precision_at_500": 0.00181, "precision_at_1000": 0.00095, "mrr_at_1": 0.30573, "mrr_at_3": 0.36439, "mrr_at_5": 0.37642, "mrr_at_10": 0.38552, "mrr_at_20": 0.38981, "mrr_at_100": 0.39296, "mrr_at_200": 0.39335, "mrr_at_300": 0.39345, "mrr_at_500": 0.39352, "mrr_at_1000": 0.39357, "rc_at_1": {"relevant": 0.0, "distractor": 0.0}, "rc_at_3": {"relevant": 0.0, "distractor": 0.0}, "rc_at_5": {"relevant": 0.0, "distractor": 0.0}, "rc_at_10": {"relevant": 0.0, "distractor": 0.0}, "rc_at_20": {"relevant": 0.0, "distractor": 0.0}, "rc_at_100": {"relevant": 0.0, "distractor": 0.0}, "rc_at_200": {"relevant": 0.0, "distractor": 0.0}, "rc_at_300": {"relevant": 0.0, "distractor": 0.0}, "rc_at_500": {"relevant": 0.0, "distractor": 0.0}, "rc_at_1000": {"relevant": 0.0, "distractor": 0.0}}