{"ndcg_at_1": 0.28653, "ndcg_at_3": 0.32919, "ndcg_at_5": 0.34939, "ndcg_at_10": 0.37576, "ndcg_at_20": 0.39827, "ndcg_at_100": 0.43157, "ndcg_at_200": 0.44124, "ndcg_at_300": 0.44579, "ndcg_at_500": 0.45106, "ndcg_at_1000": 0.45684, "map_at_1": 0.23232, "map_at_3": 0.29386, "map_at_5": 0.30883, "map_at_10": 0.32182, "map_at_20": 0.32932, "map_at_100": 0.33472, "map_at_200": 0.33535, "map_at_300": 0.33555, "map_at_500": 0.33572, "map_at_1000": 0.33585, "recall_at_1": 0.23232, "recall_at_3": 0.35744, "recall_at_5": 0.41019, "recall_at_10": 0.48901, "recall_at_20": 0.56895, "recall_at_100": 0.72897, "recall_at_200": 0.78824, "recall_at_300": 0.8183, "recall_at_500": 0.85603, "recall_at_1000": 0.90097, "precision_at_1": 0.28653, "precision_at_3": 0.15715, "precision_at_5": 0.11164, "precision_at_10": 0.06826, "precision_at_20": 0.04081, "precision_at_100": 0.01112, "precision_at_200": 0.00616, "precision_at_300": 0.00434, "precision_at_500": 0.00278, "precision_at_1000": 0.0015, "mrr_at_1": 0.28653, "mrr_at_3": 0.34836, "mrr_at_5": 0.36069, "mrr_at_10": 0.37148, "mrr_at_20": 0.37684, "mrr_at_100": 0.38046, "mrr_at_200": 0.3809, "mrr_at_300": 0.381, "mrr_at_500": 0.38106, "mrr_at_1000": 0.38112, "rc_at_1": {"relevant": 0.0, "distractor": 0.0}, "rc_at_3": {"relevant": 0.0, "distractor": 0.0}, "rc_at_5": {"relevant": 0.0, "distractor": 0.0}, "rc_at_10": {"relevant": 0.0, "distractor": 0.0}, "rc_at_20": {"relevant": 0.0, "distractor": 0.0}, "rc_at_100": {"relevant": 0.0, "distractor": 0.0}, "rc_at_200": {"relevant": 0.0, "distractor": 0.0}, "rc_at_300": {"relevant": 0.0, "distractor": 0.0}, "rc_at_500": {"relevant": 0.0, "distractor": 0.0}, "rc_at_1000": {"relevant": 0.0, "distractor": 0.0}}