{"ndcg_at_1": 0.82, "ndcg_at_3": 0.7657, "ndcg_at_5": 0.74837, "ndcg_at_10": 0.69795, "ndcg_at_20": 0.65106, "ndcg_at_100": 0.49803, "ndcg_at_200": 0.42546, "ndcg_at_300": 0.39506, "ndcg_at_500": 0.39199, "ndcg_at_1000": 0.44627, "map_at_1": 0.0023, "map_at_3": 0.00592, "map_at_5": 0.00925, "map_at_10": 0.01621, "map_at_20": 0.02838, "map_at_100": 0.0864, "map_at_200": 0.12376, "map_at_300": 0.1449, "map_at_500": 0.17017, "map_at_1000": 0.19898, "recall_at_1": 0.0023, "recall_at_3": 0.00617, "recall_at_5": 0.0101, "recall_at_10": 0.01858, "recall_at_20": 0.03444, "recall_at_100": 0.12152, "recall_at_200": 0.19223, "recall_at_300": 0.23996, "recall_at_500": 0.31038, "recall_at_1000": 0.41885, "precision_at_1": 0.86, "precision_at_3": 0.79333, "precision_at_5": 0.78, "precision_at_10": 0.722, "precision_at_20": 0.67, "precision_at_100": 0.4994, "precision_at_200": 0.4085, "precision_at_300": 0.34867, "precision_at_500": 0.27852, "precision_at_1000": 0.19286, "mrr_at_1": 0.86, "mrr_at_3": 0.90333, "mrr_at_5": 0.90733, "mrr_at_10": 0.91067, "mrr_at_20": 0.91067, "mrr_at_100": 0.91067, "mrr_at_200": 0.91067, "mrr_at_300": 0.91067, "mrr_at_500": 0.91067, "mrr_at_1000": 0.91067, "rc_at_1": {"relevant": 0.0, "distractor": 0.0}, "rc_at_3": {"relevant": 0.0, "distractor": 0.0}, "rc_at_5": {"relevant": 0.0, "distractor": 0.0}, "rc_at_10": {"relevant": 0.0, "distractor": 0.0}, "rc_at_20": {"relevant": 0.0, "distractor": 0.0}, "rc_at_100": {"relevant": 0.0, "distractor": 0.0}, "rc_at_200": {"relevant": 0.0, "distractor": 0.0}, "rc_at_300": {"relevant": 0.0, "distractor": 0.0}, "rc_at_500": {"relevant": 0.0, "distractor": 0.0}, "rc_at_1000": {"relevant": 0.0, "distractor": 0.0}}