{"ndcg_at_1": 0.27039, "ndcg_at_3": 0.31581, "ndcg_at_5": 0.33533, "ndcg_at_10": 0.35513, "ndcg_at_20": 0.37136, "ndcg_at_100": 0.41014, "ndcg_at_200": 0.42141, "ndcg_at_300": 0.42688, "ndcg_at_500": 0.43267, "ndcg_at_1000": 0.43968, "map_at_1": 0.22696, "map_at_3": 0.27986, "map_at_5": 0.29514, "map_at_10": 0.30585, "map_at_20": 0.31149, "map_at_100": 0.31808, "map_at_200": 0.31885, "map_at_300": 0.31912, "map_at_500": 0.31935, "map_at_1000": 0.31951, "recall_at_1": 0.22696, "recall_at_3": 0.33913, "recall_at_5": 0.39241, "recall_at_10": 0.45306, "recall_at_20": 0.50976, "recall_at_100": 0.69418, "recall_at_200": 0.76293, "recall_at_300": 0.79982, "recall_at_500": 0.83951, "recall_at_1000": 0.89577, "precision_at_1": 0.27039, "precision_at_3": 0.14974, "precision_at_5": 0.10987, "precision_at_10": 0.06738, "precision_at_20": 0.04034, "precision_at_100": 0.01169, "precision_at_200": 0.00667, "precision_at_300": 0.00475, "precision_at_500": 0.00311, "precision_at_1000": 0.00171, "mrr_at_1": 0.27039, "mrr_at_3": 0.32976, "mrr_at_5": 0.34328, "mrr_at_10": 0.35098, "mrr_at_20": 0.35542, "mrr_at_100": 0.35985, "mrr_at_200": 0.36028, "mrr_at_300": 0.3604, "mrr_at_500": 0.36048, "mrr_at_1000": 0.36055, "rc_at_1": {"relevant": 0.0, "distractor": 0.0}, "rc_at_3": {"relevant": 0.0, "distractor": 0.0}, "rc_at_5": {"relevant": 0.0, "distractor": 0.0}, "rc_at_10": {"relevant": 0.0, "distractor": 0.0}, "rc_at_20": {"relevant": 0.0, "distractor": 0.0}, "rc_at_100": {"relevant": 0.0, "distractor": 0.0}, "rc_at_200": {"relevant": 0.0, "distractor": 0.0}, "rc_at_300": {"relevant": 0.0, "distractor": 0.0}, "rc_at_500": {"relevant": 0.0, "distractor": 0.0}, "rc_at_1000": {"relevant": 0.0, "distractor": 0.0}}