{"ndcg_at_1": 0.6645, "ndcg_at_3": 0.7115, "ndcg_at_5": 0.73144, "ndcg_at_10": 0.75041, "ndcg_at_20": 0.76294, "ndcg_at_100": 0.77612, "ndcg_at_200": 0.77893, "ndcg_at_300": 0.78012, "ndcg_at_500": 0.78109, "ndcg_at_1000": 0.78218, "map_at_1": 0.57959, "map_at_3": 0.67296, "map_at_5": 0.6906, "map_at_10": 0.70225, "map_at_20": 0.70749, "map_at_100": 0.71063, "map_at_200": 0.7109, "map_at_300": 0.71097, "map_at_500": 0.71102, "map_at_1000": 0.71105, "recall_at_1": 0.57959, "recall_at_3": 0.73968, "recall_at_5": 0.79196, "recall_at_10": 0.84807, "recall_at_20": 0.89107, "recall_at_100": 0.94818, "recall_at_200": 0.96404, "recall_at_300": 0.97146, "recall_at_500": 0.97777, "recall_at_1000": 0.98553, "precision_at_1": 0.6645, "precision_at_3": 0.30933, "precision_at_5": 0.20598, "precision_at_10": 0.11458, "precision_at_20": 0.06242, "precision_at_100": 0.01406, "precision_at_200": 0.00727, "precision_at_300": 0.00492, "precision_at_500": 0.003, "precision_at_1000": 0.00152, "mrr_at_1": 0.6645, "mrr_at_3": 0.72615, "mrr_at_5": 0.73621, "mrr_at_10": 0.74254, "mrr_at_20": 0.74488, "mrr_at_100": 0.746, "mrr_at_200": 0.74608, "mrr_at_300": 0.7461, "mrr_at_500": 0.74611, "mrr_at_1000": 0.74612, "rc_at_1": {"relevant": 0.0, "distractor": 0.0}, "rc_at_3": {"relevant": 0.0, "distractor": 0.0}, "rc_at_5": {"relevant": 0.0, "distractor": 0.0}, "rc_at_10": {"relevant": 0.0, "distractor": 0.0}, "rc_at_20": {"relevant": 0.0, "distractor": 0.0}, "rc_at_100": {"relevant": 0.0, "distractor": 0.0}, "rc_at_200": {"relevant": 0.0, "distractor": 0.0}, "rc_at_300": {"relevant": 0.0, "distractor": 0.0}, "rc_at_500": {"relevant": 0.0, "distractor": 0.0}, "rc_at_1000": {"relevant": 0.0, "distractor": 0.0}}