{"ndcg_at_1": 0.36101, "ndcg_at_3": 0.4153, "ndcg_at_5": 0.44049, "ndcg_at_10": 0.46669, "ndcg_at_20": 0.48881, "ndcg_at_100": 0.51898, "ndcg_at_200": 0.52729, "ndcg_at_300": 0.53178, "ndcg_at_500": 0.53532, "ndcg_at_1000": 0.53817, "map_at_1": 0.31348, "map_at_3": 0.38245, "map_at_5": 0.40013, "map_at_10": 0.41303, "map_at_20": 0.42016, "map_at_100": 0.42522, "map_at_200": 0.42578, "map_at_300": 0.42596, "map_at_500": 0.42608, "map_at_1000": 0.42614, "recall_at_1": 0.31348, "recall_at_3": 0.45123, "recall_at_5": 0.51606, "recall_at_10": 0.59097, "recall_at_20": 0.6699, "recall_at_100": 0.81394, "recall_at_200": 0.86624, "recall_at_300": 0.89754, "recall_at_500": 0.92333, "recall_at_1000": 0.94501, "precision_at_1": 0.36101, "precision_at_3": 0.18843, "precision_at_5": 0.13228, "precision_at_10": 0.07817, "precision_at_20": 0.04548, "precision_at_100": 0.01165, "precision_at_200": 0.00631, "precision_at_300": 0.00439, "precision_at_500": 0.00274, "precision_at_1000": 0.00143, "mrr_at_1": 0.36101, "mrr_at_3": 0.42335, "mrr_at_5": 0.4386, "mrr_at_10": 0.44826, "mrr_at_20": 0.45384, "mrr_at_100": 0.45713, "mrr_at_200": 0.45745, "mrr_at_300": 0.45755, "mrr_at_500": 0.4576, "mrr_at_1000": 0.45762, "rc_at_1": {"relevant": 0.0, "distractor": 0.0}, "rc_at_3": {"relevant": 0.0, "distractor": 0.0}, "rc_at_5": {"relevant": 0.0, "distractor": 0.0}, "rc_at_10": {"relevant": 0.0, "distractor": 0.0}, "rc_at_20": {"relevant": 0.0, "distractor": 0.0}, "rc_at_100": {"relevant": 0.0, "distractor": 0.0}, "rc_at_200": {"relevant": 0.0, "distractor": 0.0}, "rc_at_300": {"relevant": 0.0, "distractor": 0.0}, "rc_at_500": {"relevant": 0.0, "distractor": 0.0}, "rc_at_1000": {"relevant": 0.0, "distractor": 0.0}}