{"ndcg_at_1": 0.56529, "ndcg_at_3": 0.45295, "ndcg_at_5": 0.47605, "ndcg_at_10": 0.49802, "ndcg_at_20": 0.51221, "ndcg_at_100": 0.53534, "ndcg_at_200": 0.54206, "ndcg_at_300": 0.54571, "ndcg_at_500": 0.54975, "ndcg_at_1000": 0.55389, "map_at_1": 0.28265, "map_at_3": 0.38376, "map_at_5": 0.40023, "map_at_10": 0.4118, "map_at_20": 0.41676, "map_at_100": 0.42095, "map_at_200": 0.42144, "map_at_300": 0.42161, "map_at_500": 0.42174, "map_at_1000": 0.42183, "recall_at_1": 0.28265, "recall_at_3": 0.42951, "recall_at_5": 0.47508, "recall_at_10": 0.53052, "recall_at_20": 0.5763, "recall_at_100": 0.67866, "recall_at_200": 0.71783, "recall_at_300": 0.74146, "recall_at_500": 0.76975, "recall_at_1000": 0.80155, "precision_at_1": 0.56529, "precision_at_3": 0.28634, "precision_at_5": 0.19003, "precision_at_10": 0.1061, "precision_at_20": 0.05763, "precision_at_100": 0.01357, "precision_at_200": 0.00718, "precision_at_300": 0.00494, "precision_at_500": 0.00308, "precision_at_1000": 0.0016, "mrr_at_1": 0.56529, "mrr_at_3": 0.62654, "mrr_at_5": 0.63557, "mrr_at_10": 0.64198, "mrr_at_20": 0.64476, "mrr_at_100": 0.6466, "mrr_at_200": 0.64675, "mrr_at_300": 0.6468, "mrr_at_500": 0.64683, "mrr_at_1000": 0.64685, "rc_at_1": {"relevant": 0.0, "distractor": 0.0}, "rc_at_3": {"relevant": 0.0, "distractor": 0.0}, "rc_at_5": {"relevant": 0.0, "distractor": 0.0}, "rc_at_10": {"relevant": 0.0, "distractor": 0.0}, "rc_at_20": {"relevant": 0.0, "distractor": 0.0}, "rc_at_100": {"relevant": 0.0, "distractor": 0.0}, "rc_at_200": {"relevant": 0.0, "distractor": 0.0}, "rc_at_300": {"relevant": 0.0, "distractor": 0.0}, "rc_at_500": {"relevant": 0.0, "distractor": 0.0}, "rc_at_1000": {"relevant": 0.0, "distractor": 0.0}}