{"ndcg_at_1": 0.44615, "ndcg_at_3": 0.38178, "ndcg_at_5": 0.33004, "ndcg_at_10": 0.26884, "ndcg_at_20": 0.3197, "ndcg_at_100": 0.50378, "ndcg_at_200": 0.54814, "ndcg_at_300": 0.55243, "ndcg_at_500": 0.55836, "ndcg_at_1000": 0.56232, "map_at_1": 0.04462, "map_at_3": 0.09692, "map_at_5": 0.12354, "map_at_10": 0.15935, "map_at_20": 0.18444, "map_at_100": 0.24013, "map_at_200": 0.24979, "map_at_300": 0.25035, "map_at_500": 0.25085, "map_at_1000": 0.25108, "recall_at_1": 0.04462, "recall_at_3": 0.10923, "recall_at_5": 0.14769, "recall_at_10": 0.22615, "recall_at_20": 0.31846, "recall_at_100": 0.79385, "recall_at_200": 0.93231, "recall_at_300": 0.94769, "recall_at_500": 0.97077, "recall_at_1000": 0.98769, "precision_at_1": 0.44615, "precision_at_3": 0.3641, "precision_at_5": 0.29538, "precision_at_10": 0.22615, "precision_at_20": 0.15923, "precision_at_100": 0.07938, "precision_at_200": 0.04662, "precision_at_300": 0.03159, "precision_at_500": 0.01942, "precision_at_1000": 0.00988, "mrr_at_1": 0.44615, "mrr_at_3": 0.52308, "mrr_at_5": 0.53846, "mrr_at_10": 0.55051, "mrr_at_20": 0.55731, "mrr_at_100": 0.56028, "mrr_at_200": 0.56028, "mrr_at_300": 0.56028, "mrr_at_500": 0.56028, "mrr_at_1000": 0.56028, "rc_at_1": {"relevant": 0.44615, "distractor": 0.55385}, "rc_at_3": {"relevant": 1.09231, "distractor": 1.90769}, "rc_at_5": {"relevant": 1.47692, "distractor": 3.52308}, "rc_at_10": {"relevant": 2.26154, "distractor": 7.69231}, "rc_at_20": {"relevant": 3.18462, "distractor": 16.67692}, "rc_at_100": {"relevant": 7.93846, "distractor": 85.49231}, "rc_at_200": {"relevant": 9.32308, "distractor": 96.4}, "rc_at_300": {"relevant": 9.47692, "distractor": 97.43077}, "rc_at_500": {"relevant": 9.70769, "distractor": 98.26154}, "rc_at_1000": {"relevant": 9.87692, "distractor": 99.01538}}