{"ndcg_at_1": 0.222, "ndcg_at_3": 0.17439, "ndcg_at_5": 0.15322, "ndcg_at_10": 0.18421, "ndcg_at_20": 0.21148, "ndcg_at_100": 0.26137, "ndcg_at_200": 0.27733, "ndcg_at_300": 0.28628, "ndcg_at_500": 0.29667, "ndcg_at_1000": 0.31072, "map_at_1": 0.04533, "map_at_3": 0.07743, "map_at_5": 0.09231, "map_at_10": 0.10699, "map_at_20": 0.11689, "map_at_100": 0.12651, "map_at_200": 0.12788, "map_at_300": 0.12838, "map_at_500": 0.1288, "map_at_1000": 0.12917, "recall_at_1": 0.04533, "recall_at_3": 0.09793, "recall_at_5": 0.13552, "recall_at_10": 0.1926, "recall_at_20": 0.25667, "recall_at_100": 0.41892, "recall_at_200": 0.48667, "recall_at_300": 0.5289, "recall_at_500": 0.58183, "recall_at_1000": 0.66095, "precision_at_1": 0.222, "precision_at_3": 0.161, "precision_at_5": 0.1336, "precision_at_10": 0.095, "precision_at_20": 0.0632, "precision_at_100": 0.02063, "precision_at_200": 0.01198, "precision_at_300": 0.00868, "precision_at_500": 0.00573, "precision_at_1000": 0.00325, "mrr_at_1": 0.224, "mrr_at_3": 0.29167, "mrr_at_5": 0.31307, "mrr_at_10": 0.32638, "mrr_at_20": 0.33292, "mrr_at_100": 0.3373, "mrr_at_200": 0.33773, "mrr_at_300": 0.33784, "mrr_at_500": 0.33792, "mrr_at_1000": 0.33797, "rc_at_1": {"relevant": 0.0, "distractor": 0.0}, "rc_at_3": {"relevant": 0.0, "distractor": 0.0}, "rc_at_5": {"relevant": 0.0, "distractor": 0.0}, "rc_at_10": {"relevant": 0.0, "distractor": 0.0}, "rc_at_20": {"relevant": 0.0, "distractor": 0.0}, "rc_at_100": {"relevant": 0.0, "distractor": 0.0}, "rc_at_200": {"relevant": 0.0, "distractor": 0.0}, "rc_at_300": {"relevant": 0.0, "distractor": 0.0}, "rc_at_500": {"relevant": 0.0, "distractor": 0.0}, "rc_at_1000": {"relevant": 0.0, "distractor": 0.0}}