{"ndcg_at_1": 0.3744, "ndcg_at_3": 0.42788, "ndcg_at_5": 0.45202, "ndcg_at_10": 0.47482, "ndcg_at_20": 0.49271, "ndcg_at_100": 0.52512, "ndcg_at_200": 0.53275, "ndcg_at_300": 0.53598, "ndcg_at_500": 0.5392, "ndcg_at_1000": 0.54316, "map_at_1": 0.3022, "map_at_3": 0.38295, "map_at_5": 0.40159, "map_at_10": 0.4144, "map_at_20": 0.42074, "map_at_100": 0.42645, "map_at_200": 0.42702, "map_at_300": 0.42719, "map_at_500": 0.42731, "map_at_1000": 0.42741, "recall_at_1": 0.3022, "recall_at_3": 0.45998, "recall_at_5": 0.52454, "recall_at_10": 0.59479, "recall_at_20": 0.65736, "recall_at_100": 0.80841, "recall_at_200": 0.85478, "recall_at_300": 0.87557, "recall_at_500": 0.8968, "recall_at_1000": 0.92605, "precision_at_1": 0.3744, "precision_at_3": 0.20597, "precision_at_5": 0.14629, "precision_at_10": 0.08624, "precision_at_20": 0.04909, "precision_at_100": 0.01291, "precision_at_200": 0.00698, "precision_at_300": 0.00484, "precision_at_500": 0.00304, "precision_at_1000": 0.00161, "mrr_at_1": 0.3744, "mrr_at_3": 0.44771, "mrr_at_5": 0.46325, "mrr_at_10": 0.47253, "mrr_at_20": 0.47657, "mrr_at_100": 0.47964, "mrr_at_200": 0.47992, "mrr_at_300": 0.47999, "mrr_at_500": 0.48003, "mrr_at_1000": 0.48006, "rc_at_1": {"relevant": 0.0, "distractor": 0.0}, "rc_at_3": {"relevant": 0.0, "distractor": 0.0}, "rc_at_5": {"relevant": 0.0, "distractor": 0.0}, "rc_at_10": {"relevant": 0.0, "distractor": 0.0}, "rc_at_20": {"relevant": 0.0, "distractor": 0.0}, "rc_at_100": {"relevant": 0.0, "distractor": 0.0}, "rc_at_200": {"relevant": 0.0, "distractor": 0.0}, "rc_at_300": {"relevant": 0.0, "distractor": 0.0}, "rc_at_500": {"relevant": 0.0, "distractor": 0.0}, "rc_at_1000": {"relevant": 0.0, "distractor": 0.0}}