{"ndcg_at_1": 0.35385, "ndcg_at_3": 0.32119, "ndcg_at_5": 0.28084, "ndcg_at_10": 0.24384, "ndcg_at_20": 0.29495, "ndcg_at_100": 0.47502, "ndcg_at_200": 0.5188, "ndcg_at_300": 0.52604, "ndcg_at_500": 0.53202, "ndcg_at_1000": 0.53634, "map_at_1": 0.03538, "map_at_3": 0.07846, "map_at_5": 0.09592, "map_at_10": 0.13485, "map_at_20": 0.1574, "map_at_100": 0.21012, "map_at_200": 0.21925, "map_at_300": 0.22006, "map_at_500": 0.22059, "map_at_1000": 0.22084, "recall_at_1": 0.03538, "recall_at_3": 0.09385, "recall_at_5": 0.12923, "recall_at_10": 0.21692, "recall_at_20": 0.30923, "recall_at_100": 0.78, "recall_at_200": 0.91846, "recall_at_300": 0.94462, "recall_at_500": 0.96769, "recall_at_1000": 0.98615, "precision_at_1": 0.35385, "precision_at_3": 0.31282, "precision_at_5": 0.25846, "precision_at_10": 0.21692, "precision_at_20": 0.15462, "precision_at_100": 0.078, "precision_at_200": 0.04592, "precision_at_300": 0.03149, "precision_at_500": 0.01935, "precision_at_1000": 0.00986, "mrr_at_1": 0.35385, "mrr_at_3": 0.44359, "mrr_at_5": 0.47821, "mrr_at_10": 0.49435, "mrr_at_20": 0.49982, "mrr_at_100": 0.50203, "mrr_at_200": 0.50203, "mrr_at_300": 0.50203, "mrr_at_500": 0.50203, "mrr_at_1000": 0.50203, "rc_at_1": {"relevant": 0.35385, "distractor": 0.64615}, "rc_at_3": {"relevant": 0.95385, "distractor": 2.04615}, "rc_at_5": {"relevant": 1.30769, "distractor": 3.67692}, "rc_at_10": {"relevant": 2.2, "distractor": 7.75385}, "rc_at_20": {"relevant": 3.10769, "distractor": 16.67692}, "rc_at_100": {"relevant": 7.81538, "distractor": 81.55385}, "rc_at_200": {"relevant": 9.18462, "distractor": 93.43077}, "rc_at_300": {"relevant": 9.47692, "distractor": 95.21538}, "rc_at_500": {"relevant": 9.67692, "distractor": 96.4}, "rc_at_1000": {"relevant": 9.87692, "distractor": 97.56923}}