{"ndcg_at_1": 0.4102, "ndcg_at_3": 0.51027, "ndcg_at_5": 0.54627, "ndcg_at_10": 0.58037, "ndcg_at_20": 0.59987, "ndcg_at_100": 0.61762, "ndcg_at_200": 0.62104, "ndcg_at_300": 0.62244, "ndcg_at_500": 0.6235, "ndcg_at_1000": 0.62491, "map_at_1": 0.36892, "map_at_3": 0.47386, "map_at_5": 0.49559, "map_at_10": 0.51128, "map_at_20": 0.51739, "map_at_100": 0.52025, "map_at_200": 0.52047, "map_at_300": 0.52052, "map_at_500": 0.52055, "map_at_1000": 0.52057, "recall_at_1": 0.36892, "recall_at_3": 0.58365, "recall_at_5": 0.66606, "recall_at_10": 0.76533, "recall_at_20": 0.83659, "recall_at_100": 0.92543, "recall_at_200": 0.94793, "recall_at_300": 0.95845, "recall_at_500": 0.96714, "recall_at_1000": 0.97977, "precision_at_1": 0.4102, "precision_at_3": 0.22576, "precision_at_5": 0.15632, "precision_at_10": 0.09085, "precision_at_20": 0.05016, "precision_at_100": 0.01121, "precision_at_200": 0.00576, "precision_at_300": 0.00388, "precision_at_500": 0.00235, "precision_at_1000": 0.00119, "mrr_at_1": 0.41049, "mrr_at_3": 0.50517, "mrr_at_5": 0.52352, "mrr_at_10": 0.53599, "mrr_at_20": 0.54075, "mrr_at_100": 0.54272, "mrr_at_200": 0.54286, "mrr_at_300": 0.5429, "mrr_at_500": 0.54292, "mrr_at_1000": 0.54293, "rc_at_1": {"relevant": 0.0, "distractor": 0.0}, "rc_at_3": {"relevant": 0.0, "distractor": 0.0}, "rc_at_5": {"relevant": 0.0, "distractor": 0.0}, "rc_at_10": {"relevant": 0.0, "distractor": 0.0}, "rc_at_20": {"relevant": 0.0, "distractor": 0.0}, "rc_at_100": {"relevant": 0.0, "distractor": 0.0}, "rc_at_200": {"relevant": 0.0, "distractor": 0.0}, "rc_at_300": {"relevant": 0.0, "distractor": 0.0}, "rc_at_500": {"relevant": 0.0, "distractor": 0.0}, "rc_at_1000": {"relevant": 0.0, "distractor": 0.0}}