{"ndcg_at_1": 0.56667, "ndcg_at_3": 0.63898, "ndcg_at_5": 0.65861, "ndcg_at_10": 0.68516, "ndcg_at_20": 0.69705, "ndcg_at_100": 0.71129, "ndcg_at_200": 0.71313, "ndcg_at_300": 0.71465, "ndcg_at_500": 0.71582, "ndcg_at_1000": 0.71724, "map_at_1": 0.538, "map_at_3": 0.61131, "map_at_5": 0.62443, "map_at_10": 0.63813, "map_at_20": 0.64196, "map_at_100": 0.64377, "map_at_200": 0.6439, "map_at_300": 0.64395, "map_at_500": 0.64398, "map_at_1000": 0.644, "recall_at_1": 0.538, "recall_at_3": 0.69256, "recall_at_5": 0.74083, "recall_at_10": 0.81639, "recall_at_20": 0.86067, "recall_at_100": 0.93933, "recall_at_200": 0.95167, "recall_at_300": 0.96333, "recall_at_500": 0.97333, "recall_at_1000": 0.98667, "precision_at_1": 0.56667, "precision_at_3": 0.25, "precision_at_5": 0.164, "precision_at_10": 0.092, "precision_at_20": 0.04867, "precision_at_100": 0.01063, "precision_at_200": 0.0054, "precision_at_300": 0.00364, "precision_at_500": 0.00221, "precision_at_1000": 0.00112, "mrr_at_1": 0.56667, "mrr_at_3": 0.63056, "mrr_at_5": 0.64206, "mrr_at_10": 0.65047, "mrr_at_20": 0.65337, "mrr_at_100": 0.65505, "mrr_at_200": 0.65512, "mrr_at_300": 0.65517, "mrr_at_500": 0.65519, "mrr_at_1000": 0.65521, "rc_at_1": {"relevant": 0.0, "distractor": 0.0}, "rc_at_3": {"relevant": 0.0, "distractor": 0.0}, "rc_at_5": {"relevant": 0.0, "distractor": 0.0}, "rc_at_10": {"relevant": 0.0, "distractor": 0.0}, "rc_at_20": {"relevant": 0.0, "distractor": 0.0}, "rc_at_100": {"relevant": 0.0, "distractor": 0.0}, "rc_at_200": {"relevant": 0.0, "distractor": 0.0}, "rc_at_300": {"relevant": 0.0, "distractor": 0.0}, "rc_at_500": {"relevant": 0.0, "distractor": 0.0}, "rc_at_1000": {"relevant": 0.0, "distractor": 0.0}}