{"ndcg_at_1": 0.51, "ndcg_at_3": 0.4235, "ndcg_at_5": 0.39221, "ndcg_at_10": 0.36362, "ndcg_at_20": 0.35274, "ndcg_at_100": 0.39254, "ndcg_at_200": 0.41666, "ndcg_at_300": 0.4299, "ndcg_at_500": 0.44489, "ndcg_at_1000": 0.46125, "map_at_1": 0.08151, "map_at_3": 0.11923, "map_at_5": 0.13619, "map_at_10": 0.15814, "map_at_20": 0.17977, "map_at_100": 0.21488, "map_at_200": 0.22154, "map_at_300": 0.22419, "map_at_500": 0.22663, "map_at_1000": 0.22861, "recall_at_1": 0.08151, "recall_at_3": 0.13146, "recall_at_5": 0.15993, "recall_at_10": 0.20402, "recall_at_20": 0.26129, "recall_at_100": 0.42574, "recall_at_200": 0.49554, "recall_at_300": 0.53767, "recall_at_500": 0.58958, "recall_at_1000": 0.64948, "precision_at_1": 0.6225, "precision_at_3": 0.44667, "precision_at_5": 0.366, "precision_at_10": 0.27675, "precision_at_20": 0.20662, "precision_at_100": 0.08713, "precision_at_200": 0.05591, "precision_at_300": 0.0425, "precision_at_500": 0.02974, "precision_at_1000": 0.0178, "mrr_at_1": 0.6225, "mrr_at_3": 0.685, "mrr_at_5": 0.69187, "mrr_at_10": 0.69983, "mrr_at_20": 0.70249, "mrr_at_100": 0.7039, "mrr_at_200": 0.70402, "mrr_at_300": 0.70408, "mrr_at_500": 0.70409, "mrr_at_1000": 0.7041, "rc_at_1": {"relevant": 0.0, "distractor": 0.0}, "rc_at_3": {"relevant": 0.0, "distractor": 0.0}, "rc_at_5": {"relevant": 0.0, "distractor": 0.0}, "rc_at_10": {"relevant": 0.0, "distractor": 0.0}, "rc_at_20": {"relevant": 0.0, "distractor": 0.0}, "rc_at_100": {"relevant": 0.0, "distractor": 0.0}, "rc_at_200": {"relevant": 0.0, "distractor": 0.0}, "rc_at_300": {"relevant": 0.0, "distractor": 0.0}, "rc_at_500": {"relevant": 0.0, "distractor": 0.0}, "rc_at_1000": {"relevant": 0.0, "distractor": 0.0}}