{"ndcg_at_1": 0.19963, "ndcg_at_3": 0.24704, "ndcg_at_5": 0.27678, "ndcg_at_10": 0.29927, "ndcg_at_20": 0.31568, "ndcg_at_100": 0.3538, "ndcg_at_200": 0.36385, "ndcg_at_300": 0.36918, "ndcg_at_500": 0.37458, "ndcg_at_1000": 0.38195, "map_at_1": 0.18105, "map_at_3": 0.22736, "map_at_5": 0.24459, "map_at_10": 0.25419, "map_at_20": 0.25914, "map_at_100": 0.26428, "map_at_200": 0.26488, "map_at_300": 0.2651, "map_at_500": 0.26525, "map_at_1000": 0.26538, "recall_at_1": 0.18105, "recall_at_3": 0.28352, "recall_at_5": 0.3536, "recall_at_10": 0.42079, "recall_at_20": 0.48345, "recall_at_100": 0.68285, "recall_at_200": 0.74968, "recall_at_300": 0.78799, "recall_at_500": 0.82993, "recall_at_1000": 0.89347, "precision_at_1": 0.19963, "precision_at_3": 0.10536, "precision_at_5": 0.08207, "precision_at_10": 0.04917, "precision_at_20": 0.02837, "precision_at_100": 0.00837, "precision_at_200": 0.0047, "precision_at_300": 0.00335, "precision_at_500": 0.00215, "precision_at_1000": 0.00119, "mrr_at_1": 0.19963, "mrr_at_3": 0.24646, "mrr_at_5": 0.26356, "mrr_at_10": 0.27247, "mrr_at_20": 0.27659, "mrr_at_100": 0.28148, "mrr_at_200": 0.28194, "mrr_at_300": 0.28208, "mrr_at_500": 0.28219, "mrr_at_1000": 0.28227, "rc_at_1": {"relevant": 0.0, "distractor": 0.0}, "rc_at_3": {"relevant": 0.0, "distractor": 0.0}, "rc_at_5": {"relevant": 0.0, "distractor": 0.0}, "rc_at_10": {"relevant": 0.0, "distractor": 0.0}, "rc_at_20": {"relevant": 0.0, "distractor": 0.0}, "rc_at_100": {"relevant": 0.0, "distractor": 0.0}, "rc_at_200": {"relevant": 0.0, "distractor": 0.0}, "rc_at_300": {"relevant": 0.0, "distractor": 0.0}, "rc_at_500": {"relevant": 0.0, "distractor": 0.0}, "rc_at_1000": {"relevant": 0.0, "distractor": 0.0}}