{"ndcg_at_1": 0.1931, "ndcg_at_3": 0.222, "ndcg_at_5": 0.23933, "ndcg_at_10": 0.26025, "ndcg_at_20": 0.2785, "ndcg_at_100": 0.30717, "ndcg_at_200": 0.31648, "ndcg_at_300": 0.32217, "ndcg_at_500": 0.3269, "ndcg_at_1000": 0.33522, "map_at_1": 0.16486, "map_at_3": 0.2009, "map_at_5": 0.21214, "map_at_10": 0.22119, "map_at_20": 0.22648, "map_at_100": 0.2306, "map_at_200": 0.23116, "map_at_300": 0.23139, "map_at_500": 0.23153, "map_at_1000": 0.23167, "recall_at_1": 0.16486, "recall_at_3": 0.24593, "recall_at_5": 0.2897, "recall_at_10": 0.35079, "recall_at_20": 0.41825, "recall_at_100": 0.56219, "recall_at_200": 0.62131, "recall_at_300": 0.66068, "recall_at_500": 0.6959, "recall_at_1000": 0.76576, "precision_at_1": 0.1931, "precision_at_3": 0.09981, "precision_at_5": 0.07276, "precision_at_10": 0.04534, "precision_at_20": 0.02752, "precision_at_100": 0.00768, "precision_at_200": 0.00433, "precision_at_300": 0.00313, "precision_at_500": 0.00201, "precision_at_1000": 0.00113, "mrr_at_1": 0.1931, "mrr_at_3": 0.23088, "mrr_at_5": 0.24202, "mrr_at_10": 0.25104, "mrr_at_20": 0.25604, "mrr_at_100": 0.25961, "mrr_at_200": 0.26003, "mrr_at_300": 0.26018, "mrr_at_500": 0.26026, "mrr_at_1000": 0.26035, "rc_at_1": {"relevant": 0.0, "distractor": 0.0}, "rc_at_3": {"relevant": 0.0, "distractor": 0.0}, "rc_at_5": {"relevant": 0.0, "distractor": 0.0}, "rc_at_10": {"relevant": 0.0, "distractor": 0.0}, "rc_at_20": {"relevant": 0.0, "distractor": 0.0}, "rc_at_100": {"relevant": 0.0, "distractor": 0.0}, "rc_at_200": {"relevant": 0.0, "distractor": 0.0}, "rc_at_300": {"relevant": 0.0, "distractor": 0.0}, "rc_at_500": {"relevant": 0.0, "distractor": 0.0}, "rc_at_1000": {"relevant": 0.0, "distractor": 0.0}}