{"ndcg_at_1": 0.07312, "ndcg_at_3": 0.10437, "ndcg_at_5": 0.12699, "ndcg_at_10": 0.14329, "ndcg_at_20": 0.15705, "ndcg_at_100": 0.19686, "ndcg_at_200": 0.21312, "ndcg_at_300": 0.22258, "ndcg_at_500": 0.234, "ndcg_at_1000": 0.24422, "map_at_1": 0.06194, "map_at_3": 0.08756, "map_at_5": 0.09952, "map_at_10": 0.10733, "map_at_20": 0.11135, "map_at_100": 0.11732, "map_at_200": 0.1184, "map_at_300": 0.11885, "map_at_500": 0.11926, "map_at_1000": 0.11952, "recall_at_1": 0.06194, "recall_at_3": 0.12, "recall_at_5": 0.17087, "recall_at_10": 0.2221, "recall_at_20": 0.27532, "recall_at_100": 0.47754, "recall_at_200": 0.58195, "recall_at_300": 0.64705, "recall_at_500": 0.73032, "recall_at_1000": 0.81271, "precision_at_1": 0.07312, "precision_at_3": 0.0527, "precision_at_5": 0.04862, "precision_at_10": 0.033, "precision_at_20": 0.02184, "precision_at_100": 0.00875, "precision_at_200": 0.00563, "precision_at_300": 0.00441, "precision_at_500": 0.00315, "precision_at_1000": 0.00185, "mrr_at_1": 0.0751, "mrr_at_3": 0.11792, "mrr_at_5": 0.12612, "mrr_at_10": 0.13502, "mrr_at_20": 0.13942, "mrr_at_100": 0.14434, "mrr_at_200": 0.14501, "mrr_at_300": 0.14525, "mrr_at_500": 0.1454, "mrr_at_1000": 0.14551, "rc_at_1": {"relevant": 0.0, "distractor": 0.0}, "rc_at_3": {"relevant": 0.0, "distractor": 0.0}, "rc_at_5": {"relevant": 0.0, "distractor": 0.0}, "rc_at_10": {"relevant": 0.0, "distractor": 0.0}, "rc_at_20": {"relevant": 0.0, "distractor": 0.0}, "rc_at_100": {"relevant": 0.0, "distractor": 0.0}, "rc_at_200": {"relevant": 0.0, "distractor": 0.0}, "rc_at_300": {"relevant": 0.0, "distractor": 0.0}, "rc_at_500": {"relevant": 0.0, "distractor": 0.0}, "rc_at_1000": {"relevant": 0.0, "distractor": 0.0}}