{"ndcg_at_1": 0.36195, "ndcg_at_3": 0.41441, "ndcg_at_5": 0.43663, "ndcg_at_10": 0.46597, "ndcg_at_20": 0.48692, "ndcg_at_100": 0.51658, "ndcg_at_200": 0.52593, "ndcg_at_300": 0.52972, "ndcg_at_500": 0.53488, "ndcg_at_1000": 0.53926, "map_at_1": 0.29702, "map_at_3": 0.3689, "map_at_5": 0.38687, "map_at_10": 0.40312, "map_at_20": 0.41058, "map_at_100": 0.41627, "map_at_200": 0.41703, "map_at_300": 0.41725, "map_at_500": 0.41747, "map_at_1000": 0.41762, "recall_at_1": 0.29702, "recall_at_3": 0.43829, "recall_at_5": 0.50111, "recall_at_10": 0.5896, "recall_at_20": 0.66601, "recall_at_100": 0.80439, "recall_at_200": 0.85846, "recall_at_300": 0.88157, "recall_at_500": 0.9175, "recall_at_1000": 0.94661, "precision_at_1": 0.36195, "precision_at_3": 0.19886, "precision_at_5": 0.14249, "precision_at_10": 0.08898, "precision_at_20": 0.05265, "precision_at_100": 0.01399, "precision_at_200": 0.00785, "precision_at_300": 0.00554, "precision_at_500": 0.00357, "precision_at_1000": 0.00193, "mrr_at_1": 0.36195, "mrr_at_3": 0.43276, "mrr_at_5": 0.448, "mrr_at_10": 0.45916, "mrr_at_20": 0.46439, "mrr_at_100": 0.46713, "mrr_at_200": 0.46747, "mrr_at_300": 0.46755, "mrr_at_500": 0.46763, "mrr_at_1000": 0.46766, "rc_at_1": {"relevant": 0.0, "distractor": 0.0}, "rc_at_3": {"relevant": 0.0, "distractor": 0.0}, "rc_at_5": {"relevant": 0.0, "distractor": 0.0}, "rc_at_10": {"relevant": 0.0, "distractor": 0.0}, "rc_at_20": {"relevant": 0.0, "distractor": 0.0}, "rc_at_100": {"relevant": 0.0, "distractor": 0.0}, "rc_at_200": {"relevant": 0.0, "distractor": 0.0}, "rc_at_300": {"relevant": 0.0, "distractor": 0.0}, "rc_at_500": {"relevant": 0.0, "distractor": 0.0}, "rc_at_1000": {"relevant": 0.0, "distractor": 0.0}}