{"ndcg_at_1": 0.8105, "ndcg_at_3": 0.85336, "ndcg_at_5": 0.8705, "ndcg_at_10": 0.88221, "ndcg_at_20": 0.88856, "ndcg_at_100": 0.89415, "ndcg_at_200": 0.8949, "ndcg_at_300": 0.89503, "ndcg_at_500": 0.89512, "ndcg_at_1000": 0.89522, "map_at_1": 0.70463, "map_at_3": 0.81473, "map_at_5": 0.83411, "map_at_10": 0.84454, "map_at_20": 0.84865, "map_at_100": 0.85082, "map_at_200": 0.85095, "map_at_300": 0.85097, "map_at_500": 0.85099, "map_at_1000": 0.85099, "recall_at_1": 0.70463, "recall_at_3": 0.87222, "recall_at_5": 0.9198, "recall_at_10": 0.95444, "recall_at_20": 0.97454, "recall_at_100": 0.99493, "recall_at_200": 0.99815, "recall_at_300": 0.99867, "recall_at_500": 0.99907, "recall_at_1000": 0.99968, "precision_at_1": 0.8105, "precision_at_3": 0.37337, "precision_at_5": 0.2465, "precision_at_10": 0.1339, "precision_at_20": 0.07107, "precision_at_100": 0.01527, "precision_at_200": 0.00775, "precision_at_300": 0.00519, "precision_at_500": 0.00312, "precision_at_1000": 0.00157, "mrr_at_1": 0.8108, "mrr_at_3": 0.86352, "mrr_at_5": 0.87099, "mrr_at_10": 0.87355, "mrr_at_20": 0.87424, "mrr_at_100": 0.87453, "mrr_at_200": 0.87454, "mrr_at_300": 0.87454, "mrr_at_500": 0.87454, "mrr_at_1000": 0.87454, "rc_at_1": {"relevant": 0.0, "distractor": 0.0}, "rc_at_3": {"relevant": 0.0, "distractor": 0.0}, "rc_at_5": {"relevant": 0.0, "distractor": 0.0}, "rc_at_10": {"relevant": 0.0, "distractor": 0.0}, "rc_at_20": {"relevant": 0.0, "distractor": 0.0}, "rc_at_100": {"relevant": 0.0, "distractor": 0.0}, "rc_at_200": {"relevant": 0.0, "distractor": 0.0}, "rc_at_300": {"relevant": 0.0, "distractor": 0.0}, "rc_at_500": {"relevant": 0.0, "distractor": 0.0}, "rc_at_1000": {"relevant": 0.0, "distractor": 0.0}}