{"ndcg_at_1": 0.1774, "ndcg_at_3": 0.22325, "ndcg_at_5": 0.24364, "ndcg_at_10": 0.26683, "ndcg_at_20": 0.28863, "ndcg_at_100": 0.32577, "ndcg_at_200": 0.33709, "ndcg_at_300": 0.34276, "ndcg_at_500": 0.34743, "ndcg_at_1000": 0.3542, "map_at_1": 0.16455, "map_at_3": 0.20552, "map_at_5": 0.21759, "map_at_10": 0.22742, "map_at_20": 0.23346, "map_at_100": 0.23855, "map_at_200": 0.23917, "map_at_300": 0.23936, "map_at_500": 0.23949, "map_at_1000": 0.2396, "recall_at_1": 0.16455, "recall_at_3": 0.25536, "recall_at_5": 0.30517, "recall_at_10": 0.37416, "recall_at_20": 0.4577, "recall_at_100": 0.65085, "recall_at_200": 0.72852, "recall_at_300": 0.7717, "recall_at_500": 0.80879, "recall_at_1000": 0.86827, "precision_at_1": 0.1774, "precision_at_3": 0.09567, "precision_at_5": 0.0687, "precision_at_10": 0.04271, "precision_at_20": 0.02633, "precision_at_100": 0.00776, "precision_at_200": 0.00437, "precision_at_300": 0.00309, "precision_at_500": 0.00196, "precision_at_1000": 0.00106, "mrr_at_1": 0.1774, "mrr_at_3": 0.22203, "mrr_at_5": 0.23379, "mrr_at_10": 0.24349, "mrr_at_20": 0.24941, "mrr_at_100": 0.25415, "mrr_at_200": 0.25466, "mrr_at_300": 0.25483, "mrr_at_500": 0.25491, "mrr_at_1000": 0.255, "rc_at_1": {"relevant": 0.0, "distractor": 0.0}, "rc_at_3": {"relevant": 0.0, "distractor": 0.0}, "rc_at_5": {"relevant": 0.0, "distractor": 0.0}, "rc_at_10": {"relevant": 0.0, "distractor": 0.0}, "rc_at_20": {"relevant": 0.0, "distractor": 0.0}, "rc_at_100": {"relevant": 0.0, "distractor": 0.0}, "rc_at_200": {"relevant": 0.0, "distractor": 0.0}, "rc_at_300": {"relevant": 0.0, "distractor": 0.0}, "rc_at_500": {"relevant": 0.0, "distractor": 0.0}, "rc_at_1000": {"relevant": 0.0, "distractor": 0.0}}