{"ndcg_at_1": 0.33333, "ndcg_at_3": 0.38486, "ndcg_at_5": 0.40788, "ndcg_at_10": 0.43993, "ndcg_at_20": 0.46216, "ndcg_at_100": 0.49437, "ndcg_at_200": 0.50366, "ndcg_at_300": 0.508, "ndcg_at_500": 0.51203, "ndcg_at_1000": 0.51593, "map_at_1": 0.2721, "map_at_3": 0.3448, "map_at_5": 0.36295, "map_at_10": 0.37912, "map_at_20": 0.38625, "map_at_100": 0.39173, "map_at_200": 0.39242, "map_at_300": 0.39262, "map_at_500": 0.39276, "map_at_1000": 0.39285, "recall_at_1": 0.2721, "recall_at_3": 0.41919, "recall_at_5": 0.4818, "recall_at_10": 0.57199, "recall_at_20": 0.65217, "recall_at_100": 0.80356, "recall_at_200": 0.85845, "recall_at_300": 0.88776, "recall_at_500": 0.91647, "recall_at_1000": 0.94571, "precision_at_1": 0.33333, "precision_at_3": 0.18341, "precision_at_5": 0.12991, "precision_at_10": 0.08105, "precision_at_20": 0.04743, "precision_at_100": 0.01252, "precision_at_200": 0.00693, "precision_at_300": 0.00482, "precision_at_500": 0.00305, "precision_at_1000": 0.00162, "mrr_at_1": 0.33333, "mrr_at_3": 0.40221, "mrr_at_5": 0.41676, "mrr_at_10": 0.42951, "mrr_at_20": 0.43444, "mrr_at_100": 0.43781, "mrr_at_200": 0.43813, "mrr_at_300": 0.43823, "mrr_at_500": 0.43829, "mrr_at_1000": 0.43832, "rc_at_1": {"relevant": 0.0, "distractor": 0.0}, "rc_at_3": {"relevant": 0.0, "distractor": 0.0}, "rc_at_5": {"relevant": 0.0, "distractor": 0.0}, "rc_at_10": {"relevant": 0.0, "distractor": 0.0}, "rc_at_20": {"relevant": 0.0, "distractor": 0.0}, "rc_at_100": {"relevant": 0.0, "distractor": 0.0}, "rc_at_200": {"relevant": 0.0, "distractor": 0.0}, "rc_at_300": {"relevant": 0.0, "distractor": 0.0}, "rc_at_500": {"relevant": 0.0, "distractor": 0.0}, "rc_at_1000": {"relevant": 0.0, "distractor": 0.0}}