{"ndcg_at_1": 0.13433, "ndcg_at_3": 0.15598, "ndcg_at_5": 0.16872, "ndcg_at_10": 0.18423, "ndcg_at_20": 0.20123, "ndcg_at_100": 0.23196, "ndcg_at_200": 0.24502, "ndcg_at_300": 0.25187, "ndcg_at_500": 0.25888, "ndcg_at_1000": 0.2695, "map_at_1": 0.10886, "map_at_3": 0.13798, "map_at_5": 0.14611, "map_at_10": 0.15288, "map_at_20": 0.15765, "map_at_100": 0.16192, "map_at_200": 0.16266, "map_at_300": 0.16292, "map_at_500": 0.16313, "map_at_1000": 0.1633, "recall_at_1": 0.10886, "recall_at_3": 0.17183, "recall_at_5": 0.2052, "recall_at_10": 0.25149, "recall_at_20": 0.3131, "recall_at_100": 0.46622, "recall_at_200": 0.54968, "recall_at_300": 0.59909, "recall_at_500": 0.65185, "recall_at_1000": 0.73967, "precision_at_1": 0.13433, "precision_at_3": 0.07338, "precision_at_5": 0.05249, "precision_at_10": 0.03284, "precision_at_20": 0.02096, "precision_at_100": 0.00655, "precision_at_200": 0.00396, "precision_at_300": 0.0029, "precision_at_500": 0.00193, "precision_at_1000": 0.00113, "mrr_at_1": 0.13308, "mrr_at_3": 0.16833, "mrr_at_5": 0.17672, "mrr_at_10": 0.18418, "mrr_at_20": 0.18951, "mrr_at_100": 0.19345, "mrr_at_200": 0.19409, "mrr_at_300": 0.19426, "mrr_at_500": 0.19438, "mrr_at_1000": 0.19448, "rc_at_1": {"relevant": 0.0, "distractor": 0.0}, "rc_at_3": {"relevant": 0.0, "distractor": 0.0}, "rc_at_5": {"relevant": 0.0, "distractor": 0.0}, "rc_at_10": {"relevant": 0.0, "distractor": 0.0}, "rc_at_20": {"relevant": 0.0, "distractor": 0.0}, "rc_at_100": {"relevant": 0.0, "distractor": 0.0}, "rc_at_200": {"relevant": 0.0, "distractor": 0.0}, "rc_at_300": {"relevant": 0.0, "distractor": 0.0}, "rc_at_500": {"relevant": 0.0, "distractor": 0.0}, "rc_at_1000": {"relevant": 0.0, "distractor": 0.0}}