{"ndcg_at_1": 0.33846, "ndcg_at_3": 0.28681, "ndcg_at_5": 0.24971, "ndcg_at_10": 0.22147, "ndcg_at_20": 0.28649, "ndcg_at_100": 0.45938, "ndcg_at_200": 0.50468, "ndcg_at_300": 0.51099, "ndcg_at_500": 0.51531, "ndcg_at_1000": 0.51992, "map_at_1": 0.03385, "map_at_3": 0.06821, "map_at_5": 0.0839, "map_at_10": 0.11654, "map_at_20": 0.14542, "map_at_100": 0.19922, "map_at_200": 0.20876, "map_at_300": 0.20951, "map_at_500": 0.2099, "map_at_1000": 0.21011, "recall_at_1": 0.03385, "recall_at_3": 0.08154, "recall_at_5": 0.11231, "recall_at_10": 0.19538, "recall_at_20": 0.31231, "recall_at_100": 0.75231, "recall_at_200": 0.89538, "recall_at_300": 0.91846, "recall_at_500": 0.93538, "recall_at_1000": 0.95538, "precision_at_1": 0.33846, "precision_at_3": 0.27179, "precision_at_5": 0.22462, "precision_at_10": 0.19538, "precision_at_20": 0.15615, "precision_at_100": 0.07523, "precision_at_200": 0.04477, "precision_at_300": 0.03062, "precision_at_500": 0.01871, "precision_at_1000": 0.00955, "mrr_at_1": 0.33846, "mrr_at_3": 0.43077, "mrr_at_5": 0.45154, "mrr_at_10": 0.46868, "mrr_at_20": 0.47606, "mrr_at_100": 0.47947, "mrr_at_200": 0.47947, "mrr_at_300": 0.47947, "mrr_at_500": 0.47947, "mrr_at_1000": 0.47947, "rc_at_1": {"relevant": 0.33846, "distractor": 0.64615}, "rc_at_3": {"relevant": 0.86154, "distractor": 2.10769}, "rc_at_5": {"relevant": 1.23077, "distractor": 3.73846}, "rc_at_10": {"relevant": 1.95385, "distractor": 7.98462}, "rc_at_20": {"relevant": 3.15385, "distractor": 16.6}, "rc_at_100": {"relevant": 7.61538, "distractor": 80.2}, "rc_at_200": {"relevant": 8.95385, "distractor": 91.90769}, "rc_at_300": {"relevant": 9.21538, "distractor": 94.38462}, "rc_at_500": {"relevant": 9.36923, "distractor": 95.8}, "rc_at_1000": {"relevant": 9.55385, "distractor": 97.12308}}