{"ndcg_at_1": 0.0713, "ndcg_at_3": 0.09575, "ndcg_at_5": 0.10778, "ndcg_at_10": 0.12914, "ndcg_at_20": 0.14731, "ndcg_at_100": 0.18368, "ndcg_at_200": 0.19733, "ndcg_at_300": 0.20405, "ndcg_at_500": 0.21207, "ndcg_at_1000": 0.22095, "map_at_1": 0.06115, "map_at_3": 0.08477, "map_at_5": 0.09193, "map_at_10": 0.10108, "map_at_20": 0.10632, "map_at_100": 0.11143, "map_at_200": 0.11222, "map_at_300": 0.11248, "map_at_500": 0.11269, "map_at_1000": 0.11284, "recall_at_1": 0.06115, "recall_at_3": 0.11263, "recall_at_5": 0.14179, "recall_at_10": 0.20495, "recall_at_20": 0.27217, "recall_at_100": 0.45778, "recall_at_200": 0.54705, "recall_at_300": 0.59553, "recall_at_500": 0.65856, "recall_at_1000": 0.73426, "precision_at_1": 0.0713, "precision_at_3": 0.04557, "precision_at_5": 0.03502, "precision_at_10": 0.02609, "precision_at_20": 0.01792, "precision_at_100": 0.00634, "precision_at_200": 0.00386, "precision_at_300": 0.00284, "precision_at_500": 0.0019, "precision_at_1000": 0.00108, "mrr_at_1": 0.0706, "mrr_at_3": 0.09577, "mrr_at_5": 0.10328, "mrr_at_10": 0.11224, "mrr_at_20": 0.1175, "mrr_at_100": 0.12218, "mrr_at_200": 0.12284, "mrr_at_300": 0.12304, "mrr_at_500": 0.12319, "mrr_at_1000": 0.1233, "rc_at_1": {"relevant": 0.0, "distractor": 0.0}, "rc_at_3": {"relevant": 0.0, "distractor": 0.0}, "rc_at_5": {"relevant": 0.0, "distractor": 0.0}, "rc_at_10": {"relevant": 0.0, "distractor": 0.0}, "rc_at_20": {"relevant": 0.0, "distractor": 0.0}, "rc_at_100": {"relevant": 0.0, "distractor": 0.0}, "rc_at_200": {"relevant": 0.0, "distractor": 0.0}, "rc_at_300": {"relevant": 0.0, "distractor": 0.0}, "rc_at_500": {"relevant": 0.0, "distractor": 0.0}, "rc_at_1000": {"relevant": 0.0, "distractor": 0.0}}