{"ndcg_at_1": 0.14427, "ndcg_at_3": 0.17552, "ndcg_at_5": 0.19492, "ndcg_at_10": 0.21965, "ndcg_at_20": 0.24134, "ndcg_at_100": 0.2909, "ndcg_at_200": 0.30491, "ndcg_at_300": 0.31122, "ndcg_at_500": 0.31862, "ndcg_at_1000": 0.32812, "map_at_1": 0.11155, "map_at_3": 0.14866, "map_at_5": 0.1612, "map_at_10": 0.17232, "map_at_20": 0.1791, "map_at_100": 0.18712, "map_at_200": 0.18826, "map_at_300": 0.18867, "map_at_500": 0.189, "map_at_1000": 0.18931, "recall_at_1": 0.11155, "recall_at_3": 0.19347, "recall_at_5": 0.24463, "recall_at_10": 0.321, "recall_at_20": 0.40385, "recall_at_100": 0.64723, "recall_at_200": 0.73248, "recall_at_300": 0.77273, "recall_at_500": 0.82634, "recall_at_1000": 0.89779, "precision_at_1": 0.14427, "precision_at_3": 0.08696, "precision_at_5": 0.06719, "precision_at_10": 0.04644, "precision_at_20": 0.03132, "precision_at_100": 0.01221, "precision_at_200": 0.00745, "precision_at_300": 0.00551, "precision_at_500": 0.00372, "precision_at_1000": 0.00216, "mrr_at_1": 0.14427, "mrr_at_3": 0.18709, "mrr_at_5": 0.19934, "mrr_at_10": 0.21018, "mrr_at_20": 0.21613, "mrr_at_100": 0.22238, "mrr_at_200": 0.2229, "mrr_at_300": 0.22304, "mrr_at_500": 0.22316, "mrr_at_1000": 0.22325, "rc_at_1": {"relevant": 0.0, "distractor": 0.0}, "rc_at_3": {"relevant": 0.0, "distractor": 0.0}, "rc_at_5": {"relevant": 0.0, "distractor": 0.0}, "rc_at_10": {"relevant": 0.0, "distractor": 0.0}, "rc_at_20": {"relevant": 0.0, "distractor": 0.0}, "rc_at_100": {"relevant": 0.0, "distractor": 0.0}, "rc_at_200": {"relevant": 0.0, "distractor": 0.0}, "rc_at_300": {"relevant": 0.0, "distractor": 0.0}, "rc_at_500": {"relevant": 0.0, "distractor": 0.0}, "rc_at_1000": {"relevant": 0.0, "distractor": 0.0}}