{"ndcg_at_1": 0.20226, "ndcg_at_3": 0.24623, "ndcg_at_5": 0.26662, "ndcg_at_10": 0.29295, "ndcg_at_20": 0.31164, "ndcg_at_100": 0.34228, "ndcg_at_200": 0.35389, "ndcg_at_300": 0.35769, "ndcg_at_500": 0.36295, "ndcg_at_1000": 0.36846, "map_at_1": 0.18692, "map_at_3": 0.22795, "map_at_5": 0.24002, "map_at_10": 0.25144, "map_at_20": 0.25682, "map_at_100": 0.26114, "map_at_200": 0.26177, "map_at_300": 0.26192, "map_at_500": 0.26206, "map_at_1000": 0.26215, "recall_at_1": 0.18692, "recall_at_3": 0.27993, "recall_at_5": 0.32823, "recall_at_10": 0.40646, "recall_at_20": 0.47756, "recall_at_100": 0.63781, "recall_at_200": 0.71724, "recall_at_300": 0.74442, "recall_at_500": 0.78615, "recall_at_1000": 0.83577, "precision_at_1": 0.20226, "precision_at_3": 0.10433, "precision_at_5": 0.0748, "precision_at_10": 0.04701, "precision_at_20": 0.02774, "precision_at_100": 0.00754, "precision_at_200": 0.00425, "precision_at_300": 0.00298, "precision_at_500": 0.00191, "precision_at_1000": 0.00102, "mrr_at_1": 0.20791, "mrr_at_3": 0.25028, "mrr_at_5": 0.26096, "mrr_at_10": 0.27058, "mrr_at_20": 0.27637, "mrr_at_100": 0.28017, "mrr_at_200": 0.28068, "mrr_at_300": 0.28081, "mrr_at_500": 0.28092, "mrr_at_1000": 0.28098, "rc_at_1": {"relevant": 0.0, "distractor": 0.0}, "rc_at_3": {"relevant": 0.0, "distractor": 0.0}, "rc_at_5": {"relevant": 0.0, "distractor": 0.0}, "rc_at_10": {"relevant": 0.0, "distractor": 0.0}, "rc_at_20": {"relevant": 0.0, "distractor": 0.0}, "rc_at_100": {"relevant": 0.0, "distractor": 0.0}, "rc_at_200": {"relevant": 0.0, "distractor": 0.0}, "rc_at_300": {"relevant": 0.0, "distractor": 0.0}, "rc_at_500": {"relevant": 0.0, "distractor": 0.0}, "rc_at_1000": {"relevant": 0.0, "distractor": 0.0}}