{"ndcg_at_1": 0.34593, "ndcg_at_3": 0.28821, "ndcg_at_5": 0.30067, "ndcg_at_10": 0.33855, "ndcg_at_20": 0.35991, "ndcg_at_100": 0.3967, "ndcg_at_200": 0.40661, "ndcg_at_300": 0.41181, "ndcg_at_500": 0.41816, "ndcg_at_1000": 0.42404, "map_at_1": 0.15132, "map_at_3": 0.21295, "map_at_5": 0.22966, "map_at_10": 0.24878, "map_at_20": 0.25676, "map_at_100": 0.26385, "map_at_200": 0.26467, "map_at_300": 0.26494, "map_at_500": 0.26519, "map_at_1000": 0.26533, "recall_at_1": 0.15132, "recall_at_3": 0.25884, "recall_at_5": 0.30657, "recall_at_10": 0.39078, "recall_at_20": 0.44951, "recall_at_100": 0.59023, "recall_at_200": 0.63987, "recall_at_300": 0.66896, "recall_at_500": 0.7063, "recall_at_1000": 0.74419, "precision_at_1": 0.34593, "precision_at_3": 0.21368, "precision_at_5": 0.15518, "precision_at_10": 0.10254, "precision_at_20": 0.06078, "precision_at_100": 0.01664, "precision_at_200": 0.00911, "precision_at_300": 0.00638, "precision_at_500": 0.00408, "precision_at_1000": 0.00217, "mrr_at_1": 0.34723, "mrr_at_3": 0.42942, "mrr_at_5": 0.44337, "mrr_at_10": 0.4572, "mrr_at_20": 0.46116, "mrr_at_100": 0.46395, "mrr_at_200": 0.46419, "mrr_at_300": 0.46425, "mrr_at_500": 0.46428, "mrr_at_1000": 0.46431, "rc_at_1": {"relevant": 0.0, "distractor": 0.0}, "rc_at_3": {"relevant": 0.0, "distractor": 0.0}, "rc_at_5": {"relevant": 0.0, "distractor": 0.0}, "rc_at_10": {"relevant": 0.0, "distractor": 0.0}, "rc_at_20": {"relevant": 0.0, "distractor": 0.0}, "rc_at_100": {"relevant": 0.0, "distractor": 0.0}, "rc_at_200": {"relevant": 0.0, "distractor": 0.0}, "rc_at_300": {"relevant": 0.0, "distractor": 0.0}, "rc_at_500": {"relevant": 0.0, "distractor": 0.0}, "rc_at_1000": {"relevant": 0.0, "distractor": 0.0}}