{"ndcg_at_1": 0.33302, "ndcg_at_3": 0.38059, "ndcg_at_5": 0.40453, "ndcg_at_10": 0.42956, "ndcg_at_20": 0.45379, "ndcg_at_100": 0.4846, "ndcg_at_200": 0.49436, "ndcg_at_300": 0.49767, "ndcg_at_500": 0.50222, "ndcg_at_1000": 0.50701, "map_at_1": 0.28572, "map_at_3": 0.3485, "map_at_5": 0.36487, "map_at_10": 0.37682, "map_at_20": 0.3846, "map_at_100": 0.38969, "map_at_200": 0.39036, "map_at_300": 0.39051, "map_at_500": 0.39065, "map_at_1000": 0.39074, "recall_at_1": 0.28572, "recall_at_3": 0.41427, "recall_at_5": 0.4734, "recall_at_10": 0.54516, "recall_at_20": 0.63166, "recall_at_100": 0.77898, "recall_at_200": 0.84005, "recall_at_300": 0.86186, "recall_at_500": 0.89558, "recall_at_1000": 0.93405, "precision_at_1": 0.33302, "precision_at_3": 0.16947, "precision_at_5": 0.11996, "precision_at_10": 0.07136, "precision_at_20": 0.04263, "precision_at_100": 0.01104, "precision_at_200": 0.00607, "precision_at_300": 0.00421, "precision_at_500": 0.00266, "precision_at_1000": 0.00141, "mrr_at_1": 0.33116, "mrr_at_3": 0.39475, "mrr_at_5": 0.40864, "mrr_at_10": 0.41813, "mrr_at_20": 0.4242, "mrr_at_100": 0.42763, "mrr_at_200": 0.42799, "mrr_at_300": 0.42806, "mrr_at_500": 0.42814, "mrr_at_1000": 0.42819, "rc_at_1": {"relevant": 0.0, "distractor": 0.0}, "rc_at_3": {"relevant": 0.0, "distractor": 0.0}, "rc_at_5": {"relevant": 0.0, "distractor": 0.0}, "rc_at_10": {"relevant": 0.0, "distractor": 0.0}, "rc_at_20": {"relevant": 0.0, "distractor": 0.0}, "rc_at_100": {"relevant": 0.0, "distractor": 0.0}, "rc_at_200": {"relevant": 0.0, "distractor": 0.0}, "rc_at_300": {"relevant": 0.0, "distractor": 0.0}, "rc_at_500": {"relevant": 0.0, "distractor": 0.0}, "rc_at_1000": {"relevant": 0.0, "distractor": 0.0}}