{"ndcg_at_1": 0.24893, "ndcg_at_3": 0.27348, "ndcg_at_5": 0.28978, "ndcg_at_10": 0.31045, "ndcg_at_20": 0.33091, "ndcg_at_100": 0.36456, "ndcg_at_200": 0.37721, "ndcg_at_300": 0.38141, "ndcg_at_500": 0.38935, "ndcg_at_1000": 0.39654, "map_at_1": 0.20807, "map_at_3": 0.24749, "map_at_5": 0.25961, "map_at_10": 0.26911, "map_at_20": 0.27531, "map_at_100": 0.28084, "map_at_200": 0.28163, "map_at_300": 0.28185, "map_at_500": 0.28212, "map_at_1000": 0.28228, "recall_at_1": 0.20807, "recall_at_3": 0.28536, "recall_at_5": 0.33091, "recall_at_10": 0.39154, "recall_at_20": 0.46661, "recall_at_100": 0.63033, "recall_at_200": 0.70769, "recall_at_300": 0.73265, "recall_at_500": 0.79115, "recall_at_1000": 0.84495, "precision_at_1": 0.24893, "precision_at_3": 0.12446, "precision_at_5": 0.08927, "precision_at_10": 0.05622, "precision_at_20": 0.03534, "precision_at_100": 0.01013, "precision_at_200": 0.00596, "precision_at_300": 0.00428, "precision_at_500": 0.00285, "precision_at_1000": 0.00162, "mrr_at_1": 0.24893, "mrr_at_3": 0.28827, "mrr_at_5": 0.30043, "mrr_at_10": 0.31172, "mrr_at_20": 0.31721, "mrr_at_100": 0.32105, "mrr_at_200": 0.32161, "mrr_at_300": 0.32169, "mrr_at_500": 0.3218, "mrr_at_1000": 0.32187, "rc_at_1": {"relevant": 0.0, "distractor": 0.0}, "rc_at_3": {"relevant": 0.0, "distractor": 0.0}, "rc_at_5": {"relevant": 0.0, "distractor": 0.0}, "rc_at_10": {"relevant": 0.0, "distractor": 0.0}, "rc_at_20": {"relevant": 0.0, "distractor": 0.0}, "rc_at_100": {"relevant": 0.0, "distractor": 0.0}, "rc_at_200": {"relevant": 0.0, "distractor": 0.0}, "rc_at_300": {"relevant": 0.0, "distractor": 0.0}, "rc_at_500": {"relevant": 0.0, "distractor": 0.0}, "rc_at_1000": {"relevant": 0.0, "distractor": 0.0}}