{"ndcg_at_1": 0.31903, "ndcg_at_3": 0.3626, "ndcg_at_5": 0.38899, "ndcg_at_10": 0.41744, "ndcg_at_20": 0.43659, "ndcg_at_100": 0.47019, "ndcg_at_200": 0.48017, "ndcg_at_300": 0.48482, "ndcg_at_500": 0.48958, "ndcg_at_1000": 0.49404, "map_at_1": 0.2597, "map_at_3": 0.32214, "map_at_5": 0.34248, "map_at_10": 0.35725, "map_at_20": 0.36417, "map_at_100": 0.37042, "map_at_200": 0.37117, "map_at_300": 0.37142, "map_at_500": 0.3716, "map_at_1000": 0.37172, "recall_at_1": 0.2597, "recall_at_3": 0.38402, "recall_at_5": 0.45373, "recall_at_10": 0.54046, "recall_at_20": 0.60923, "recall_at_100": 0.76472, "recall_at_200": 0.824, "recall_at_300": 0.85438, "recall_at_500": 0.88751, "recall_at_1000": 0.92051, "precision_at_1": 0.31903, "precision_at_3": 0.17263, "precision_at_5": 0.12876, "precision_at_10": 0.08112, "precision_at_20": 0.04821, "precision_at_100": 0.01309, "precision_at_200": 0.00732, "precision_at_300": 0.00521, "precision_at_500": 0.00334, "precision_at_1000": 0.0018, "mrr_at_1": 0.31903, "mrr_at_3": 0.38126, "mrr_at_5": 0.39742, "mrr_at_10": 0.41021, "mrr_at_20": 0.41431, "mrr_at_100": 0.41789, "mrr_at_200": 0.41826, "mrr_at_300": 0.41836, "mrr_at_500": 0.41843, "mrr_at_1000": 0.41847, "rc_at_1": {"relevant": 0.0, "distractor": 0.0}, "rc_at_3": {"relevant": 0.0, "distractor": 0.0}, "rc_at_5": {"relevant": 0.0, "distractor": 0.0}, "rc_at_10": {"relevant": 0.0, "distractor": 0.0}, "rc_at_20": {"relevant": 0.0, "distractor": 0.0}, "rc_at_100": {"relevant": 0.0, "distractor": 0.0}, "rc_at_200": {"relevant": 0.0, "distractor": 0.0}, "rc_at_300": {"relevant": 0.0, "distractor": 0.0}, "rc_at_500": {"relevant": 0.0, "distractor": 0.0}, "rc_at_1000": {"relevant": 0.0, "distractor": 0.0}}