{"ndcg_at_1": 0.4541, "ndcg_at_3": 0.53309, "ndcg_at_5": 0.56532, "ndcg_at_10": 0.59911, "ndcg_at_20": 0.62071, "ndcg_at_100": 0.64697, "ndcg_at_200": 0.65118, "ndcg_at_300": 0.65246, "ndcg_at_500": 0.6533, "ndcg_at_1000": 0.65406, "map_at_1": 0.39866, "map_at_3": 0.49335, "map_at_5": 0.51611, "map_at_10": 0.53353, "map_at_20": 0.54154, "map_at_100": 0.54708, "map_at_200": 0.54745, "map_at_300": 0.54754, "map_at_500": 0.54758, "map_at_1000": 0.5476, "recall_at_1": 0.39866, "recall_at_3": 0.58418, "recall_at_5": 0.66198, "recall_at_10": 0.7594, "recall_at_20": 0.83501, "recall_at_100": 0.95336, "recall_at_200": 0.97803, "recall_at_300": 0.98594, "recall_at_500": 0.99128, "recall_at_1000": 0.99658, "precision_at_1": 0.4541, "precision_at_3": 0.23913, "precision_at_5": 0.1691, "precision_at_10": 0.10144, "precision_at_20": 0.05824, "precision_at_100": 0.01431, "precision_at_200": 0.00745, "precision_at_300": 0.00505, "precision_at_500": 0.00307, "precision_at_1000": 0.00156, "mrr_at_1": 0.4538, "mrr_at_3": 0.53588, "mrr_at_5": 0.55293, "mrr_at_10": 0.56512, "mrr_at_20": 0.56978, "mrr_at_100": 0.57248, "mrr_at_200": 0.57261, "mrr_at_300": 0.57263, "mrr_at_500": 0.57264, "mrr_at_1000": 0.57264, "rc_at_1": {"relevant": 0.0, "distractor": 0.0}, "rc_at_3": {"relevant": 0.0, "distractor": 0.0}, "rc_at_5": {"relevant": 0.0, "distractor": 0.0}, "rc_at_10": {"relevant": 0.0, "distractor": 0.0}, "rc_at_20": {"relevant": 0.0, "distractor": 0.0}, "rc_at_100": {"relevant": 0.0, "distractor": 0.0}, "rc_at_200": {"relevant": 0.0, "distractor": 0.0}, "rc_at_300": {"relevant": 0.0, "distractor": 0.0}, "rc_at_500": {"relevant": 0.0, "distractor": 0.0}, "rc_at_1000": {"relevant": 0.0, "distractor": 0.0}}