{"ndcg_at_1": 0.007, "ndcg_at_3": 0.00647, "ndcg_at_5": 0.0059, "ndcg_at_10": 0.00739, "ndcg_at_20": 0.00919, "ndcg_at_100": 0.01695, "ndcg_at_200": 0.02203, "ndcg_at_300": 0.02578, "ndcg_at_500": 0.03259, "ndcg_at_1000": 0.0495, "map_at_1": 0.0014, "map_at_3": 0.00242, "map_at_5": 0.00279, "map_at_10": 0.0032, "map_at_20": 0.00352, "map_at_100": 0.00424, "map_at_200": 0.00446, "map_at_300": 0.00456, "map_at_500": 0.0047, "map_at_1000": 0.00494, "recall_at_1": 0.0014, "recall_at_3": 0.00385, "recall_at_5": 0.00565, "recall_at_10": 0.00838, "recall_at_20": 0.01263, "recall_at_100": 0.03833, "recall_at_200": 0.05992, "recall_at_300": 0.0776, "recall_at_500": 0.1123, "recall_at_1000": 0.20797, "precision_at_1": 0.007, "precision_at_3": 0.00633, "precision_at_5": 0.0056, "precision_at_10": 0.0041, "precision_at_20": 0.0031, "precision_at_100": 0.00188, "precision_at_200": 0.00147, "precision_at_300": 0.00127, "precision_at_500": 0.00111, "precision_at_1000": 0.00103, "mrr_at_1": 0.013, "mrr_at_3": 0.01583, "mrr_at_5": 0.01748, "mrr_at_10": 0.02055, "mrr_at_20": 0.02199, "mrr_at_100": 0.02438, "mrr_at_200": 0.02497, "mrr_at_300": 0.0253, "mrr_at_500": 0.02552, "mrr_at_1000": 0.02577, "rc_at_1": {"relevant": 0.0, "distractor": 0.0}, "rc_at_3": {"relevant": 0.0, "distractor": 0.0}, "rc_at_5": {"relevant": 0.0, "distractor": 0.0}, "rc_at_10": {"relevant": 0.0, "distractor": 0.0}, "rc_at_20": {"relevant": 0.0, "distractor": 0.0}, "rc_at_100": {"relevant": 0.0, "distractor": 0.0}, "rc_at_200": {"relevant": 0.0, "distractor": 0.0}, "rc_at_300": {"relevant": 0.0, "distractor": 0.0}, "rc_at_500": {"relevant": 0.0, "distractor": 0.0}, "rc_at_1000": {"relevant": 0.0, "distractor": 0.0}}