{"ndcg_at_1": 0.07, "ndcg_at_3": 0.06277, "ndcg_at_5": 0.05541, "ndcg_at_10": 0.06855, "ndcg_at_20": 0.0817, "ndcg_at_100": 0.11345, "ndcg_at_200": 0.12737, "ndcg_at_300": 0.13764, "ndcg_at_500": 0.14896, "ndcg_at_1000": 0.16738, "map_at_1": 0.01415, "map_at_3": 0.02565, "map_at_5": 0.02996, "map_at_10": 0.03484, "map_at_20": 0.03798, "map_at_100": 0.04237, "map_at_200": 0.04329, "map_at_300": 0.04375, "map_at_500": 0.04414, "map_at_1000": 0.04453, "recall_at_1": 0.01415, "recall_at_3": 0.03663, "recall_at_5": 0.05073, "recall_at_10": 0.07503, "recall_at_20": 0.10605, "recall_at_100": 0.2106, "recall_at_200": 0.2699, "recall_at_300": 0.31835, "recall_at_500": 0.37618, "recall_at_1000": 0.48027, "precision_at_1": 0.07, "precision_at_3": 0.06033, "precision_at_5": 0.05, "precision_at_10": 0.037, "precision_at_20": 0.0261, "precision_at_100": 0.01037, "precision_at_200": 0.00663, "precision_at_300": 0.00522, "precision_at_500": 0.0037, "precision_at_1000": 0.00236, "mrr_at_1": 0.079, "mrr_at_3": 0.1185, "mrr_at_5": 0.13035, "mrr_at_10": 0.14022, "mrr_at_20": 0.14607, "mrr_at_100": 0.15173, "mrr_at_200": 0.15255, "mrr_at_300": 0.15278, "mrr_at_500": 0.15294, "mrr_at_1000": 0.15302, "rc_at_1": {"relevant": 0.0, "distractor": 0.0}, "rc_at_3": {"relevant": 0.0, "distractor": 0.0}, "rc_at_5": {"relevant": 0.0, "distractor": 0.0}, "rc_at_10": {"relevant": 0.0, "distractor": 0.0}, "rc_at_20": {"relevant": 0.0, "distractor": 0.0}, "rc_at_100": {"relevant": 0.0, "distractor": 0.0}, "rc_at_200": {"relevant": 0.0, "distractor": 0.0}, "rc_at_300": {"relevant": 0.0, "distractor": 0.0}, "rc_at_500": {"relevant": 0.0, "distractor": 0.0}, "rc_at_1000": {"relevant": 0.0, "distractor": 0.0}}