{"ndcg_at_1": 0.15298, "ndcg_at_3": 0.19006, "ndcg_at_5": 0.20358, "ndcg_at_10": 0.21993, "ndcg_at_20": 0.23322, "ndcg_at_100": 0.26215, "ndcg_at_200": 0.27071, "ndcg_at_300": 0.27569, "ndcg_at_500": 0.28255, "ndcg_at_1000": 0.29115, "map_at_1": 0.13596, "map_at_3": 0.17277, "map_at_5": 0.18117, "map_at_10": 0.18829, "map_at_20": 0.1923, "map_at_100": 0.19651, "map_at_200": 0.197, "map_at_300": 0.19718, "map_at_500": 0.19736, "map_at_1000": 0.1975, "recall_at_1": 0.13596, "recall_at_3": 0.21499, "recall_at_5": 0.24815, "recall_at_10": 0.29611, "recall_at_20": 0.34574, "recall_at_100": 0.49235, "recall_at_200": 0.5487, "recall_at_300": 0.58394, "recall_at_500": 0.63844, "recall_at_1000": 0.71343, "precision_at_1": 0.15298, "precision_at_3": 0.0861, "precision_at_5": 0.06069, "precision_at_10": 0.03718, "precision_at_20": 0.02216, "precision_at_100": 0.00655, "precision_at_200": 0.0037, "precision_at_300": 0.00266, "precision_at_500": 0.00176, "precision_at_1000": 0.00099, "mrr_at_1": 0.15235, "mrr_at_3": 0.19028, "mrr_at_5": 0.19925, "mrr_at_10": 0.20559, "mrr_at_20": 0.20929, "mrr_at_100": 0.21291, "mrr_at_200": 0.21331, "mrr_at_300": 0.21346, "mrr_at_500": 0.21361, "mrr_at_1000": 0.21371, "rc_at_1": {"relevant": 0.0, "distractor": 0.0}, "rc_at_3": {"relevant": 0.0, "distractor": 0.0}, "rc_at_5": {"relevant": 0.0, "distractor": 0.0}, "rc_at_10": {"relevant": 0.0, "distractor": 0.0}, "rc_at_20": {"relevant": 0.0, "distractor": 0.0}, "rc_at_100": {"relevant": 0.0, "distractor": 0.0}, "rc_at_200": {"relevant": 0.0, "distractor": 0.0}, "rc_at_300": {"relevant": 0.0, "distractor": 0.0}, "rc_at_500": {"relevant": 0.0, "distractor": 0.0}, "rc_at_1000": {"relevant": 0.0, "distractor": 0.0}}