{"ndcg_at_1": 0.04139, "ndcg_at_3": 0.05896, "ndcg_at_5": 0.06649, "ndcg_at_10": 0.07591, "ndcg_at_20": 0.0829, "ndcg_at_100": 0.10418, "ndcg_at_200": 0.11331, "ndcg_at_300": 0.1197, "ndcg_at_500": 0.12962, "ndcg_at_1000": 0.14099, "map_at_1": 0.03689, "map_at_3": 0.05194, "map_at_5": 0.05599, "map_at_10": 0.05991, "map_at_20": 0.06179, "map_at_100": 0.06459, "map_at_200": 0.06507, "map_at_300": 0.06529, "map_at_500": 0.06554, "map_at_1000": 0.0657, "recall_at_1": 0.03689, "recall_at_3": 0.0728, "recall_at_5": 0.08942, "recall_at_10": 0.11633, "recall_at_20": 0.14132, "recall_at_100": 0.24781, "recall_at_200": 0.30579, "recall_at_300": 0.35187, "recall_at_500": 0.42842, "recall_at_1000": 0.52558, "precision_at_1": 0.04139, "precision_at_3": 0.02695, "precision_at_5": 0.02137, "precision_at_10": 0.01482, "precision_at_20": 0.00948, "precision_at_100": 0.00355, "precision_at_200": 0.00228, "precision_at_300": 0.00176, "precision_at_500": 0.00132, "precision_at_1000": 0.00082, "mrr_at_1": 0.04139, "mrr_at_3": 0.05791, "mrr_at_5": 0.0632, "mrr_at_10": 0.06832, "mrr_at_20": 0.07074, "mrr_at_100": 0.07379, "mrr_at_200": 0.0743, "mrr_at_300": 0.07452, "mrr_at_500": 0.07472, "mrr_at_1000": 0.07488, "rc_at_1": {"relevant": 0.0, "distractor": 0.0}, "rc_at_3": {"relevant": 0.0, "distractor": 0.0}, "rc_at_5": {"relevant": 0.0, "distractor": 0.0}, "rc_at_10": {"relevant": 0.0, "distractor": 0.0}, "rc_at_20": {"relevant": 0.0, "distractor": 0.0}, "rc_at_100": {"relevant": 0.0, "distractor": 0.0}, "rc_at_200": {"relevant": 0.0, "distractor": 0.0}, "rc_at_300": {"relevant": 0.0, "distractor": 0.0}, "rc_at_500": {"relevant": 0.0, "distractor": 0.0}, "rc_at_1000": {"relevant": 0.0, "distractor": 0.0}}