{"ndcg_at_1": 0.42, "ndcg_at_3": 0.37397, "ndcg_at_5": 0.35885, "ndcg_at_10": 0.32941, "ndcg_at_20": 0.30054, "ndcg_at_100": 0.20056, "ndcg_at_200": 0.16351, "ndcg_at_300": 0.15062, "ndcg_at_500": 0.15135, "ndcg_at_1000": 0.17669, "map_at_1": 0.00126, "map_at_3": 0.00284, "map_at_5": 0.0042, "map_at_10": 0.00661, "map_at_20": 0.01046, "map_at_100": 0.02406, "map_at_200": 0.03127, "map_at_300": 0.03549, "map_at_500": 0.04105, "map_at_1000": 0.04734, "recall_at_1": 0.00126, "recall_at_3": 0.00312, "recall_at_5": 0.00515, "recall_at_10": 0.00881, "recall_at_20": 0.01532, "recall_at_100": 0.0465, "recall_at_200": 0.07145, "recall_at_300": 0.08932, "recall_at_500": 0.11833, "recall_at_1000": 0.16262, "precision_at_1": 0.48, "precision_at_3": 0.39333, "precision_at_5": 0.384, "precision_at_10": 0.342, "precision_at_20": 0.307, "precision_at_100": 0.1942, "precision_at_200": 0.1518, "precision_at_300": 0.12893, "precision_at_500": 0.10464, "precision_at_1000": 0.07426, "mrr_at_1": 0.48, "mrr_at_3": 0.54667, "mrr_at_5": 0.58067, "mrr_at_10": 0.59002, "mrr_at_20": 0.59523, "mrr_at_100": 0.59669, "mrr_at_200": 0.59669, "mrr_at_300": 0.59669, "mrr_at_500": 0.59669, "mrr_at_1000": 0.59669, "rc_at_1": {"relevant": 0.0, "distractor": 0.0}, "rc_at_3": {"relevant": 0.0, "distractor": 0.0}, "rc_at_5": {"relevant": 0.0, "distractor": 0.0}, "rc_at_10": {"relevant": 0.0, "distractor": 0.0}, "rc_at_20": {"relevant": 0.0, "distractor": 0.0}, "rc_at_100": {"relevant": 0.0, "distractor": 0.0}, "rc_at_200": {"relevant": 0.0, "distractor": 0.0}, "rc_at_300": {"relevant": 0.0, "distractor": 0.0}, "rc_at_500": {"relevant": 0.0, "distractor": 0.0}, "rc_at_1000": {"relevant": 0.0, "distractor": 0.0}}