{"ndcg_at_1": 0.36364, "ndcg_at_3": 0.31224, "ndcg_at_5": 0.27077, "ndcg_at_10": 0.22689, "ndcg_at_20": 0.30198, "ndcg_at_100": 0.42361, "ndcg_at_200": 0.45001, "ndcg_at_300": 0.4606, "ndcg_at_500": 0.46999, "ndcg_at_1000": 0.4848, "map_at_1": 0.03636, "map_at_3": 0.07667, "map_at_5": 0.09567, "map_at_10": 0.12047, "map_at_20": 0.15579, "map_at_100": 0.19733, "map_at_200": 0.20226, "map_at_300": 0.20348, "map_at_500": 0.20424, "map_at_1000": 0.20493, "recall_at_1": 0.03636, "recall_at_3": 0.08909, "recall_at_5": 0.12182, "recall_at_10": 0.19455, "recall_at_20": 0.33091, "recall_at_100": 0.62909, "recall_at_200": 0.71455, "recall_at_300": 0.75273, "recall_at_500": 0.78909, "recall_at_1000": 0.85273, "precision_at_1": 0.36364, "precision_at_3": 0.29697, "precision_at_5": 0.24364, "precision_at_10": 0.19455, "precision_at_20": 0.16545, "precision_at_100": 0.06291, "precision_at_200": 0.03573, "precision_at_300": 0.02509, "precision_at_500": 0.01578, "precision_at_1000": 0.00853, "mrr_at_1": 0.36364, "mrr_at_3": 0.44545, "mrr_at_5": 0.46545, "mrr_at_10": 0.48888, "mrr_at_20": 0.49471, "mrr_at_100": 0.49618, "mrr_at_200": 0.49618, "mrr_at_300": 0.49626, "mrr_at_500": 0.49626, "mrr_at_1000": 0.49626, "rc_at_1": {"relevant": 0.36364, "distractor": 0.6}, "rc_at_3": {"relevant": 0.89091, "distractor": 2.03636}, "rc_at_5": {"relevant": 1.21818, "distractor": 3.61818}, "rc_at_10": {"relevant": 1.94545, "distractor": 7.50909}, "rc_at_20": {"relevant": 3.30909, "distractor": 14.67273}, "rc_at_100": {"relevant": 6.29091, "distractor": 52.6}, "rc_at_200": {"relevant": 7.14545, "distractor": 63.81818}, "rc_at_300": {"relevant": 7.52727, "distractor": 68.50909}, "rc_at_500": {"relevant": 7.89091, "distractor": 74.41818}, "rc_at_1000": {"relevant": 8.52727, "distractor": 81.67273}}