{"ndcg_at_1": 0.24068, "ndcg_at_3": 0.3027, "ndcg_at_5": 0.32791, "ndcg_at_10": 0.35719, "ndcg_at_20": 0.38223, "ndcg_at_100": 0.41367, "ndcg_at_200": 0.42397, "ndcg_at_300": 0.42792, "ndcg_at_500": 0.43059, "ndcg_at_1000": 0.43584, "map_at_1": 0.22459, "map_at_3": 0.27985, "map_at_5": 0.29497, "map_at_10": 0.30742, "map_at_20": 0.3144, "map_at_100": 0.31908, "map_at_200": 0.31968, "map_at_300": 0.31982, "map_at_500": 0.31989, "map_at_1000": 0.31998, "recall_at_1": 0.22459, "recall_at_3": 0.3476, "recall_at_5": 0.40731, "recall_at_10": 0.49399, "recall_at_20": 0.59005, "recall_at_100": 0.75038, "recall_at_200": 0.81953, "recall_at_300": 0.8487, "recall_at_500": 0.8699, "recall_at_1000": 0.91693, "precision_at_1": 0.24068, "precision_at_3": 0.12844, "precision_at_5": 0.09198, "precision_at_10": 0.05684, "precision_at_20": 0.03407, "precision_at_100": 0.00894, "precision_at_200": 0.00494, "precision_at_300": 0.00342, "precision_at_500": 0.00211, "precision_at_1000": 0.00112, "mrr_at_1": 0.23955, "mrr_at_3": 0.29755, "mrr_at_5": 0.31202, "mrr_at_10": 0.32421, "mrr_at_20": 0.33104, "mrr_at_100": 0.33476, "mrr_at_200": 0.33522, "mrr_at_300": 0.33534, "mrr_at_500": 0.3354, "mrr_at_1000": 0.33547, "rc_at_1": {"relevant": 0.0, "distractor": 0.0}, "rc_at_3": {"relevant": 0.0, "distractor": 0.0}, "rc_at_5": {"relevant": 0.0, "distractor": 0.0}, "rc_at_10": {"relevant": 0.0, "distractor": 0.0}, "rc_at_20": {"relevant": 0.0, "distractor": 0.0}, "rc_at_100": {"relevant": 0.0, "distractor": 0.0}, "rc_at_200": {"relevant": 0.0, "distractor": 0.0}, "rc_at_300": {"relevant": 0.0, "distractor": 0.0}, "rc_at_500": {"relevant": 0.0, "distractor": 0.0}, "rc_at_1000": {"relevant": 0.0, "distractor": 0.0}}