{"ndcg_at_1": 0.21538, "ndcg_at_3": 0.17722, "ndcg_at_5": 0.16964, "ndcg_at_10": 0.15471, "ndcg_at_20": 0.20351, "ndcg_at_100": 0.37156, "ndcg_at_200": 0.41951, "ndcg_at_300": 0.43276, "ndcg_at_500": 0.4441, "ndcg_at_1000": 0.45558, "map_at_1": 0.02154, "map_at_3": 0.04026, "map_at_5": 0.0531, "map_at_10": 0.07412, "map_at_20": 0.09286, "map_at_100": 0.13758, "map_at_200": 0.14652, "map_at_300": 0.14804, "map_at_500": 0.14893, "map_at_1000": 0.14954, "recall_at_1": 0.02154, "recall_at_3": 0.05077, "recall_at_5": 0.08, "recall_at_10": 0.14308, "recall_at_20": 0.23077, "recall_at_100": 0.65846, "recall_at_200": 0.81231, "recall_at_300": 0.86, "recall_at_500": 0.90462, "recall_at_1000": 0.95385, "precision_at_1": 0.21538, "precision_at_3": 0.16923, "precision_at_5": 0.16, "precision_at_10": 0.14308, "precision_at_20": 0.11538, "precision_at_100": 0.06585, "precision_at_200": 0.04062, "precision_at_300": 0.02867, "precision_at_500": 0.01809, "precision_at_1000": 0.00954, "mrr_at_1": 0.24615, "mrr_at_3": 0.32564, "mrr_at_5": 0.35487, "mrr_at_10": 0.37519, "mrr_at_20": 0.38768, "mrr_at_100": 0.3922, "mrr_at_200": 0.3922, "mrr_at_300": 0.39226, "mrr_at_500": 0.39226, "mrr_at_1000": 0.39226, "rc_at_1": {"relevant": 0.24615, "distractor": 0.75385}, "rc_at_3": {"relevant": 0.56923, "distractor": 2.38462}, "rc_at_5": {"relevant": 0.95385, "distractor": 3.90769}, "rc_at_10": {"relevant": 1.63077, "distractor": 8.0}, "rc_at_20": {"relevant": 2.35385, "distractor": 16.64615}, "rc_at_100": {"relevant": 6.76923, "distractor": 66.87692}, "rc_at_200": {"relevant": 8.24615, "distractor": 82.01538}, "rc_at_300": {"relevant": 8.6, "distractor": 87.15385}, "rc_at_500": {"relevant": 9.04615, "distractor": 91.09231}, "rc_at_1000": {"relevant": 9.53846, "distractor": 95.2}}