{"ndcg_at_1": 0.53667, "ndcg_at_3": 0.604, "ndcg_at_5": 0.63466, "ndcg_at_10": 0.6538, "ndcg_at_20": 0.67436, "ndcg_at_100": 0.68599, "ndcg_at_200": 0.68982, "ndcg_at_300": 0.69178, "ndcg_at_500": 0.69371, "ndcg_at_1000": 0.69501, "map_at_1": 0.51011, "map_at_3": 0.57725, "map_at_5": 0.5981, "map_at_10": 0.60696, "map_at_20": 0.61351, "map_at_100": 0.61524, "map_at_200": 0.61546, "map_at_300": 0.61554, "map_at_500": 0.61558, "map_at_1000": 0.6156, "recall_at_1": 0.51011, "recall_at_3": 0.64961, "recall_at_5": 0.72483, "recall_at_10": 0.78117, "recall_at_20": 0.85867, "recall_at_100": 0.92, "recall_at_200": 0.94667, "recall_at_300": 0.96167, "recall_at_500": 0.97833, "recall_at_1000": 0.99, "precision_at_1": 0.53667, "precision_at_3": 0.23889, "precision_at_5": 0.16267, "precision_at_10": 0.08867, "precision_at_20": 0.049, "precision_at_100": 0.01047, "precision_at_200": 0.00537, "precision_at_300": 0.00363, "precision_at_500": 0.00221, "precision_at_1000": 0.00112, "mrr_at_1": 0.53667, "mrr_at_3": 0.59889, "mrr_at_5": 0.61456, "mrr_at_10": 0.62163, "mrr_at_20": 0.62626, "mrr_at_100": 0.62784, "mrr_at_200": 0.62805, "mrr_at_300": 0.62811, "mrr_at_500": 0.62815, "mrr_at_1000": 0.62817, "rc_at_1": {"relevant": 0.0, "distractor": 0.0}, "rc_at_3": {"relevant": 0.0, "distractor": 0.0}, "rc_at_5": {"relevant": 0.0, "distractor": 0.0}, "rc_at_10": {"relevant": 0.0, "distractor": 0.0}, "rc_at_20": {"relevant": 0.0, "distractor": 0.0}, "rc_at_100": {"relevant": 0.0, "distractor": 0.0}, "rc_at_200": {"relevant": 0.0, "distractor": 0.0}, "rc_at_300": {"relevant": 0.0, "distractor": 0.0}, "rc_at_500": {"relevant": 0.0, "distractor": 0.0}, "rc_at_1000": {"relevant": 0.0, "distractor": 0.0}}