{"ndcg_at_1": 0.2556, "ndcg_at_3": 0.30725, "ndcg_at_5": 0.33242, "ndcg_at_10": 0.36129, "ndcg_at_20": 0.38643, "ndcg_at_100": 0.42329, "ndcg_at_200": 0.43282, "ndcg_at_300": 0.43713, "ndcg_at_500": 0.44313, "ndcg_at_1000": 0.44768, "map_at_1": 0.22105, "map_at_3": 0.27749, "map_at_5": 0.29468, "map_at_10": 0.308, "map_at_20": 0.31545, "map_at_100": 0.32116, "map_at_200": 0.32183, "map_at_300": 0.32202, "map_at_500": 0.32219, "map_at_1000": 0.32228, "recall_at_1": 0.22105, "recall_at_3": 0.34066, "recall_at_5": 0.40508, "recall_at_10": 0.48836, "recall_at_20": 0.57996, "recall_at_100": 0.75992, "recall_at_200": 0.81758, "recall_at_300": 0.84672, "recall_at_500": 0.89283, "recall_at_1000": 0.92931, "precision_at_1": 0.2556, "precision_at_3": 0.14086, "precision_at_5": 0.10261, "precision_at_10": 0.06381, "precision_at_20": 0.03862, "precision_at_100": 0.01062, "precision_at_200": 0.00589, "precision_at_300": 0.00413, "precision_at_500": 0.00263, "precision_at_1000": 0.00139, "mrr_at_1": 0.2556, "mrr_at_3": 0.31685, "mrr_at_5": 0.33071, "mrr_at_10": 0.343, "mrr_at_20": 0.34952, "mrr_at_100": 0.35401, "mrr_at_200": 0.35433, "mrr_at_300": 0.35443, "mrr_at_500": 0.35453, "mrr_at_1000": 0.35457, "rc_at_1": {"relevant": 0.0, "distractor": 0.0}, "rc_at_3": {"relevant": 0.0, "distractor": 0.0}, "rc_at_5": {"relevant": 0.0, "distractor": 0.0}, "rc_at_10": {"relevant": 0.0, "distractor": 0.0}, "rc_at_20": {"relevant": 0.0, "distractor": 0.0}, "rc_at_100": {"relevant": 0.0, "distractor": 0.0}, "rc_at_200": {"relevant": 0.0, "distractor": 0.0}, "rc_at_300": {"relevant": 0.0, "distractor": 0.0}, "rc_at_500": {"relevant": 0.0, "distractor": 0.0}, "rc_at_1000": {"relevant": 0.0, "distractor": 0.0}}