{"ndcg_at_1": 0.14859, "ndcg_at_3": 0.18569, "ndcg_at_5": 0.20089, "ndcg_at_10": 0.22475, "ndcg_at_20": 0.24037, "ndcg_at_100": 0.27209, "ndcg_at_200": 0.28281, "ndcg_at_300": 0.28915, "ndcg_at_500": 0.29621, "ndcg_at_1000": 0.30325, "map_at_1": 0.12682, "map_at_3": 0.16736, "map_at_5": 0.17648, "map_at_10": 0.18681, "map_at_20": 0.19131, "map_at_100": 0.19577, "map_at_200": 0.19638, "map_at_300": 0.19662, "map_at_500": 0.19681, "map_at_1000": 0.19692, "recall_at_1": 0.12682, "recall_at_3": 0.2147, "recall_at_5": 0.25178, "recall_at_10": 0.32208, "recall_at_20": 0.38095, "recall_at_100": 0.54165, "recall_at_200": 0.61326, "recall_at_300": 0.66008, "recall_at_500": 0.71514, "recall_at_1000": 0.77661, "precision_at_1": 0.14859, "precision_at_3": 0.08631, "precision_at_5": 0.06169, "precision_at_10": 0.04019, "precision_at_20": 0.02401, "precision_at_100": 0.00712, "precision_at_200": 0.00407, "precision_at_300": 0.00293, "precision_at_500": 0.00193, "precision_at_1000": 0.00106, "mrr_at_1": 0.14796, "mrr_at_3": 0.18652, "mrr_at_5": 0.19683, "mrr_at_10": 0.20681, "mrr_at_20": 0.21125, "mrr_at_100": 0.21534, "mrr_at_200": 0.21583, "mrr_at_300": 0.21601, "mrr_at_500": 0.21614, "mrr_at_1000": 0.21623, "rc_at_1": {"relevant": 0.0, "distractor": 0.0}, "rc_at_3": {"relevant": 0.0, "distractor": 0.0}, "rc_at_5": {"relevant": 0.0, "distractor": 0.0}, "rc_at_10": {"relevant": 0.0, "distractor": 0.0}, "rc_at_20": {"relevant": 0.0, "distractor": 0.0}, "rc_at_100": {"relevant": 0.0, "distractor": 0.0}, "rc_at_200": {"relevant": 0.0, "distractor": 0.0}, "rc_at_300": {"relevant": 0.0, "distractor": 0.0}, "rc_at_500": {"relevant": 0.0, "distractor": 0.0}, "rc_at_1000": {"relevant": 0.0, "distractor": 0.0}}