{"ndcg_at_1": 0.3595, "ndcg_at_3": 0.46372, "ndcg_at_5": 0.50039, "ndcg_at_10": 0.53577, "ndcg_at_20": 0.55717, "ndcg_at_100": 0.57889, "ndcg_at_200": 0.5833, "ndcg_at_300": 0.58457, "ndcg_at_500": 0.58601, "ndcg_at_1000": 0.58705, "map_at_1": 0.32216, "map_at_3": 0.42651, "map_at_5": 0.44815, "map_at_10": 0.46443, "map_at_20": 0.47103, "map_at_100": 0.47458, "map_at_200": 0.47486, "map_at_300": 0.47491, "map_at_500": 0.47494, "map_at_1000": 0.47496, "recall_at_1": 0.32216, "recall_at_3": 0.54056, "recall_at_5": 0.62553, "recall_at_10": 0.72779, "recall_at_20": 0.80678, "recall_at_100": 0.91413, "recall_at_200": 0.94351, "recall_at_300": 0.95285, "recall_at_500": 0.96459, "recall_at_1000": 0.97374, "precision_at_1": 0.3595, "precision_at_3": 0.20809, "precision_at_5": 0.14606, "precision_at_10": 0.08604, "precision_at_20": 0.04809, "precision_at_100": 0.01107, "precision_at_200": 0.00572, "precision_at_300": 0.00386, "precision_at_500": 0.00234, "precision_at_1000": 0.00118, "mrr_at_1": 0.3595, "mrr_at_3": 0.45742, "mrr_at_5": 0.47656, "mrr_at_10": 0.48962, "mrr_at_20": 0.49482, "mrr_at_100": 0.49738, "mrr_at_200": 0.49757, "mrr_at_300": 0.4976, "mrr_at_500": 0.49763, "mrr_at_1000": 0.49764, "rc_at_1": {"relevant": 0.0, "distractor": 0.0}, "rc_at_3": {"relevant": 0.0, "distractor": 0.0}, "rc_at_5": {"relevant": 0.0, "distractor": 0.0}, "rc_at_10": {"relevant": 0.0, "distractor": 0.0}, "rc_at_20": {"relevant": 0.0, "distractor": 0.0}, "rc_at_100": {"relevant": 0.0, "distractor": 0.0}, "rc_at_200": {"relevant": 0.0, "distractor": 0.0}, "rc_at_300": {"relevant": 0.0, "distractor": 0.0}, "rc_at_500": {"relevant": 0.0, "distractor": 0.0}, "rc_at_1000": {"relevant": 0.0, "distractor": 0.0}}