{"ndcg_at_1": 0.37755, "ndcg_at_3": 0.29584, "ndcg_at_5": 0.27525, "ndcg_at_10": 0.24303, "ndcg_at_20": 0.24315, "ndcg_at_100": 0.321, "ndcg_at_200": 0.35343, "ndcg_at_300": 0.37353, "ndcg_at_500": 0.39626, "ndcg_at_1000": 0.41986, "map_at_1": 0.03043, "map_at_3": 0.05387, "map_at_5": 0.07102, "map_at_10": 0.09376, "map_at_20": 0.1117, "map_at_100": 0.13186, "map_at_200": 0.13646, "map_at_300": 0.13843, "map_at_500": 0.14056, "map_at_1000": 0.14225, "recall_at_1": 0.03043, "recall_at_3": 0.06194, "recall_at_5": 0.09227, "recall_at_10": 0.14287, "recall_at_20": 0.20666, "recall_at_100": 0.3673, "recall_at_200": 0.4506, "recall_at_300": 0.50706, "recall_at_500": 0.5783, "recall_at_1000": 0.6623, "precision_at_1": 0.40816, "precision_at_3": 0.28571, "precision_at_5": 0.25714, "precision_at_10": 0.20204, "precision_at_20": 0.15408, "precision_at_100": 0.0602, "precision_at_200": 0.03827, "precision_at_300": 0.02925, "precision_at_500": 0.02073, "precision_at_1000": 0.0122, "mrr_at_1": 0.40816, "mrr_at_3": 0.5068, "mrr_at_5": 0.53435, "mrr_at_10": 0.54563, "mrr_at_20": 0.55359, "mrr_at_100": 0.55451, "mrr_at_200": 0.5547, "mrr_at_300": 0.5547, "mrr_at_500": 0.5547, "mrr_at_1000": 0.5547, "rc_at_1": {"relevant": 0.0, "distractor": 0.0}, "rc_at_3": {"relevant": 0.0, "distractor": 0.0}, "rc_at_5": {"relevant": 0.0, "distractor": 0.0}, "rc_at_10": {"relevant": 0.0, "distractor": 0.0}, "rc_at_20": {"relevant": 0.0, "distractor": 0.0}, "rc_at_100": {"relevant": 0.0, "distractor": 0.0}, "rc_at_200": {"relevant": 0.0, "distractor": 0.0}, "rc_at_300": {"relevant": 0.0, "distractor": 0.0}, "rc_at_500": {"relevant": 0.0, "distractor": 0.0}, "rc_at_1000": {"relevant": 0.0, "distractor": 0.0}}