{"ndcg_at_1": 0.199, "ndcg_at_3": 0.23703, "ndcg_at_5": 0.25521, "ndcg_at_10": 0.28501, "ndcg_at_20": 0.30337, "ndcg_at_100": 0.34528, "ndcg_at_200": 0.35633, "ndcg_at_300": 0.36185, "ndcg_at_500": 0.36719, "ndcg_at_1000": 0.37273, "map_at_1": 0.15879, "map_at_3": 0.20854, "map_at_5": 0.22056, "map_at_10": 0.23348, "map_at_20": 0.23914, "map_at_100": 0.24575, "map_at_200": 0.24644, "map_at_300": 0.24667, "map_at_500": 0.24683, "map_at_1000": 0.24693, "recall_at_1": 0.15879, "recall_at_3": 0.2653, "recall_at_5": 0.31173, "recall_at_10": 0.3997, "recall_at_20": 0.46479, "recall_at_100": 0.66766, "recall_at_200": 0.7389, "recall_at_300": 0.77703, "recall_at_500": 0.81605, "recall_at_1000": 0.86087, "precision_at_1": 0.199, "precision_at_3": 0.11277, "precision_at_5": 0.08134, "precision_at_10": 0.05398, "precision_at_20": 0.03221, "precision_at_100": 0.00974, "precision_at_200": 0.00544, "precision_at_300": 0.00386, "precision_at_500": 0.00248, "precision_at_1000": 0.00133, "mrr_at_1": 0.199, "mrr_at_3": 0.25456, "mrr_at_5": 0.26656, "mrr_at_10": 0.27954, "mrr_at_20": 0.28399, "mrr_at_100": 0.28901, "mrr_at_200": 0.28946, "mrr_at_300": 0.28959, "mrr_at_500": 0.28968, "mrr_at_1000": 0.28973, "rc_at_1": {"relevant": 0.0, "distractor": 0.0}, "rc_at_3": {"relevant": 0.0, "distractor": 0.0}, "rc_at_5": {"relevant": 0.0, "distractor": 0.0}, "rc_at_10": {"relevant": 0.0, "distractor": 0.0}, "rc_at_20": {"relevant": 0.0, "distractor": 0.0}, "rc_at_100": {"relevant": 0.0, "distractor": 0.0}, "rc_at_200": {"relevant": 0.0, "distractor": 0.0}, "rc_at_300": {"relevant": 0.0, "distractor": 0.0}, "rc_at_500": {"relevant": 0.0, "distractor": 0.0}, "rc_at_1000": {"relevant": 0.0, "distractor": 0.0}}