{"ndcg_at_1": 0.64, "ndcg_at_3": 0.63469, "ndcg_at_5": 0.6226, "ndcg_at_10": 0.58933, "ndcg_at_20": 0.56985, "ndcg_at_100": 0.45912, "ndcg_at_200": 0.39661, "ndcg_at_300": 0.37343, "ndcg_at_500": 0.37261, "ndcg_at_1000": 0.42692, "map_at_1": 0.00202, "map_at_3": 0.0052, "map_at_5": 0.00792, "map_at_10": 0.0137, "map_at_20": 0.02432, "map_at_100": 0.07833, "map_at_200": 0.1134, "map_at_300": 0.13349, "map_at_500": 0.15847, "map_at_1000": 0.1862, "recall_at_1": 0.00202, "recall_at_3": 0.00562, "recall_at_5": 0.00906, "recall_at_10": 0.0165, "recall_at_20": 0.03108, "recall_at_100": 0.11365, "recall_at_200": 0.18079, "recall_at_300": 0.22875, "recall_at_500": 0.29814, "recall_at_1000": 0.40233, "precision_at_1": 0.72, "precision_at_3": 0.7, "precision_at_5": 0.68, "precision_at_10": 0.632, "precision_at_20": 0.606, "precision_at_100": 0.4702, "precision_at_200": 0.387, "precision_at_300": 0.3346, "precision_at_500": 0.26952, "precision_at_1000": 0.1876, "mrr_at_1": 0.74, "mrr_at_3": 0.81333, "mrr_at_5": 0.82733, "mrr_at_10": 0.83269, "mrr_at_20": 0.83269, "mrr_at_100": 0.83269, "mrr_at_200": 0.83269, "mrr_at_300": 0.83269, "mrr_at_500": 0.83269, "mrr_at_1000": 0.83269, "rc_at_1": {"relevant": 0.0, "distractor": 0.0}, "rc_at_3": {"relevant": 0.0, "distractor": 0.0}, "rc_at_5": {"relevant": 0.0, "distractor": 0.0}, "rc_at_10": {"relevant": 0.0, "distractor": 0.0}, "rc_at_20": {"relevant": 0.0, "distractor": 0.0}, "rc_at_100": {"relevant": 0.0, "distractor": 0.0}, "rc_at_200": {"relevant": 0.0, "distractor": 0.0}, "rc_at_300": {"relevant": 0.0, "distractor": 0.0}, "rc_at_500": {"relevant": 0.0, "distractor": 0.0}, "rc_at_1000": {"relevant": 0.0, "distractor": 0.0}}