{"ndcg_at_1": 0.0967, "ndcg_at_3": 0.12497, "ndcg_at_5": 0.14127, "ndcg_at_10": 0.16172, "ndcg_at_20": 0.17859, "ndcg_at_100": 0.21481, "ndcg_at_200": 0.22718, "ndcg_at_300": 0.2341, "ndcg_at_500": 0.24242, "ndcg_at_1000": 0.2529, "map_at_1": 0.07987, "map_at_3": 0.10825, "map_at_5": 0.11821, "map_at_10": 0.12712, "map_at_20": 0.13199, "map_at_100": 0.13719, "map_at_200": 0.13796, "map_at_300": 0.13824, "map_at_500": 0.13848, "map_at_1000": 0.13867, "recall_at_1": 0.07987, "recall_at_3": 0.14209, "recall_at_5": 0.18348, "recall_at_10": 0.24485, "recall_at_20": 0.30691, "recall_at_100": 0.48804, "recall_at_200": 0.56634, "recall_at_300": 0.61492, "recall_at_500": 0.67896, "recall_at_1000": 0.7659, "precision_at_1": 0.0967, "precision_at_3": 0.06102, "precision_at_5": 0.04763, "precision_at_10": 0.03228, "precision_at_20": 0.02094, "precision_at_100": 0.00721, "precision_at_200": 0.00432, "precision_at_300": 0.00318, "precision_at_500": 0.00214, "precision_at_1000": 0.00125, "mrr_at_1": 0.09635, "mrr_at_3": 0.13042, "mrr_at_5": 0.14121, "mrr_at_10": 0.15055, "mrr_at_20": 0.15554, "mrr_at_100": 0.16019, "mrr_at_200": 0.16075, "mrr_at_300": 0.16093, "mrr_at_500": 0.16109, "mrr_at_1000": 0.1612, "rc_at_1": {"relevant": 0.0, "distractor": 0.0}, "rc_at_3": {"relevant": 0.0, "distractor": 0.0}, "rc_at_5": {"relevant": 0.0, "distractor": 0.0}, "rc_at_10": {"relevant": 0.0, "distractor": 0.0}, "rc_at_20": {"relevant": 0.0, "distractor": 0.0}, "rc_at_100": {"relevant": 0.0, "distractor": 0.0}, "rc_at_200": {"relevant": 0.0, "distractor": 0.0}, "rc_at_300": {"relevant": 0.0, "distractor": 0.0}, "rc_at_500": {"relevant": 0.0, "distractor": 0.0}, "rc_at_1000": {"relevant": 0.0, "distractor": 0.0}}