{"ndcg_at_1": 0.39, "ndcg_at_3": 0.43219, "ndcg_at_5": 0.4467, "ndcg_at_10": 0.47179, "ndcg_at_20": 0.49446, "ndcg_at_100": 0.51906, "ndcg_at_200": 0.52448, "ndcg_at_300": 0.52839, "ndcg_at_500": 0.53307, "ndcg_at_1000": 0.53857, "map_at_1": 0.36733, "map_at_3": 0.41252, "map_at_5": 0.42269, "map_at_10": 0.43396, "map_at_20": 0.44103, "map_at_100": 0.44453, "map_at_200": 0.44482, "map_at_300": 0.44496, "map_at_500": 0.44507, "map_at_1000": 0.44515, "recall_at_1": 0.36733, "recall_at_3": 0.46539, "recall_at_5": 0.50039, "recall_at_10": 0.57567, "recall_at_20": 0.65922, "recall_at_100": 0.78833, "recall_at_200": 0.82533, "recall_at_300": 0.85533, "recall_at_500": 0.89533, "recall_at_1000": 0.946, "precision_at_1": 0.39, "precision_at_3": 0.16778, "precision_at_5": 0.11067, "precision_at_10": 0.06433, "precision_at_20": 0.03733, "precision_at_100": 0.00893, "precision_at_200": 0.00472, "precision_at_300": 0.00326, "precision_at_500": 0.00203, "precision_at_1000": 0.00107, "mrr_at_1": 0.39, "mrr_at_3": 0.43111, "mrr_at_5": 0.43994, "mrr_at_10": 0.44955, "mrr_at_20": 0.45527, "mrr_at_100": 0.4586, "mrr_at_200": 0.45882, "mrr_at_300": 0.45893, "mrr_at_500": 0.45904, "mrr_at_1000": 0.45911, "rc_at_1": {"relevant": 0.0, "distractor": 0.0}, "rc_at_3": {"relevant": 0.0, "distractor": 0.0}, "rc_at_5": {"relevant": 0.0, "distractor": 0.0}, "rc_at_10": {"relevant": 0.0, "distractor": 0.0}, "rc_at_20": {"relevant": 0.0, "distractor": 0.0}, "rc_at_100": {"relevant": 0.0, "distractor": 0.0}, "rc_at_200": {"relevant": 0.0, "distractor": 0.0}, "rc_at_300": {"relevant": 0.0, "distractor": 0.0}, "rc_at_500": {"relevant": 0.0, "distractor": 0.0}, "rc_at_1000": {"relevant": 0.0, "distractor": 0.0}}