{"ndcg_at_1": 0.2, "ndcg_at_3": 0.17018, "ndcg_at_5": 0.16969, "ndcg_at_10": 0.14564, "ndcg_at_20": 0.19365, "ndcg_at_100": 0.2871, "ndcg_at_200": 0.31979, "ndcg_at_300": 0.3339, "ndcg_at_500": 0.34854, "ndcg_at_1000": 0.37258, "map_at_1": 0.02, "map_at_3": 0.03641, "map_at_5": 0.04979, "map_at_10": 0.06792, "map_at_20": 0.0876, "map_at_100": 0.11143, "map_at_200": 0.11548, "map_at_300": 0.11679, "map_at_500": 0.1178, "map_at_1000": 0.11885, "recall_at_1": 0.02, "recall_at_3": 0.04769, "recall_at_5": 0.08154, "recall_at_10": 0.13231, "recall_at_20": 0.21846, "recall_at_100": 0.45538, "recall_at_200": 0.56154, "recall_at_300": 0.61231, "recall_at_500": 0.66923, "recall_at_1000": 0.77385, "precision_at_1": 0.2, "precision_at_3": 0.15897, "precision_at_5": 0.16308, "precision_at_10": 0.13231, "precision_at_20": 0.10923, "precision_at_100": 0.04554, "precision_at_200": 0.02808, "precision_at_300": 0.02041, "precision_at_500": 0.01338, "precision_at_1000": 0.00774, "mrr_at_1": 0.24615, "mrr_at_3": 0.3641, "mrr_at_5": 0.37718, "mrr_at_10": 0.38538, "mrr_at_20": 0.39272, "mrr_at_100": 0.39879, "mrr_at_200": 0.39888, "mrr_at_300": 0.39888, "mrr_at_500": 0.39888, "mrr_at_1000": 0.39888, "rc_at_1": {"relevant": 0.24615, "distractor": 0.61538}, "rc_at_3": {"relevant": 0.67692, "distractor": 2.0}, "rc_at_5": {"relevant": 1.0, "distractor": 3.44615}, "rc_at_10": {"relevant": 1.55385, "distractor": 6.75385}, "rc_at_20": {"relevant": 2.4, "distractor": 13.27692}, "rc_at_100": {"relevant": 4.95385, "distractor": 42.86154}, "rc_at_200": {"relevant": 6.10769, "distractor": 54.04615}, "rc_at_300": {"relevant": 6.52308, "distractor": 58.61538}, "rc_at_500": {"relevant": 7.06154, "distractor": 65.15385}, "rc_at_1000": {"relevant": 7.73846, "distractor": 71.4}}