{"ndcg_at_1": 0.2, "ndcg_at_3": 0.15746, "ndcg_at_5": 0.14187, "ndcg_at_10": 0.12075, "ndcg_at_20": 0.14618, "ndcg_at_100": 0.19619, "ndcg_at_200": 0.21982, "ndcg_at_300": 0.23262, "ndcg_at_500": 0.24563, "ndcg_at_1000": 0.27384, "map_at_1": 0.02, "map_at_3": 0.03385, "map_at_5": 0.04231, "map_at_10": 0.05641, "map_at_20": 0.06715, "map_at_100": 0.0781, "map_at_200": 0.08035, "map_at_300": 0.08126, "map_at_500": 0.08192, "map_at_1000": 0.08279, "recall_at_1": 0.02, "recall_at_3": 0.04308, "recall_at_5": 0.06308, "recall_at_10": 0.10308, "recall_at_20": 0.14923, "recall_at_100": 0.27231, "recall_at_200": 0.34923, "recall_at_300": 0.39538, "recall_at_500": 0.44615, "recall_at_1000": 0.56923, "precision_at_1": 0.2, "precision_at_3": 0.14359, "precision_at_5": 0.12615, "precision_at_10": 0.10308, "precision_at_20": 0.07462, "precision_at_100": 0.02723, "precision_at_200": 0.01746, "precision_at_300": 0.01318, "precision_at_500": 0.00892, "precision_at_1000": 0.00569, "mrr_at_1": 0.24615, "mrr_at_3": 0.3359, "mrr_at_5": 0.34897, "mrr_at_10": 0.35886, "mrr_at_20": 0.36324, "mrr_at_100": 0.36866, "mrr_at_200": 0.36928, "mrr_at_300": 0.36928, "mrr_at_500": 0.36933, "mrr_at_1000": 0.36935, "rc_at_1": {"relevant": 0.24615, "distractor": 0.53846}, "rc_at_3": {"relevant": 0.6, "distractor": 1.61538}, "rc_at_5": {"relevant": 0.8, "distractor": 2.67692}, "rc_at_10": {"relevant": 1.27692, "distractor": 4.81538}, "rc_at_20": {"relevant": 1.75385, "distractor": 8.98462}, "rc_at_100": {"relevant": 3.09231, "distractor": 25.24615}, "rc_at_200": {"relevant": 3.98462, "distractor": 33.70769}, "rc_at_300": {"relevant": 4.33846, "distractor": 37.35385}, "rc_at_500": {"relevant": 4.90769, "distractor": 42.98462}, "rc_at_1000": {"relevant": 5.69231, "distractor": 49.61538}}