{"ndcg_at_1": 0.1097, "ndcg_at_3": 0.14821, "ndcg_at_5": 0.16505, "ndcg_at_10": 0.18557, "ndcg_at_20": 0.20463, "ndcg_at_100": 0.23698, "ndcg_at_200": 0.24861, "ndcg_at_300": 0.2546, "ndcg_at_500": 0.26177, "ndcg_at_1000": 0.26992, "map_at_1": 0.09685, "map_at_3": 0.13261, "map_at_5": 0.14268, "map_at_10": 0.15173, "map_at_20": 0.15748, "map_at_100": 0.16228, "map_at_200": 0.16296, "map_at_300": 0.16319, "map_at_500": 0.16338, "map_at_1000": 0.16352, "recall_at_1": 0.09685, "recall_at_3": 0.17406, "recall_at_5": 0.21417, "recall_at_10": 0.27487, "recall_at_20": 0.34522, "recall_at_100": 0.50715, "recall_at_200": 0.58278, "recall_at_300": 0.62579, "recall_at_500": 0.68178, "recall_at_1000": 0.75068, "precision_at_1": 0.1097, "precision_at_3": 0.0691, "precision_at_5": 0.05274, "precision_at_10": 0.03495, "precision_at_20": 0.0227, "precision_at_100": 0.00705, "precision_at_200": 0.00412, "precision_at_300": 0.00299, "precision_at_500": 0.00197, "precision_at_1000": 0.00111, "mrr_at_1": 0.1099, "mrr_at_3": 0.14677, "mrr_at_5": 0.15685, "mrr_at_10": 0.16545, "mrr_at_20": 0.17063, "mrr_at_100": 0.17478, "mrr_at_200": 0.17533, "mrr_at_300": 0.1755, "mrr_at_500": 0.17564, "mrr_at_1000": 0.17573, "rc_at_1": {"relevant": 0.0, "distractor": 0.0}, "rc_at_3": {"relevant": 0.0, "distractor": 0.0}, "rc_at_5": {"relevant": 0.0, "distractor": 0.0}, "rc_at_10": {"relevant": 0.0, "distractor": 0.0}, "rc_at_20": {"relevant": 0.0, "distractor": 0.0}, "rc_at_100": {"relevant": 0.0, "distractor": 0.0}, "rc_at_200": {"relevant": 0.0, "distractor": 0.0}, "rc_at_300": {"relevant": 0.0, "distractor": 0.0}, "rc_at_500": {"relevant": 0.0, "distractor": 0.0}, "rc_at_1000": {"relevant": 0.0, "distractor": 0.0}}