{"ndcg_at_1": 0.27797, "ndcg_at_3": 0.33595, "ndcg_at_5": 0.36632, "ndcg_at_10": 0.39099, "ndcg_at_20": 0.41119, "ndcg_at_100": 0.44454, "ndcg_at_200": 0.45264, "ndcg_at_300": 0.45679, "ndcg_at_500": 0.46086, "ndcg_at_1000": 0.46531, "map_at_1": 0.25666, "map_at_3": 0.31224, "map_at_5": 0.33026, "map_at_10": 0.34151, "map_at_20": 0.34736, "map_at_100": 0.35232, "map_at_200": 0.35279, "map_at_300": 0.35294, "map_at_500": 0.35305, "map_at_1000": 0.35312, "recall_at_1": 0.25666, "recall_at_3": 0.37983, "recall_at_5": 0.45173, "recall_at_10": 0.52414, "recall_at_20": 0.60123, "recall_at_100": 0.7712, "recall_at_200": 0.82502, "recall_at_300": 0.85575, "recall_at_500": 0.88745, "recall_at_1000": 0.92732, "precision_at_1": 0.27797, "precision_at_3": 0.14087, "precision_at_5": 0.10192, "precision_at_10": 0.06045, "precision_at_20": 0.03486, "precision_at_100": 0.00912, "precision_at_200": 0.00493, "precision_at_300": 0.00343, "precision_at_500": 0.00216, "precision_at_1000": 0.00113, "mrr_at_1": 0.27797, "mrr_at_3": 0.33503, "mrr_at_5": 0.35158, "mrr_at_10": 0.36092, "mrr_at_20": 0.36617, "mrr_at_100": 0.37066, "mrr_at_200": 0.37101, "mrr_at_300": 0.37114, "mrr_at_500": 0.37121, "mrr_at_1000": 0.37126, "rc_at_1": {"relevant": 0.0, "distractor": 0.0}, "rc_at_3": {"relevant": 0.0, "distractor": 0.0}, "rc_at_5": {"relevant": 0.0, "distractor": 0.0}, "rc_at_10": {"relevant": 0.0, "distractor": 0.0}, "rc_at_20": {"relevant": 0.0, "distractor": 0.0}, "rc_at_100": {"relevant": 0.0, "distractor": 0.0}, "rc_at_200": {"relevant": 0.0, "distractor": 0.0}, "rc_at_300": {"relevant": 0.0, "distractor": 0.0}, "rc_at_500": {"relevant": 0.0, "distractor": 0.0}, "rc_at_1000": {"relevant": 0.0, "distractor": 0.0}}