{"ndcg_at_1": 0.26235, "ndcg_at_3": 0.25565, "ndcg_at_5": 0.26072, "ndcg_at_10": 0.28254, "ndcg_at_20": 0.30629, "ndcg_at_100": 0.34563, "ndcg_at_200": 0.35845, "ndcg_at_300": 0.36472, "ndcg_at_500": 0.37251, "ndcg_at_1000": 0.38162, "map_at_1": 0.1255, "map_at_3": 0.18889, "map_at_5": 0.20241, "map_at_10": 0.21598, "map_at_20": 0.22438, "map_at_100": 0.2316, "map_at_200": 0.23255, "map_at_300": 0.23287, "map_at_500": 0.23315, "map_at_1000": 0.23335, "recall_at_1": 0.1255, "recall_at_3": 0.23685, "recall_at_5": 0.27836, "recall_at_10": 0.3475, "recall_at_20": 0.42008, "recall_at_100": 0.58459, "recall_at_200": 0.65426, "recall_at_300": 0.69201, "recall_at_500": 0.7413, "recall_at_1000": 0.80689, "precision_at_1": 0.26235, "precision_at_3": 0.17695, "precision_at_5": 0.12747, "precision_at_10": 0.0804, "precision_at_20": 0.05031, "precision_at_100": 0.01446, "precision_at_200": 0.00819, "precision_at_300": 0.00581, "precision_at_500": 0.00378, "precision_at_1000": 0.00208, "mrr_at_1": 0.26543, "mrr_at_3": 0.3233, "mrr_at_5": 0.33997, "mrr_at_10": 0.34957, "mrr_at_20": 0.35466, "mrr_at_100": 0.35853, "mrr_at_200": 0.35891, "mrr_at_300": 0.35903, "mrr_at_500": 0.35913, "mrr_at_1000": 0.35919, "rc_at_1": {"relevant": 0.0, "distractor": 0.0}, "rc_at_3": {"relevant": 0.0, "distractor": 0.0}, "rc_at_5": {"relevant": 0.0, "distractor": 0.0}, "rc_at_10": {"relevant": 0.0, "distractor": 0.0}, "rc_at_20": {"relevant": 0.0, "distractor": 0.0}, "rc_at_100": {"relevant": 0.0, "distractor": 0.0}, "rc_at_200": {"relevant": 0.0, "distractor": 0.0}, "rc_at_300": {"relevant": 0.0, "distractor": 0.0}, "rc_at_500": {"relevant": 0.0, "distractor": 0.0}, "rc_at_1000": {"relevant": 0.0, "distractor": 0.0}}