{"ndcg_at_1": 0.07692, "ndcg_at_3": 0.07692, "ndcg_at_5": 0.06614, "ndcg_at_10": 0.06261, "ndcg_at_20": 0.08162, "ndcg_at_100": 0.11675, "ndcg_at_200": 0.13417, "ndcg_at_300": 0.14484, "ndcg_at_500": 0.15868, "ndcg_at_1000": 0.17808, "map_at_1": 0.00769, "map_at_3": 0.0159, "map_at_5": 0.01859, "map_at_10": 0.02417, "map_at_20": 0.02952, "map_at_100": 0.03626, "map_at_200": 0.03758, "map_at_300": 0.03815, "map_at_500": 0.03875, "map_at_1000": 0.0394, "recall_at_1": 0.00769, "recall_at_3": 0.02308, "recall_at_5": 0.03077, "recall_at_10": 0.05846, "recall_at_20": 0.09231, "recall_at_100": 0.17846, "recall_at_200": 0.23538, "recall_at_300": 0.27385, "recall_at_500": 0.32769, "recall_at_1000": 0.41077, "precision_at_1": 0.07692, "precision_at_3": 0.07692, "precision_at_5": 0.06154, "precision_at_10": 0.05846, "precision_at_20": 0.04615, "precision_at_100": 0.01785, "precision_at_200": 0.01177, "precision_at_300": 0.00913, "precision_at_500": 0.00655, "precision_at_1000": 0.00411, "mrr_at_1": 0.07692, "mrr_at_3": 0.12308, "mrr_at_5": 0.13, "mrr_at_10": 0.15457, "mrr_at_20": 0.16188, "mrr_at_100": 0.16739, "mrr_at_200": 0.16777, "mrr_at_300": 0.16803, "mrr_at_500": 0.16816, "mrr_at_1000": 0.1682, "rc_at_1": {"relevant": 0.07692, "distractor": 0.36923}, "rc_at_3": {"relevant": 0.23077, "distractor": 1.01538}, "rc_at_5": {"relevant": 0.30769, "distractor": 1.6}, "rc_at_10": {"relevant": 0.58462, "distractor": 2.87692}, "rc_at_20": {"relevant": 0.92308, "distractor": 4.90769}, "rc_at_100": {"relevant": 1.78462, "distractor": 14.29231}, "rc_at_200": {"relevant": 2.35385, "distractor": 19.03077}, "rc_at_300": {"relevant": 2.73846, "distractor": 22.56923}, "rc_at_500": {"relevant": 3.27692, "distractor": 27.50769}, "rc_at_1000": {"relevant": 4.10769, "distractor": 34.49231}}