{"ndcg_at_1": 0.57421, "ndcg_at_3": 0.47021, "ndcg_at_5": 0.49734, "ndcg_at_10": 0.52174, "ndcg_at_20": 0.538, "ndcg_at_100": 0.56159, "ndcg_at_200": 0.56836, "ndcg_at_300": 0.5716, "ndcg_at_500": 0.57555, "ndcg_at_1000": 0.5796, "map_at_1": 0.2871, "map_at_3": 0.40019, "map_at_5": 0.41929, "map_at_10": 0.43235, "map_at_20": 0.43826, "map_at_100": 0.44264, "map_at_200": 0.44313, "map_at_300": 0.44328, "map_at_500": 0.44342, "map_at_1000": 0.4435, "recall_at_1": 0.2871, "recall_at_3": 0.45084, "recall_at_5": 0.50459, "recall_at_10": 0.5659, "recall_at_20": 0.61843, "recall_at_100": 0.72248, "recall_at_200": 0.76185, "recall_at_300": 0.78285, "recall_at_500": 0.8106, "recall_at_1000": 0.84166, "precision_at_1": 0.57421, "precision_at_3": 0.30056, "precision_at_5": 0.20184, "precision_at_10": 0.11318, "precision_at_20": 0.06184, "precision_at_100": 0.01445, "precision_at_200": 0.00762, "precision_at_300": 0.00522, "precision_at_500": 0.00324, "precision_at_1000": 0.00168, "mrr_at_1": 0.57205, "mrr_at_3": 0.6381, "mrr_at_5": 0.64912, "mrr_at_10": 0.65609, "mrr_at_20": 0.6588, "mrr_at_100": 0.66057, "mrr_at_200": 0.66073, "mrr_at_300": 0.66077, "mrr_at_500": 0.66079, "mrr_at_1000": 0.66081, "rc_at_1": {"relevant": 0.0, "distractor": 0.0}, "rc_at_3": {"relevant": 0.0, "distractor": 0.0}, "rc_at_5": {"relevant": 0.0, "distractor": 0.0}, "rc_at_10": {"relevant": 0.0, "distractor": 0.0}, "rc_at_20": {"relevant": 0.0, "distractor": 0.0}, "rc_at_100": {"relevant": 0.0, "distractor": 0.0}, "rc_at_200": {"relevant": 0.0, "distractor": 0.0}, "rc_at_300": {"relevant": 0.0, "distractor": 0.0}, "rc_at_500": {"relevant": 0.0, "distractor": 0.0}, "rc_at_1000": {"relevant": 0.0, "distractor": 0.0}}