{"ndcg_at_1": 0.03176, "ndcg_at_3": 0.0455, "ndcg_at_5": 0.05472, "ndcg_at_10": 0.06378, "ndcg_at_20": 0.07255, "ndcg_at_100": 0.09654, "ndcg_at_200": 0.10814, "ndcg_at_300": 0.11343, "ndcg_at_500": 0.12043, "ndcg_at_1000": 0.13167, "map_at_1": 0.02368, "map_at_3": 0.03708, "map_at_5": 0.04264, "map_at_10": 0.04645, "map_at_20": 0.04886, "map_at_100": 0.05194, "map_at_200": 0.05255, "map_at_300": 0.05273, "map_at_500": 0.05291, "map_at_1000": 0.05308, "recall_at_1": 0.02368, "recall_at_3": 0.05465, "recall_at_5": 0.0783, "recall_at_10": 0.10649, "recall_at_20": 0.13998, "recall_at_100": 0.262, "recall_at_200": 0.33694, "recall_at_300": 0.37414, "recall_at_500": 0.42666, "recall_at_1000": 0.52103, "precision_at_1": 0.03176, "precision_at_3": 0.02406, "precision_at_5": 0.0204, "precision_at_10": 0.01376, "precision_at_20": 0.00914, "precision_at_100": 0.00371, "precision_at_200": 0.00247, "precision_at_300": 0.00187, "precision_at_500": 0.00132, "precision_at_1000": 0.00084, "mrr_at_1": 0.03754, "mrr_at_3": 0.05374, "mrr_at_5": 0.05908, "mrr_at_10": 0.06325, "mrr_at_20": 0.06602, "mrr_at_100": 0.0696, "mrr_at_200": 0.07016, "mrr_at_300": 0.0704, "mrr_at_500": 0.07054, "mrr_at_1000": 0.07068, "rc_at_1": {"relevant": 0.0, "distractor": 0.0}, "rc_at_3": {"relevant": 0.0, "distractor": 0.0}, "rc_at_5": {"relevant": 0.0, "distractor": 0.0}, "rc_at_10": {"relevant": 0.0, "distractor": 0.0}, "rc_at_20": {"relevant": 0.0, "distractor": 0.0}, "rc_at_100": {"relevant": 0.0, "distractor": 0.0}, "rc_at_200": {"relevant": 0.0, "distractor": 0.0}, "rc_at_300": {"relevant": 0.0, "distractor": 0.0}, "rc_at_500": {"relevant": 0.0, "distractor": 0.0}, "rc_at_1000": {"relevant": 0.0, "distractor": 0.0}}