{"ndcg_at_1": 0.24828, "ndcg_at_3": 0.30855, "ndcg_at_5": 0.33204, "ndcg_at_10": 0.35774, "ndcg_at_20": 0.37426, "ndcg_at_100": 0.40472, "ndcg_at_200": 0.4142, "ndcg_at_300": 0.41938, "ndcg_at_500": 0.42403, "ndcg_at_1000": 0.42934, "map_at_1": 0.21272, "map_at_3": 0.27838, "map_at_5": 0.29272, "map_at_10": 0.30467, "map_at_20": 0.30988, "map_at_100": 0.31445, "map_at_200": 0.31504, "map_at_300": 0.31524, "map_at_500": 0.31537, "map_at_1000": 0.31546, "recall_at_1": 0.21272, "recall_at_3": 0.35427, "recall_at_5": 0.41147, "recall_at_10": 0.4868, "recall_at_20": 0.5485, "recall_at_100": 0.69975, "recall_at_200": 0.76135, "recall_at_300": 0.79879, "recall_at_500": 0.83515, "recall_at_1000": 0.88076, "precision_at_1": 0.24828, "precision_at_3": 0.14107, "precision_at_5": 0.09994, "precision_at_10": 0.06075, "precision_at_20": 0.03486, "precision_at_100": 0.00928, "precision_at_200": 0.00513, "precision_at_300": 0.00361, "precision_at_500": 0.00228, "precision_at_1000": 0.00121, "mrr_at_1": 0.24828, "mrr_at_3": 0.31338, "mrr_at_5": 0.32685, "mrr_at_10": 0.33738, "mrr_at_20": 0.34178, "mrr_at_100": 0.34567, "mrr_at_200": 0.34608, "mrr_at_300": 0.34622, "mrr_at_500": 0.3463, "mrr_at_1000": 0.34636, "rc_at_1": {"relevant": 0.0, "distractor": 0.0}, "rc_at_3": {"relevant": 0.0, "distractor": 0.0}, "rc_at_5": {"relevant": 0.0, "distractor": 0.0}, "rc_at_10": {"relevant": 0.0, "distractor": 0.0}, "rc_at_20": {"relevant": 0.0, "distractor": 0.0}, "rc_at_100": {"relevant": 0.0, "distractor": 0.0}, "rc_at_200": {"relevant": 0.0, "distractor": 0.0}, "rc_at_300": {"relevant": 0.0, "distractor": 0.0}, "rc_at_500": {"relevant": 0.0, "distractor": 0.0}, "rc_at_1000": {"relevant": 0.0, "distractor": 0.0}}