{"ndcg_at_1": 0.6, "ndcg_at_3": 0.68253, "ndcg_at_5": 0.70473, "ndcg_at_10": 0.73433, "ndcg_at_20": 0.74263, "ndcg_at_100": 0.75006, "ndcg_at_200": 0.75241, "ndcg_at_300": 0.75364, "ndcg_at_500": 0.7552, "ndcg_at_1000": 0.75555, "map_at_1": 0.57094, "map_at_3": 0.65219, "map_at_5": 0.66717, "map_at_10": 0.68213, "map_at_20": 0.68462, "map_at_100": 0.68584, "map_at_200": 0.68596, "map_at_300": 0.686, "map_at_500": 0.68603, "map_at_1000": 0.68604, "recall_at_1": 0.57094, "recall_at_3": 0.74144, "recall_at_5": 0.79583, "recall_at_10": 0.88133, "recall_at_20": 0.91367, "recall_at_100": 0.95333, "recall_at_200": 0.97, "recall_at_300": 0.98, "recall_at_500": 0.99333, "recall_at_1000": 0.99667, "precision_at_1": 0.6, "precision_at_3": 0.26778, "precision_at_5": 0.176, "precision_at_10": 0.09967, "precision_at_20": 0.05183, "precision_at_100": 0.01083, "precision_at_200": 0.0055, "precision_at_300": 0.0037, "precision_at_500": 0.00225, "precision_at_1000": 0.00113, "mrr_at_1": 0.6, "mrr_at_3": 0.67278, "mrr_at_5": 0.68511, "mrr_at_10": 0.69466, "mrr_at_20": 0.69634, "mrr_at_100": 0.69715, "mrr_at_200": 0.69727, "mrr_at_300": 0.69731, "mrr_at_500": 0.69735, "mrr_at_1000": 0.69735, "rc_at_1": {"relevant": 0.0, "distractor": 0.0}, "rc_at_3": {"relevant": 0.0, "distractor": 0.0}, "rc_at_5": {"relevant": 0.0, "distractor": 0.0}, "rc_at_10": {"relevant": 0.0, "distractor": 0.0}, "rc_at_20": {"relevant": 0.0, "distractor": 0.0}, "rc_at_100": {"relevant": 0.0, "distractor": 0.0}, "rc_at_200": {"relevant": 0.0, "distractor": 0.0}, "rc_at_300": {"relevant": 0.0, "distractor": 0.0}, "rc_at_500": {"relevant": 0.0, "distractor": 0.0}, "rc_at_1000": {"relevant": 0.0, "distractor": 0.0}}