{"ndcg_at_1": 0.17309, "ndcg_at_3": 0.21665, "ndcg_at_5": 0.23514, "ndcg_at_10": 0.26074, "ndcg_at_20": 0.28258, "ndcg_at_100": 0.32163, "ndcg_at_200": 0.3323, "ndcg_at_300": 0.33876, "ndcg_at_500": 0.34527, "ndcg_at_1000": 0.35214, "map_at_1": 0.14263, "map_at_3": 0.19013, "map_at_5": 0.20233, "map_at_10": 0.21393, "map_at_20": 0.22052, "map_at_100": 0.22639, "map_at_200": 0.22709, "map_at_300": 0.22736, "map_at_500": 0.22756, "map_at_1000": 0.2277, "recall_at_1": 0.14263, "recall_at_3": 0.2461, "recall_at_5": 0.29365, "recall_at_10": 0.36979, "recall_at_20": 0.45018, "recall_at_100": 0.64432, "recall_at_200": 0.71155, "recall_at_300": 0.75687, "recall_at_500": 0.80585, "recall_at_1000": 0.86115, "precision_at_1": 0.17309, "precision_at_3": 0.10289, "precision_at_5": 0.07522, "precision_at_10": 0.049, "precision_at_20": 0.03073, "precision_at_100": 0.00946, "precision_at_200": 0.00538, "precision_at_300": 0.00388, "precision_at_500": 0.00253, "precision_at_1000": 0.0014, "mrr_at_1": 0.17309, "mrr_at_3": 0.22459, "mrr_at_5": 0.23683, "mrr_at_10": 0.24776, "mrr_at_20": 0.25361, "mrr_at_100": 0.2584, "mrr_at_200": 0.25884, "mrr_at_300": 0.25902, "mrr_at_500": 0.25913, "mrr_at_1000": 0.2592, "rc_at_1": {"relevant": 0.0, "distractor": 0.0}, "rc_at_3": {"relevant": 0.0, "distractor": 0.0}, "rc_at_5": {"relevant": 0.0, "distractor": 0.0}, "rc_at_10": {"relevant": 0.0, "distractor": 0.0}, "rc_at_20": {"relevant": 0.0, "distractor": 0.0}, "rc_at_100": {"relevant": 0.0, "distractor": 0.0}, "rc_at_200": {"relevant": 0.0, "distractor": 0.0}, "rc_at_300": {"relevant": 0.0, "distractor": 0.0}, "rc_at_500": {"relevant": 0.0, "distractor": 0.0}, "rc_at_1000": {"relevant": 0.0, "distractor": 0.0}}