{"ndcg_at_1": 0.26613, "ndcg_at_3": 0.32953, "ndcg_at_5": 0.35008, "ndcg_at_10": 0.37106, "ndcg_at_20": 0.38742, "ndcg_at_100": 0.41114, "ndcg_at_200": 0.41916, "ndcg_at_300": 0.42294, "ndcg_at_500": 0.42656, "ndcg_at_1000": 0.43059, "map_at_1": 0.24903, "map_at_3": 0.30619, "map_at_5": 0.31781, "map_at_10": 0.32657, "map_at_20": 0.33113, "map_at_100": 0.33439, "map_at_200": 0.33482, "map_at_300": 0.33495, "map_at_500": 0.33503, "map_at_1000": 0.33509, "recall_at_1": 0.24903, "recall_at_3": 0.37675, "recall_at_5": 0.4267, "recall_at_10": 0.49058, "recall_at_20": 0.55332, "recall_at_100": 0.67822, "recall_at_200": 0.73378, "recall_at_300": 0.76296, "recall_at_500": 0.79291, "recall_at_1000": 0.82923, "precision_at_1": 0.26613, "precision_at_3": 0.13561, "precision_at_5": 0.09265, "precision_at_10": 0.05341, "precision_at_20": 0.03031, "precision_at_100": 0.0075, "precision_at_200": 0.00407, "precision_at_300": 0.00283, "precision_at_500": 0.00177, "precision_at_1000": 0.00093, "mrr_at_1": 0.26613, "mrr_at_3": 0.32586, "mrr_at_5": 0.3379, "mrr_at_10": 0.3469, "mrr_at_20": 0.35148, "mrr_at_100": 0.35471, "mrr_at_200": 0.35511, "mrr_at_300": 0.35523, "mrr_at_500": 0.35531, "mrr_at_1000": 0.35535, "rc_at_1": {"relevant": 0.0, "distractor": 0.0}, "rc_at_3": {"relevant": 0.0, "distractor": 0.0}, "rc_at_5": {"relevant": 0.0, "distractor": 0.0}, "rc_at_10": {"relevant": 0.0, "distractor": 0.0}, "rc_at_20": {"relevant": 0.0, "distractor": 0.0}, "rc_at_100": {"relevant": 0.0, "distractor": 0.0}, "rc_at_200": {"relevant": 0.0, "distractor": 0.0}, "rc_at_300": {"relevant": 0.0, "distractor": 0.0}, "rc_at_500": {"relevant": 0.0, "distractor": 0.0}, "rc_at_1000": {"relevant": 0.0, "distractor": 0.0}}