{"ndcg_at_1": 0.32877, "ndcg_at_3": 0.38146, "ndcg_at_5": 0.40718, "ndcg_at_10": 0.43748, "ndcg_at_20": 0.45775, "ndcg_at_100": 0.49345, "ndcg_at_200": 0.50207, "ndcg_at_300": 0.50644, "ndcg_at_500": 0.50968, "ndcg_at_1000": 0.51431, "map_at_1": 0.27143, "map_at_3": 0.34296, "map_at_5": 0.36238, "map_at_10": 0.37779, "map_at_20": 0.38457, "map_at_100": 0.39062, "map_at_200": 0.39126, "map_at_300": 0.39148, "map_at_500": 0.39159, "map_at_1000": 0.3917, "recall_at_1": 0.27143, "recall_at_3": 0.41449, "recall_at_5": 0.48243, "recall_at_10": 0.56916, "recall_at_20": 0.63958, "recall_at_100": 0.80893, "recall_at_200": 0.85931, "recall_at_300": 0.88801, "recall_at_500": 0.91131, "recall_at_1000": 0.94651, "precision_at_1": 0.32877, "precision_at_3": 0.18113, "precision_at_5": 0.13014, "precision_at_10": 0.08037, "precision_at_20": 0.0468, "precision_at_100": 0.01252, "precision_at_200": 0.00692, "precision_at_300": 0.00484, "precision_at_500": 0.00302, "precision_at_1000": 0.00162, "mrr_at_1": 0.32877, "mrr_at_3": 0.39745, "mrr_at_5": 0.41309, "mrr_at_10": 0.42469, "mrr_at_20": 0.42954, "mrr_at_100": 0.43356, "mrr_at_200": 0.43385, "mrr_at_300": 0.43393, "mrr_at_500": 0.43398, "mrr_at_1000": 0.43402, "rc_at_1": {"relevant": 0.0, "distractor": 0.0}, "rc_at_3": {"relevant": 0.0, "distractor": 0.0}, "rc_at_5": {"relevant": 0.0, "distractor": 0.0}, "rc_at_10": {"relevant": 0.0, "distractor": 0.0}, "rc_at_20": {"relevant": 0.0, "distractor": 0.0}, "rc_at_100": {"relevant": 0.0, "distractor": 0.0}, "rc_at_200": {"relevant": 0.0, "distractor": 0.0}, "rc_at_300": {"relevant": 0.0, "distractor": 0.0}, "rc_at_500": {"relevant": 0.0, "distractor": 0.0}, "rc_at_1000": {"relevant": 0.0, "distractor": 0.0}}