{"ndcg_at_1": 0.43974, "ndcg_at_3": 0.35306, "ndcg_at_5": 0.36561, "ndcg_at_10": 0.39374, "ndcg_at_20": 0.41166, "ndcg_at_100": 0.44471, "ndcg_at_200": 0.45677, "ndcg_at_300": 0.46224, "ndcg_at_500": 0.46898, "ndcg_at_1000": 0.47621, "map_at_1": 0.1853, "map_at_3": 0.26323, "map_at_5": 0.28572, "map_at_10": 0.30164, "map_at_20": 0.30845, "map_at_100": 0.31473, "map_at_200": 0.31573, "map_at_300": 0.31601, "map_at_500": 0.31626, "map_at_1000": 0.31644, "recall_at_1": 0.1853, "recall_at_3": 0.30899, "recall_at_5": 0.36429, "recall_at_10": 0.42559, "recall_at_20": 0.47486, "recall_at_100": 0.60219, "recall_at_200": 0.66246, "recall_at_300": 0.69236, "recall_at_500": 0.73274, "recall_at_1000": 0.77966, "precision_at_1": 0.43974, "precision_at_3": 0.26189, "precision_at_5": 0.18906, "precision_at_10": 0.11336, "precision_at_20": 0.06472, "precision_at_100": 0.017, "precision_at_200": 0.00947, "precision_at_300": 0.00665, "precision_at_500": 0.00425, "precision_at_1000": 0.00229, "mrr_at_1": 0.43974, "mrr_at_3": 0.52204, "mrr_at_5": 0.53347, "mrr_at_10": 0.54086, "mrr_at_20": 0.54416, "mrr_at_100": 0.54661, "mrr_at_200": 0.54684, "mrr_at_300": 0.54692, "mrr_at_500": 0.54697, "mrr_at_1000": 0.54699, "rc_at_1": {"relevant": 0.0, "distractor": 0.0}, "rc_at_3": {"relevant": 0.0, "distractor": 0.0}, "rc_at_5": {"relevant": 0.0, "distractor": 0.0}, "rc_at_10": {"relevant": 0.0, "distractor": 0.0}, "rc_at_20": {"relevant": 0.0, "distractor": 0.0}, "rc_at_100": {"relevant": 0.0, "distractor": 0.0}, "rc_at_200": {"relevant": 0.0, "distractor": 0.0}, "rc_at_300": {"relevant": 0.0, "distractor": 0.0}, "rc_at_500": {"relevant": 0.0, "distractor": 0.0}, "rc_at_1000": {"relevant": 0.0, "distractor": 0.0}}