{"ndcg_at_1": 0.2329, "ndcg_at_3": 0.26843, "ndcg_at_5": 0.2905, "ndcg_at_10": 0.31459, "ndcg_at_20": 0.33565, "ndcg_at_100": 0.36382, "ndcg_at_200": 0.37574, "ndcg_at_300": 0.38043, "ndcg_at_500": 0.38565, "ndcg_at_1000": 0.391, "map_at_1": 0.2094, "map_at_3": 0.24844, "map_at_5": 0.26228, "map_at_10": 0.27285, "map_at_20": 0.27867, "map_at_100": 0.28304, "map_at_200": 0.28368, "map_at_300": 0.28386, "map_at_500": 0.284, "map_at_1000": 0.28409, "recall_at_1": 0.2094, "recall_at_3": 0.2955, "recall_at_5": 0.35009, "recall_at_10": 0.42212, "recall_at_20": 0.50231, "recall_at_100": 0.6436, "recall_at_200": 0.72482, "recall_at_300": 0.75855, "recall_at_500": 0.80105, "recall_at_1000": 0.84799, "precision_at_1": 0.2329, "precision_at_3": 0.11337, "precision_at_5": 0.08096, "precision_at_10": 0.04917, "precision_at_20": 0.02976, "precision_at_100": 0.00797, "precision_at_200": 0.00456, "precision_at_300": 0.00322, "precision_at_500": 0.00207, "precision_at_1000": 0.00111, "mrr_at_1": 0.2329, "mrr_at_3": 0.27603, "mrr_at_5": 0.2874, "mrr_at_10": 0.29716, "mrr_at_20": 0.30274, "mrr_at_100": 0.30634, "mrr_at_200": 0.30691, "mrr_at_300": 0.30705, "mrr_at_500": 0.30715, "mrr_at_1000": 0.30721, "rc_at_1": {"relevant": 0.0, "distractor": 0.0}, "rc_at_3": {"relevant": 0.0, "distractor": 0.0}, "rc_at_5": {"relevant": 0.0, "distractor": 0.0}, "rc_at_10": {"relevant": 0.0, "distractor": 0.0}, "rc_at_20": {"relevant": 0.0, "distractor": 0.0}, "rc_at_100": {"relevant": 0.0, "distractor": 0.0}, "rc_at_200": {"relevant": 0.0, "distractor": 0.0}, "rc_at_300": {"relevant": 0.0, "distractor": 0.0}, "rc_at_500": {"relevant": 0.0, "distractor": 0.0}, "rc_at_1000": {"relevant": 0.0, "distractor": 0.0}}