{"ndcg_at_1": 0.32904, "ndcg_at_3": 0.38017, "ndcg_at_5": 0.40035, "ndcg_at_10": 0.42217, "ndcg_at_20": 0.44074, "ndcg_at_100": 0.47322, "ndcg_at_200": 0.48308, "ndcg_at_300": 0.48814, "ndcg_at_500": 0.49226, "ndcg_at_1000": 0.49744, "map_at_1": 0.26641, "map_at_3": 0.33598, "map_at_5": 0.35256, "map_at_10": 0.36453, "map_at_20": 0.37104, "map_at_100": 0.37663, "map_at_200": 0.37738, "map_at_300": 0.37766, "map_at_500": 0.37783, "map_at_1000": 0.37796, "recall_at_1": 0.26641, "recall_at_3": 0.40719, "recall_at_5": 0.46631, "recall_at_10": 0.53425, "recall_at_20": 0.60409, "recall_at_100": 0.75345, "recall_at_200": 0.81377, "recall_at_300": 0.846, "recall_at_500": 0.87345, "recall_at_1000": 0.91306, "precision_at_1": 0.32904, "precision_at_3": 0.18312, "precision_at_5": 0.12961, "precision_at_10": 0.07811, "precision_at_20": 0.04542, "precision_at_100": 0.01286, "precision_at_200": 0.00722, "precision_at_300": 0.00513, "precision_at_500": 0.00329, "precision_at_1000": 0.00178, "mrr_at_1": 0.33333, "mrr_at_3": 0.40129, "mrr_at_5": 0.41624, "mrr_at_10": 0.42486, "mrr_at_20": 0.43013, "mrr_at_100": 0.43323, "mrr_at_200": 0.4336, "mrr_at_300": 0.43367, "mrr_at_500": 0.43375, "mrr_at_1000": 0.43378, "rc_at_1": {"relevant": 0.0, "distractor": 0.0}, "rc_at_3": {"relevant": 0.0, "distractor": 0.0}, "rc_at_5": {"relevant": 0.0, "distractor": 0.0}, "rc_at_10": {"relevant": 0.0, "distractor": 0.0}, "rc_at_20": {"relevant": 0.0, "distractor": 0.0}, "rc_at_100": {"relevant": 0.0, "distractor": 0.0}, "rc_at_200": {"relevant": 0.0, "distractor": 0.0}, "rc_at_300": {"relevant": 0.0, "distractor": 0.0}, "rc_at_500": {"relevant": 0.0, "distractor": 0.0}, "rc_at_1000": {"relevant": 0.0, "distractor": 0.0}}