{"ndcg_at_1": 0.46154, "ndcg_at_3": 0.35273, "ndcg_at_5": 0.33061, "ndcg_at_10": 0.26788, "ndcg_at_20": 0.3245, "ndcg_at_100": 0.50314, "ndcg_at_200": 0.55155, "ndcg_at_300": 0.55792, "ndcg_at_500": 0.56071, "ndcg_at_1000": 0.56429, "map_at_1": 0.04615, "map_at_3": 0.09026, "map_at_5": 0.12179, "map_at_10": 0.1581, "map_at_20": 0.18802, "map_at_100": 0.24055, "map_at_200": 0.25131, "map_at_300": 0.25212, "map_at_500": 0.25235, "map_at_1000": 0.25255, "recall_at_1": 0.04615, "recall_at_3": 0.09692, "recall_at_5": 0.15077, "recall_at_10": 0.22615, "recall_at_20": 0.32769, "recall_at_100": 0.79231, "recall_at_200": 0.94308, "recall_at_300": 0.96615, "recall_at_500": 0.97692, "recall_at_1000": 0.99231, "precision_at_1": 0.46154, "precision_at_3": 0.32308, "precision_at_5": 0.30154, "precision_at_10": 0.22615, "precision_at_20": 0.16385, "precision_at_100": 0.07923, "precision_at_200": 0.04715, "precision_at_300": 0.03221, "precision_at_500": 0.01954, "precision_at_1000": 0.00992, "mrr_at_1": 0.47692, "mrr_at_3": 0.52308, "mrr_at_5": 0.55077, "mrr_at_10": 0.55985, "mrr_at_20": 0.56516, "mrr_at_100": 0.56943, "mrr_at_200": 0.56943, "mrr_at_300": 0.56943, "mrr_at_500": 0.56943, "mrr_at_1000": 0.56943, "rc_at_1": {"relevant": 0.47692, "distractor": 0.52308}, "rc_at_3": {"relevant": 1.03077, "distractor": 1.96923}, "rc_at_5": {"relevant": 1.52308, "distractor": 3.47692}, "rc_at_10": {"relevant": 2.30769, "distractor": 7.64615}, "rc_at_20": {"relevant": 3.27692, "distractor": 16.6}, "rc_at_100": {"relevant": 7.93846, "distractor": 86.29231}, "rc_at_200": {"relevant": 9.43077, "distractor": 96.81538}, "rc_at_300": {"relevant": 9.66154, "distractor": 97.78462}, "rc_at_500": {"relevant": 9.76923, "distractor": 98.38462}, "rc_at_1000": {"relevant": 9.92308, "distractor": 98.95385}}