{"ndcg_at_1": 0.01042, "ndcg_at_3": 0.01118, "ndcg_at_5": 0.01222, "ndcg_at_10": 0.01637, "ndcg_at_20": 0.02024, "ndcg_at_100": 0.02889, "ndcg_at_200": 0.03226, "ndcg_at_300": 0.03572, "ndcg_at_500": 0.04146, "ndcg_at_1000": 0.0484, "map_at_1": 0.00564, "map_at_3": 0.00839, "map_at_5": 0.00899, "map_at_10": 0.01042, "map_at_20": 0.01126, "map_at_100": 0.01216, "map_at_200": 0.01231, "map_at_300": 0.0124, "map_at_500": 0.01251, "map_at_1000": 0.01261, "recall_at_1": 0.00564, "recall_at_3": 0.01202, "recall_at_5": 0.01459, "recall_at_10": 0.02479, "recall_at_20": 0.0376, "recall_at_100": 0.07459, "recall_at_200": 0.09252, "recall_at_300": 0.11333, "recall_at_500": 0.14998, "recall_at_1000": 0.1974, "precision_at_1": 0.01042, "precision_at_3": 0.00738, "precision_at_5": 0.00586, "precision_at_10": 0.00515, "precision_at_20": 0.00391, "precision_at_100": 0.00173, "precision_at_200": 0.0011, "precision_at_300": 0.00092, "precision_at_500": 0.00076, "precision_at_1000": 0.00052, "mrr_at_1": 0.01303, "mrr_at_3": 0.01868, "mrr_at_5": 0.0205, "mrr_at_10": 0.02319, "mrr_at_20": 0.02473, "mrr_at_100": 0.02687, "mrr_at_200": 0.02726, "mrr_at_300": 0.02747, "mrr_at_500": 0.02761, "mrr_at_1000": 0.02773, "rc_at_1": {"relevant": 0.0, "distractor": 0.0}, "rc_at_3": {"relevant": 0.0, "distractor": 0.0}, "rc_at_5": {"relevant": 0.0, "distractor": 0.0}, "rc_at_10": {"relevant": 0.0, "distractor": 0.0}, "rc_at_20": {"relevant": 0.0, "distractor": 0.0}, "rc_at_100": {"relevant": 0.0, "distractor": 0.0}, "rc_at_200": {"relevant": 0.0, "distractor": 0.0}, "rc_at_300": {"relevant": 0.0, "distractor": 0.0}, "rc_at_500": {"relevant": 0.0, "distractor": 0.0}, "rc_at_1000": {"relevant": 0.0, "distractor": 0.0}}