{"ndcg_at_1": 0.041, "ndcg_at_3": 0.03417, "ndcg_at_5": 0.0302, "ndcg_at_10": 0.03648, "ndcg_at_20": 0.04396, "ndcg_at_100": 0.06617, "ndcg_at_200": 0.07732, "ndcg_at_300": 0.08455, "ndcg_at_500": 0.09467, "ndcg_at_1000": 0.11007, "map_at_1": 0.0083, "map_at_3": 0.01476, "map_at_5": 0.01711, "map_at_10": 0.01915, "map_at_20": 0.02078, "map_at_100": 0.02347, "map_at_200": 0.02406, "map_at_300": 0.02433, "map_at_500": 0.02463, "map_at_1000": 0.02492, "recall_at_1": 0.0083, "recall_at_3": 0.0196, "recall_at_5": 0.02705, "recall_at_10": 0.0387, "recall_at_20": 0.05653, "recall_at_100": 0.12967, "recall_at_200": 0.17738, "recall_at_300": 0.21142, "recall_at_500": 0.26308, "recall_at_1000": 0.34948, "precision_at_1": 0.041, "precision_at_3": 0.032, "precision_at_5": 0.0266, "precision_at_10": 0.019, "precision_at_20": 0.01385, "precision_at_100": 0.00638, "precision_at_200": 0.00436, "precision_at_300": 0.00347, "precision_at_500": 0.00259, "precision_at_1000": 0.00172, "mrr_at_1": 0.041, "mrr_at_3": 0.05667, "mrr_at_5": 0.06462, "mrr_at_10": 0.06975, "mrr_at_20": 0.07396, "mrr_at_100": 0.07881, "mrr_at_200": 0.07958, "mrr_at_300": 0.07988, "mrr_at_500": 0.08009, "mrr_at_1000": 0.08025, "rc_at_1": {"relevant": 0.0, "distractor": 0.0}, "rc_at_3": {"relevant": 0.0, "distractor": 0.0}, "rc_at_5": {"relevant": 0.0, "distractor": 0.0}, "rc_at_10": {"relevant": 0.0, "distractor": 0.0}, "rc_at_20": {"relevant": 0.0, "distractor": 0.0}, "rc_at_100": {"relevant": 0.0, "distractor": 0.0}, "rc_at_200": {"relevant": 0.0, "distractor": 0.0}, "rc_at_300": {"relevant": 0.0, "distractor": 0.0}, "rc_at_500": {"relevant": 0.0, "distractor": 0.0}, "rc_at_1000": {"relevant": 0.0, "distractor": 0.0}}