{"ndcg_at_1": 0.37771, "ndcg_at_3": 0.31351, "ndcg_at_5": 0.29557, "ndcg_at_10": 0.26702, "ndcg_at_20": 0.24467, "ndcg_at_100": 0.24301, "ndcg_at_200": 0.25969, "ndcg_at_300": 0.27266, "ndcg_at_500": 0.29458, "ndcg_at_1000": 0.33214, "map_at_1": 0.04521, "map_at_3": 0.06686, "map_at_5": 0.07897, "map_at_10": 0.0906, "map_at_20": 0.09842, "map_at_100": 0.11163, "map_at_200": 0.11539, "map_at_300": 0.11734, "map_at_500": 0.1197, "map_at_1000": 0.12293, "recall_at_1": 0.04521, "recall_at_3": 0.0726, "recall_at_5": 0.09462, "recall_at_10": 0.12032, "recall_at_20": 0.14824, "recall_at_100": 0.25462, "recall_at_200": 0.31789, "recall_at_300": 0.36298, "recall_at_500": 0.44381, "recall_at_1000": 0.56906, "precision_at_1": 0.39319, "precision_at_3": 0.28793, "precision_at_5": 0.25449, "precision_at_10": 0.19567, "precision_at_20": 0.14241, "precision_at_100": 0.06121, "precision_at_200": 0.04198, "precision_at_300": 0.03376, "precision_at_500": 0.02587, "precision_at_1000": 0.01856, "mrr_at_1": 0.40248, "mrr_at_3": 0.44066, "mrr_at_5": 0.45165, "mrr_at_10": 0.46302, "mrr_at_20": 0.46759, "mrr_at_100": 0.47059, "mrr_at_200": 0.47094, "mrr_at_300": 0.47104, "mrr_at_500": 0.47113, "mrr_at_1000": 0.47118, "rc_at_1": {"relevant": 0.0, "distractor": 0.0}, "rc_at_3": {"relevant": 0.0, "distractor": 0.0}, "rc_at_5": {"relevant": 0.0, "distractor": 0.0}, "rc_at_10": {"relevant": 0.0, "distractor": 0.0}, "rc_at_20": {"relevant": 0.0, "distractor": 0.0}, "rc_at_100": {"relevant": 0.0, "distractor": 0.0}, "rc_at_200": {"relevant": 0.0, "distractor": 0.0}, "rc_at_300": {"relevant": 0.0, "distractor": 0.0}, "rc_at_500": {"relevant": 0.0, "distractor": 0.0}, "rc_at_1000": {"relevant": 0.0, "distractor": 0.0}}