{"ndcg_at_1": 0.191, "ndcg_at_3": 0.15988, "ndcg_at_5": 0.13863, "ndcg_at_10": 0.16887, "ndcg_at_20": 0.19376, "ndcg_at_100": 0.24216, "ndcg_at_200": 0.2601, "ndcg_at_300": 0.26935, "ndcg_at_500": 0.28094, "ndcg_at_1000": 0.29493, "map_at_1": 0.03888, "map_at_3": 0.07046, "map_at_5": 0.08286, "map_at_10": 0.09636, "map_at_20": 0.1052, "map_at_100": 0.11445, "map_at_200": 0.11594, "map_at_300": 0.11646, "map_at_500": 0.11692, "map_at_1000": 0.11728, "recall_at_1": 0.03888, "recall_at_3": 0.09222, "recall_at_5": 0.12412, "recall_at_10": 0.17962, "recall_at_20": 0.23815, "recall_at_100": 0.3951, "recall_at_200": 0.47133, "recall_at_300": 0.51487, "recall_at_500": 0.57428, "recall_at_1000": 0.65257, "precision_at_1": 0.191, "precision_at_3": 0.15133, "precision_at_5": 0.1222, "precision_at_10": 0.0886, "precision_at_20": 0.0587, "precision_at_100": 0.01946, "precision_at_200": 0.01161, "precision_at_300": 0.00846, "precision_at_500": 0.00565, "precision_at_1000": 0.00321, "mrr_at_1": 0.19, "mrr_at_3": 0.262, "mrr_at_5": 0.27935, "mrr_at_10": 0.29497, "mrr_at_20": 0.30136, "mrr_at_100": 0.30575, "mrr_at_200": 0.3062, "mrr_at_300": 0.30632, "mrr_at_500": 0.30642, "mrr_at_1000": 0.30646, "rc_at_1": {"relevant": 0.0, "distractor": 0.0}, "rc_at_3": {"relevant": 0.0, "distractor": 0.0}, "rc_at_5": {"relevant": 0.0, "distractor": 0.0}, "rc_at_10": {"relevant": 0.0, "distractor": 0.0}, "rc_at_20": {"relevant": 0.0, "distractor": 0.0}, "rc_at_100": {"relevant": 0.0, "distractor": 0.0}, "rc_at_200": {"relevant": 0.0, "distractor": 0.0}, "rc_at_300": {"relevant": 0.0, "distractor": 0.0}, "rc_at_500": {"relevant": 0.0, "distractor": 0.0}, "rc_at_1000": {"relevant": 0.0, "distractor": 0.0}}