{"ndcg_at_1": 0.80573, "ndcg_at_3": 0.8474, "ndcg_at_5": 0.85672, "ndcg_at_10": 0.86303, "ndcg_at_20": 0.86722, "ndcg_at_100": 0.87213, "ndcg_at_200": 0.87336, "ndcg_at_300": 0.87376, "ndcg_at_500": 0.87421, "ndcg_at_1000": 0.87479, "map_at_1": 0.7481, "map_at_3": 0.81742, "map_at_5": 0.82437, "map_at_10": 0.82777, "map_at_20": 0.8293, "map_at_100": 0.83022, "map_at_200": 0.83032, "map_at_300": 0.83034, "map_at_500": 0.83036, "map_at_1000": 0.83037, "recall_at_1": 0.7481, "recall_at_3": 0.8836, "recall_at_5": 0.90792, "recall_at_10": 0.92699, "recall_at_20": 0.94156, "recall_at_100": 0.9641, "recall_at_200": 0.97136, "recall_at_300": 0.9738, "recall_at_500": 0.97683, "recall_at_1000": 0.98101, "precision_at_1": 0.80573, "precision_at_3": 0.32278, "precision_at_5": 0.20024, "precision_at_10": 0.10302, "precision_at_20": 0.0527, "precision_at_100": 0.01096, "precision_at_200": 0.00556, "precision_at_300": 0.00373, "precision_at_500": 0.00225, "precision_at_1000": 0.00114, "mrr_at_1": 0.80573, "mrr_at_3": 0.86596, "mrr_at_5": 0.87069, "mrr_at_10": 0.87272, "mrr_at_20": 0.87345, "mrr_at_100": 0.87382, "mrr_at_200": 0.87384, "mrr_at_300": 0.87384, "mrr_at_500": 0.87384, "mrr_at_1000": 0.87384, "rc_at_1": {"relevant": 0.0, "distractor": 0.0}, "rc_at_3": {"relevant": 0.0, "distractor": 0.0}, "rc_at_5": {"relevant": 0.0, "distractor": 0.0}, "rc_at_10": {"relevant": 0.0, "distractor": 0.0}, "rc_at_20": {"relevant": 0.0, "distractor": 0.0}, "rc_at_100": {"relevant": 0.0, "distractor": 0.0}, "rc_at_200": {"relevant": 0.0, "distractor": 0.0}, "rc_at_300": {"relevant": 0.0, "distractor": 0.0}, "rc_at_500": {"relevant": 0.0, "distractor": 0.0}, "rc_at_1000": {"relevant": 0.0, "distractor": 0.0}}