{"ndcg_at_1": 0.4018, "ndcg_at_3": 0.49596, "ndcg_at_5": 0.53469, "ndcg_at_10": 0.56876, "ndcg_at_20": 0.58865, "ndcg_at_100": 0.60691, "ndcg_at_200": 0.61079, "ndcg_at_300": 0.61213, "ndcg_at_500": 0.61345, "ndcg_at_1000": 0.61483, "map_at_1": 0.36192, "map_at_3": 0.46121, "map_at_5": 0.48444, "map_at_10": 0.50049, "map_at_20": 0.50663, "map_at_100": 0.50954, "map_at_200": 0.50979, "map_at_300": 0.50984, "map_at_500": 0.50988, "map_at_1000": 0.5099, "recall_at_1": 0.36192, "recall_at_3": 0.56511, "recall_at_5": 0.65322, "recall_at_10": 0.75106, "recall_at_20": 0.82452, "recall_at_100": 0.91621, "recall_at_200": 0.94156, "recall_at_300": 0.95131, "recall_at_500": 0.96217, "recall_at_1000": 0.9746, "precision_at_1": 0.4018, "precision_at_3": 0.21784, "precision_at_5": 0.15319, "precision_at_10": 0.08917, "precision_at_20": 0.04941, "precision_at_100": 0.01108, "precision_at_200": 0.00572, "precision_at_300": 0.00385, "precision_at_500": 0.00234, "precision_at_1000": 0.00118, "mrr_at_1": 0.4018, "mrr_at_3": 0.49266, "mrr_at_5": 0.51303, "mrr_at_10": 0.52521, "mrr_at_20": 0.52993, "mrr_at_100": 0.53206, "mrr_at_200": 0.53221, "mrr_at_300": 0.53223, "mrr_at_500": 0.53226, "mrr_at_1000": 0.53228, "rc_at_1": {"relevant": 0.0, "distractor": 0.0}, "rc_at_3": {"relevant": 0.0, "distractor": 0.0}, "rc_at_5": {"relevant": 0.0, "distractor": 0.0}, "rc_at_10": {"relevant": 0.0, "distractor": 0.0}, "rc_at_20": {"relevant": 0.0, "distractor": 0.0}, "rc_at_100": {"relevant": 0.0, "distractor": 0.0}, "rc_at_200": {"relevant": 0.0, "distractor": 0.0}, "rc_at_300": {"relevant": 0.0, "distractor": 0.0}, "rc_at_500": {"relevant": 0.0, "distractor": 0.0}, "rc_at_1000": {"relevant": 0.0, "distractor": 0.0}}