{"ndcg_at_1": 0.76205, "ndcg_at_3": 0.60593, "ndcg_at_5": 0.62824, "ndcg_at_10": 0.64642, "ndcg_at_20": 0.65794, "ndcg_at_100": 0.67508, "ndcg_at_200": 0.67975, "ndcg_at_300": 0.68221, "ndcg_at_500": 0.68509, "ndcg_at_1000": 0.6883, "map_at_1": 0.38103, "map_at_3": 0.53094, "map_at_5": 0.5483, "map_at_10": 0.55887, "map_at_20": 0.56338, "map_at_100": 0.56677, "map_at_200": 0.56713, "map_at_300": 0.56725, "map_at_500": 0.56735, "map_at_1000": 0.56742, "recall_at_1": 0.38103, "recall_at_3": 0.56989, "recall_at_5": 0.61391, "recall_at_10": 0.65969, "recall_at_20": 0.69676, "recall_at_100": 0.77259, "recall_at_200": 0.7998, "recall_at_300": 0.81573, "recall_at_500": 0.83592, "recall_at_1000": 0.86063, "precision_at_1": 0.76205, "precision_at_3": 0.37992, "precision_at_5": 0.24556, "precision_at_10": 0.13194, "precision_at_20": 0.06968, "precision_at_100": 0.01545, "precision_at_200": 0.008, "precision_at_300": 0.00544, "precision_at_500": 0.00334, "precision_at_1000": 0.00172, "mrr_at_1": 0.76205, "mrr_at_3": 0.80907, "mrr_at_5": 0.81486, "mrr_at_10": 0.81824, "mrr_at_20": 0.8196, "mrr_at_100": 0.82041, "mrr_at_200": 0.82047, "mrr_at_300": 0.82049, "mrr_at_500": 0.8205, "mrr_at_1000": 0.82051, "rc_at_1": {"relevant": 0.0, "distractor": 0.0}, "rc_at_3": {"relevant": 0.0, "distractor": 0.0}, "rc_at_5": {"relevant": 0.0, "distractor": 0.0}, "rc_at_10": {"relevant": 0.0, "distractor": 0.0}, "rc_at_20": {"relevant": 0.0, "distractor": 0.0}, "rc_at_100": {"relevant": 0.0, "distractor": 0.0}, "rc_at_200": {"relevant": 0.0, "distractor": 0.0}, "rc_at_300": {"relevant": 0.0, "distractor": 0.0}, "rc_at_500": {"relevant": 0.0, "distractor": 0.0}, "rc_at_1000": {"relevant": 0.0, "distractor": 0.0}}