{"ndcg_at_1": 0.1393, "ndcg_at_3": 0.19479, "ndcg_at_5": 0.21694, "ndcg_at_10": 0.24462, "ndcg_at_20": 0.26618, "ndcg_at_100": 0.30342, "ndcg_at_200": 0.31379, "ndcg_at_300": 0.31957, "ndcg_at_500": 0.32595, "ndcg_at_1000": 0.33357, "map_at_1": 0.11385, "map_at_3": 0.16867, "map_at_5": 0.18176, "map_at_10": 0.19382, "map_at_20": 0.20013, "map_at_100": 0.20579, "map_at_200": 0.20643, "map_at_300": 0.20668, "map_at_500": 0.20686, "map_at_1000": 0.207, "recall_at_1": 0.11385, "recall_at_3": 0.23335, "recall_at_5": 0.2859, "recall_at_10": 0.36527, "recall_at_20": 0.44247, "recall_at_100": 0.62334, "recall_at_200": 0.6887, "recall_at_300": 0.72881, "recall_at_500": 0.7774, "recall_at_1000": 0.84044, "precision_at_1": 0.1393, "precision_at_3": 0.09577, "precision_at_5": 0.07313, "precision_at_10": 0.04813, "precision_at_20": 0.03029, "precision_at_100": 0.0091, "precision_at_200": 0.00512, "precision_at_300": 0.00367, "precision_at_500": 0.00238, "precision_at_1000": 0.00131, "mrr_at_1": 0.1393, "mrr_at_3": 0.20108, "mrr_at_5": 0.21526, "mrr_at_10": 0.22812, "mrr_at_20": 0.23366, "mrr_at_100": 0.23801, "mrr_at_200": 0.23848, "mrr_at_300": 0.23861, "mrr_at_500": 0.23871, "mrr_at_1000": 0.23878, "rc_at_1": {"relevant": 0.0, "distractor": 0.0}, "rc_at_3": {"relevant": 0.0, "distractor": 0.0}, "rc_at_5": {"relevant": 0.0, "distractor": 0.0}, "rc_at_10": {"relevant": 0.0, "distractor": 0.0}, "rc_at_20": {"relevant": 0.0, "distractor": 0.0}, "rc_at_100": {"relevant": 0.0, "distractor": 0.0}, "rc_at_200": {"relevant": 0.0, "distractor": 0.0}, "rc_at_300": {"relevant": 0.0, "distractor": 0.0}, "rc_at_500": {"relevant": 0.0, "distractor": 0.0}, "rc_at_1000": {"relevant": 0.0, "distractor": 0.0}}