{"ndcg_at_1": 0.8103, "ndcg_at_3": 0.85349, "ndcg_at_5": 0.86962, "ndcg_at_10": 0.88171, "ndcg_at_20": 0.88811, "ndcg_at_100": 0.89356, "ndcg_at_200": 0.89433, "ndcg_at_300": 0.89454, "ndcg_at_500": 0.89467, "ndcg_at_1000": 0.89476, "map_at_1": 0.70333, "map_at_3": 0.81453, "map_at_5": 0.8333, "map_at_10": 0.84408, "map_at_20": 0.84814, "map_at_100": 0.85026, "map_at_200": 0.85039, "map_at_300": 0.85042, "map_at_500": 0.85043, "map_at_1000": 0.85044, "recall_at_1": 0.70333, "recall_at_3": 0.87294, "recall_at_5": 0.91849, "recall_at_10": 0.95381, "recall_at_20": 0.97454, "recall_at_100": 0.99417, "recall_at_200": 0.9976, "recall_at_300": 0.99851, "recall_at_500": 0.99908, "recall_at_1000": 0.99965, "precision_at_1": 0.8103, "precision_at_3": 0.3737, "precision_at_5": 0.24596, "precision_at_10": 0.13395, "precision_at_20": 0.07093, "precision_at_100": 0.01524, "precision_at_200": 0.00773, "precision_at_300": 0.00519, "precision_at_500": 0.00312, "precision_at_1000": 0.00157, "mrr_at_1": 0.8103, "mrr_at_3": 0.8633, "mrr_at_5": 0.87039, "mrr_at_10": 0.87309, "mrr_at_20": 0.87387, "mrr_at_100": 0.87413, "mrr_at_200": 0.87413, "mrr_at_300": 0.87414, "mrr_at_500": 0.87414, "mrr_at_1000": 0.87414, "rc_at_1": {"relevant": 0.0, "distractor": 0.0}, "rc_at_3": {"relevant": 0.0, "distractor": 0.0}, "rc_at_5": {"relevant": 0.0, "distractor": 0.0}, "rc_at_10": {"relevant": 0.0, "distractor": 0.0}, "rc_at_20": {"relevant": 0.0, "distractor": 0.0}, "rc_at_100": {"relevant": 0.0, "distractor": 0.0}, "rc_at_200": {"relevant": 0.0, "distractor": 0.0}, "rc_at_300": {"relevant": 0.0, "distractor": 0.0}, "rc_at_500": {"relevant": 0.0, "distractor": 0.0}, "rc_at_1000": {"relevant": 0.0, "distractor": 0.0}}