{"ndcg_at_1": 0.4377, "ndcg_at_3": 0.51767, "ndcg_at_5": 0.54924, "ndcg_at_10": 0.58287, "ndcg_at_20": 0.60516, "ndcg_at_100": 0.63246, "ndcg_at_200": 0.63677, "ndcg_at_300": 0.63834, "ndcg_at_500": 0.63946, "ndcg_at_1000": 0.64027, "map_at_1": 0.38345, "map_at_3": 0.4779, "map_at_5": 0.49993, "map_at_10": 0.51721, "map_at_20": 0.52537, "map_at_100": 0.5309, "map_at_200": 0.53128, "map_at_300": 0.53138, "map_at_500": 0.53143, "map_at_1000": 0.53146, "recall_at_1": 0.38345, "recall_at_3": 0.569, "recall_at_5": 0.64576, "recall_at_10": 0.74318, "recall_at_20": 0.82125, "recall_at_100": 0.94634, "recall_at_200": 0.9712, "recall_at_300": 0.98122, "recall_at_500": 0.98867, "recall_at_1000": 0.99451, "precision_at_1": 0.4377, "precision_at_3": 0.2333, "precision_at_5": 0.16484, "precision_at_10": 0.09895, "precision_at_20": 0.05709, "precision_at_100": 0.01414, "precision_at_200": 0.0074, "precision_at_300": 0.00503, "precision_at_500": 0.00306, "precision_at_1000": 0.00155, "mrr_at_1": 0.4373, "mrr_at_3": 0.51985, "mrr_at_5": 0.53713, "mrr_at_10": 0.54954, "mrr_at_20": 0.55439, "mrr_at_100": 0.55714, "mrr_at_200": 0.55728, "mrr_at_300": 0.55731, "mrr_at_500": 0.55732, "mrr_at_1000": 0.55733, "rc_at_1": {"relevant": 0.0, "distractor": 0.0}, "rc_at_3": {"relevant": 0.0, "distractor": 0.0}, "rc_at_5": {"relevant": 0.0, "distractor": 0.0}, "rc_at_10": {"relevant": 0.0, "distractor": 0.0}, "rc_at_20": {"relevant": 0.0, "distractor": 0.0}, "rc_at_100": {"relevant": 0.0, "distractor": 0.0}, "rc_at_200": {"relevant": 0.0, "distractor": 0.0}, "rc_at_300": {"relevant": 0.0, "distractor": 0.0}, "rc_at_500": {"relevant": 0.0, "distractor": 0.0}, "rc_at_1000": {"relevant": 0.0, "distractor": 0.0}}