{"ndcg_at_1": 0.33793, "ndcg_at_3": 0.3974, "ndcg_at_5": 0.42276, "ndcg_at_10": 0.44954, "ndcg_at_20": 0.46717, "ndcg_at_100": 0.49547, "ndcg_at_200": 0.50225, "ndcg_at_300": 0.50548, "ndcg_at_500": 0.50921, "ndcg_at_1000": 0.51365, "map_at_1": 0.29379, "map_at_3": 0.36602, "map_at_5": 0.38257, "map_at_10": 0.39574, "map_at_20": 0.40153, "map_at_100": 0.40607, "map_at_200": 0.40649, "map_at_300": 0.40663, "map_at_500": 0.40674, "map_at_1000": 0.40682, "recall_at_1": 0.29379, "recall_at_3": 0.43776, "recall_at_5": 0.49995, "recall_at_10": 0.5783, "recall_at_20": 0.64435, "recall_at_100": 0.78398, "recall_at_200": 0.82796, "recall_at_300": 0.85107, "recall_at_500": 0.87965, "recall_at_1000": 0.91755, "precision_at_1": 0.33793, "precision_at_3": 0.17785, "precision_at_5": 0.12451, "precision_at_10": 0.07404, "precision_at_20": 0.04219, "precision_at_100": 0.01062, "precision_at_200": 0.00566, "precision_at_300": 0.0039, "precision_at_500": 0.00244, "precision_at_1000": 0.00128, "mrr_at_1": 0.33793, "mrr_at_3": 0.4046, "mrr_at_5": 0.41827, "mrr_at_10": 0.42834, "mrr_at_20": 0.43259, "mrr_at_100": 0.43602, "mrr_at_200": 0.43633, "mrr_at_300": 0.43642, "mrr_at_500": 0.43648, "mrr_at_1000": 0.43652, "rc_at_1": {"relevant": 0.0, "distractor": 0.0}, "rc_at_3": {"relevant": 0.0, "distractor": 0.0}, "rc_at_5": {"relevant": 0.0, "distractor": 0.0}, "rc_at_10": {"relevant": 0.0, "distractor": 0.0}, "rc_at_20": {"relevant": 0.0, "distractor": 0.0}, "rc_at_100": {"relevant": 0.0, "distractor": 0.0}, "rc_at_200": {"relevant": 0.0, "distractor": 0.0}, "rc_at_300": {"relevant": 0.0, "distractor": 0.0}, "rc_at_500": {"relevant": 0.0, "distractor": 0.0}, "rc_at_1000": {"relevant": 0.0, "distractor": 0.0}}