{"ndcg_at_1": 0.6885, "ndcg_at_3": 0.7392, "ndcg_at_5": 0.75968, "ndcg_at_10": 0.77699, "ndcg_at_20": 0.78817, "ndcg_at_100": 0.79996, "ndcg_at_200": 0.80205, "ndcg_at_300": 0.80302, "ndcg_at_500": 0.8038, "ndcg_at_1000": 0.80456, "map_at_1": 0.59996, "map_at_3": 0.69982, "map_at_5": 0.71863, "map_at_10": 0.73015, "map_at_20": 0.73519, "map_at_100": 0.73811, "map_at_200": 0.73834, "map_at_300": 0.7384, "map_at_500": 0.73844, "map_at_1000": 0.73846, "recall_at_1": 0.59996, "recall_at_3": 0.76725, "recall_at_5": 0.82146, "recall_at_10": 0.87233, "recall_at_20": 0.91046, "recall_at_100": 0.96102, "recall_at_200": 0.97231, "recall_at_300": 0.97837, "recall_at_500": 0.98354, "recall_at_1000": 0.98885, "precision_at_1": 0.6885, "precision_at_3": 0.32267, "precision_at_5": 0.21532, "precision_at_10": 0.11913, "precision_at_20": 0.06434, "precision_at_100": 0.01434, "precision_at_200": 0.00736, "precision_at_300": 0.00497, "precision_at_500": 0.00302, "precision_at_1000": 0.00153, "mrr_at_1": 0.6885, "mrr_at_3": 0.7512, "mrr_at_5": 0.76105, "mrr_at_10": 0.76674, "mrr_at_20": 0.76876, "mrr_at_100": 0.76973, "mrr_at_200": 0.76978, "mrr_at_300": 0.7698, "mrr_at_500": 0.76981, "mrr_at_1000": 0.76982, "rc_at_1": {"relevant": 0.0, "distractor": 0.0}, "rc_at_3": {"relevant": 0.0, "distractor": 0.0}, "rc_at_5": {"relevant": 0.0, "distractor": 0.0}, "rc_at_10": {"relevant": 0.0, "distractor": 0.0}, "rc_at_20": {"relevant": 0.0, "distractor": 0.0}, "rc_at_100": {"relevant": 0.0, "distractor": 0.0}, "rc_at_200": {"relevant": 0.0, "distractor": 0.0}, "rc_at_300": {"relevant": 0.0, "distractor": 0.0}, "rc_at_500": {"relevant": 0.0, "distractor": 0.0}, "rc_at_1000": {"relevant": 0.0, "distractor": 0.0}}