{"ndcg_at_1": 0.28528, "ndcg_at_3": 0.32569, "ndcg_at_5": 0.34723, "ndcg_at_10": 0.37115, "ndcg_at_20": 0.39232, "ndcg_at_100": 0.42424, "ndcg_at_200": 0.43348, "ndcg_at_300": 0.43798, "ndcg_at_500": 0.44248, "ndcg_at_1000": 0.4472, "map_at_1": 0.25651, "map_at_3": 0.30255, "map_at_5": 0.31583, "map_at_10": 0.3265, "map_at_20": 0.3332, "map_at_100": 0.33785, "map_at_200": 0.3384, "map_at_300": 0.33859, "map_at_500": 0.33872, "map_at_1000": 0.3388, "recall_at_1": 0.25651, "recall_at_3": 0.35323, "recall_at_5": 0.40801, "recall_at_10": 0.4817, "recall_at_20": 0.55854, "recall_at_100": 0.72168, "recall_at_200": 0.7823, "recall_at_300": 0.81421, "recall_at_500": 0.84868, "recall_at_1000": 0.8893, "precision_at_1": 0.28528, "precision_at_3": 0.13804, "precision_at_5": 0.09724, "precision_at_10": 0.05844, "precision_at_20": 0.0352, "precision_at_100": 0.00934, "precision_at_200": 0.00513, "precision_at_300": 0.0036, "precision_at_500": 0.00229, "precision_at_1000": 0.00121, "mrr_at_1": 0.28528, "mrr_at_3": 0.33129, "mrr_at_5": 0.34379, "mrr_at_10": 0.35382, "mrr_at_20": 0.35917, "mrr_at_100": 0.36305, "mrr_at_200": 0.36347, "mrr_at_300": 0.36359, "mrr_at_500": 0.36368, "mrr_at_1000": 0.36373, "rc_at_1": {"relevant": 0.0, "distractor": 0.0}, "rc_at_3": {"relevant": 0.0, "distractor": 0.0}, "rc_at_5": {"relevant": 0.0, "distractor": 0.0}, "rc_at_10": {"relevant": 0.0, "distractor": 0.0}, "rc_at_20": {"relevant": 0.0, "distractor": 0.0}, "rc_at_100": {"relevant": 0.0, "distractor": 0.0}, "rc_at_200": {"relevant": 0.0, "distractor": 0.0}, "rc_at_300": {"relevant": 0.0, "distractor": 0.0}, "rc_at_500": {"relevant": 0.0, "distractor": 0.0}, "rc_at_1000": {"relevant": 0.0, "distractor": 0.0}}