{"ndcg_at_1": 0.29231, "ndcg_at_3": 0.21427, "ndcg_at_5": 0.18944, "ndcg_at_10": 0.16783, "ndcg_at_20": 0.20051, "ndcg_at_100": 0.34293, "ndcg_at_200": 0.3802, "ndcg_at_300": 0.39809, "ndcg_at_500": 0.41579, "ndcg_at_1000": 0.43148, "map_at_1": 0.02923, "map_at_3": 0.04769, "map_at_5": 0.05969, "map_at_10": 0.08062, "map_at_20": 0.09186, "map_at_100": 0.13088, "map_at_200": 0.13588, "map_at_300": 0.1376, "map_at_500": 0.13898, "map_at_1000": 0.13973, "recall_at_1": 0.02923, "recall_at_3": 0.05846, "recall_at_5": 0.08308, "recall_at_10": 0.14615, "recall_at_20": 0.20615, "recall_at_100": 0.56923, "recall_at_200": 0.69077, "recall_at_300": 0.75538, "recall_at_500": 0.82462, "recall_at_1000": 0.89231, "precision_at_1": 0.29231, "precision_at_3": 0.19487, "precision_at_5": 0.16615, "precision_at_10": 0.14615, "precision_at_20": 0.10308, "precision_at_100": 0.05692, "precision_at_200": 0.03454, "precision_at_300": 0.02518, "precision_at_500": 0.01649, "precision_at_1000": 0.00892, "mrr_at_1": 0.29231, "mrr_at_3": 0.35385, "mrr_at_5": 0.37154, "mrr_at_10": 0.39316, "mrr_at_20": 0.40163, "mrr_at_100": 0.4044, "mrr_at_200": 0.40463, "mrr_at_300": 0.40463, "mrr_at_500": 0.40463, "mrr_at_1000": 0.40463, "rc_at_1": {"relevant": 0.29231, "distractor": 0.64615}, "rc_at_3": {"relevant": 0.58462, "distractor": 2.2}, "rc_at_5": {"relevant": 0.83077, "distractor": 3.83077}, "rc_at_10": {"relevant": 1.46154, "distractor": 7.50769}, "rc_at_20": {"relevant": 2.06154, "distractor": 15.06154}, "rc_at_100": {"relevant": 5.69231, "distractor": 55.24615}, "rc_at_200": {"relevant": 6.90769, "distractor": 70.30769}, "rc_at_300": {"relevant": 7.55385, "distractor": 75.81538}, "rc_at_500": {"relevant": 8.24615, "distractor": 82.49231}, "rc_at_1000": {"relevant": 8.92308, "distractor": 89.32308}}