{"ndcg_at_1": 0.7885, "ndcg_at_3": 0.83586, "ndcg_at_5": 0.85326, "ndcg_at_10": 0.86704, "ndcg_at_20": 0.87419, "ndcg_at_100": 0.88049, "ndcg_at_200": 0.88122, "ndcg_at_300": 0.8815, "ndcg_at_500": 0.88166, "ndcg_at_1000": 0.88182, "map_at_1": 0.68526, "map_at_3": 0.79638, "map_at_5": 0.81525, "map_at_10": 0.82656, "map_at_20": 0.83088, "map_at_100": 0.83314, "map_at_200": 0.83326, "map_at_300": 0.83329, "map_at_500": 0.83331, "map_at_1000": 0.83332, "recall_at_1": 0.68526, "recall_at_3": 0.85768, "recall_at_5": 0.9064, "recall_at_10": 0.94663, "recall_at_20": 0.96977, "recall_at_100": 0.9932, "recall_at_200": 0.99648, "recall_at_300": 0.99771, "recall_at_500": 0.99862, "recall_at_1000": 0.99954, "precision_at_1": 0.7885, "precision_at_3": 0.3665, "precision_at_5": 0.24174, "precision_at_10": 0.13218, "precision_at_20": 0.07028, "precision_at_100": 0.0152, "precision_at_200": 0.00771, "precision_at_300": 0.00517, "precision_at_500": 0.00312, "precision_at_1000": 0.00156, "mrr_at_1": 0.7884, "mrr_at_3": 0.84535, "mrr_at_5": 0.85363, "mrr_at_10": 0.85707, "mrr_at_20": 0.85793, "mrr_at_100": 0.85826, "mrr_at_200": 0.85827, "mrr_at_300": 0.85827, "mrr_at_500": 0.85827, "mrr_at_1000": 0.85827, "rc_at_1": {"relevant": 0.0, "distractor": 0.0}, "rc_at_3": {"relevant": 0.0, "distractor": 0.0}, "rc_at_5": {"relevant": 0.0, "distractor": 0.0}, "rc_at_10": {"relevant": 0.0, "distractor": 0.0}, "rc_at_20": {"relevant": 0.0, "distractor": 0.0}, "rc_at_100": {"relevant": 0.0, "distractor": 0.0}, "rc_at_200": {"relevant": 0.0, "distractor": 0.0}, "rc_at_300": {"relevant": 0.0, "distractor": 0.0}, "rc_at_500": {"relevant": 0.0, "distractor": 0.0}, "rc_at_1000": {"relevant": 0.0, "distractor": 0.0}}