{"ndcg_at_1": 0.4129, "ndcg_at_3": 0.46288, "ndcg_at_5": 0.48418, "ndcg_at_10": 0.50665, "ndcg_at_20": 0.5274, "ndcg_at_100": 0.55976, "ndcg_at_200": 0.56616, "ndcg_at_300": 0.56925, "ndcg_at_500": 0.57316, "ndcg_at_1000": 0.57629, "map_at_1": 0.33195, "map_at_3": 0.41644, "map_at_5": 0.43389, "map_at_10": 0.44761, "map_at_20": 0.45471, "map_at_100": 0.46081, "map_at_200": 0.46136, "map_at_300": 0.46154, "map_at_500": 0.46167, "map_at_1000": 0.46175, "recall_at_1": 0.33195, "recall_at_3": 0.49404, "recall_at_5": 0.55148, "recall_at_10": 0.619, "recall_at_20": 0.69276, "recall_at_100": 0.84097, "recall_at_200": 0.87581, "recall_at_300": 0.89564, "recall_at_500": 0.92394, "recall_at_1000": 0.94756, "precision_at_1": 0.4129, "precision_at_3": 0.22105, "precision_at_5": 0.1538, "precision_at_10": 0.09038, "precision_at_20": 0.05178, "precision_at_100": 0.01346, "precision_at_200": 0.0073, "precision_at_300": 0.00505, "precision_at_500": 0.00317, "precision_at_1000": 0.00166, "mrr_at_1": 0.4129, "mrr_at_3": 0.48765, "mrr_at_5": 0.50002, "mrr_at_10": 0.50801, "mrr_at_20": 0.5127, "mrr_at_100": 0.51594, "mrr_at_200": 0.51612, "mrr_at_300": 0.51618, "mrr_at_500": 0.51624, "mrr_at_1000": 0.51627, "rc_at_1": {"relevant": 0.0, "distractor": 0.0}, "rc_at_3": {"relevant": 0.0, "distractor": 0.0}, "rc_at_5": {"relevant": 0.0, "distractor": 0.0}, "rc_at_10": {"relevant": 0.0, "distractor": 0.0}, "rc_at_20": {"relevant": 0.0, "distractor": 0.0}, "rc_at_100": {"relevant": 0.0, "distractor": 0.0}, "rc_at_200": {"relevant": 0.0, "distractor": 0.0}, "rc_at_300": {"relevant": 0.0, "distractor": 0.0}, "rc_at_500": {"relevant": 0.0, "distractor": 0.0}, "rc_at_1000": {"relevant": 0.0, "distractor": 0.0}}