{"ndcg_at_1": 0.00071, "ndcg_at_3": 0.25173, "ndcg_at_5": 0.31179, "ndcg_at_10": 0.37819, "ndcg_at_20": 0.40604, "ndcg_at_100": 0.42313, "ndcg_at_200": 0.42467, "ndcg_at_300": 0.42539, "ndcg_at_500": 0.4258, "ndcg_at_1000": 0.42587, "map_at_1": 0.00071, "map_at_3": 0.19002, "map_at_5": 0.22352, "map_at_10": 0.25142, "map_at_20": 0.25933, "map_at_100": 0.26192, "map_at_200": 0.26201, "map_at_300": 0.26203, "map_at_500": 0.26204, "map_at_1000": 0.26204, "recall_at_1": 0.00071, "recall_at_3": 0.4303, "recall_at_5": 0.57539, "recall_at_10": 0.77809, "recall_at_20": 0.8862, "recall_at_100": 0.97511, "recall_at_200": 0.98578, "recall_at_300": 0.99147, "recall_at_500": 0.99502, "recall_at_1000": 0.99573, "precision_at_1": 0.00071, "precision_at_3": 0.14343, "precision_at_5": 0.11508, "precision_at_10": 0.07781, "precision_at_20": 0.04431, "precision_at_100": 0.00975, "precision_at_200": 0.00493, "precision_at_300": 0.0033, "precision_at_500": 0.00199, "precision_at_1000": 0.001, "mrr_at_1": 0.00071, "mrr_at_3": 0.1918, "mrr_at_5": 0.22601, "mrr_at_10": 0.25336, "mrr_at_20": 0.26093, "mrr_at_100": 0.26348, "mrr_at_200": 0.26356, "mrr_at_300": 0.26358, "mrr_at_500": 0.26359, "mrr_at_1000": 0.26359, "rc_at_1": {"relevant": 0.0, "distractor": 0.0}, "rc_at_3": {"relevant": 0.0, "distractor": 0.0}, "rc_at_5": {"relevant": 0.0, "distractor": 0.0}, "rc_at_10": {"relevant": 0.0, "distractor": 0.0}, "rc_at_20": {"relevant": 0.0, "distractor": 0.0}, "rc_at_100": {"relevant": 0.0, "distractor": 0.0}, "rc_at_200": {"relevant": 0.0, "distractor": 0.0}, "rc_at_300": {"relevant": 0.0, "distractor": 0.0}, "rc_at_500": {"relevant": 0.0, "distractor": 0.0}, "rc_at_1000": {"relevant": 0.0, "distractor": 0.0}}