{"ndcg_at_1": 0.0, "ndcg_at_3": 0.28953, "ndcg_at_5": 0.35809, "ndcg_at_10": 0.41748, "ndcg_at_20": 0.44488, "ndcg_at_100": 0.45307, "ndcg_at_200": 0.45417, "ndcg_at_300": 0.45436, "ndcg_at_500": 0.45444, "ndcg_at_1000": 0.45444, "map_at_1": 0.0, "map_at_3": 0.22001, "map_at_5": 0.25806, "map_at_10": 0.28286, "map_at_20": 0.29071, "map_at_100": 0.29199, "map_at_200": 0.29205, "map_at_300": 0.29205, "map_at_500": 0.29206, "map_at_1000": 0.29206, "recall_at_1": 0.0, "recall_at_3": 0.49004, "recall_at_5": 0.65647, "recall_at_10": 0.83855, "recall_at_20": 0.94452, "recall_at_100": 0.98649, "recall_at_200": 0.99431, "recall_at_300": 0.99573, "recall_at_500": 0.99644, "recall_at_1000": 0.99644, "precision_at_1": 0.0, "precision_at_3": 0.16335, "precision_at_5": 0.13129, "precision_at_10": 0.08385, "precision_at_20": 0.04723, "precision_at_100": 0.00986, "precision_at_200": 0.00497, "precision_at_300": 0.00332, "precision_at_500": 0.00199, "precision_at_1000": 0.001, "mrr_at_1": 0.0, "mrr_at_3": 0.22167, "mrr_at_5": 0.25912, "mrr_at_10": 0.28362, "mrr_at_20": 0.29142, "mrr_at_100": 0.29271, "mrr_at_200": 0.29277, "mrr_at_300": 0.29278, "mrr_at_500": 0.29278, "mrr_at_1000": 0.29278, "rc_at_1": {"relevant": 0.0, "distractor": 0.0}, "rc_at_3": {"relevant": 0.0, "distractor": 0.0}, "rc_at_5": {"relevant": 0.0, "distractor": 0.0}, "rc_at_10": {"relevant": 0.0, "distractor": 0.0}, "rc_at_20": {"relevant": 0.0, "distractor": 0.0}, "rc_at_100": {"relevant": 0.0, "distractor": 0.0}, "rc_at_200": {"relevant": 0.0, "distractor": 0.0}, "rc_at_300": {"relevant": 0.0, "distractor": 0.0}, "rc_at_500": {"relevant": 0.0, "distractor": 0.0}, "rc_at_1000": {"relevant": 0.0, "distractor": 0.0}}