{"ndcg_at_1": 0.77948, "ndcg_at_3": 0.8174, "ndcg_at_5": 0.82898, "ndcg_at_10": 0.83621, "ndcg_at_20": 0.84164, "ndcg_at_100": 0.84723, "ndcg_at_200": 0.8483, "ndcg_at_300": 0.8489, "ndcg_at_500": 0.84963, "ndcg_at_1000": 0.85029, "map_at_1": 0.7229, "map_at_3": 0.78716, "map_at_5": 0.79508, "map_at_10": 0.79875, "map_at_20": 0.80048, "map_at_100": 0.80146, "map_at_200": 0.80154, "map_at_300": 0.80157, "map_at_500": 0.8016, "map_at_1000": 0.80161, "recall_at_1": 0.7229, "recall_at_3": 0.85299, "recall_at_5": 0.88305, "recall_at_10": 0.90494, "recall_at_20": 0.92494, "recall_at_100": 0.95187, "recall_at_200": 0.95827, "recall_at_300": 0.96209, "recall_at_500": 0.96705, "recall_at_1000": 0.97201, "precision_at_1": 0.77948, "precision_at_3": 0.31018, "precision_at_5": 0.19352, "precision_at_10": 0.09973, "precision_at_20": 0.05126, "precision_at_100": 0.01067, "precision_at_200": 0.0054, "precision_at_300": 0.00363, "precision_at_500": 0.0022, "precision_at_1000": 0.00111, "mrr_at_1": 0.77948, "mrr_at_3": 0.83836, "mrr_at_5": 0.84472, "mrr_at_10": 0.84732, "mrr_at_20": 0.84844, "mrr_at_100": 0.84896, "mrr_at_200": 0.84898, "mrr_at_300": 0.84899, "mrr_at_500": 0.84899, "mrr_at_1000": 0.849, "rc_at_1": {"relevant": 0.0, "distractor": 0.0}, "rc_at_3": {"relevant": 0.0, "distractor": 0.0}, "rc_at_5": {"relevant": 0.0, "distractor": 0.0}, "rc_at_10": {"relevant": 0.0, "distractor": 0.0}, "rc_at_20": {"relevant": 0.0, "distractor": 0.0}, "rc_at_100": {"relevant": 0.0, "distractor": 0.0}, "rc_at_200": {"relevant": 0.0, "distractor": 0.0}, "rc_at_300": {"relevant": 0.0, "distractor": 0.0}, "rc_at_500": {"relevant": 0.0, "distractor": 0.0}, "rc_at_1000": {"relevant": 0.0, "distractor": 0.0}}