{"ndcg_at_1": 0.36364, "ndcg_at_3": 0.28014, "ndcg_at_5": 0.23244, "ndcg_at_10": 0.17682, "ndcg_at_20": 0.19918, "ndcg_at_100": 0.25007, "ndcg_at_200": 0.26116, "ndcg_at_300": 0.27272, "ndcg_at_500": 0.28621, "ndcg_at_1000": 0.29709, "map_at_1": 0.03636, "map_at_3": 0.06606, "map_at_5": 0.07761, "map_at_10": 0.09181, "map_at_20": 0.10176, "map_at_100": 0.11279, "map_at_200": 0.11373, "map_at_300": 0.11441, "map_at_500": 0.11508, "map_at_1000": 0.11547, "recall_at_1": 0.03636, "recall_at_3": 0.07636, "recall_at_5": 0.09818, "recall_at_10": 0.13455, "recall_at_20": 0.17455, "recall_at_100": 0.30364, "recall_at_200": 0.34, "recall_at_300": 0.38182, "recall_at_500": 0.43455, "recall_at_1000": 0.48182, "precision_at_1": 0.36364, "precision_at_3": 0.25455, "precision_at_5": 0.19636, "precision_at_10": 0.13455, "precision_at_20": 0.08727, "precision_at_100": 0.03036, "precision_at_200": 0.017, "precision_at_300": 0.01273, "precision_at_500": 0.00869, "precision_at_1000": 0.00482, "mrr_at_1": 0.36364, "mrr_at_3": 0.43636, "mrr_at_5": 0.45273, "mrr_at_10": 0.46247, "mrr_at_20": 0.46629, "mrr_at_100": 0.46949, "mrr_at_200": 0.46966, "mrr_at_300": 0.46979, "mrr_at_500": 0.46983, "mrr_at_1000": 0.46983, "rc_at_1": {"relevant": 0.36364, "distractor": 0.4}, "rc_at_3": {"relevant": 0.76364, "distractor": 1.27273}, "rc_at_5": {"relevant": 0.98182, "distractor": 1.96364}, "rc_at_10": {"relevant": 1.34545, "distractor": 3.41818}, "rc_at_20": {"relevant": 1.74545, "distractor": 5.49091}, "rc_at_100": {"relevant": 3.03636, "distractor": 13.0}, "rc_at_200": {"relevant": 3.4, "distractor": 17.12727}, "rc_at_300": {"relevant": 3.81818, "distractor": 19.89091}, "rc_at_500": {"relevant": 4.34545, "distractor": 23.72727}, "rc_at_1000": {"relevant": 4.81818, "distractor": 29.21818}}