{"ndcg_at_1": 0.05096, "ndcg_at_3": 0.06575, "ndcg_at_5": 0.07122, "ndcg_at_10": 0.08006, "ndcg_at_20": 0.09231, "ndcg_at_100": 0.12104, "ndcg_at_200": 0.13274, "ndcg_at_300": 0.13935, "ndcg_at_500": 0.14926, "ndcg_at_1000": 0.16104, "map_at_1": 0.03629, "map_at_3": 0.05289, "map_at_5": 0.0569, "map_at_10": 0.06094, "map_at_20": 0.06435, "map_at_100": 0.06828, "map_at_200": 0.06897, "map_at_300": 0.06925, "map_at_500": 0.06954, "map_at_1000": 0.06976, "recall_at_1": 0.03629, "recall_at_3": 0.0736, "recall_at_5": 0.08896, "recall_at_10": 0.11541, "recall_at_20": 0.16089, "recall_at_100": 0.30477, "recall_at_200": 0.37838, "recall_at_300": 0.4239, "recall_at_500": 0.49779, "recall_at_1000": 0.59399, "precision_at_1": 0.05096, "precision_at_3": 0.03652, "precision_at_5": 0.02701, "precision_at_10": 0.01904, "precision_at_20": 0.01366, "precision_at_100": 0.00566, "precision_at_200": 0.0036, "precision_at_300": 0.00275, "precision_at_500": 0.00198, "precision_at_1000": 0.00122, "mrr_at_1": 0.0586, "mrr_at_3": 0.07367, "mrr_at_5": 0.07937, "mrr_at_10": 0.08413, "mrr_at_20": 0.08762, "mrr_at_100": 0.09131, "mrr_at_200": 0.09187, "mrr_at_300": 0.09213, "mrr_at_500": 0.09231, "mrr_at_1000": 0.09244, "rc_at_1": {"relevant": 0.0, "distractor": 0.0}, "rc_at_3": {"relevant": 0.0, "distractor": 0.0}, "rc_at_5": {"relevant": 0.0, "distractor": 0.0}, "rc_at_10": {"relevant": 0.0, "distractor": 0.0}, "rc_at_20": {"relevant": 0.0, "distractor": 0.0}, "rc_at_100": {"relevant": 0.0, "distractor": 0.0}, "rc_at_200": {"relevant": 0.0, "distractor": 0.0}, "rc_at_300": {"relevant": 0.0, "distractor": 0.0}, "rc_at_500": {"relevant": 0.0, "distractor": 0.0}, "rc_at_1000": {"relevant": 0.0, "distractor": 0.0}}