{"ndcg_at_1": 0.32308, "ndcg_at_3": 0.26953, "ndcg_at_5": 0.22938, "ndcg_at_10": 0.19804, "ndcg_at_20": 0.2583, "ndcg_at_100": 0.45267, "ndcg_at_200": 0.49241, "ndcg_at_300": 0.50092, "ndcg_at_500": 0.50724, "ndcg_at_1000": 0.50974, "map_at_1": 0.03231, "map_at_3": 0.0641, "map_at_5": 0.07926, "map_at_10": 0.10289, "map_at_20": 0.12813, "map_at_100": 0.18475, "map_at_200": 0.19318, "map_at_300": 0.19421, "map_at_500": 0.1948, "map_at_1000": 0.19492, "recall_at_1": 0.03231, "recall_at_3": 0.07692, "recall_at_5": 0.10154, "recall_at_10": 0.17231, "recall_at_20": 0.28, "recall_at_100": 0.78308, "recall_at_200": 0.90923, "recall_at_300": 0.94, "recall_at_500": 0.96462, "recall_at_1000": 0.97538, "precision_at_1": 0.32308, "precision_at_3": 0.25641, "precision_at_5": 0.20308, "precision_at_10": 0.17231, "precision_at_20": 0.14, "precision_at_100": 0.07831, "precision_at_200": 0.04546, "precision_at_300": 0.03133, "precision_at_500": 0.01929, "precision_at_1000": 0.00975, "mrr_at_1": 0.32308, "mrr_at_3": 0.4, "mrr_at_5": 0.41077, "mrr_at_10": 0.43631, "mrr_at_20": 0.4488, "mrr_at_100": 0.45075, "mrr_at_200": 0.45075, "mrr_at_300": 0.45075, "mrr_at_500": 0.45075, "mrr_at_1000": 0.45075, "rc_at_1": {"relevant": 0.32308, "distractor": 0.67692}, "rc_at_3": {"relevant": 0.76923, "distractor": 2.21538}, "rc_at_5": {"relevant": 1.01538, "distractor": 3.95385}, "rc_at_10": {"relevant": 1.72308, "distractor": 8.23077}, "rc_at_20": {"relevant": 2.8, "distractor": 16.87692}, "rc_at_100": {"relevant": 7.83077, "distractor": 78.33846}, "rc_at_200": {"relevant": 9.09231, "distractor": 90.95385}, "rc_at_300": {"relevant": 9.4, "distractor": 93.56923}, "rc_at_500": {"relevant": 9.64615, "distractor": 95.95385}, "rc_at_1000": {"relevant": 9.75385, "distractor": 97.61538}}