{"ndcg_at_1": 0.32542, "ndcg_at_3": 0.38348, "ndcg_at_5": 0.41335, "ndcg_at_10": 0.44276, "ndcg_at_20": 0.46249, "ndcg_at_100": 0.49029, "ndcg_at_200": 0.49911, "ndcg_at_300": 0.50183, "ndcg_at_500": 0.50475, "ndcg_at_1000": 0.50804, "map_at_1": 0.29926, "map_at_3": 0.35907, "map_at_5": 0.37644, "map_at_10": 0.38964, "map_at_20": 0.39553, "map_at_100": 0.39973, "map_at_200": 0.40026, "map_at_300": 0.40036, "map_at_500": 0.40044, "map_at_1000": 0.4005, "recall_at_1": 0.29926, "recall_at_3": 0.42573, "recall_at_5": 0.49905, "recall_at_10": 0.58481, "recall_at_20": 0.65878, "recall_at_100": 0.79853, "recall_at_200": 0.85745, "recall_at_300": 0.87777, "recall_at_500": 0.90135, "recall_at_1000": 0.92992, "precision_at_1": 0.32542, "precision_at_3": 0.16083, "precision_at_5": 0.11322, "precision_at_10": 0.06757, "precision_at_20": 0.03842, "precision_at_100": 0.00959, "precision_at_200": 0.0052, "precision_at_300": 0.00356, "precision_at_500": 0.0022, "precision_at_1000": 0.00114, "mrr_at_1": 0.32542, "mrr_at_3": 0.38343, "mrr_at_5": 0.40026, "mrr_at_10": 0.41228, "mrr_at_20": 0.41733, "mrr_at_100": 0.42077, "mrr_at_200": 0.42119, "mrr_at_300": 0.42126, "mrr_at_500": 0.42131, "mrr_at_1000": 0.42135, "rc_at_1": {"relevant": 0.0, "distractor": 0.0}, "rc_at_3": {"relevant": 0.0, "distractor": 0.0}, "rc_at_5": {"relevant": 0.0, "distractor": 0.0}, "rc_at_10": {"relevant": 0.0, "distractor": 0.0}, "rc_at_20": {"relevant": 0.0, "distractor": 0.0}, "rc_at_100": {"relevant": 0.0, "distractor": 0.0}, "rc_at_200": {"relevant": 0.0, "distractor": 0.0}, "rc_at_300": {"relevant": 0.0, "distractor": 0.0}, "rc_at_500": {"relevant": 0.0, "distractor": 0.0}, "rc_at_1000": {"relevant": 0.0, "distractor": 0.0}}