{"ndcg_at_1": 0.27623, "ndcg_at_3": 0.30227, "ndcg_at_5": 0.31978, "ndcg_at_10": 0.3426, "ndcg_at_20": 0.36481, "ndcg_at_100": 0.39393, "ndcg_at_200": 0.40365, "ndcg_at_300": 0.40841, "ndcg_at_500": 0.41384, "ndcg_at_1000": 0.42144, "map_at_1": 0.22793, "map_at_3": 0.2735, "map_at_5": 0.28589, "map_at_10": 0.29743, "map_at_20": 0.30403, "map_at_100": 0.30874, "map_at_200": 0.30936, "map_at_300": 0.30957, "map_at_500": 0.30974, "map_at_1000": 0.30989, "recall_at_1": 0.22793, "recall_at_3": 0.31775, "recall_at_5": 0.36497, "recall_at_10": 0.43621, "recall_at_20": 0.51527, "recall_at_100": 0.65209, "recall_at_200": 0.71286, "recall_at_300": 0.74467, "recall_at_500": 0.7844, "recall_at_1000": 0.84582, "precision_at_1": 0.27623, "precision_at_3": 0.13988, "precision_at_5": 0.09913, "precision_at_10": 0.06073, "precision_at_20": 0.03701, "precision_at_100": 0.01006, "precision_at_200": 0.0056, "precision_at_300": 0.00397, "precision_at_500": 0.00255, "precision_at_1000": 0.00141, "mrr_at_1": 0.27623, "mrr_at_3": 0.32098, "mrr_at_5": 0.33373, "mrr_at_10": 0.34227, "mrr_at_20": 0.34875, "mrr_at_100": 0.35222, "mrr_at_200": 0.3526, "mrr_at_300": 0.35272, "mrr_at_500": 0.3528, "mrr_at_1000": 0.35287, "rc_at_1": {"relevant": 0.0, "distractor": 0.0}, "rc_at_3": {"relevant": 0.0, "distractor": 0.0}, "rc_at_5": {"relevant": 0.0, "distractor": 0.0}, "rc_at_10": {"relevant": 0.0, "distractor": 0.0}, "rc_at_20": {"relevant": 0.0, "distractor": 0.0}, "rc_at_100": {"relevant": 0.0, "distractor": 0.0}, "rc_at_200": {"relevant": 0.0, "distractor": 0.0}, "rc_at_300": {"relevant": 0.0, "distractor": 0.0}, "rc_at_500": {"relevant": 0.0, "distractor": 0.0}, "rc_at_1000": {"relevant": 0.0, "distractor": 0.0}}