{"ndcg_at_1": 0.44625, "ndcg_at_3": 0.36002, "ndcg_at_5": 0.37468, "ndcg_at_10": 0.40622, "ndcg_at_20": 0.42714, "ndcg_at_100": 0.46291, "ndcg_at_200": 0.47449, "ndcg_at_300": 0.48005, "ndcg_at_500": 0.48564, "ndcg_at_1000": 0.49216, "map_at_1": 0.18907, "map_at_3": 0.26961, "map_at_5": 0.29337, "map_at_10": 0.31104, "map_at_20": 0.31902, "map_at_100": 0.32612, "map_at_200": 0.32711, "map_at_300": 0.32741, "map_at_500": 0.32763, "map_at_1000": 0.3278, "recall_at_1": 0.18907, "recall_at_3": 0.31612, "recall_at_5": 0.37655, "recall_at_10": 0.44546, "recall_at_20": 0.50412, "recall_at_100": 0.64024, "recall_at_200": 0.69698, "recall_at_300": 0.72848, "recall_at_500": 0.76159, "recall_at_1000": 0.80344, "precision_at_1": 0.44625, "precision_at_3": 0.2684, "precision_at_5": 0.19531, "precision_at_10": 0.11922, "precision_at_20": 0.06866, "precision_at_100": 0.01818, "precision_at_200": 0.01005, "precision_at_300": 0.00703, "precision_at_500": 0.00444, "precision_at_1000": 0.00236, "mrr_at_1": 0.44756, "mrr_at_3": 0.5278, "mrr_at_5": 0.54128, "mrr_at_10": 0.55007, "mrr_at_20": 0.55352, "mrr_at_100": 0.55594, "mrr_at_200": 0.55614, "mrr_at_300": 0.55621, "mrr_at_500": 0.55624, "mrr_at_1000": 0.55625, "rc_at_1": {"relevant": 0.0, "distractor": 0.0}, "rc_at_3": {"relevant": 0.0, "distractor": 0.0}, "rc_at_5": {"relevant": 0.0, "distractor": 0.0}, "rc_at_10": {"relevant": 0.0, "distractor": 0.0}, "rc_at_20": {"relevant": 0.0, "distractor": 0.0}, "rc_at_100": {"relevant": 0.0, "distractor": 0.0}, "rc_at_200": {"relevant": 0.0, "distractor": 0.0}, "rc_at_300": {"relevant": 0.0, "distractor": 0.0}, "rc_at_500": {"relevant": 0.0, "distractor": 0.0}, "rc_at_1000": {"relevant": 0.0, "distractor": 0.0}}