{"ndcg_at_1": 0.7, "ndcg_at_3": 0.66419, "ndcg_at_5": 0.6534, "ndcg_at_10": 0.63833, "ndcg_at_20": 0.60745, "ndcg_at_100": 0.45372, "ndcg_at_200": 0.38184, "ndcg_at_300": 0.35385, "ndcg_at_500": 0.35084, "ndcg_at_1000": 0.39954, "map_at_1": 0.00212, "map_at_3": 0.00539, "map_at_5": 0.00821, "map_at_10": 0.01468, "map_at_20": 0.02605, "map_at_100": 0.07624, "map_at_200": 0.10462, "map_at_300": 0.12093, "map_at_500": 0.14127, "map_at_1000": 0.16431, "recall_at_1": 0.00212, "recall_at_3": 0.00576, "recall_at_5": 0.00922, "recall_at_10": 0.01738, "recall_at_20": 0.03259, "recall_at_100": 0.11051, "recall_at_200": 0.16966, "recall_at_300": 0.21257, "recall_at_500": 0.27626, "recall_at_1000": 0.37199, "precision_at_1": 0.76, "precision_at_3": 0.71333, "precision_at_5": 0.696, "precision_at_10": 0.668, "precision_at_20": 0.634, "precision_at_100": 0.455, "precision_at_200": 0.3638, "precision_at_300": 0.3094, "precision_at_500": 0.24696, "precision_at_1000": 0.17066, "mrr_at_1": 0.76, "mrr_at_3": 0.83667, "mrr_at_5": 0.84667, "mrr_at_10": 0.85, "mrr_at_20": 0.85, "mrr_at_100": 0.85, "mrr_at_200": 0.85, "mrr_at_300": 0.85, "mrr_at_500": 0.85, "mrr_at_1000": 0.85, "rc_at_1": {"relevant": 0.0, "distractor": 0.0}, "rc_at_3": {"relevant": 0.0, "distractor": 0.0}, "rc_at_5": {"relevant": 0.0, "distractor": 0.0}, "rc_at_10": {"relevant": 0.0, "distractor": 0.0}, "rc_at_20": {"relevant": 0.0, "distractor": 0.0}, "rc_at_100": {"relevant": 0.0, "distractor": 0.0}, "rc_at_200": {"relevant": 0.0, "distractor": 0.0}, "rc_at_300": {"relevant": 0.0, "distractor": 0.0}, "rc_at_500": {"relevant": 0.0, "distractor": 0.0}, "rc_at_1000": {"relevant": 0.0, "distractor": 0.0}}