{"ndcg_at_1": 0.16081, "ndcg_at_3": 0.19899, "ndcg_at_5": 0.22788, "ndcg_at_10": 0.25017, "ndcg_at_20": 0.26538, "ndcg_at_100": 0.29456, "ndcg_at_200": 0.30428, "ndcg_at_300": 0.30999, "ndcg_at_500": 0.31912, "ndcg_at_1000": 0.32686, "map_at_1": 0.14547, "map_at_3": 0.18322, "map_at_5": 0.19929, "map_at_10": 0.20878, "map_at_20": 0.21296, "map_at_100": 0.21695, "map_at_200": 0.2175, "map_at_300": 0.21771, "map_at_500": 0.21794, "map_at_1000": 0.21807, "recall_at_1": 0.14547, "recall_at_3": 0.2297, "recall_at_5": 0.29784, "recall_at_10": 0.36423, "recall_at_20": 0.4211, "recall_at_100": 0.57399, "recall_at_200": 0.6384, "recall_at_300": 0.68079, "recall_at_500": 0.75385, "recall_at_1000": 0.82016, "precision_at_1": 0.16081, "precision_at_3": 0.08564, "precision_at_5": 0.06765, "precision_at_10": 0.04196, "precision_at_20": 0.02486, "precision_at_100": 0.00697, "precision_at_200": 0.00399, "precision_at_300": 0.00287, "precision_at_500": 0.00193, "precision_at_1000": 0.00108, "mrr_at_1": 0.16081, "mrr_at_3": 0.1984, "mrr_at_5": 0.21531, "mrr_at_10": 0.22472, "mrr_at_20": 0.22897, "mrr_at_100": 0.23285, "mrr_at_200": 0.23337, "mrr_at_300": 0.23355, "mrr_at_500": 0.23371, "mrr_at_1000": 0.23381, "rc_at_1": {"relevant": 0.0, "distractor": 0.0}, "rc_at_3": {"relevant": 0.0, "distractor": 0.0}, "rc_at_5": {"relevant": 0.0, "distractor": 0.0}, "rc_at_10": {"relevant": 0.0, "distractor": 0.0}, "rc_at_20": {"relevant": 0.0, "distractor": 0.0}, "rc_at_100": {"relevant": 0.0, "distractor": 0.0}, "rc_at_200": {"relevant": 0.0, "distractor": 0.0}, "rc_at_300": {"relevant": 0.0, "distractor": 0.0}, "rc_at_500": {"relevant": 0.0, "distractor": 0.0}, "rc_at_1000": {"relevant": 0.0, "distractor": 0.0}}