{"ndcg_at_1": 0.6788, "ndcg_at_3": 0.74043, "ndcg_at_5": 0.76566, "ndcg_at_10": 0.79442, "ndcg_at_20": 0.80645, "ndcg_at_100": 0.81455, "ndcg_at_200": 0.81542, "ndcg_at_300": 0.81578, "ndcg_at_500": 0.81595, "ndcg_at_1000": 0.81606, "map_at_1": 0.59194, "map_at_3": 0.70033, "map_at_5": 0.72249, "map_at_10": 0.7394, "map_at_20": 0.74537, "map_at_100": 0.74806, "map_at_200": 0.7482, "map_at_300": 0.74824, "map_at_500": 0.74826, "map_at_1000": 0.74827, "recall_at_1": 0.59194, "recall_at_3": 0.77425, "recall_at_5": 0.83844, "recall_at_10": 0.9224, "recall_at_20": 0.96116, "recall_at_100": 0.99237, "recall_at_200": 0.99628, "recall_at_300": 0.99818, "recall_at_500": 0.99903, "recall_at_1000": 0.99963, "precision_at_1": 0.6788, "precision_at_3": 0.3271, "precision_at_5": 0.22136, "precision_at_10": 0.12744, "precision_at_20": 0.06944, "precision_at_100": 0.01516, "precision_at_200": 0.0077, "precision_at_300": 0.00517, "precision_at_500": 0.00312, "precision_at_1000": 0.00156, "mrr_at_1": 0.6791, "mrr_at_3": 0.7463, "mrr_at_5": 0.75854, "mrr_at_10": 0.76813, "mrr_at_20": 0.77001, "mrr_at_100": 0.77049, "mrr_at_200": 0.7705, "mrr_at_300": 0.77051, "mrr_at_500": 0.77051, "mrr_at_1000": 0.77051, "rc_at_1": {"relevant": 0.0, "distractor": 0.0}, "rc_at_3": {"relevant": 0.0, "distractor": 0.0}, "rc_at_5": {"relevant": 0.0, "distractor": 0.0}, "rc_at_10": {"relevant": 0.0, "distractor": 0.0}, "rc_at_20": {"relevant": 0.0, "distractor": 0.0}, "rc_at_100": {"relevant": 0.0, "distractor": 0.0}, "rc_at_200": {"relevant": 0.0, "distractor": 0.0}, "rc_at_300": {"relevant": 0.0, "distractor": 0.0}, "rc_at_500": {"relevant": 0.0, "distractor": 0.0}, "rc_at_1000": {"relevant": 0.0, "distractor": 0.0}}