{"ndcg_at_1": 0.201, "ndcg_at_3": 0.15251, "ndcg_at_5": 0.13281, "ndcg_at_10": 0.15378, "ndcg_at_20": 0.17493, "ndcg_at_100": 0.21557, "ndcg_at_200": 0.23041, "ndcg_at_300": 0.23889, "ndcg_at_500": 0.24949, "ndcg_at_1000": 0.26317, "map_at_1": 0.04103, "map_at_3": 0.06817, "map_at_5": 0.08054, "map_at_10": 0.09055, "map_at_20": 0.09775, "map_at_100": 0.10491, "map_at_200": 0.10605, "map_at_300": 0.10649, "map_at_500": 0.10689, "map_at_1000": 0.10722, "recall_at_1": 0.04103, "recall_at_3": 0.08492, "recall_at_5": 0.11527, "recall_at_10": 0.15377, "recall_at_20": 0.2035, "recall_at_100": 0.33517, "recall_at_200": 0.39807, "recall_at_300": 0.4382, "recall_at_500": 0.49222, "recall_at_1000": 0.56898, "precision_at_1": 0.201, "precision_at_3": 0.13867, "precision_at_5": 0.1134, "precision_at_10": 0.0757, "precision_at_20": 0.0501, "precision_at_100": 0.01648, "precision_at_200": 0.00979, "precision_at_300": 0.00718, "precision_at_500": 0.00484, "precision_at_1000": 0.0028, "mrr_at_1": 0.201, "mrr_at_3": 0.25717, "mrr_at_5": 0.27387, "mrr_at_10": 0.28487, "mrr_at_20": 0.29067, "mrr_at_100": 0.29569, "mrr_at_200": 0.29615, "mrr_at_300": 0.29628, "mrr_at_500": 0.29636, "mrr_at_1000": 0.29644, "rc_at_1": {"relevant": 0.0, "distractor": 0.0}, "rc_at_3": {"relevant": 0.0, "distractor": 0.0}, "rc_at_5": {"relevant": 0.0, "distractor": 0.0}, "rc_at_10": {"relevant": 0.0, "distractor": 0.0}, "rc_at_20": {"relevant": 0.0, "distractor": 0.0}, "rc_at_100": {"relevant": 0.0, "distractor": 0.0}, "rc_at_200": {"relevant": 0.0, "distractor": 0.0}, "rc_at_300": {"relevant": 0.0, "distractor": 0.0}, "rc_at_500": {"relevant": 0.0, "distractor": 0.0}, "rc_at_1000": {"relevant": 0.0, "distractor": 0.0}}