{"ndcg_at_1": 0.38776, "ndcg_at_3": 0.35894, "ndcg_at_5": 0.33873, "ndcg_at_10": 0.31469, "ndcg_at_20": 0.31497, "ndcg_at_100": 0.42014, "ndcg_at_200": 0.45988, "ndcg_at_300": 0.47864, "ndcg_at_500": 0.49925, "ndcg_at_1000": 0.526, "map_at_1": 0.03054, "map_at_3": 0.06863, "map_at_5": 0.09187, "map_at_10": 0.13079, "map_at_20": 0.15576, "map_at_100": 0.19467, "map_at_200": 0.20245, "map_at_300": 0.20539, "map_at_500": 0.20772, "map_at_1000": 0.21006, "recall_at_1": 0.03054, "recall_at_3": 0.07961, "recall_at_5": 0.11829, "recall_at_10": 0.19185, "recall_at_20": 0.27513, "recall_at_100": 0.51056, "recall_at_200": 0.61539, "recall_at_300": 0.67129, "recall_at_500": 0.73612, "recall_at_1000": 0.82814, "precision_at_1": 0.42857, "precision_at_3": 0.36735, "precision_at_5": 0.33469, "precision_at_10": 0.27347, "precision_at_20": 0.20408, "precision_at_100": 0.08327, "precision_at_200": 0.05276, "precision_at_300": 0.03932, "precision_at_500": 0.02657, "precision_at_1000": 0.01551, "mrr_at_1": 0.42857, "mrr_at_3": 0.52721, "mrr_at_5": 0.5466, "mrr_at_10": 0.56735, "mrr_at_20": 0.57232, "mrr_at_100": 0.57352, "mrr_at_200": 0.57352, "mrr_at_300": 0.57352, "mrr_at_500": 0.57352, "mrr_at_1000": 0.57352, "rc_at_1": {"relevant": 0.0, "distractor": 0.0}, "rc_at_3": {"relevant": 0.0, "distractor": 0.0}, "rc_at_5": {"relevant": 0.0, "distractor": 0.0}, "rc_at_10": {"relevant": 0.0, "distractor": 0.0}, "rc_at_20": {"relevant": 0.0, "distractor": 0.0}, "rc_at_100": {"relevant": 0.0, "distractor": 0.0}, "rc_at_200": {"relevant": 0.0, "distractor": 0.0}, "rc_at_300": {"relevant": 0.0, "distractor": 0.0}, "rc_at_500": {"relevant": 0.0, "distractor": 0.0}, "rc_at_1000": {"relevant": 0.0, "distractor": 0.0}}