{"ndcg_at_1": 0.21538, "ndcg_at_3": 0.19089, "ndcg_at_5": 0.16828, "ndcg_at_10": 0.1467, "ndcg_at_20": 0.167, "ndcg_at_100": 0.22546, "ndcg_at_200": 0.23996, "ndcg_at_300": 0.25309, "ndcg_at_500": 0.27014, "ndcg_at_1000": 0.28476, "map_at_1": 0.02154, "map_at_3": 0.04205, "map_at_5": 0.05197, "map_at_10": 0.06987, "map_at_20": 0.07847, "map_at_100": 0.09229, "map_at_200": 0.09365, "map_at_300": 0.09445, "map_at_500": 0.09546, "map_at_1000": 0.09593, "recall_at_1": 0.02154, "recall_at_3": 0.05538, "recall_at_5": 0.07692, "recall_at_10": 0.12923, "recall_at_20": 0.16615, "recall_at_100": 0.31231, "recall_at_200": 0.36, "recall_at_300": 0.40769, "recall_at_500": 0.47385, "recall_at_1000": 0.53692, "precision_at_1": 0.21538, "precision_at_3": 0.18462, "precision_at_5": 0.15385, "precision_at_10": 0.12923, "precision_at_20": 0.08308, "precision_at_100": 0.03123, "precision_at_200": 0.018, "precision_at_300": 0.01359, "precision_at_500": 0.00948, "precision_at_1000": 0.00537, "mrr_at_1": 0.21538, "mrr_at_3": 0.30769, "mrr_at_5": 0.32231, "mrr_at_10": 0.34079, "mrr_at_20": 0.34288, "mrr_at_100": 0.3469, "mrr_at_200": 0.34746, "mrr_at_300": 0.34782, "mrr_at_500": 0.34785, "mrr_at_1000": 0.34788, "rc_at_1": {"relevant": 0.21538, "distractor": 0.49231}, "rc_at_3": {"relevant": 0.55385, "distractor": 1.43077}, "rc_at_5": {"relevant": 0.76923, "distractor": 2.44615}, "rc_at_10": {"relevant": 1.29231, "distractor": 4.33846}, "rc_at_20": {"relevant": 1.67692, "distractor": 8.10769}, "rc_at_100": {"relevant": 3.12308, "distractor": 22.49231}, "rc_at_200": {"relevant": 3.6, "distractor": 30.52308}, "rc_at_300": {"relevant": 4.07692, "distractor": 35.43077}, "rc_at_500": {"relevant": 4.73846, "distractor": 40.70769}, "rc_at_1000": {"relevant": 5.36923, "distractor": 48.0}}