{"ndcg_at_1": 0.37514, "ndcg_at_3": 0.49218, "ndcg_at_5": 0.5354, "ndcg_at_10": 0.57129, "ndcg_at_20": 0.59229, "ndcg_at_100": 0.60993, "ndcg_at_200": 0.6124, "ndcg_at_300": 0.61341, "ndcg_at_500": 0.61445, "ndcg_at_1000": 0.61532, "map_at_1": 0.33324, "map_at_3": 0.45104, "map_at_5": 0.47716, "map_at_10": 0.49357, "map_at_20": 0.50026, "map_at_100": 0.50328, "map_at_200": 0.50343, "map_at_300": 0.50347, "map_at_500": 0.5035, "map_at_1000": 0.50351, "recall_at_1": 0.33324, "recall_at_3": 0.57858, "recall_at_5": 0.67784, "recall_at_10": 0.78257, "recall_at_20": 0.85938, "recall_at_100": 0.94556, "recall_at_200": 0.96188, "recall_at_300": 0.96941, "recall_at_500": 0.9776, "recall_at_1000": 0.98556, "precision_at_1": 0.37514, "precision_at_3": 0.22412, "precision_at_5": 0.15933, "precision_at_10": 0.09293, "precision_at_20": 0.05152, "precision_at_100": 0.01147, "precision_at_200": 0.00585, "precision_at_300": 0.00393, "precision_at_500": 0.00238, "precision_at_1000": 0.0012, "mrr_at_1": 0.37717, "mrr_at_3": 0.48532, "mrr_at_5": 0.50696, "mrr_at_10": 0.51989, "mrr_at_20": 0.52489, "mrr_at_100": 0.52688, "mrr_at_200": 0.52698, "mrr_at_300": 0.52701, "mrr_at_500": 0.52703, "mrr_at_1000": 0.52704, "rc_at_1": {"relevant": 0.0, "distractor": 0.0}, "rc_at_3": {"relevant": 0.0, "distractor": 0.0}, "rc_at_5": {"relevant": 0.0, "distractor": 0.0}, "rc_at_10": {"relevant": 0.0, "distractor": 0.0}, "rc_at_20": {"relevant": 0.0, "distractor": 0.0}, "rc_at_100": {"relevant": 0.0, "distractor": 0.0}, "rc_at_200": {"relevant": 0.0, "distractor": 0.0}, "rc_at_300": {"relevant": 0.0, "distractor": 0.0}, "rc_at_500": {"relevant": 0.0, "distractor": 0.0}, "rc_at_1000": {"relevant": 0.0, "distractor": 0.0}}