{"ndcg_at_1": 0.06064, "ndcg_at_3": 0.07812, "ndcg_at_5": 0.08237, "ndcg_at_10": 0.09457, "ndcg_at_20": 0.10359, "ndcg_at_100": 0.12621, "ndcg_at_200": 0.13601, "ndcg_at_300": 0.14258, "ndcg_at_500": 0.15006, "ndcg_at_1000": 0.16142, "map_at_1": 0.05162, "map_at_3": 0.06917, "map_at_5": 0.0718, "map_at_10": 0.077, "map_at_20": 0.07955, "map_at_100": 0.08246, "map_at_200": 0.08298, "map_at_300": 0.0832, "map_at_500": 0.08339, "map_at_1000": 0.08357, "recall_at_1": 0.05162, "recall_at_3": 0.08984, "recall_at_5": 0.10114, "recall_at_10": 0.13785, "recall_at_20": 0.17167, "recall_at_100": 0.28947, "recall_at_200": 0.35359, "recall_at_300": 0.39919, "recall_at_500": 0.4568, "recall_at_1000": 0.55335, "precision_at_1": 0.06064, "precision_at_3": 0.03625, "precision_at_5": 0.02502, "precision_at_10": 0.01704, "precision_at_20": 0.01068, "precision_at_100": 0.00378, "precision_at_200": 0.00237, "precision_at_300": 0.00186, "precision_at_500": 0.00131, "precision_at_1000": 0.00081, "mrr_at_1": 0.06064, "mrr_at_3": 0.08117, "mrr_at_5": 0.0841, "mrr_at_10": 0.0895, "mrr_at_20": 0.09209, "mrr_at_100": 0.0951, "mrr_at_200": 0.09566, "mrr_at_300": 0.09588, "mrr_at_500": 0.09604, "mrr_at_1000": 0.09618, "rc_at_1": {"relevant": 0.0, "distractor": 0.0}, "rc_at_3": {"relevant": 0.0, "distractor": 0.0}, "rc_at_5": {"relevant": 0.0, "distractor": 0.0}, "rc_at_10": {"relevant": 0.0, "distractor": 0.0}, "rc_at_20": {"relevant": 0.0, "distractor": 0.0}, "rc_at_100": {"relevant": 0.0, "distractor": 0.0}, "rc_at_200": {"relevant": 0.0, "distractor": 0.0}, "rc_at_300": {"relevant": 0.0, "distractor": 0.0}, "rc_at_500": {"relevant": 0.0, "distractor": 0.0}, "rc_at_1000": {"relevant": 0.0, "distractor": 0.0}}