{"ndcg_at_1": 0.36923, "ndcg_at_3": 0.32841, "ndcg_at_5": 0.29684, "ndcg_at_10": 0.24983, "ndcg_at_20": 0.29866, "ndcg_at_100": 0.41113, "ndcg_at_200": 0.44644, "ndcg_at_300": 0.45723, "ndcg_at_500": 0.47013, "ndcg_at_1000": 0.48064, "map_at_1": 0.03692, "map_at_3": 0.08077, "map_at_5": 0.10362, "map_at_10": 0.1387, "map_at_20": 0.16238, "map_at_100": 0.19383, "map_at_200": 0.19975, "map_at_300": 0.20098, "map_at_500": 0.20203, "map_at_1000": 0.20255, "recall_at_1": 0.03692, "recall_at_3": 0.09538, "recall_at_5": 0.13846, "recall_at_10": 0.21846, "recall_at_20": 0.30462, "recall_at_100": 0.59385, "recall_at_200": 0.70769, "recall_at_300": 0.74615, "recall_at_500": 0.79692, "recall_at_1000": 0.84154, "precision_at_1": 0.36923, "precision_at_3": 0.31795, "precision_at_5": 0.27692, "precision_at_10": 0.21846, "precision_at_20": 0.15231, "precision_at_100": 0.05938, "precision_at_200": 0.03538, "precision_at_300": 0.02487, "precision_at_500": 0.01594, "precision_at_1000": 0.00842, "mrr_at_1": 0.36923, "mrr_at_3": 0.45641, "mrr_at_5": 0.49333, "mrr_at_10": 0.50707, "mrr_at_20": 0.51225, "mrr_at_100": 0.51492, "mrr_at_200": 0.51507, "mrr_at_300": 0.51507, "mrr_at_500": 0.51507, "mrr_at_1000": 0.51507, "rc_at_1": {"relevant": 0.36923, "distractor": 0.6}, "rc_at_3": {"relevant": 0.93846, "distractor": 2.0}, "rc_at_5": {"relevant": 1.49231, "distractor": 3.32308}, "rc_at_10": {"relevant": 2.24615, "distractor": 7.27692}, "rc_at_20": {"relevant": 3.03077, "distractor": 15.27692}, "rc_at_100": {"relevant": 5.92308, "distractor": 57.81538}, "rc_at_200": {"relevant": 7.2, "distractor": 70.66154}, "rc_at_300": {"relevant": 7.46154, "distractor": 75.72308}, "rc_at_500": {"relevant": 7.98462, "distractor": 81.10769}, "rc_at_1000": {"relevant": 8.41538, "distractor": 86.44615}}