{"ndcg_at_1": 0.02033, "ndcg_at_3": 0.04346, "ndcg_at_5": 0.0492, "ndcg_at_10": 0.06644, "ndcg_at_20": 0.08071, "ndcg_at_100": 0.11503, "ndcg_at_200": 0.12852, "ndcg_at_300": 0.13733, "ndcg_at_500": 0.14591, "ndcg_at_1000": 0.15716, "map_at_1": 0.01701, "map_at_3": 0.03564, "map_at_5": 0.03868, "map_at_10": 0.04587, "map_at_20": 0.04983, "map_at_100": 0.05434, "map_at_200": 0.05511, "map_at_300": 0.05541, "map_at_500": 0.05562, "map_at_1000": 0.05578, "recall_at_1": 0.01701, "recall_at_3": 0.06044, "recall_at_5": 0.07431, "recall_at_10": 0.12705, "recall_at_20": 0.18087, "recall_at_100": 0.36291, "recall_at_200": 0.45264, "recall_at_300": 0.52001, "recall_at_500": 0.58961, "recall_at_1000": 0.68966, "precision_at_1": 0.02033, "precision_at_3": 0.0228, "precision_at_5": 0.01738, "precision_at_10": 0.01423, "precision_at_20": 0.01035, "precision_at_100": 0.00431, "precision_at_200": 0.00278, "precision_at_300": 0.00213, "precision_at_500": 0.00146, "precision_at_1000": 0.00088, "mrr_at_1": 0.02033, "mrr_at_3": 0.04067, "mrr_at_5": 0.04473, "mrr_at_10": 0.05163, "mrr_at_20": 0.05581, "mrr_at_100": 0.06025, "mrr_at_200": 0.06096, "mrr_at_300": 0.06123, "mrr_at_500": 0.06142, "mrr_at_1000": 0.06156, "rc_at_1": {"relevant": 0.0, "distractor": 0.0}, "rc_at_3": {"relevant": 0.0, "distractor": 0.0}, "rc_at_5": {"relevant": 0.0, "distractor": 0.0}, "rc_at_10": {"relevant": 0.0, "distractor": 0.0}, "rc_at_20": {"relevant": 0.0, "distractor": 0.0}, "rc_at_100": {"relevant": 0.0, "distractor": 0.0}, "rc_at_200": {"relevant": 0.0, "distractor": 0.0}, "rc_at_300": {"relevant": 0.0, "distractor": 0.0}, "rc_at_500": {"relevant": 0.0, "distractor": 0.0}, "rc_at_1000": {"relevant": 0.0, "distractor": 0.0}}