{"ndcg_at_1": 0.08373, "ndcg_at_3": 0.10058, "ndcg_at_5": 0.11212, "ndcg_at_10": 0.12657, "ndcg_at_20": 0.13846, "ndcg_at_100": 0.16506, "ndcg_at_200": 0.17699, "ndcg_at_300": 0.18431, "ndcg_at_500": 0.19204, "ndcg_at_1000": 0.20203, "map_at_1": 0.06857, "map_at_3": 0.0884, "map_at_5": 0.09555, "map_at_10": 0.1016, "map_at_20": 0.10487, "map_at_100": 0.10841, "map_at_200": 0.10907, "map_at_300": 0.10934, "map_at_500": 0.10955, "map_at_1000": 0.10972, "recall_at_1": 0.06857, "recall_at_3": 0.11161, "recall_at_5": 0.14116, "recall_at_10": 0.1861, "recall_at_20": 0.22925, "recall_at_100": 0.36193, "recall_at_200": 0.43764, "recall_at_300": 0.48943, "recall_at_500": 0.548, "recall_at_1000": 0.62841, "precision_at_1": 0.08373, "precision_at_3": 0.04652, "precision_at_5": 0.03542, "precision_at_10": 0.02377, "precision_at_20": 0.01521, "precision_at_100": 0.0052, "precision_at_200": 0.00327, "precision_at_300": 0.00248, "precision_at_500": 0.0017, "precision_at_1000": 0.00103, "mrr_at_1": 0.08373, "mrr_at_3": 0.10796, "mrr_at_5": 0.11546, "mrr_at_10": 0.12254, "mrr_at_20": 0.12623, "mrr_at_100": 0.13001, "mrr_at_200": 0.13061, "mrr_at_300": 0.13084, "mrr_at_500": 0.13099, "mrr_at_1000": 0.1311, "rc_at_1": {"relevant": 0.0, "distractor": 0.0}, "rc_at_3": {"relevant": 0.0, "distractor": 0.0}, "rc_at_5": {"relevant": 0.0, "distractor": 0.0}, "rc_at_10": {"relevant": 0.0, "distractor": 0.0}, "rc_at_20": {"relevant": 0.0, "distractor": 0.0}, "rc_at_100": {"relevant": 0.0, "distractor": 0.0}, "rc_at_200": {"relevant": 0.0, "distractor": 0.0}, "rc_at_300": {"relevant": 0.0, "distractor": 0.0}, "rc_at_500": {"relevant": 0.0, "distractor": 0.0}, "rc_at_1000": {"relevant": 0.0, "distractor": 0.0}}