{"ndcg_at_1": 0.7, "ndcg_at_3": 0.65224, "ndcg_at_5": 0.63382, "ndcg_at_10": 0.59276, "ndcg_at_20": 0.544, "ndcg_at_100": 0.39541, "ndcg_at_200": 0.32484, "ndcg_at_300": 0.30125, "ndcg_at_500": 0.29895, "ndcg_at_1000": 0.34559, "map_at_1": 0.00216, "map_at_3": 0.00517, "map_at_5": 0.00779, "map_at_10": 0.01356, "map_at_20": 0.02203, "map_at_100": 0.06021, "map_at_200": 0.08044, "map_at_300": 0.09296, "map_at_500": 0.10902, "map_at_1000": 0.12784, "recall_at_1": 0.00216, "recall_at_3": 0.00555, "recall_at_5": 0.00876, "recall_at_10": 0.01618, "recall_at_20": 0.02836, "recall_at_100": 0.0927, "recall_at_200": 0.14007, "recall_at_300": 0.17722, "recall_at_500": 0.2327, "recall_at_1000": 0.32099, "precision_at_1": 0.76, "precision_at_3": 0.68, "precision_at_5": 0.656, "precision_at_10": 0.614, "precision_at_20": 0.556, "precision_at_100": 0.389, "precision_at_200": 0.3031, "precision_at_300": 0.2606, "precision_at_500": 0.2096, "precision_at_1000": 0.1487, "mrr_at_1": 0.76, "mrr_at_3": 0.82667, "mrr_at_5": 0.83567, "mrr_at_10": 0.839, "mrr_at_20": 0.84043, "mrr_at_100": 0.84043, "mrr_at_200": 0.84043, "mrr_at_300": 0.84043, "mrr_at_500": 0.84043, "mrr_at_1000": 0.84043, "rc_at_1": {"relevant": 0.0, "distractor": 0.0}, "rc_at_3": {"relevant": 0.0, "distractor": 0.0}, "rc_at_5": {"relevant": 0.0, "distractor": 0.0}, "rc_at_10": {"relevant": 0.0, "distractor": 0.0}, "rc_at_20": {"relevant": 0.0, "distractor": 0.0}, "rc_at_100": {"relevant": 0.0, "distractor": 0.0}, "rc_at_200": {"relevant": 0.0, "distractor": 0.0}, "rc_at_300": {"relevant": 0.0, "distractor": 0.0}, "rc_at_500": {"relevant": 0.0, "distractor": 0.0}, "rc_at_1000": {"relevant": 0.0, "distractor": 0.0}}