{"ndcg_at_1": 0.20896, "ndcg_at_3": 0.25563, "ndcg_at_5": 0.27699, "ndcg_at_10": 0.30857, "ndcg_at_20": 0.33305, "ndcg_at_100": 0.37433, "ndcg_at_200": 0.38575, "ndcg_at_300": 0.3907, "ndcg_at_500": 0.39541, "ndcg_at_1000": 0.40057, "map_at_1": 0.1794, "map_at_3": 0.22954, "map_at_5": 0.24318, "map_at_10": 0.25739, "map_at_20": 0.26452, "map_at_100": 0.271, "map_at_200": 0.27175, "map_at_300": 0.27196, "map_at_500": 0.2721, "map_at_1000": 0.2722, "recall_at_1": 0.1794, "recall_at_3": 0.28838, "recall_at_5": 0.34348, "recall_at_10": 0.43519, "recall_at_20": 0.52411, "recall_at_100": 0.72473, "recall_at_200": 0.79535, "recall_at_300": 0.82975, "recall_at_500": 0.86522, "recall_at_1000": 0.90647, "precision_at_1": 0.20896, "precision_at_3": 0.11816, "precision_at_5": 0.08601, "precision_at_10": 0.05616, "precision_at_20": 0.03451, "precision_at_100": 0.01011, "precision_at_200": 0.00572, "precision_at_300": 0.00403, "precision_at_500": 0.00255, "precision_at_1000": 0.00136, "mrr_at_1": 0.20802, "mrr_at_3": 0.25933, "mrr_at_5": 0.27421, "mrr_at_10": 0.28801, "mrr_at_20": 0.29485, "mrr_at_100": 0.29975, "mrr_at_200": 0.30024, "mrr_at_300": 0.30035, "mrr_at_500": 0.30043, "mrr_at_1000": 0.30048, "rc_at_1": {"relevant": 0.0, "distractor": 0.0}, "rc_at_3": {"relevant": 0.0, "distractor": 0.0}, "rc_at_5": {"relevant": 0.0, "distractor": 0.0}, "rc_at_10": {"relevant": 0.0, "distractor": 0.0}, "rc_at_20": {"relevant": 0.0, "distractor": 0.0}, "rc_at_100": {"relevant": 0.0, "distractor": 0.0}, "rc_at_200": {"relevant": 0.0, "distractor": 0.0}, "rc_at_300": {"relevant": 0.0, "distractor": 0.0}, "rc_at_500": {"relevant": 0.0, "distractor": 0.0}, "rc_at_1000": {"relevant": 0.0, "distractor": 0.0}}