{"ndcg_at_1": 0.18115, "ndcg_at_3": 0.22841, "ndcg_at_5": 0.25383, "ndcg_at_10": 0.28365, "ndcg_at_20": 0.30245, "ndcg_at_100": 0.34263, "ndcg_at_200": 0.35359, "ndcg_at_300": 0.35879, "ndcg_at_500": 0.36464, "ndcg_at_1000": 0.37045, "map_at_1": 0.16888, "map_at_3": 0.20995, "map_at_5": 0.22502, "map_at_10": 0.23788, "map_at_20": 0.24313, "map_at_100": 0.24912, "map_at_200": 0.24975, "map_at_300": 0.24996, "map_at_500": 0.25014, "map_at_1000": 0.25025, "recall_at_1": 0.16888, "recall_at_3": 0.26322, "recall_at_5": 0.32372, "recall_at_10": 0.4105, "recall_at_20": 0.48114, "recall_at_100": 0.68533, "recall_at_200": 0.75752, "recall_at_300": 0.79525, "recall_at_500": 0.84092, "recall_at_1000": 0.89165, "precision_at_1": 0.18115, "precision_at_3": 0.09735, "precision_at_5": 0.07283, "precision_at_10": 0.04732, "precision_at_20": 0.02865, "precision_at_100": 0.00835, "precision_at_200": 0.00477, "precision_at_300": 0.00341, "precision_at_500": 0.0022, "precision_at_1000": 0.00119, "mrr_at_1": 0.18115, "mrr_at_3": 0.22736, "mrr_at_5": 0.24094, "mrr_at_10": 0.25358, "mrr_at_20": 0.25855, "mrr_at_100": 0.26411, "mrr_at_200": 0.26461, "mrr_at_300": 0.26475, "mrr_at_500": 0.26486, "mrr_at_1000": 0.26493, "rc_at_1": {"relevant": 0.0, "distractor": 0.0}, "rc_at_3": {"relevant": 0.0, "distractor": 0.0}, "rc_at_5": {"relevant": 0.0, "distractor": 0.0}, "rc_at_10": {"relevant": 0.0, "distractor": 0.0}, "rc_at_20": {"relevant": 0.0, "distractor": 0.0}, "rc_at_100": {"relevant": 0.0, "distractor": 0.0}, "rc_at_200": {"relevant": 0.0, "distractor": 0.0}, "rc_at_300": {"relevant": 0.0, "distractor": 0.0}, "rc_at_500": {"relevant": 0.0, "distractor": 0.0}, "rc_at_1000": {"relevant": 0.0, "distractor": 0.0}}