{"ndcg_at_1": 0.33846, "ndcg_at_3": 0.3113, "ndcg_at_5": 0.27797, "ndcg_at_10": 0.23819, "ndcg_at_20": 0.29033, "ndcg_at_100": 0.46702, "ndcg_at_200": 0.51342, "ndcg_at_300": 0.52023, "ndcg_at_500": 0.52572, "ndcg_at_1000": 0.5297, "map_at_1": 0.03385, "map_at_3": 0.07462, "map_at_5": 0.09608, "map_at_10": 0.13026, "map_at_20": 0.15547, "map_at_100": 0.20628, "map_at_200": 0.2157, "map_at_300": 0.21653, "map_at_500": 0.21698, "map_at_1000": 0.21721, "recall_at_1": 0.03385, "recall_at_3": 0.09077, "recall_at_5": 0.12923, "recall_at_10": 0.21077, "recall_at_20": 0.30462, "recall_at_100": 0.76462, "recall_at_200": 0.91231, "recall_at_300": 0.93692, "recall_at_500": 0.95846, "recall_at_1000": 0.97538, "precision_at_1": 0.33846, "precision_at_3": 0.30256, "precision_at_5": 0.25846, "precision_at_10": 0.21077, "precision_at_20": 0.15231, "precision_at_100": 0.07646, "precision_at_200": 0.04562, "precision_at_300": 0.03123, "precision_at_500": 0.01917, "precision_at_1000": 0.00975, "mrr_at_1": 0.33846, "mrr_at_3": 0.43846, "mrr_at_5": 0.45615, "mrr_at_10": 0.48059, "mrr_at_20": 0.4851, "mrr_at_100": 0.48877, "mrr_at_200": 0.48877, "mrr_at_300": 0.48877, "mrr_at_500": 0.48877, "mrr_at_1000": 0.48877, "rc_at_1": {"relevant": 0.33846, "distractor": 0.66154}, "rc_at_3": {"relevant": 0.90769, "distractor": 2.09231}, "rc_at_5": {"relevant": 1.29231, "distractor": 3.67692}, "rc_at_10": {"relevant": 2.10769, "distractor": 7.8}, "rc_at_20": {"relevant": 3.04615, "distractor": 16.73846}, "rc_at_100": {"relevant": 7.64615, "distractor": 79.84615}, "rc_at_200": {"relevant": 9.12308, "distractor": 92.07692}, "rc_at_300": {"relevant": 9.36923, "distractor": 93.96923}, "rc_at_500": {"relevant": 9.58462, "distractor": 95.6}, "rc_at_1000": {"relevant": 9.75385, "distractor": 97.0}}