{"ndcg_at_1": 0.33846, "ndcg_at_3": 0.3113, "ndcg_at_5": 0.27797, "ndcg_at_10": 0.23819, "ndcg_at_20": 0.29126, "ndcg_at_100": 0.48281, "ndcg_at_200": 0.53451, "ndcg_at_300": 0.54089, "ndcg_at_500": 0.54129, "ndcg_at_1000": 0.54166, "map_at_1": 0.03385, "map_at_3": 0.07462, "map_at_5": 0.09608, "map_at_10": 0.13026, "map_at_20": 0.15604, "map_at_100": 0.2114, "map_at_200": 0.22303, "map_at_300": 0.22383, "map_at_500": 0.22387, "map_at_1000": 0.2239, "recall_at_1": 0.03385, "recall_at_3": 0.09077, "recall_at_5": 0.12923, "recall_at_10": 0.21077, "recall_at_20": 0.30615, "recall_at_100": 0.80769, "recall_at_200": 0.96923, "recall_at_300": 0.99231, "recall_at_500": 0.99385, "recall_at_1000": 0.99538, "precision_at_1": 0.33846, "precision_at_3": 0.30256, "precision_at_5": 0.25846, "precision_at_10": 0.21077, "precision_at_20": 0.15308, "precision_at_100": 0.08077, "precision_at_200": 0.04846, "precision_at_300": 0.03308, "precision_at_500": 0.01988, "precision_at_1000": 0.00995, "mrr_at_1": 0.33846, "mrr_at_3": 0.43846, "mrr_at_5": 0.45615, "mrr_at_10": 0.48059, "mrr_at_20": 0.4852, "mrr_at_100": 0.48888, "mrr_at_200": 0.48888, "mrr_at_300": 0.48888, "mrr_at_500": 0.48888, "mrr_at_1000": 0.48888, "rc_at_1": {"relevant": 0.33846, "distractor": 0.66154}, "rc_at_3": {"relevant": 0.90769, "distractor": 2.09231}, "rc_at_5": {"relevant": 1.29231, "distractor": 3.69231}, "rc_at_10": {"relevant": 2.10769, "distractor": 7.86154}, "rc_at_20": {"relevant": 3.06154, "distractor": 16.81538}, "rc_at_100": {"relevant": 8.07692, "distractor": 86.56923}, "rc_at_200": {"relevant": 9.69231, "distractor": 96.78462}, "rc_at_300": {"relevant": 9.92308, "distractor": 97.69231}, "rc_at_500": {"relevant": 9.93846, "distractor": 98.33846}, "rc_at_1000": {"relevant": 9.95385, "distractor": 98.90769}}