{"ndcg_at_1": 0.21, "ndcg_at_3": 0.19715, "ndcg_at_5": 0.18145, "ndcg_at_10": 0.16366, "ndcg_at_20": 0.15018, "ndcg_at_100": 0.10458, "ndcg_at_200": 0.09095, "ndcg_at_300": 0.08576, "ndcg_at_500": 0.08764, "ndcg_at_1000": 0.11257, "map_at_1": 0.00055, "map_at_3": 0.00132, "map_at_5": 0.00181, "map_at_10": 0.00261, "map_at_20": 0.00401, "map_at_100": 0.00823, "map_at_200": 0.01101, "map_at_300": 0.01265, "map_at_500": 0.01504, "map_at_1000": 0.01829, "recall_at_1": 0.00055, "recall_at_3": 0.00147, "recall_at_5": 0.00215, "recall_at_10": 0.00373, "recall_at_20": 0.00737, "recall_at_100": 0.02354, "recall_at_200": 0.03935, "recall_at_300": 0.05149, "recall_at_500": 0.07257, "recall_at_1000": 0.11273, "precision_at_1": 0.22, "precision_at_3": 0.2, "precision_at_5": 0.18, "precision_at_10": 0.162, "precision_at_20": 0.152, "precision_at_100": 0.1036, "precision_at_200": 0.0877, "precision_at_300": 0.0774, "precision_at_500": 0.06588, "precision_at_1000": 0.05194, "mrr_at_1": 0.22, "mrr_at_3": 0.26667, "mrr_at_5": 0.27567, "mrr_at_10": 0.29749, "mrr_at_20": 0.30983, "mrr_at_100": 0.31738, "mrr_at_200": 0.3175, "mrr_at_300": 0.3175, "mrr_at_500": 0.31762, "mrr_at_1000": 0.31762, "rc_at_1": {"relevant": 0.0, "distractor": 0.0}, "rc_at_3": {"relevant": 0.0, "distractor": 0.0}, "rc_at_5": {"relevant": 0.0, "distractor": 0.0}, "rc_at_10": {"relevant": 0.0, "distractor": 0.0}, "rc_at_20": {"relevant": 0.0, "distractor": 0.0}, "rc_at_100": {"relevant": 0.0, "distractor": 0.0}, "rc_at_200": {"relevant": 0.0, "distractor": 0.0}, "rc_at_300": {"relevant": 0.0, "distractor": 0.0}, "rc_at_500": {"relevant": 0.0, "distractor": 0.0}, "rc_at_1000": {"relevant": 0.0, "distractor": 0.0}}