{"ndcg_at_1": 0.22449, "ndcg_at_3": 0.2628, "ndcg_at_5": 0.22714, "ndcg_at_10": 0.20385, "ndcg_at_20": 0.22117, "ndcg_at_100": 0.29879, "ndcg_at_200": 0.33219, "ndcg_at_300": 0.35221, "ndcg_at_500": 0.37671, "ndcg_at_1000": 0.40859, "map_at_1": 0.0185, "map_at_3": 0.04952, "map_at_5": 0.06055, "map_at_10": 0.07861, "map_at_20": 0.09953, "map_at_100": 0.12186, "map_at_200": 0.12735, "map_at_300": 0.12993, "map_at_500": 0.132, "map_at_1000": 0.13418, "recall_at_1": 0.0185, "recall_at_3": 0.06647, "recall_at_5": 0.08532, "recall_at_10": 0.13251, "recall_at_20": 0.20551, "recall_at_100": 0.37844, "recall_at_200": 0.47025, "recall_at_300": 0.53339, "recall_at_500": 0.60679, "recall_at_1000": 0.71557, "precision_at_1": 0.2449, "precision_at_3": 0.30612, "precision_at_5": 0.23673, "precision_at_10": 0.18367, "precision_at_20": 0.14898, "precision_at_100": 0.06184, "precision_at_200": 0.03949, "precision_at_300": 0.03034, "precision_at_500": 0.02143, "precision_at_1000": 0.01314, "mrr_at_1": 0.2449, "mrr_at_3": 0.41497, "mrr_at_5": 0.42925, "mrr_at_10": 0.43967, "mrr_at_20": 0.4474, "mrr_at_100": 0.45047, "mrr_at_200": 0.45047, "mrr_at_300": 0.45047, "mrr_at_500": 0.45051, "mrr_at_1000": 0.45051, "rc_at_1": {"relevant": 0.0, "distractor": 0.0}, "rc_at_3": {"relevant": 0.0, "distractor": 0.0}, "rc_at_5": {"relevant": 0.0, "distractor": 0.0}, "rc_at_10": {"relevant": 0.0, "distractor": 0.0}, "rc_at_20": {"relevant": 0.0, "distractor": 0.0}, "rc_at_100": {"relevant": 0.0, "distractor": 0.0}, "rc_at_200": {"relevant": 0.0, "distractor": 0.0}, "rc_at_300": {"relevant": 0.0, "distractor": 0.0}, "rc_at_500": {"relevant": 0.0, "distractor": 0.0}, "rc_at_1000": {"relevant": 0.0, "distractor": 0.0}}