{"ndcg_at_1": 0.13441, "ndcg_at_3": 0.18144, "ndcg_at_5": 0.20317, "ndcg_at_10": 0.22608, "ndcg_at_20": 0.24394, "ndcg_at_100": 0.2769, "ndcg_at_200": 0.28643, "ndcg_at_300": 0.29081, "ndcg_at_500": 0.29618, "ndcg_at_1000": 0.30107, "map_at_1": 0.11872, "map_at_3": 0.16362, "map_at_5": 0.17596, "map_at_10": 0.18565, "map_at_20": 0.19077, "map_at_100": 0.19544, "map_at_200": 0.19595, "map_at_300": 0.1961, "map_at_500": 0.19623, "map_at_1000": 0.19631, "recall_at_1": 0.11872, "recall_at_3": 0.21654, "recall_at_5": 0.26709, "recall_at_10": 0.33483, "recall_at_20": 0.40233, "recall_at_100": 0.57368, "recall_at_200": 0.63833, "recall_at_300": 0.67149, "recall_at_500": 0.71492, "recall_at_1000": 0.75869, "precision_at_1": 0.13441, "precision_at_3": 0.08333, "precision_at_5": 0.06205, "precision_at_10": 0.03914, "precision_at_20": 0.02368, "precision_at_100": 0.00682, "precision_at_200": 0.00382, "precision_at_300": 0.00268, "precision_at_500": 0.00172, "precision_at_1000": 0.00091, "mrr_at_1": 0.13239, "mrr_at_3": 0.1743, "mrr_at_5": 0.18487, "mrr_at_10": 0.19407, "mrr_at_20": 0.19865, "mrr_at_100": 0.20263, "mrr_at_200": 0.20313, "mrr_at_300": 0.2033, "mrr_at_500": 0.20341, "mrr_at_1000": 0.20349, "rc_at_1": {"relevant": 0.0, "distractor": 0.0}, "rc_at_3": {"relevant": 0.0, "distractor": 0.0}, "rc_at_5": {"relevant": 0.0, "distractor": 0.0}, "rc_at_10": {"relevant": 0.0, "distractor": 0.0}, "rc_at_20": {"relevant": 0.0, "distractor": 0.0}, "rc_at_100": {"relevant": 0.0, "distractor": 0.0}, "rc_at_200": {"relevant": 0.0, "distractor": 0.0}, "rc_at_300": {"relevant": 0.0, "distractor": 0.0}, "rc_at_500": {"relevant": 0.0, "distractor": 0.0}, "rc_at_1000": {"relevant": 0.0, "distractor": 0.0}}