{"ndcg_at_1": 0.32308, "ndcg_at_3": 0.27959, "ndcg_at_5": 0.25573, "ndcg_at_10": 0.21383, "ndcg_at_20": 0.25759, "ndcg_at_100": 0.32499, "ndcg_at_200": 0.35473, "ndcg_at_300": 0.36629, "ndcg_at_500": 0.38047, "ndcg_at_1000": 0.39193, "map_at_1": 0.03231, "map_at_3": 0.06692, "map_at_5": 0.08669, "map_at_10": 0.11509, "map_at_20": 0.13576, "map_at_100": 0.15358, "map_at_200": 0.15747, "map_at_300": 0.15854, "map_at_500": 0.15951, "map_at_1000": 0.15992, "recall_at_1": 0.03231, "recall_at_3": 0.08, "recall_at_5": 0.11846, "recall_at_10": 0.18615, "recall_at_20": 0.26462, "recall_at_100": 0.43385, "recall_at_200": 0.53077, "recall_at_300": 0.57231, "recall_at_500": 0.62769, "recall_at_1000": 0.67692, "precision_at_1": 0.32308, "precision_at_3": 0.26667, "precision_at_5": 0.23692, "precision_at_10": 0.18615, "precision_at_20": 0.13231, "precision_at_100": 0.04338, "precision_at_200": 0.02654, "precision_at_300": 0.01908, "precision_at_500": 0.01255, "precision_at_1000": 0.00677, "mrr_at_1": 0.32308, "mrr_at_3": 0.40769, "mrr_at_5": 0.42923, "mrr_at_10": 0.44532, "mrr_at_20": 0.45216, "mrr_at_100": 0.45487, "mrr_at_200": 0.45509, "mrr_at_300": 0.45509, "mrr_at_500": 0.45509, "mrr_at_1000": 0.45512, "rc_at_1": {"relevant": 0.32308, "distractor": 0.58462}, "rc_at_3": {"relevant": 0.8, "distractor": 1.86154}, "rc_at_5": {"relevant": 1.18462, "distractor": 3.10769}, "rc_at_10": {"relevant": 1.86154, "distractor": 6.07692}, "rc_at_20": {"relevant": 2.64615, "distractor": 11.33846}, "rc_at_100": {"relevant": 4.33846, "distractor": 34.76923}, "rc_at_200": {"relevant": 5.30769, "distractor": 46.49231}, "rc_at_300": {"relevant": 5.72308, "distractor": 51.95385}, "rc_at_500": {"relevant": 6.27692, "distractor": 58.13846}, "rc_at_1000": {"relevant": 6.76923, "distractor": 65.67692}}