{"ndcg_at_1": 0.26051, "ndcg_at_3": 0.30364, "ndcg_at_5": 0.32201, "ndcg_at_10": 0.34293, "ndcg_at_20": 0.36114, "ndcg_at_100": 0.39494, "ndcg_at_200": 0.40612, "ndcg_at_300": 0.41182, "ndcg_at_500": 0.4179, "ndcg_at_1000": 0.42389, "map_at_1": 0.20578, "map_at_3": 0.26545, "map_at_5": 0.27907, "map_at_10": 0.29084, "map_at_20": 0.29725, "map_at_100": 0.30352, "map_at_200": 0.30443, "map_at_300": 0.30476, "map_at_500": 0.30499, "map_at_1000": 0.30516, "recall_at_1": 0.20578, "recall_at_3": 0.32527, "recall_at_5": 0.3746, "recall_at_10": 0.43877, "recall_at_20": 0.50565, "recall_at_100": 0.66585, "recall_at_200": 0.73165, "recall_at_300": 0.76899, "recall_at_500": 0.81224, "recall_at_1000": 0.85649, "precision_at_1": 0.26051, "precision_at_3": 0.14904, "precision_at_5": 0.1079, "precision_at_10": 0.0679, "precision_at_20": 0.04166, "precision_at_100": 0.01254, "precision_at_200": 0.0072, "precision_at_300": 0.00517, "precision_at_500": 0.00336, "precision_at_1000": 0.00184, "mrr_at_1": 0.26051, "mrr_at_3": 0.31921, "mrr_at_5": 0.3324, "mrr_at_10": 0.34082, "mrr_at_20": 0.34609, "mrr_at_100": 0.34979, "mrr_at_200": 0.35022, "mrr_at_300": 0.35035, "mrr_at_500": 0.35044, "mrr_at_1000": 0.35049, "rc_at_1": {"relevant": 0.0, "distractor": 0.0}, "rc_at_3": {"relevant": 0.0, "distractor": 0.0}, "rc_at_5": {"relevant": 0.0, "distractor": 0.0}, "rc_at_10": {"relevant": 0.0, "distractor": 0.0}, "rc_at_20": {"relevant": 0.0, "distractor": 0.0}, "rc_at_100": {"relevant": 0.0, "distractor": 0.0}, "rc_at_200": {"relevant": 0.0, "distractor": 0.0}, "rc_at_300": {"relevant": 0.0, "distractor": 0.0}, "rc_at_500": {"relevant": 0.0, "distractor": 0.0}, "rc_at_1000": {"relevant": 0.0, "distractor": 0.0}}