{"ndcg_at_1": 0.22291, "ndcg_at_3": 0.21108, "ndcg_at_5": 0.20136, "ndcg_at_10": 0.19316, "ndcg_at_20": 0.18333, "ndcg_at_100": 0.20143, "ndcg_at_200": 0.23009, "ndcg_at_300": 0.24643, "ndcg_at_500": 0.26898, "ndcg_at_1000": 0.30797, "map_at_1": 0.01325, "map_at_3": 0.0247, "map_at_5": 0.03132, "map_at_10": 0.04297, "map_at_20": 0.0517, "map_at_100": 0.06909, "map_at_200": 0.07599, "map_at_300": 0.07906, "map_at_500": 0.08228, "map_at_1000": 0.08617, "recall_at_1": 0.01325, "recall_at_3": 0.03233, "recall_at_5": 0.04572, "recall_at_10": 0.07961, "recall_at_20": 0.11472, "recall_at_100": 0.24486, "recall_at_200": 0.34698, "recall_at_300": 0.40475, "recall_at_500": 0.48079, "recall_at_1000": 0.618, "precision_at_1": 0.23839, "precision_at_3": 0.22085, "precision_at_5": 0.19814, "precision_at_10": 0.17121, "precision_at_20": 0.13359, "precision_at_100": 0.07062, "precision_at_200": 0.05204, "precision_at_300": 0.04171, "precision_at_500": 0.03134, "precision_at_1000": 0.02132, "mrr_at_1": 0.23839, "mrr_at_3": 0.30444, "mrr_at_5": 0.31976, "mrr_at_10": 0.3311, "mrr_at_20": 0.33566, "mrr_at_100": 0.33976, "mrr_at_200": 0.34019, "mrr_at_300": 0.3403, "mrr_at_500": 0.34036, "mrr_at_1000": 0.34045, "rc_at_1": {"relevant": 0.0, "distractor": 0.0}, "rc_at_3": {"relevant": 0.0, "distractor": 0.0}, "rc_at_5": {"relevant": 0.0, "distractor": 0.0}, "rc_at_10": {"relevant": 0.0, "distractor": 0.0}, "rc_at_20": {"relevant": 0.0, "distractor": 0.0}, "rc_at_100": {"relevant": 0.0, "distractor": 0.0}, "rc_at_200": {"relevant": 0.0, "distractor": 0.0}, "rc_at_300": {"relevant": 0.0, "distractor": 0.0}, "rc_at_500": {"relevant": 0.0, "distractor": 0.0}, "rc_at_1000": {"relevant": 0.0, "distractor": 0.0}}