{"ndcg_at_1": 0.08447, "ndcg_at_3": 0.10619, "ndcg_at_5": 0.11669, "ndcg_at_10": 0.13416, "ndcg_at_20": 0.14585, "ndcg_at_100": 0.16973, "ndcg_at_200": 0.18071, "ndcg_at_300": 0.18676, "ndcg_at_500": 0.19319, "ndcg_at_1000": 0.20313, "map_at_1": 0.06818, "map_at_3": 0.09226, "map_at_5": 0.09871, "map_at_10": 0.10605, "map_at_20": 0.10925, "map_at_100": 0.11266, "map_at_200": 0.11325, "map_at_300": 0.11348, "map_at_500": 0.11364, "map_at_1000": 0.1138, "recall_at_1": 0.06818, "recall_at_3": 0.1222, "recall_at_5": 0.14873, "recall_at_10": 0.20057, "recall_at_20": 0.24392, "recall_at_100": 0.36288, "recall_at_200": 0.43349, "recall_at_300": 0.47663, "recall_at_500": 0.52634, "recall_at_1000": 0.60989, "precision_at_1": 0.08447, "precision_at_3": 0.05251, "precision_at_5": 0.03881, "precision_at_10": 0.02705, "precision_at_20": 0.01661, "precision_at_100": 0.00519, "precision_at_200": 0.00318, "precision_at_300": 0.00235, "precision_at_500": 0.00158, "precision_at_1000": 0.00094, "mrr_at_1": 0.09018, "mrr_at_3": 0.11568, "mrr_at_5": 0.12287, "mrr_at_10": 0.12892, "mrr_at_20": 0.13352, "mrr_at_100": 0.13671, "mrr_at_200": 0.13723, "mrr_at_300": 0.13738, "mrr_at_500": 0.13751, "mrr_at_1000": 0.13763, "rc_at_1": {"relevant": 0.0, "distractor": 0.0}, "rc_at_3": {"relevant": 0.0, "distractor": 0.0}, "rc_at_5": {"relevant": 0.0, "distractor": 0.0}, "rc_at_10": {"relevant": 0.0, "distractor": 0.0}, "rc_at_20": {"relevant": 0.0, "distractor": 0.0}, "rc_at_100": {"relevant": 0.0, "distractor": 0.0}, "rc_at_200": {"relevant": 0.0, "distractor": 0.0}, "rc_at_300": {"relevant": 0.0, "distractor": 0.0}, "rc_at_500": {"relevant": 0.0, "distractor": 0.0}, "rc_at_1000": {"relevant": 0.0, "distractor": 0.0}}