{"ndcg_at_1": 0.81, "ndcg_at_3": 0.78061, "ndcg_at_5": 0.76351, "ndcg_at_10": 0.72932, "ndcg_at_20": 0.66957, "ndcg_at_100": 0.51474, "ndcg_at_200": 0.44015, "ndcg_at_300": 0.41047, "ndcg_at_500": 0.40955, "ndcg_at_1000": 0.46495, "map_at_1": 0.00231, "map_at_3": 0.0062, "map_at_5": 0.00957, "map_at_10": 0.01722, "map_at_20": 0.02964, "map_at_100": 0.091, "map_at_200": 0.13155, "map_at_300": 0.15424, "map_at_500": 0.18277, "map_at_1000": 0.21373, "recall_at_1": 0.00231, "recall_at_3": 0.0065, "recall_at_5": 0.0104, "recall_at_10": 0.0195, "recall_at_20": 0.03548, "recall_at_100": 0.12491, "recall_at_200": 0.19896, "recall_at_300": 0.24966, "recall_at_500": 0.32676, "recall_at_1000": 0.43777, "precision_at_1": 0.84, "precision_at_3": 0.82667, "precision_at_5": 0.808, "precision_at_10": 0.764, "precision_at_20": 0.694, "precision_at_100": 0.5168, "precision_at_200": 0.4259, "precision_at_300": 0.36507, "precision_at_500": 0.29384, "precision_at_1000": 0.20274, "mrr_at_1": 0.88, "mrr_at_3": 0.92, "mrr_at_5": 0.925, "mrr_at_10": 0.925, "mrr_at_20": 0.925, "mrr_at_100": 0.925, "mrr_at_200": 0.925, "mrr_at_300": 0.925, "mrr_at_500": 0.925, "mrr_at_1000": 0.925, "rc_at_1": {"relevant": 0.0, "distractor": 0.0}, "rc_at_3": {"relevant": 0.0, "distractor": 0.0}, "rc_at_5": {"relevant": 0.0, "distractor": 0.0}, "rc_at_10": {"relevant": 0.0, "distractor": 0.0}, "rc_at_20": {"relevant": 0.0, "distractor": 0.0}, "rc_at_100": {"relevant": 0.0, "distractor": 0.0}, "rc_at_200": {"relevant": 0.0, "distractor": 0.0}, "rc_at_300": {"relevant": 0.0, "distractor": 0.0}, "rc_at_500": {"relevant": 0.0, "distractor": 0.0}, "rc_at_1000": {"relevant": 0.0, "distractor": 0.0}}