{"ndcg_at_1": 0.55125, "ndcg_at_3": 0.45643, "ndcg_at_5": 0.43333, "ndcg_at_10": 0.40905, "ndcg_at_20": 0.39851, "ndcg_at_100": 0.44574, "ndcg_at_200": 0.47143, "ndcg_at_300": 0.48578, "ndcg_at_500": 0.50071, "ndcg_at_1000": 0.5166, "map_at_1": 0.09021, "map_at_3": 0.13598, "map_at_5": 0.15741, "map_at_10": 0.18583, "map_at_20": 0.21308, "map_at_100": 0.25765, "map_at_200": 0.26577, "map_at_300": 0.26912, "map_at_500": 0.27193, "map_at_1000": 0.27454, "recall_at_1": 0.09021, "recall_at_3": 0.14688, "recall_at_5": 0.18134, "recall_at_10": 0.23591, "recall_at_20": 0.29775, "recall_at_100": 0.48941, "recall_at_200": 0.56302, "recall_at_300": 0.60665, "recall_at_500": 0.65724, "recall_at_1000": 0.71291, "precision_at_1": 0.6675, "precision_at_3": 0.48333, "precision_at_5": 0.41, "precision_at_10": 0.3165, "precision_at_20": 0.23887, "precision_at_100": 0.10233, "precision_at_200": 0.06534, "precision_at_300": 0.04984, "precision_at_500": 0.03488, "precision_at_1000": 0.02119, "mrr_at_1": 0.6675, "mrr_at_3": 0.72958, "mrr_at_5": 0.74021, "mrr_at_10": 0.74535, "mrr_at_20": 0.74716, "mrr_at_100": 0.74842, "mrr_at_200": 0.74849, "mrr_at_300": 0.74853, "mrr_at_500": 0.74853, "mrr_at_1000": 0.74853, "rc_at_1": {"relevant": 0.0, "distractor": 0.0}, "rc_at_3": {"relevant": 0.0, "distractor": 0.0}, "rc_at_5": {"relevant": 0.0, "distractor": 0.0}, "rc_at_10": {"relevant": 0.0, "distractor": 0.0}, "rc_at_20": {"relevant": 0.0, "distractor": 0.0}, "rc_at_100": {"relevant": 0.0, "distractor": 0.0}, "rc_at_200": {"relevant": 0.0, "distractor": 0.0}, "rc_at_300": {"relevant": 0.0, "distractor": 0.0}, "rc_at_500": {"relevant": 0.0, "distractor": 0.0}, "rc_at_1000": {"relevant": 0.0, "distractor": 0.0}}