{"ndcg_at_1": 0.42724, "ndcg_at_3": 0.38792, "ndcg_at_5": 0.37225, "ndcg_at_10": 0.34563, "ndcg_at_20": 0.32554, "ndcg_at_100": 0.31913, "ndcg_at_200": 0.3371, "ndcg_at_300": 0.34946, "ndcg_at_500": 0.37151, "ndcg_at_1000": 0.40777, "map_at_1": 0.04876, "map_at_3": 0.0868, "map_at_5": 0.10412, "map_at_10": 0.1246, "map_at_20": 0.14107, "map_at_100": 0.16237, "map_at_200": 0.16818, "map_at_300": 0.17094, "map_at_500": 0.17405, "map_at_1000": 0.17789, "recall_at_1": 0.04876, "recall_at_3": 0.09563, "recall_at_5": 0.12403, "recall_at_10": 0.1669, "recall_at_20": 0.21107, "recall_at_100": 0.33028, "recall_at_200": 0.4046, "recall_at_300": 0.44768, "recall_at_500": 0.52561, "recall_at_1000": 0.64741, "precision_at_1": 0.44272, "precision_at_3": 0.37461, "precision_at_5": 0.33746, "precision_at_10": 0.26873, "precision_at_20": 0.20108, "precision_at_100": 0.08607, "precision_at_200": 0.05661, "precision_at_300": 0.04424, "precision_at_500": 0.03248, "precision_at_1000": 0.02177, "mrr_at_1": 0.44582, "mrr_at_3": 0.51342, "mrr_at_5": 0.52425, "mrr_at_10": 0.53354, "mrr_at_20": 0.53724, "mrr_at_100": 0.53891, "mrr_at_200": 0.53924, "mrr_at_300": 0.53931, "mrr_at_500": 0.53938, "mrr_at_1000": 0.53941, "rc_at_1": {"relevant": 0.0, "distractor": 0.0}, "rc_at_3": {"relevant": 0.0, "distractor": 0.0}, "rc_at_5": {"relevant": 0.0, "distractor": 0.0}, "rc_at_10": {"relevant": 0.0, "distractor": 0.0}, "rc_at_20": {"relevant": 0.0, "distractor": 0.0}, "rc_at_100": {"relevant": 0.0, "distractor": 0.0}, "rc_at_200": {"relevant": 0.0, "distractor": 0.0}, "rc_at_300": {"relevant": 0.0, "distractor": 0.0}, "rc_at_500": {"relevant": 0.0, "distractor": 0.0}, "rc_at_1000": {"relevant": 0.0, "distractor": 0.0}}