{"ndcg_at_1": 0.24214, "ndcg_at_3": 0.30043, "ndcg_at_5": 0.32554, "ndcg_at_10": 0.35167, "ndcg_at_20": 0.36567, "ndcg_at_100": 0.39941, "ndcg_at_200": 0.40848, "ndcg_at_300": 0.41291, "ndcg_at_500": 0.41888, "ndcg_at_1000": 0.42645, "map_at_1": 0.21771, "map_at_3": 0.27622, "map_at_5": 0.2911, "map_at_10": 0.30258, "map_at_20": 0.3065, "map_at_100": 0.31132, "map_at_200": 0.31186, "map_at_300": 0.31203, "map_at_500": 0.31221, "map_at_1000": 0.31234, "recall_at_1": 0.21771, "recall_at_3": 0.34322, "recall_at_5": 0.40558, "recall_at_10": 0.4827, "recall_at_20": 0.53547, "recall_at_100": 0.70956, "recall_at_200": 0.76938, "recall_at_300": 0.80036, "recall_at_500": 0.84756, "recall_at_1000": 0.91424, "precision_at_1": 0.24214, "precision_at_3": 0.12939, "precision_at_5": 0.09279, "precision_at_10": 0.05601, "precision_at_20": 0.03152, "precision_at_100": 0.00869, "precision_at_200": 0.00482, "precision_at_300": 0.00341, "precision_at_500": 0.00222, "precision_at_1000": 0.00121, "mrr_at_1": 0.2366, "mrr_at_3": 0.29698, "mrr_at_5": 0.30872, "mrr_at_10": 0.32008, "mrr_at_20": 0.32471, "mrr_at_100": 0.32904, "mrr_at_200": 0.32945, "mrr_at_300": 0.32956, "mrr_at_500": 0.32968, "mrr_at_1000": 0.32976, "rc_at_1": {"relevant": 0.0, "distractor": 0.0}, "rc_at_3": {"relevant": 0.0, "distractor": 0.0}, "rc_at_5": {"relevant": 0.0, "distractor": 0.0}, "rc_at_10": {"relevant": 0.0, "distractor": 0.0}, "rc_at_20": {"relevant": 0.0, "distractor": 0.0}, "rc_at_100": {"relevant": 0.0, "distractor": 0.0}, "rc_at_200": {"relevant": 0.0, "distractor": 0.0}, "rc_at_300": {"relevant": 0.0, "distractor": 0.0}, "rc_at_500": {"relevant": 0.0, "distractor": 0.0}, "rc_at_1000": {"relevant": 0.0, "distractor": 0.0}}