{"ndcg_at_1": 0.49125, "ndcg_at_3": 0.39639, "ndcg_at_5": 0.36805, "ndcg_at_10": 0.35117, "ndcg_at_20": 0.34276, "ndcg_at_100": 0.38419, "ndcg_at_200": 0.41057, "ndcg_at_300": 0.42288, "ndcg_at_500": 0.43743, "ndcg_at_1000": 0.45714, "map_at_1": 0.07668, "map_at_3": 0.11332, "map_at_5": 0.12979, "map_at_10": 0.15542, "map_at_20": 0.17812, "map_at_100": 0.21232, "map_at_200": 0.21893, "map_at_300": 0.22116, "map_at_500": 0.22325, "map_at_1000": 0.22532, "recall_at_1": 0.07668, "recall_at_3": 0.12408, "recall_at_5": 0.15422, "recall_at_10": 0.21028, "recall_at_20": 0.27122, "recall_at_100": 0.43853, "recall_at_200": 0.51703, "recall_at_300": 0.55637, "recall_at_500": 0.60814, "recall_at_1000": 0.67945, "precision_at_1": 0.5875, "precision_at_3": 0.41667, "precision_at_5": 0.349, "precision_at_10": 0.276, "precision_at_20": 0.20562, "precision_at_100": 0.08548, "precision_at_200": 0.05479, "precision_at_300": 0.04114, "precision_at_500": 0.02868, "precision_at_1000": 0.0176, "mrr_at_1": 0.5875, "mrr_at_3": 0.65083, "mrr_at_5": 0.66146, "mrr_at_10": 0.6713, "mrr_at_20": 0.67445, "mrr_at_100": 0.67568, "mrr_at_200": 0.67578, "mrr_at_300": 0.67579, "mrr_at_500": 0.67581, "mrr_at_1000": 0.67581, "rc_at_1": {"relevant": 0.0, "distractor": 0.0}, "rc_at_3": {"relevant": 0.0, "distractor": 0.0}, "rc_at_5": {"relevant": 0.0, "distractor": 0.0}, "rc_at_10": {"relevant": 0.0, "distractor": 0.0}, "rc_at_20": {"relevant": 0.0, "distractor": 0.0}, "rc_at_100": {"relevant": 0.0, "distractor": 0.0}, "rc_at_200": {"relevant": 0.0, "distractor": 0.0}, "rc_at_300": {"relevant": 0.0, "distractor": 0.0}, "rc_at_500": {"relevant": 0.0, "distractor": 0.0}, "rc_at_1000": {"relevant": 0.0, "distractor": 0.0}}