{"ndcg_at_1": 0.15152, "ndcg_at_3": 0.12467, "ndcg_at_5": 0.13536, "ndcg_at_10": 0.14706, "ndcg_at_20": 0.15789, "ndcg_at_100": 0.1787, "ndcg_at_200": 0.18677, "ndcg_at_300": 0.19128, "ndcg_at_500": 0.19692, "ndcg_at_1000": 0.20394, "map_at_1": 0.07576, "map_at_3": 0.09869, "map_at_5": 0.10438, "map_at_10": 0.10907, "map_at_20": 0.11205, "map_at_100": 0.11484, "map_at_200": 0.11529, "map_at_300": 0.11546, "map_at_500": 0.1156, "map_at_1000": 0.11571, "recall_at_1": 0.07576, "recall_at_3": 0.12039, "recall_at_5": 0.14153, "recall_at_10": 0.1711, "recall_at_20": 0.20601, "recall_at_100": 0.29959, "recall_at_200": 0.34666, "recall_at_300": 0.37589, "recall_at_500": 0.41546, "recall_at_1000": 0.46962, "precision_at_1": 0.15152, "precision_at_3": 0.08026, "precision_at_5": 0.05661, "precision_at_10": 0.03422, "precision_at_20": 0.0206, "precision_at_100": 0.00599, "precision_at_200": 0.00347, "precision_at_300": 0.00251, "precision_at_500": 0.00166, "precision_at_1000": 0.00094, "mrr_at_1": 0.14922, "mrr_at_3": 0.18116, "mrr_at_5": 0.18891, "mrr_at_10": 0.19524, "mrr_at_20": 0.19892, "mrr_at_100": 0.20216, "mrr_at_200": 0.20261, "mrr_at_300": 0.20276, "mrr_at_500": 0.20289, "mrr_at_1000": 0.20298, "rc_at_1": {"relevant": 0.0, "distractor": 0.0}, "rc_at_3": {"relevant": 0.0, "distractor": 0.0}, "rc_at_5": {"relevant": 0.0, "distractor": 0.0}, "rc_at_10": {"relevant": 0.0, "distractor": 0.0}, "rc_at_20": {"relevant": 0.0, "distractor": 0.0}, "rc_at_100": {"relevant": 0.0, "distractor": 0.0}, "rc_at_200": {"relevant": 0.0, "distractor": 0.0}, "rc_at_300": {"relevant": 0.0, "distractor": 0.0}, "rc_at_500": {"relevant": 0.0, "distractor": 0.0}, "rc_at_1000": {"relevant": 0.0, "distractor": 0.0}}