{"ndcg_at_1": 0.32429, "ndcg_at_3": 0.39604, "ndcg_at_5": 0.41924, "ndcg_at_10": 0.44821, "ndcg_at_20": 0.46757, "ndcg_at_100": 0.4973, "ndcg_at_200": 0.50375, "ndcg_at_300": 0.50757, "ndcg_at_500": 0.51034, "ndcg_at_1000": 0.51311, "map_at_1": 0.30312, "map_at_3": 0.36955, "map_at_5": 0.3837, "map_at_10": 0.39649, "map_at_20": 0.40222, "map_at_100": 0.4068, "map_at_200": 0.40718, "map_at_300": 0.40733, "map_at_500": 0.4074, "map_at_1000": 0.40745, "recall_at_1": 0.30312, "recall_at_3": 0.44622, "recall_at_5": 0.50197, "recall_at_10": 0.58745, "recall_at_20": 0.65978, "recall_at_100": 0.8099, "recall_at_200": 0.85286, "recall_at_300": 0.88136, "recall_at_500": 0.90344, "recall_at_1000": 0.92697, "precision_at_1": 0.32429, "precision_at_3": 0.16648, "precision_at_5": 0.11367, "precision_at_10": 0.06791, "precision_at_20": 0.03853, "precision_at_100": 0.00971, "precision_at_200": 0.00515, "precision_at_300": 0.00356, "precision_at_500": 0.0022, "precision_at_1000": 0.00114, "mrr_at_1": 0.32655, "mrr_at_3": 0.39303, "mrr_at_5": 0.40507, "mrr_at_10": 0.41679, "mrr_at_20": 0.42167, "mrr_at_100": 0.42554, "mrr_at_200": 0.42584, "mrr_at_300": 0.42594, "mrr_at_500": 0.42598, "mrr_at_1000": 0.42602, "rc_at_1": {"relevant": 0.0, "distractor": 0.0}, "rc_at_3": {"relevant": 0.0, "distractor": 0.0}, "rc_at_5": {"relevant": 0.0, "distractor": 0.0}, "rc_at_10": {"relevant": 0.0, "distractor": 0.0}, "rc_at_20": {"relevant": 0.0, "distractor": 0.0}, "rc_at_100": {"relevant": 0.0, "distractor": 0.0}, "rc_at_200": {"relevant": 0.0, "distractor": 0.0}, "rc_at_300": {"relevant": 0.0, "distractor": 0.0}, "rc_at_500": {"relevant": 0.0, "distractor": 0.0}, "rc_at_1000": {"relevant": 0.0, "distractor": 0.0}}