{"ndcg_at_1": 0.5162, "ndcg_at_3": 0.60307, "ndcg_at_5": 0.62482, "ndcg_at_10": 0.6434, "ndcg_at_20": 0.65517, "ndcg_at_100": 0.66997, "ndcg_at_200": 0.67341, "ndcg_at_300": 0.67494, "ndcg_at_500": 0.67635, "ndcg_at_1000": 0.67785, "map_at_1": 0.47773, "map_at_3": 0.56656, "map_at_5": 0.57967, "map_at_10": 0.5878, "map_at_20": 0.59119, "map_at_100": 0.59346, "map_at_200": 0.59367, "map_at_300": 0.59373, "map_at_500": 0.59377, "map_at_1000": 0.59379, "recall_at_1": 0.47773, "recall_at_3": 0.66946, "recall_at_5": 0.72362, "recall_at_10": 0.77999, "recall_at_20": 0.82458, "recall_at_100": 0.89914, "recall_at_200": 0.92206, "recall_at_300": 0.93294, "recall_at_500": 0.94393, "recall_at_1000": 0.95632, "precision_at_1": 0.5162, "precision_at_3": 0.24282, "precision_at_5": 0.15785, "precision_at_10": 0.08543, "precision_at_20": 0.04546, "precision_at_100": 0.01008, "precision_at_200": 0.0052, "precision_at_300": 0.00352, "precision_at_500": 0.00215, "precision_at_1000": 0.00109, "mrr_at_1": 0.5162, "mrr_at_3": 0.60469, "mrr_at_5": 0.61677, "mrr_at_10": 0.62446, "mrr_at_20": 0.62754, "mrr_at_100": 0.62937, "mrr_at_200": 0.62951, "mrr_at_300": 0.62955, "mrr_at_500": 0.62957, "mrr_at_1000": 0.62958, "rc_at_1": {"relevant": 0.0, "distractor": 0.0}, "rc_at_3": {"relevant": 0.0, "distractor": 0.0}, "rc_at_5": {"relevant": 0.0, "distractor": 0.0}, "rc_at_10": {"relevant": 0.0, "distractor": 0.0}, "rc_at_20": {"relevant": 0.0, "distractor": 0.0}, "rc_at_100": {"relevant": 0.0, "distractor": 0.0}, "rc_at_200": {"relevant": 0.0, "distractor": 0.0}, "rc_at_300": {"relevant": 0.0, "distractor": 0.0}, "rc_at_500": {"relevant": 0.0, "distractor": 0.0}, "rc_at_1000": {"relevant": 0.0, "distractor": 0.0}}