{"ndcg_at_1": 0.47692, "ndcg_at_3": 0.36545, "ndcg_at_5": 0.31847, "ndcg_at_10": 0.26037, "ndcg_at_20": 0.3053, "ndcg_at_100": 0.3994, "ndcg_at_200": 0.42414, "ndcg_at_300": 0.43695, "ndcg_at_500": 0.44681, "ndcg_at_1000": 0.46244, "map_at_1": 0.04769, "map_at_3": 0.09154, "map_at_5": 0.11754, "map_at_10": 0.15032, "map_at_20": 0.1739, "map_at_100": 0.20137, "map_at_200": 0.20513, "map_at_300": 0.20635, "map_at_500": 0.20704, "map_at_1000": 0.20765, "recall_at_1": 0.04769, "recall_at_3": 0.1, "recall_at_5": 0.13846, "recall_at_10": 0.21385, "recall_at_20": 0.29385, "recall_at_100": 0.52769, "recall_at_200": 0.60769, "recall_at_300": 0.65385, "recall_at_500": 0.69231, "recall_at_1000": 0.76, "precision_at_1": 0.47692, "precision_at_3": 0.33333, "precision_at_5": 0.27692, "precision_at_10": 0.21385, "precision_at_20": 0.14692, "precision_at_100": 0.05277, "precision_at_200": 0.03038, "precision_at_300": 0.02179, "precision_at_500": 0.01385, "precision_at_1000": 0.0076, "mrr_at_1": 0.47692, "mrr_at_3": 0.53077, "mrr_at_5": 0.54231, "mrr_at_10": 0.55433, "mrr_at_20": 0.56029, "mrr_at_100": 0.56457, "mrr_at_200": 0.56465, "mrr_at_300": 0.56465, "mrr_at_500": 0.56465, "mrr_at_1000": 0.56465, "rc_at_1": {"relevant": 0.47692, "distractor": 0.46154}, "rc_at_3": {"relevant": 1.0, "distractor": 1.8}, "rc_at_5": {"relevant": 1.38462, "distractor": 3.23077}, "rc_at_10": {"relevant": 2.13846, "distractor": 6.78462}, "rc_at_20": {"relevant": 2.93846, "distractor": 13.50769}, "rc_at_100": {"relevant": 5.27692, "distractor": 44.73846}, "rc_at_200": {"relevant": 6.07692, "distractor": 58.03077}, "rc_at_300": {"relevant": 6.53846, "distractor": 64.46154}, "rc_at_500": {"relevant": 6.92308, "distractor": 70.63077}, "rc_at_1000": {"relevant": 7.6, "distractor": 78.55385}}