{"ndcg_at_1": 0.81338, "ndcg_at_3": 0.85515, "ndcg_at_5": 0.86466, "ndcg_at_10": 0.87134, "ndcg_at_20": 0.87501, "ndcg_at_100": 0.87892, "ndcg_at_200": 0.87975, "ndcg_at_300": 0.88009, "ndcg_at_500": 0.88054, "ndcg_at_1000": 0.88097, "map_at_1": 0.7552, "map_at_3": 0.82471, "map_at_5": 0.83172, "map_at_10": 0.83532, "map_at_20": 0.8366, "map_at_100": 0.83743, "map_at_200": 0.8375, "map_at_300": 0.83752, "map_at_500": 0.83754, "map_at_1000": 0.83755, "recall_at_1": 0.7552, "recall_at_3": 0.89164, "recall_at_5": 0.91677, "recall_at_10": 0.93672, "recall_at_20": 0.9496, "recall_at_100": 0.96673, "recall_at_200": 0.97132, "recall_at_300": 0.9733, "recall_at_500": 0.97629, "recall_at_1000": 0.97944, "precision_at_1": 0.81338, "precision_at_3": 0.32548, "precision_at_5": 0.20177, "precision_at_10": 0.10389, "precision_at_20": 0.05304, "precision_at_100": 0.01097, "precision_at_200": 0.00554, "precision_at_300": 0.00371, "precision_at_500": 0.00224, "precision_at_1000": 0.00113, "mrr_at_1": 0.81338, "mrr_at_3": 0.87429, "mrr_at_5": 0.87926, "mrr_at_10": 0.88139, "mrr_at_20": 0.88205, "mrr_at_100": 0.88224, "mrr_at_200": 0.88225, "mrr_at_300": 0.88225, "mrr_at_500": 0.88225, "mrr_at_1000": 0.88225, "rc_at_1": {"relevant": 0.0, "distractor": 0.0}, "rc_at_3": {"relevant": 0.0, "distractor": 0.0}, "rc_at_5": {"relevant": 0.0, "distractor": 0.0}, "rc_at_10": {"relevant": 0.0, "distractor": 0.0}, "rc_at_20": {"relevant": 0.0, "distractor": 0.0}, "rc_at_100": {"relevant": 0.0, "distractor": 0.0}, "rc_at_200": {"relevant": 0.0, "distractor": 0.0}, "rc_at_300": {"relevant": 0.0, "distractor": 0.0}, "rc_at_500": {"relevant": 0.0, "distractor": 0.0}, "rc_at_1000": {"relevant": 0.0, "distractor": 0.0}}