{"ndcg_at_1": 0.12727, "ndcg_at_3": 0.14545, "ndcg_at_5": 0.12263, "ndcg_at_10": 0.10654, "ndcg_at_20": 0.14649, "ndcg_at_100": 0.21473, "ndcg_at_200": 0.24552, "ndcg_at_300": 0.25917, "ndcg_at_500": 0.28001, "ndcg_at_1000": 0.31042, "map_at_1": 0.01273, "map_at_3": 0.0303, "map_at_5": 0.03548, "map_at_10": 0.04517, "map_at_20": 0.05943, "map_at_100": 0.07596, "map_at_200": 0.0795, "map_at_300": 0.08057, "map_at_500": 0.0817, "map_at_1000": 0.08292, "recall_at_1": 0.01273, "recall_at_3": 0.04545, "recall_at_5": 0.05818, "recall_at_10": 0.09636, "recall_at_20": 0.16909, "recall_at_100": 0.34182, "recall_at_200": 0.44182, "recall_at_300": 0.49091, "recall_at_500": 0.57273, "recall_at_1000": 0.70364, "precision_at_1": 0.12727, "precision_at_3": 0.15152, "precision_at_5": 0.11636, "precision_at_10": 0.09636, "precision_at_20": 0.08455, "precision_at_100": 0.03418, "precision_at_200": 0.02209, "precision_at_300": 0.01636, "precision_at_500": 0.01145, "precision_at_1000": 0.00704, "mrr_at_1": 0.21818, "mrr_at_3": 0.27576, "mrr_at_5": 0.31303, "mrr_at_10": 0.31707, "mrr_at_20": 0.32571, "mrr_at_100": 0.33018, "mrr_at_200": 0.33062, "mrr_at_300": 0.33078, "mrr_at_500": 0.33078, "mrr_at_1000": 0.3308, "rc_at_1": {"relevant": 0.21818, "distractor": 0.47273}, "rc_at_3": {"relevant": 0.47273, "distractor": 1.32727}, "rc_at_5": {"relevant": 0.72727, "distractor": 2.25455}, "rc_at_10": {"relevant": 1.07273, "distractor": 4.25455}, "rc_at_20": {"relevant": 1.81818, "distractor": 7.63636}, "rc_at_100": {"relevant": 3.61818, "distractor": 23.25455}, "rc_at_200": {"relevant": 4.58182, "distractor": 32.63636}, "rc_at_300": {"relevant": 5.09091, "distractor": 38.32727}, "rc_at_500": {"relevant": 5.98182, "distractor": 45.83636}, "rc_at_1000": {"relevant": 7.07273, "distractor": 58.27273}}