{"ndcg_at_1": 0.10909, "ndcg_at_3": 0.10909, "ndcg_at_5": 0.09662, "ndcg_at_10": 0.09071, "ndcg_at_20": 0.12307, "ndcg_at_100": 0.17664, "ndcg_at_200": 0.19766, "ndcg_at_300": 0.21029, "ndcg_at_500": 0.22155, "ndcg_at_1000": 0.24951, "map_at_1": 0.01091, "map_at_3": 0.02152, "map_at_5": 0.02524, "map_at_10": 0.03392, "map_at_20": 0.04478, "map_at_100": 0.0574, "map_at_200": 0.05974, "map_at_300": 0.06068, "map_at_500": 0.06127, "map_at_1000": 0.06214, "recall_at_1": 0.01091, "recall_at_3": 0.03273, "recall_at_5": 0.04545, "recall_at_10": 0.08545, "recall_at_20": 0.14364, "recall_at_100": 0.28, "recall_at_200": 0.34909, "recall_at_300": 0.39455, "recall_at_500": 0.43818, "recall_at_1000": 0.56, "precision_at_1": 0.10909, "precision_at_3": 0.10909, "precision_at_5": 0.09091, "precision_at_10": 0.08545, "precision_at_20": 0.07182, "precision_at_100": 0.028, "precision_at_200": 0.01745, "precision_at_300": 0.01315, "precision_at_500": 0.00876, "precision_at_1000": 0.0056, "mrr_at_1": 0.16364, "mrr_at_3": 0.22727, "mrr_at_5": 0.26273, "mrr_at_10": 0.28294, "mrr_at_20": 0.28732, "mrr_at_100": 0.29032, "mrr_at_200": 0.29047, "mrr_at_300": 0.29062, "mrr_at_500": 0.29071, "mrr_at_1000": 0.29074, "rc_at_1": {"relevant": 0.16364, "distractor": 0.56364}, "rc_at_3": {"relevant": 0.38182, "distractor": 1.54545}, "rc_at_5": {"relevant": 0.58182, "distractor": 2.54545}, "rc_at_10": {"relevant": 1.07273, "distractor": 4.38182}, "rc_at_20": {"relevant": 1.49091, "distractor": 7.94545}, "rc_at_100": {"relevant": 3.21818, "distractor": 21.0}, "rc_at_200": {"relevant": 4.07273, "distractor": 27.2}, "rc_at_300": {"relevant": 4.34545, "distractor": 30.4}, "rc_at_500": {"relevant": 4.81818, "distractor": 35.8}, "rc_at_1000": {"relevant": 5.6, "distractor": 44.09091}}