{"ndcg_at_1": 0.17631, "ndcg_at_3": 0.20596, "ndcg_at_5": 0.21829, "ndcg_at_10": 0.23383, "ndcg_at_20": 0.25208, "ndcg_at_100": 0.28085, "ndcg_at_200": 0.29135, "ndcg_at_300": 0.29747, "ndcg_at_500": 0.30541, "ndcg_at_1000": 0.31218, "map_at_1": 0.15456, "map_at_3": 0.1887, "map_at_5": 0.19655, "map_at_10": 0.2033, "map_at_20": 0.20821, "map_at_100": 0.21238, "map_at_200": 0.21298, "map_at_300": 0.21322, "map_at_500": 0.21342, "map_at_1000": 0.21352, "recall_at_1": 0.15456, "recall_at_3": 0.22742, "recall_at_5": 0.25853, "recall_at_10": 0.30371, "recall_at_20": 0.37284, "recall_at_100": 0.5163, "recall_at_200": 0.58306, "recall_at_300": 0.62724, "recall_at_500": 0.68846, "recall_at_1000": 0.74683, "precision_at_1": 0.17631, "precision_at_3": 0.08986, "precision_at_5": 0.06231, "precision_at_10": 0.03769, "precision_at_20": 0.02323, "precision_at_100": 0.00675, "precision_at_200": 0.00393, "precision_at_300": 0.00285, "precision_at_500": 0.0019, "precision_at_1000": 0.00105, "mrr_at_1": 0.17631, "mrr_at_3": 0.21222, "mrr_at_5": 0.22038, "mrr_at_10": 0.22751, "mrr_at_20": 0.23297, "mrr_at_100": 0.23679, "mrr_at_200": 0.23732, "mrr_at_300": 0.23747, "mrr_at_500": 0.23762, "mrr_at_1000": 0.2377, "rc_at_1": {"relevant": 0.0, "distractor": 0.0}, "rc_at_3": {"relevant": 0.0, "distractor": 0.0}, "rc_at_5": {"relevant": 0.0, "distractor": 0.0}, "rc_at_10": {"relevant": 0.0, "distractor": 0.0}, "rc_at_20": {"relevant": 0.0, "distractor": 0.0}, "rc_at_100": {"relevant": 0.0, "distractor": 0.0}, "rc_at_200": {"relevant": 0.0, "distractor": 0.0}, "rc_at_300": {"relevant": 0.0, "distractor": 0.0}, "rc_at_500": {"relevant": 0.0, "distractor": 0.0}, "rc_at_1000": {"relevant": 0.0, "distractor": 0.0}}