{"ndcg_at_1": 0.34545, "ndcg_at_3": 0.26938, "ndcg_at_5": 0.25122, "ndcg_at_10": 0.20318, "ndcg_at_20": 0.25938, "ndcg_at_100": 0.39647, "ndcg_at_200": 0.42229, "ndcg_at_300": 0.43235, "ndcg_at_500": 0.44163, "ndcg_at_1000": 0.45174, "map_at_1": 0.03455, "map_at_3": 0.06455, "map_at_5": 0.08491, "map_at_10": 0.10626, "map_at_20": 0.13082, "map_at_100": 0.17418, "map_at_200": 0.1783, "map_at_300": 0.17948, "map_at_500": 0.18019, "map_at_1000": 0.18067, "recall_at_1": 0.03455, "recall_at_3": 0.07455, "recall_at_5": 0.11455, "recall_at_10": 0.17091, "recall_at_20": 0.27273, "recall_at_100": 0.60727, "recall_at_200": 0.69091, "recall_at_300": 0.72727, "recall_at_500": 0.76364, "recall_at_1000": 0.80727, "precision_at_1": 0.34545, "precision_at_3": 0.24848, "precision_at_5": 0.22909, "precision_at_10": 0.17091, "precision_at_20": 0.13636, "precision_at_100": 0.06073, "precision_at_200": 0.03455, "precision_at_300": 0.02424, "precision_at_500": 0.01527, "precision_at_1000": 0.00807, "mrr_at_1": 0.34545, "mrr_at_3": 0.40909, "mrr_at_5": 0.44273, "mrr_at_10": 0.45889, "mrr_at_20": 0.465, "mrr_at_100": 0.46878, "mrr_at_200": 0.46892, "mrr_at_300": 0.46892, "mrr_at_500": 0.46892, "mrr_at_1000": 0.46892, "rc_at_1": {"relevant": 0.34545, "distractor": 0.63636}, "rc_at_3": {"relevant": 0.74545, "distractor": 2.09091}, "rc_at_5": {"relevant": 1.14545, "distractor": 3.50909}, "rc_at_10": {"relevant": 1.70909, "distractor": 7.18182}, "rc_at_20": {"relevant": 2.72727, "distractor": 14.01818}, "rc_at_100": {"relevant": 6.07273, "distractor": 45.8}, "rc_at_200": {"relevant": 6.90909, "distractor": 56.47273}, "rc_at_300": {"relevant": 7.27273, "distractor": 61.09091}, "rc_at_500": {"relevant": 7.63636, "distractor": 66.14545}, "rc_at_1000": {"relevant": 8.07273, "distractor": 71.89091}}