{"ndcg_at_1": 0.1693, "ndcg_at_3": 0.21523, "ndcg_at_5": 0.23401, "ndcg_at_10": 0.25957, "ndcg_at_20": 0.2809, "ndcg_at_100": 0.31968, "ndcg_at_200": 0.33113, "ndcg_at_300": 0.33674, "ndcg_at_500": 0.34362, "ndcg_at_1000": 0.35039, "map_at_1": 0.13941, "map_at_3": 0.18834, "map_at_5": 0.20044, "map_at_10": 0.21218, "map_at_20": 0.21859, "map_at_100": 0.22438, "map_at_200": 0.22511, "map_at_300": 0.22535, "map_at_500": 0.22557, "map_at_1000": 0.22571, "recall_at_1": 0.13941, "recall_at_3": 0.24691, "recall_at_5": 0.29488, "recall_at_10": 0.37105, "recall_at_20": 0.44946, "recall_at_100": 0.6421, "recall_at_200": 0.71493, "recall_at_300": 0.75372, "recall_at_500": 0.80535, "recall_at_1000": 0.86009, "precision_at_1": 0.1693, "precision_at_3": 0.10266, "precision_at_5": 0.07557, "precision_at_10": 0.04917, "precision_at_20": 0.03075, "precision_at_100": 0.00943, "precision_at_200": 0.00539, "precision_at_300": 0.00386, "precision_at_500": 0.00253, "precision_at_1000": 0.00139, "mrr_at_1": 0.1693, "mrr_at_3": 0.2219, "mrr_at_5": 0.23463, "mrr_at_10": 0.24522, "mrr_at_20": 0.25098, "mrr_at_100": 0.25585, "mrr_at_200": 0.25633, "mrr_at_300": 0.25648, "mrr_at_500": 0.25661, "mrr_at_1000": 0.25667, "rc_at_1": {"relevant": 0.0, "distractor": 0.0}, "rc_at_3": {"relevant": 0.0, "distractor": 0.0}, "rc_at_5": {"relevant": 0.0, "distractor": 0.0}, "rc_at_10": {"relevant": 0.0, "distractor": 0.0}, "rc_at_20": {"relevant": 0.0, "distractor": 0.0}, "rc_at_100": {"relevant": 0.0, "distractor": 0.0}, "rc_at_200": {"relevant": 0.0, "distractor": 0.0}, "rc_at_300": {"relevant": 0.0, "distractor": 0.0}, "rc_at_500": {"relevant": 0.0, "distractor": 0.0}, "rc_at_1000": {"relevant": 0.0, "distractor": 0.0}}