{"ndcg_at_1": 0.32308, "ndcg_at_3": 0.22965, "ndcg_at_5": 0.20212, "ndcg_at_10": 0.17529, "ndcg_at_20": 0.21244, "ndcg_at_100": 0.29282, "ndcg_at_200": 0.32086, "ndcg_at_300": 0.3345, "ndcg_at_500": 0.34592, "ndcg_at_1000": 0.35987, "map_at_1": 0.03231, "map_at_3": 0.05462, "map_at_5": 0.06831, "map_at_10": 0.09106, "map_at_20": 0.10626, "map_at_100": 0.126, "map_at_200": 0.12983, "map_at_300": 0.131, "map_at_500": 0.13178, "map_at_1000": 0.13235, "recall_at_1": 0.03231, "recall_at_3": 0.06154, "recall_at_5": 0.08769, "recall_at_10": 0.15077, "recall_at_20": 0.21692, "recall_at_100": 0.41538, "recall_at_200": 0.50615, "recall_at_300": 0.55538, "recall_at_500": 0.6, "recall_at_1000": 0.66, "precision_at_1": 0.32308, "precision_at_3": 0.20513, "precision_at_5": 0.17538, "precision_at_10": 0.15077, "precision_at_20": 0.10846, "precision_at_100": 0.04154, "precision_at_200": 0.02531, "precision_at_300": 0.01851, "precision_at_500": 0.012, "precision_at_1000": 0.0066, "mrr_at_1": 0.32308, "mrr_at_3": 0.36667, "mrr_at_5": 0.38744, "mrr_at_10": 0.417, "mrr_at_20": 0.42406, "mrr_at_100": 0.42638, "mrr_at_200": 0.42662, "mrr_at_300": 0.4267, "mrr_at_500": 0.4267, "mrr_at_1000": 0.42672, "rc_at_1": {"relevant": 0.32308, "distractor": 0.50769}, "rc_at_3": {"relevant": 0.61538, "distractor": 1.75385}, "rc_at_5": {"relevant": 0.87692, "distractor": 2.90769}, "rc_at_10": {"relevant": 1.50769, "distractor": 5.58462}, "rc_at_20": {"relevant": 2.16923, "distractor": 10.86154}, "rc_at_100": {"relevant": 4.15385, "distractor": 34.83077}, "rc_at_200": {"relevant": 5.06154, "distractor": 44.53846}, "rc_at_300": {"relevant": 5.55385, "distractor": 50.16923}, "rc_at_500": {"relevant": 6.0, "distractor": 56.09231}, "rc_at_1000": {"relevant": 6.6, "distractor": 63.24615}}