{"ndcg_at_1": 0.43077, "ndcg_at_3": 0.33468, "ndcg_at_5": 0.29981, "ndcg_at_10": 0.24348, "ndcg_at_20": 0.31375, "ndcg_at_100": 0.47815, "ndcg_at_200": 0.52833, "ndcg_at_300": 0.53436, "ndcg_at_500": 0.53991, "ndcg_at_1000": 0.5442, "map_at_1": 0.04308, "map_at_3": 0.08051, "map_at_5": 0.10344, "map_at_10": 0.13352, "map_at_20": 0.16994, "map_at_100": 0.21844, "map_at_200": 0.22844, "map_at_300": 0.2292, "map_at_500": 0.22972, "map_at_1000": 0.22995, "recall_at_1": 0.04308, "recall_at_3": 0.09231, "recall_at_5": 0.13385, "recall_at_10": 0.20308, "recall_at_20": 0.32923, "recall_at_100": 0.75231, "recall_at_200": 0.91231, "recall_at_300": 0.93385, "recall_at_500": 0.95538, "recall_at_1000": 0.97385, "precision_at_1": 0.43077, "precision_at_3": 0.30769, "precision_at_5": 0.26769, "precision_at_10": 0.20308, "precision_at_20": 0.16462, "precision_at_100": 0.07523, "precision_at_200": 0.04562, "precision_at_300": 0.03113, "precision_at_500": 0.01911, "precision_at_1000": 0.00974, "mrr_at_1": 0.43077, "mrr_at_3": 0.50256, "mrr_at_5": 0.52333, "mrr_at_10": 0.53385, "mrr_at_20": 0.54661, "mrr_at_100": 0.54823, "mrr_at_200": 0.54823, "mrr_at_300": 0.54823, "mrr_at_500": 0.54823, "mrr_at_1000": 0.54823, "rc_at_1": {"relevant": 0.43077, "distractor": 0.56923}, "rc_at_3": {"relevant": 0.92308, "distractor": 2.06154}, "rc_at_5": {"relevant": 1.33846, "distractor": 3.63077}, "rc_at_10": {"relevant": 2.03077, "distractor": 7.86154}, "rc_at_20": {"relevant": 3.29231, "distractor": 16.23077}, "rc_at_100": {"relevant": 7.52308, "distractor": 76.29231}, "rc_at_200": {"relevant": 9.12308, "distractor": 90.30769}, "rc_at_300": {"relevant": 9.33846, "distractor": 92.92308}, "rc_at_500": {"relevant": 9.55385, "distractor": 94.67692}, "rc_at_1000": {"relevant": 9.73846, "distractor": 96.35385}}