{"ndcg_at_1": 0.27345, "ndcg_at_3": 0.33713, "ndcg_at_5": 0.36136, "ndcg_at_10": 0.38716, "ndcg_at_20": 0.40803, "ndcg_at_100": 0.43729, "ndcg_at_200": 0.4472, "ndcg_at_300": 0.45189, "ndcg_at_500": 0.45578, "ndcg_at_1000": 0.46029, "map_at_1": 0.25327, "map_at_3": 0.31273, "map_at_5": 0.3271, "map_at_10": 0.33856, "map_at_20": 0.34452, "map_at_100": 0.34901, "map_at_200": 0.34958, "map_at_300": 0.34975, "map_at_500": 0.34985, "map_at_1000": 0.34992, "recall_at_1": 0.25327, "recall_at_3": 0.3829, "recall_at_5": 0.44087, "recall_at_10": 0.51825, "recall_at_20": 0.5974, "recall_at_100": 0.7449, "recall_at_200": 0.81193, "recall_at_300": 0.84684, "recall_at_500": 0.87751, "recall_at_1000": 0.91768, "precision_at_1": 0.27345, "precision_at_3": 0.14237, "precision_at_5": 0.09966, "precision_at_10": 0.05932, "precision_at_20": 0.03463, "precision_at_100": 0.00882, "precision_at_200": 0.00484, "precision_at_300": 0.00339, "precision_at_500": 0.00212, "precision_at_1000": 0.00111, "mrr_at_1": 0.26893, "mrr_at_3": 0.33239, "mrr_at_5": 0.34556, "mrr_at_10": 0.35626, "mrr_at_20": 0.36146, "mrr_at_100": 0.36566, "mrr_at_200": 0.36612, "mrr_at_300": 0.36626, "mrr_at_500": 0.36633, "mrr_at_1000": 0.36638, "rc_at_1": {"relevant": 0.0, "distractor": 0.0}, "rc_at_3": {"relevant": 0.0, "distractor": 0.0}, "rc_at_5": {"relevant": 0.0, "distractor": 0.0}, "rc_at_10": {"relevant": 0.0, "distractor": 0.0}, "rc_at_20": {"relevant": 0.0, "distractor": 0.0}, "rc_at_100": {"relevant": 0.0, "distractor": 0.0}, "rc_at_200": {"relevant": 0.0, "distractor": 0.0}, "rc_at_300": {"relevant": 0.0, "distractor": 0.0}, "rc_at_500": {"relevant": 0.0, "distractor": 0.0}, "rc_at_1000": {"relevant": 0.0, "distractor": 0.0}}