{"ndcg_at_1": 0.36997, "ndcg_at_3": 0.31959, "ndcg_at_5": 0.3019, "ndcg_at_10": 0.2711, "ndcg_at_20": 0.25196, "ndcg_at_100": 0.25503, "ndcg_at_200": 0.27208, "ndcg_at_300": 0.28575, "ndcg_at_500": 0.30749, "ndcg_at_1000": 0.34597, "map_at_1": 0.03611, "map_at_3": 0.06621, "map_at_5": 0.0802, "map_at_10": 0.09207, "map_at_20": 0.10144, "map_at_100": 0.11559, "map_at_200": 0.11965, "map_at_300": 0.12182, "map_at_500": 0.12431, "map_at_1000": 0.12748, "recall_at_1": 0.03611, "recall_at_3": 0.07848, "recall_at_5": 0.10985, "recall_at_10": 0.13455, "recall_at_20": 0.16849, "recall_at_100": 0.27467, "recall_at_200": 0.33886, "recall_at_300": 0.38075, "recall_at_500": 0.45283, "recall_at_1000": 0.59032, "precision_at_1": 0.387, "precision_at_3": 0.30134, "precision_at_5": 0.26006, "precision_at_10": 0.1969, "precision_at_20": 0.14427, "precision_at_100": 0.06353, "precision_at_200": 0.04289, "precision_at_300": 0.03465, "precision_at_500": 0.02662, "precision_at_1000": 0.01873, "mrr_at_1": 0.39938, "mrr_at_3": 0.45872, "mrr_at_5": 0.47033, "mrr_at_10": 0.4815, "mrr_at_20": 0.48456, "mrr_at_100": 0.48761, "mrr_at_200": 0.4879, "mrr_at_300": 0.48794, "mrr_at_500": 0.48803, "mrr_at_1000": 0.48808, "rc_at_1": {"relevant": 0.0, "distractor": 0.0}, "rc_at_3": {"relevant": 0.0, "distractor": 0.0}, "rc_at_5": {"relevant": 0.0, "distractor": 0.0}, "rc_at_10": {"relevant": 0.0, "distractor": 0.0}, "rc_at_20": {"relevant": 0.0, "distractor": 0.0}, "rc_at_100": {"relevant": 0.0, "distractor": 0.0}, "rc_at_200": {"relevant": 0.0, "distractor": 0.0}, "rc_at_300": {"relevant": 0.0, "distractor": 0.0}, "rc_at_500": {"relevant": 0.0, "distractor": 0.0}, "rc_at_1000": {"relevant": 0.0, "distractor": 0.0}}