{"ndcg_at_1": 0.36364, "ndcg_at_3": 0.23819, "ndcg_at_5": 0.21459, "ndcg_at_10": 0.16414, "ndcg_at_20": 0.18053, "ndcg_at_100": 0.22499, "ndcg_at_200": 0.24354, "ndcg_at_300": 0.25517, "ndcg_at_500": 0.26789, "ndcg_at_1000": 0.28315, "map_at_1": 0.03636, "map_at_3": 0.05333, "map_at_5": 0.06833, "map_at_10": 0.08356, "map_at_20": 0.09142, "map_at_100": 0.1013, "map_at_200": 0.10317, "map_at_300": 0.10396, "map_at_500": 0.10456, "map_at_1000": 0.10505, "recall_at_1": 0.03636, "recall_at_3": 0.06182, "recall_at_5": 0.09273, "recall_at_10": 0.12727, "recall_at_20": 0.15636, "recall_at_100": 0.26727, "recall_at_200": 0.32727, "recall_at_300": 0.36909, "recall_at_500": 0.41818, "recall_at_1000": 0.48364, "precision_at_1": 0.36364, "precision_at_3": 0.20606, "precision_at_5": 0.18545, "precision_at_10": 0.12727, "precision_at_20": 0.07818, "precision_at_100": 0.02673, "precision_at_200": 0.01636, "precision_at_300": 0.0123, "precision_at_500": 0.00836, "precision_at_1000": 0.00484, "mrr_at_1": 0.36364, "mrr_at_3": 0.40606, "mrr_at_5": 0.43061, "mrr_at_10": 0.43623, "mrr_at_20": 0.43737, "mrr_at_100": 0.44133, "mrr_at_200": 0.44186, "mrr_at_300": 0.44193, "mrr_at_500": 0.44197, "mrr_at_1000": 0.44203, "rc_at_1": {"relevant": 0.36364, "distractor": 0.30909}, "rc_at_3": {"relevant": 0.61818, "distractor": 1.05455}, "rc_at_5": {"relevant": 0.92727, "distractor": 1.56364}, "rc_at_10": {"relevant": 1.27273, "distractor": 2.90909}, "rc_at_20": {"relevant": 1.56364, "distractor": 4.89091}, "rc_at_100": {"relevant": 2.67273, "distractor": 11.78182}, "rc_at_200": {"relevant": 3.27273, "distractor": 16.30909}, "rc_at_300": {"relevant": 3.69091, "distractor": 19.54545}, "rc_at_500": {"relevant": 4.18182, "distractor": 24.2}, "rc_at_1000": {"relevant": 4.83636, "distractor": 30.05455}}