{"ndcg_at_1": 0.33794, "ndcg_at_3": 0.39253, "ndcg_at_5": 0.40892, "ndcg_at_10": 0.43651, "ndcg_at_20": 0.45336, "ndcg_at_100": 0.48793, "ndcg_at_200": 0.4996, "ndcg_at_300": 0.50371, "ndcg_at_500": 0.50812, "ndcg_at_1000": 0.51202, "map_at_1": 0.28543, "map_at_3": 0.34929, "map_at_5": 0.36301, "map_at_10": 0.37756, "map_at_20": 0.3852, "map_at_100": 0.39222, "map_at_200": 0.3934, "map_at_300": 0.39382, "map_at_500": 0.39415, "map_at_1000": 0.39437, "recall_at_1": 0.28543, "recall_at_3": 0.41514, "recall_at_5": 0.46433, "recall_at_10": 0.54499, "recall_at_20": 0.60884, "recall_at_100": 0.78022, "recall_at_200": 0.84912, "recall_at_300": 0.87208, "recall_at_500": 0.90018, "recall_at_1000": 0.92587, "precision_at_1": 0.33794, "precision_at_3": 0.18511, "precision_at_5": 0.12885, "precision_at_10": 0.08202, "precision_at_20": 0.0502, "precision_at_100": 0.01506, "precision_at_200": 0.00896, "precision_at_300": 0.00653, "precision_at_500": 0.00431, "precision_at_1000": 0.00236, "mrr_at_1": 0.33794, "mrr_at_3": 0.4025, "mrr_at_5": 0.41377, "mrr_at_10": 0.42509, "mrr_at_20": 0.42863, "mrr_at_100": 0.43251, "mrr_at_200": 0.4329, "mrr_at_300": 0.43296, "mrr_at_500": 0.43302, "mrr_at_1000": 0.43304, "rc_at_1": {"relevant": 0.0, "distractor": 0.0}, "rc_at_3": {"relevant": 0.0, "distractor": 0.0}, "rc_at_5": {"relevant": 0.0, "distractor": 0.0}, "rc_at_10": {"relevant": 0.0, "distractor": 0.0}, "rc_at_20": {"relevant": 0.0, "distractor": 0.0}, "rc_at_100": {"relevant": 0.0, "distractor": 0.0}, "rc_at_200": {"relevant": 0.0, "distractor": 0.0}, "rc_at_300": {"relevant": 0.0, "distractor": 0.0}, "rc_at_500": {"relevant": 0.0, "distractor": 0.0}, "rc_at_1000": {"relevant": 0.0, "distractor": 0.0}}