{"ndcg_at_1": 0.43077, "ndcg_at_3": 0.32823, "ndcg_at_5": 0.29649, "ndcg_at_10": 0.23151, "ndcg_at_20": 0.26896, "ndcg_at_100": 0.35341, "ndcg_at_200": 0.37728, "ndcg_at_300": 0.3871, "ndcg_at_500": 0.39765, "ndcg_at_1000": 0.41278, "map_at_1": 0.04308, "map_at_3": 0.08077, "map_at_5": 0.10554, "map_at_10": 0.12944, "map_at_20": 0.14826, "map_at_100": 0.17056, "map_at_200": 0.17374, "map_at_300": 0.1746, "map_at_500": 0.17523, "map_at_1000": 0.17584, "recall_at_1": 0.04308, "recall_at_3": 0.09077, "recall_at_5": 0.13385, "recall_at_10": 0.18923, "recall_at_20": 0.25692, "recall_at_100": 0.46769, "recall_at_200": 0.54462, "recall_at_300": 0.58, "recall_at_500": 0.62154, "recall_at_1000": 0.68615, "precision_at_1": 0.43077, "precision_at_3": 0.30256, "precision_at_5": 0.26769, "precision_at_10": 0.18923, "precision_at_20": 0.12846, "precision_at_100": 0.04677, "precision_at_200": 0.02723, "precision_at_300": 0.01933, "precision_at_500": 0.01243, "precision_at_1000": 0.00686, "mrr_at_1": 0.43077, "mrr_at_3": 0.47949, "mrr_at_5": 0.5041, "mrr_at_10": 0.51021, "mrr_at_20": 0.5144, "mrr_at_100": 0.51882, "mrr_at_200": 0.51918, "mrr_at_300": 0.51918, "mrr_at_500": 0.51925, "mrr_at_1000": 0.51925, "rc_at_1": {"relevant": 0.43077, "distractor": 0.49231}, "rc_at_3": {"relevant": 0.90769, "distractor": 1.73846}, "rc_at_5": {"relevant": 1.33846, "distractor": 2.98462}, "rc_at_10": {"relevant": 1.89231, "distractor": 6.09231}, "rc_at_20": {"relevant": 2.56923, "distractor": 11.89231}, "rc_at_100": {"relevant": 4.67692, "distractor": 35.66154}, "rc_at_200": {"relevant": 5.44615, "distractor": 46.96923}, "rc_at_300": {"relevant": 5.8, "distractor": 52.41538}, "rc_at_500": {"relevant": 6.21538, "distractor": 59.93846}, "rc_at_1000": {"relevant": 6.86154, "distractor": 68.35385}}