{"ndcg_at_1": 0.50972, "ndcg_at_3": 0.57511, "ndcg_at_5": 0.60247, "ndcg_at_10": 0.62547, "ndcg_at_20": 0.64325, "ndcg_at_100": 0.66326, "ndcg_at_200": 0.6677, "ndcg_at_300": 0.66919, "ndcg_at_500": 0.67099, "ndcg_at_1000": 0.67247, "map_at_1": 0.44775, "map_at_3": 0.53858, "map_at_5": 0.55785, "map_at_10": 0.57035, "map_at_20": 0.57652, "map_at_100": 0.58014, "map_at_200": 0.58047, "map_at_300": 0.58055, "map_at_500": 0.58061, "map_at_1000": 0.58064, "recall_at_1": 0.44775, "recall_at_3": 0.62047, "recall_at_5": 0.68688, "recall_at_10": 0.7528, "recall_at_20": 0.81848, "recall_at_100": 0.91466, "recall_at_200": 0.94218, "recall_at_300": 0.95192, "recall_at_500": 0.96585, "recall_at_1000": 0.97856, "precision_at_1": 0.50972, "precision_at_3": 0.25287, "precision_at_5": 0.17266, "precision_at_10": 0.09793, "precision_at_20": 0.05445, "precision_at_100": 0.01255, "precision_at_200": 0.00654, "precision_at_300": 0.00443, "precision_at_500": 0.00271, "precision_at_1000": 0.00138, "mrr_at_1": 0.50909, "mrr_at_3": 0.58318, "mrr_at_5": 0.59672, "mrr_at_10": 0.60441, "mrr_at_20": 0.60848, "mrr_at_100": 0.61063, "mrr_at_200": 0.61078, "mrr_at_300": 0.61081, "mrr_at_500": 0.61084, "mrr_at_1000": 0.61085, "rc_at_1": {"relevant": 0.0, "distractor": 0.0}, "rc_at_3": {"relevant": 0.0, "distractor": 0.0}, "rc_at_5": {"relevant": 0.0, "distractor": 0.0}, "rc_at_10": {"relevant": 0.0, "distractor": 0.0}, "rc_at_20": {"relevant": 0.0, "distractor": 0.0}, "rc_at_100": {"relevant": 0.0, "distractor": 0.0}, "rc_at_200": {"relevant": 0.0, "distractor": 0.0}, "rc_at_300": {"relevant": 0.0, "distractor": 0.0}, "rc_at_500": {"relevant": 0.0, "distractor": 0.0}, "rc_at_1000": {"relevant": 0.0, "distractor": 0.0}}