{"ndcg_at_1": 0.04326, "ndcg_at_3": 0.05575, "ndcg_at_5": 0.06295, "ndcg_at_10": 0.07456, "ndcg_at_20": 0.08658, "ndcg_at_100": 0.11057, "ndcg_at_200": 0.12162, "ndcg_at_300": 0.12817, "ndcg_at_500": 0.13531, "ndcg_at_1000": 0.14607, "map_at_1": 0.03731, "map_at_3": 0.05012, "map_at_5": 0.05413, "map_at_10": 0.05893, "map_at_20": 0.06221, "map_at_100": 0.06545, "map_at_200": 0.06604, "map_at_300": 0.06627, "map_at_500": 0.06645, "map_at_1000": 0.06661, "recall_at_1": 0.03731, "recall_at_3": 0.06534, "recall_at_5": 0.08288, "recall_at_10": 0.11669, "recall_at_20": 0.16212, "recall_at_100": 0.28421, "recall_at_200": 0.35827, "recall_at_300": 0.40611, "recall_at_500": 0.46312, "recall_at_1000": 0.55767, "precision_at_1": 0.04326, "precision_at_3": 0.02571, "precision_at_5": 0.01956, "precision_at_10": 0.01404, "precision_at_20": 0.00987, "precision_at_100": 0.00372, "precision_at_200": 0.00236, "precision_at_300": 0.00181, "precision_at_500": 0.00125, "precision_at_1000": 0.00076, "mrr_at_1": 0.04263, "mrr_at_3": 0.05569, "mrr_at_5": 0.06052, "mrr_at_10": 0.06586, "mrr_at_20": 0.06932, "mrr_at_100": 0.0727, "mrr_at_200": 0.07327, "mrr_at_300": 0.07346, "mrr_at_500": 0.07362, "mrr_at_1000": 0.07376, "rc_at_1": {"relevant": 0.0, "distractor": 0.0}, "rc_at_3": {"relevant": 0.0, "distractor": 0.0}, "rc_at_5": {"relevant": 0.0, "distractor": 0.0}, "rc_at_10": {"relevant": 0.0, "distractor": 0.0}, "rc_at_20": {"relevant": 0.0, "distractor": 0.0}, "rc_at_100": {"relevant": 0.0, "distractor": 0.0}, "rc_at_200": {"relevant": 0.0, "distractor": 0.0}, "rc_at_300": {"relevant": 0.0, "distractor": 0.0}, "rc_at_500": {"relevant": 0.0, "distractor": 0.0}, "rc_at_1000": {"relevant": 0.0, "distractor": 0.0}}