{"ndcg_at_1": 0.12883, "ndcg_at_3": 0.16834, "ndcg_at_5": 0.1811, "ndcg_at_10": 0.19413, "ndcg_at_20": 0.20796, "ndcg_at_100": 0.23593, "ndcg_at_200": 0.25022, "ndcg_at_300": 0.25731, "ndcg_at_500": 0.26447, "ndcg_at_1000": 0.27067, "map_at_1": 0.11334, "map_at_3": 0.15042, "map_at_5": 0.15799, "map_at_10": 0.16334, "map_at_20": 0.16745, "map_at_100": 0.17161, "map_at_200": 0.17238, "map_at_300": 0.17264, "map_at_500": 0.17283, "map_at_1000": 0.17293, "recall_at_1": 0.11334, "recall_at_3": 0.19774, "recall_at_5": 0.22965, "recall_at_10": 0.26785, "recall_at_20": 0.3194, "recall_at_100": 0.462, "recall_at_200": 0.55838, "recall_at_300": 0.61026, "recall_at_500": 0.66588, "recall_at_1000": 0.71954, "precision_at_1": 0.12883, "precision_at_3": 0.07669, "precision_at_5": 0.0546, "precision_at_10": 0.03328, "precision_at_20": 0.01994, "precision_at_100": 0.00589, "precision_at_200": 0.0036, "precision_at_300": 0.00265, "precision_at_500": 0.00177, "precision_at_1000": 0.00097, "mrr_at_1": 0.12883, "mrr_at_3": 0.16743, "mrr_at_5": 0.17541, "mrr_at_10": 0.18253, "mrr_at_20": 0.18656, "mrr_at_100": 0.1899, "mrr_at_200": 0.19059, "mrr_at_300": 0.19081, "mrr_at_500": 0.19095, "mrr_at_1000": 0.19101, "rc_at_1": {"relevant": 0.0, "distractor": 0.0}, "rc_at_3": {"relevant": 0.0, "distractor": 0.0}, "rc_at_5": {"relevant": 0.0, "distractor": 0.0}, "rc_at_10": {"relevant": 0.0, "distractor": 0.0}, "rc_at_20": {"relevant": 0.0, "distractor": 0.0}, "rc_at_100": {"relevant": 0.0, "distractor": 0.0}, "rc_at_200": {"relevant": 0.0, "distractor": 0.0}, "rc_at_300": {"relevant": 0.0, "distractor": 0.0}, "rc_at_500": {"relevant": 0.0, "distractor": 0.0}, "rc_at_1000": {"relevant": 0.0, "distractor": 0.0}}