{"ndcg_at_1": 0.46605, "ndcg_at_3": 0.42055, "ndcg_at_5": 0.42837, "ndcg_at_10": 0.45879, "ndcg_at_20": 0.4811, "ndcg_at_100": 0.52893, "ndcg_at_200": 0.5398, "ndcg_at_300": 0.54497, "ndcg_at_500": 0.54921, "ndcg_at_1000": 0.55335, "map_at_1": 0.23457, "map_at_3": 0.33063, "map_at_5": 0.35475, "map_at_10": 0.37828, "map_at_20": 0.38771, "map_at_100": 0.39764, "map_at_200": 0.39863, "map_at_300": 0.39895, "map_at_500": 0.39912, "map_at_1000": 0.39923, "recall_at_1": 0.23457, "recall_at_3": 0.37342, "recall_at_5": 0.43176, "recall_at_10": 0.52522, "recall_at_20": 0.59144, "recall_at_100": 0.79349, "recall_at_200": 0.85012, "recall_at_300": 0.881, "recall_at_500": 0.90822, "recall_at_1000": 0.93765, "precision_at_1": 0.46605, "precision_at_3": 0.28035, "precision_at_5": 0.20247, "precision_at_10": 0.1284, "precision_at_20": 0.07461, "precision_at_100": 0.0202, "precision_at_200": 0.01097, "precision_at_300": 0.00761, "precision_at_500": 0.00473, "precision_at_1000": 0.00245, "mrr_at_1": 0.45833, "mrr_at_3": 0.51543, "mrr_at_5": 0.52847, "mrr_at_10": 0.53911, "mrr_at_20": 0.5429, "mrr_at_100": 0.54605, "mrr_at_200": 0.54627, "mrr_at_300": 0.54632, "mrr_at_500": 0.54635, "mrr_at_1000": 0.54637, "rc_at_1": {"relevant": 0.0, "distractor": 0.0}, "rc_at_3": {"relevant": 0.0, "distractor": 0.0}, "rc_at_5": {"relevant": 0.0, "distractor": 0.0}, "rc_at_10": {"relevant": 0.0, "distractor": 0.0}, "rc_at_20": {"relevant": 0.0, "distractor": 0.0}, "rc_at_100": {"relevant": 0.0, "distractor": 0.0}, "rc_at_200": {"relevant": 0.0, "distractor": 0.0}, "rc_at_300": {"relevant": 0.0, "distractor": 0.0}, "rc_at_500": {"relevant": 0.0, "distractor": 0.0}, "rc_at_1000": {"relevant": 0.0, "distractor": 0.0}}