{"ndcg_at_1": 0.0, "ndcg_at_3": 0.0, "ndcg_at_5": 0.0077, "ndcg_at_10": 0.00851, "ndcg_at_20": 0.01351, "ndcg_at_100": 0.02086, "ndcg_at_200": 0.02522, "ndcg_at_300": 0.02672, "ndcg_at_500": 0.02812, "ndcg_at_1000": 0.03236, "map_at_1": 0.0, "map_at_3": 0.0, "map_at_5": 0.00164, "map_at_10": 0.0022, "map_at_20": 0.00338, "map_at_100": 0.00458, "map_at_200": 0.00491, "map_at_300": 0.00499, "map_at_500": 0.00502, "map_at_1000": 0.00514, "recall_at_1": 0.0, "recall_at_3": 0.0, "recall_at_5": 0.00545, "recall_at_10": 0.01091, "recall_at_20": 0.02, "recall_at_100": 0.03818, "recall_at_200": 0.05273, "recall_at_300": 0.05818, "recall_at_500": 0.06364, "recall_at_1000": 0.08182, "precision_at_1": 0.0, "precision_at_3": 0.0, "precision_at_5": 0.01091, "precision_at_10": 0.01091, "precision_at_20": 0.01, "precision_at_100": 0.00382, "precision_at_200": 0.00264, "precision_at_300": 0.00194, "precision_at_500": 0.00127, "precision_at_1000": 0.00082, "mrr_at_1": 0.0, "mrr_at_3": 0.0, "mrr_at_5": 0.00909, "mrr_at_10": 0.01838, "mrr_at_20": 0.01838, "mrr_at_100": 0.02088, "mrr_at_200": 0.02124, "mrr_at_300": 0.02124, "mrr_at_500": 0.02129, "mrr_at_1000": 0.02135, "rc_at_1": {"relevant": 0.0, "distractor": 0.01818}, "rc_at_3": {"relevant": 0.0, "distractor": 0.05455}, "rc_at_5": {"relevant": 0.05455, "distractor": 0.10909}, "rc_at_10": {"relevant": 0.14545, "distractor": 0.16364}, "rc_at_20": {"relevant": 0.2, "distractor": 0.32727}, "rc_at_100": {"relevant": 0.38182, "distractor": 0.90909}, "rc_at_200": {"relevant": 0.52727, "distractor": 1.27273}, "rc_at_300": {"relevant": 0.58182, "distractor": 1.47273}, "rc_at_500": {"relevant": 0.63636, "distractor": 1.94545}, "rc_at_1000": {"relevant": 0.81818, "distractor": 3.10909}}