{"ndcg_at_1": 0.24177, "ndcg_at_3": 0.29604, "ndcg_at_5": 0.3188, "ndcg_at_10": 0.34891, "ndcg_at_20": 0.37495, "ndcg_at_100": 0.41514, "ndcg_at_200": 0.42754, "ndcg_at_300": 0.43089, "ndcg_at_500": 0.43645, "ndcg_at_1000": 0.44082, "map_at_1": 0.19332, "map_at_3": 0.25641, "map_at_5": 0.27299, "map_at_10": 0.28828, "map_at_20": 0.29678, "map_at_100": 0.3037, "map_at_200": 0.30464, "map_at_300": 0.30481, "map_at_500": 0.30502, "map_at_1000": 0.30513, "recall_at_1": 0.19332, "recall_at_3": 0.32284, "recall_at_5": 0.38659, "recall_at_10": 0.47664, "recall_at_20": 0.57115, "recall_at_100": 0.76125, "recall_at_200": 0.83533, "recall_at_300": 0.85759, "recall_at_500": 0.89621, "recall_at_1000": 0.92716, "precision_at_1": 0.24177, "precision_at_3": 0.14545, "precision_at_5": 0.10672, "precision_at_10": 0.0701, "precision_at_20": 0.04349, "precision_at_100": 0.01276, "precision_at_200": 0.00733, "precision_at_300": 0.0051, "precision_at_500": 0.0033, "precision_at_1000": 0.00178, "mrr_at_1": 0.24177, "mrr_at_3": 0.31092, "mrr_at_5": 0.32644, "mrr_at_10": 0.34076, "mrr_at_20": 0.34781, "mrr_at_100": 0.35175, "mrr_at_200": 0.35217, "mrr_at_300": 0.35224, "mrr_at_500": 0.35232, "mrr_at_1000": 0.35235, "rc_at_1": {"relevant": 0.0, "distractor": 0.0}, "rc_at_3": {"relevant": 0.0, "distractor": 0.0}, "rc_at_5": {"relevant": 0.0, "distractor": 0.0}, "rc_at_10": {"relevant": 0.0, "distractor": 0.0}, "rc_at_20": {"relevant": 0.0, "distractor": 0.0}, "rc_at_100": {"relevant": 0.0, "distractor": 0.0}, "rc_at_200": {"relevant": 0.0, "distractor": 0.0}, "rc_at_300": {"relevant": 0.0, "distractor": 0.0}, "rc_at_500": {"relevant": 0.0, "distractor": 0.0}, "rc_at_1000": {"relevant": 0.0, "distractor": 0.0}}