{"ndcg_at_1": 0.19554, "ndcg_at_3": 0.22633, "ndcg_at_5": 0.23995, "ndcg_at_10": 0.25379, "ndcg_at_20": 0.26852, "ndcg_at_100": 0.29477, "ndcg_at_200": 0.30503, "ndcg_at_300": 0.31073, "ndcg_at_500": 0.31758, "ndcg_at_1000": 0.32554, "map_at_1": 0.16172, "map_at_3": 0.20199, "map_at_5": 0.21145, "map_at_10": 0.21817, "map_at_20": 0.22278, "map_at_100": 0.22687, "map_at_200": 0.22752, "map_at_300": 0.22775, "map_at_500": 0.22797, "map_at_1000": 0.22812, "recall_at_1": 0.16172, "recall_at_3": 0.24311, "recall_at_5": 0.27865, "recall_at_10": 0.32036, "recall_at_20": 0.37438, "recall_at_100": 0.50186, "recall_at_200": 0.5656, "recall_at_300": 0.60477, "recall_at_500": 0.6547, "recall_at_1000": 0.718, "precision_at_1": 0.19554, "precision_at_3": 0.10722, "precision_at_5": 0.07656, "precision_at_10": 0.04669, "precision_at_20": 0.02834, "precision_at_100": 0.00827, "precision_at_200": 0.00478, "precision_at_300": 0.00348, "precision_at_500": 0.00232, "precision_at_1000": 0.00132, "mrr_at_1": 0.19554, "mrr_at_3": 0.23949, "mrr_at_5": 0.2486, "mrr_at_10": 0.25487, "mrr_at_20": 0.25929, "mrr_at_100": 0.26267, "mrr_at_200": 0.26313, "mrr_at_300": 0.26328, "mrr_at_500": 0.2634, "mrr_at_1000": 0.26349, "rc_at_1": {"relevant": 0.0, "distractor": 0.0}, "rc_at_3": {"relevant": 0.0, "distractor": 0.0}, "rc_at_5": {"relevant": 0.0, "distractor": 0.0}, "rc_at_10": {"relevant": 0.0, "distractor": 0.0}, "rc_at_20": {"relevant": 0.0, "distractor": 0.0}, "rc_at_100": {"relevant": 0.0, "distractor": 0.0}, "rc_at_200": {"relevant": 0.0, "distractor": 0.0}, "rc_at_300": {"relevant": 0.0, "distractor": 0.0}, "rc_at_500": {"relevant": 0.0, "distractor": 0.0}, "rc_at_1000": {"relevant": 0.0, "distractor": 0.0}}