{"ndcg_at_1": 0.44699, "ndcg_at_3": 0.56556, "ndcg_at_5": 0.60763, "ndcg_at_10": 0.63958, "ndcg_at_20": 0.65667, "ndcg_at_100": 0.66973, "ndcg_at_200": 0.67142, "ndcg_at_300": 0.67196, "ndcg_at_500": 0.67225, "ndcg_at_1000": 0.673, "map_at_1": 0.39945, "map_at_3": 0.52394, "map_at_5": 0.54974, "map_at_10": 0.56468, "map_at_20": 0.57024, "map_at_100": 0.57249, "map_at_200": 0.5726, "map_at_300": 0.57262, "map_at_500": 0.57263, "map_at_1000": 0.57264, "recall_at_1": 0.39945, "recall_at_3": 0.65201, "recall_at_5": 0.74906, "recall_at_10": 0.84091, "recall_at_20": 0.903, "recall_at_100": 0.9676, "recall_at_200": 0.97866, "recall_at_300": 0.98272, "recall_at_500": 0.98503, "recall_at_1000": 0.99174, "precision_at_1": 0.44699, "precision_at_3": 0.2529, "precision_at_5": 0.17619, "precision_at_10": 0.10026, "precision_at_20": 0.05437, "precision_at_100": 0.01175, "precision_at_200": 0.00595, "precision_at_300": 0.00399, "precision_at_500": 0.0024, "precision_at_1000": 0.00121, "mrr_at_1": 0.4493, "mrr_at_3": 0.5591, "mrr_at_5": 0.57901, "mrr_at_10": 0.59079, "mrr_at_20": 0.59425, "mrr_at_100": 0.59564, "mrr_at_200": 0.59571, "mrr_at_300": 0.59572, "mrr_at_500": 0.59573, "mrr_at_1000": 0.59573, "rc_at_1": {"relevant": 0.0, "distractor": 0.0}, "rc_at_3": {"relevant": 0.0, "distractor": 0.0}, "rc_at_5": {"relevant": 0.0, "distractor": 0.0}, "rc_at_10": {"relevant": 0.0, "distractor": 0.0}, "rc_at_20": {"relevant": 0.0, "distractor": 0.0}, "rc_at_100": {"relevant": 0.0, "distractor": 0.0}, "rc_at_200": {"relevant": 0.0, "distractor": 0.0}, "rc_at_300": {"relevant": 0.0, "distractor": 0.0}, "rc_at_500": {"relevant": 0.0, "distractor": 0.0}, "rc_at_1000": {"relevant": 0.0, "distractor": 0.0}}