{"ndcg_at_1": 0.00154, "ndcg_at_3": 0.00217, "ndcg_at_5": 0.00431, "ndcg_at_10": 0.0057, "ndcg_at_20": 0.00783, "ndcg_at_100": 0.01412, "ndcg_at_200": 0.01877, "ndcg_at_300": 0.02242, "ndcg_at_500": 0.02806, "ndcg_at_1000": 0.03617, "map_at_1": 0.00077, "map_at_3": 0.00144, "map_at_5": 0.00231, "map_at_10": 0.0029, "map_at_20": 0.00343, "map_at_100": 0.00407, "map_at_200": 0.00427, "map_at_300": 0.00438, "map_at_500": 0.0045, "map_at_1000": 0.0046, "recall_at_1": 0.00077, "recall_at_3": 0.00262, "recall_at_5": 0.00666, "recall_at_10": 0.01104, "recall_at_20": 0.01841, "recall_at_100": 0.04755, "recall_at_200": 0.07335, "recall_at_300": 0.09667, "recall_at_500": 0.13424, "recall_at_1000": 0.1956, "precision_at_1": 0.00154, "precision_at_3": 0.00154, "precision_at_5": 0.00309, "precision_at_10": 0.00216, "precision_at_20": 0.00177, "precision_at_100": 0.00106, "precision_at_200": 0.00087, "precision_at_300": 0.00076, "precision_at_500": 0.00065, "precision_at_1000": 0.00048, "mrr_at_1": 0.00154, "mrr_at_3": 0.00283, "mrr_at_5": 0.00522, "mrr_at_10": 0.00602, "mrr_at_20": 0.00683, "mrr_at_100": 0.00794, "mrr_at_200": 0.00833, "mrr_at_300": 0.00849, "mrr_at_500": 0.00868, "mrr_at_1000": 0.00882, "rc_at_1": {"relevant": 0.0, "distractor": 0.0}, "rc_at_3": {"relevant": 0.0, "distractor": 0.0}, "rc_at_5": {"relevant": 0.0, "distractor": 0.0}, "rc_at_10": {"relevant": 0.0, "distractor": 0.0}, "rc_at_20": {"relevant": 0.0, "distractor": 0.0}, "rc_at_100": {"relevant": 0.0, "distractor": 0.0}, "rc_at_200": {"relevant": 0.0, "distractor": 0.0}, "rc_at_300": {"relevant": 0.0, "distractor": 0.0}, "rc_at_500": {"relevant": 0.0, "distractor": 0.0}, "rc_at_1000": {"relevant": 0.0, "distractor": 0.0}}