{"ndcg_at_1": 0.03697, "ndcg_at_3": 0.05733, "ndcg_at_5": 0.06548, "ndcg_at_10": 0.0772, "ndcg_at_20": 0.08743, "ndcg_at_100": 0.11086, "ndcg_at_200": 0.12324, "ndcg_at_300": 0.1307, "ndcg_at_500": 0.13838, "ndcg_at_1000": 0.14883, "map_at_1": 0.03204, "map_at_3": 0.05034, "map_at_5": 0.0551, "map_at_10": 0.05974, "map_at_20": 0.06243, "map_at_100": 0.06536, "map_at_200": 0.06601, "map_at_300": 0.06627, "map_at_500": 0.06644, "map_at_1000": 0.0666, "recall_at_1": 0.03204, "recall_at_3": 0.07221, "recall_at_5": 0.09113, "recall_at_10": 0.12656, "recall_at_20": 0.16645, "recall_at_100": 0.29036, "recall_at_200": 0.37646, "recall_at_300": 0.43235, "recall_at_500": 0.49532, "recall_at_1000": 0.5881, "precision_at_1": 0.03697, "precision_at_3": 0.02773, "precision_at_5": 0.02181, "precision_at_10": 0.01497, "precision_at_20": 0.0098, "precision_at_100": 0.00349, "precision_at_200": 0.00224, "precision_at_300": 0.00174, "precision_at_500": 0.00121, "precision_at_1000": 0.00073, "mrr_at_1": 0.03697, "mrr_at_3": 0.05453, "mrr_at_5": 0.0597, "mrr_at_10": 0.06507, "mrr_at_20": 0.06795, "mrr_at_100": 0.07119, "mrr_at_200": 0.07179, "mrr_at_300": 0.07202, "mrr_at_500": 0.07219, "mrr_at_1000": 0.07232, "rc_at_1": {"relevant": 0.0, "distractor": 0.0}, "rc_at_3": {"relevant": 0.0, "distractor": 0.0}, "rc_at_5": {"relevant": 0.0, "distractor": 0.0}, "rc_at_10": {"relevant": 0.0, "distractor": 0.0}, "rc_at_20": {"relevant": 0.0, "distractor": 0.0}, "rc_at_100": {"relevant": 0.0, "distractor": 0.0}, "rc_at_200": {"relevant": 0.0, "distractor": 0.0}, "rc_at_300": {"relevant": 0.0, "distractor": 0.0}, "rc_at_500": {"relevant": 0.0, "distractor": 0.0}, "rc_at_1000": {"relevant": 0.0, "distractor": 0.0}}