{"ndcg_at_1": 0.02599, "ndcg_at_3": 0.03888, "ndcg_at_5": 0.04908, "ndcg_at_10": 0.05785, "ndcg_at_20": 0.06673, "ndcg_at_100": 0.08883, "ndcg_at_200": 0.09943, "ndcg_at_300": 0.10614, "ndcg_at_500": 0.11256, "ndcg_at_1000": 0.12328, "map_at_1": 0.02467, "map_at_3": 0.0349, "map_at_5": 0.04067, "map_at_10": 0.04426, "map_at_20": 0.04666, "map_at_100": 0.04953, "map_at_200": 0.05007, "map_at_300": 0.05029, "map_at_500": 0.05044, "map_at_1000": 0.0506, "recall_at_1": 0.02467, "recall_at_3": 0.04746, "recall_at_5": 0.07078, "recall_at_10": 0.09771, "recall_at_20": 0.13176, "recall_at_100": 0.25048, "recall_at_200": 0.32407, "recall_at_300": 0.37419, "recall_at_500": 0.42569, "recall_at_1000": 0.52205, "precision_at_1": 0.02599, "precision_at_3": 0.0177, "precision_at_5": 0.01627, "precision_at_10": 0.01107, "precision_at_20": 0.00751, "precision_at_100": 0.00286, "precision_at_200": 0.00186, "precision_at_300": 0.00146, "precision_at_500": 0.00102, "precision_at_1000": 0.00063, "mrr_at_1": 0.02373, "mrr_at_3": 0.03898, "mrr_at_5": 0.0426, "mrr_at_10": 0.0467, "mrr_at_20": 0.04915, "mrr_at_100": 0.05219, "mrr_at_200": 0.05264, "mrr_at_300": 0.05281, "mrr_at_500": 0.05301, "mrr_at_1000": 0.05314, "rc_at_1": {"relevant": 0.0, "distractor": 0.0}, "rc_at_3": {"relevant": 0.0, "distractor": 0.0}, "rc_at_5": {"relevant": 0.0, "distractor": 0.0}, "rc_at_10": {"relevant": 0.0, "distractor": 0.0}, "rc_at_20": {"relevant": 0.0, "distractor": 0.0}, "rc_at_100": {"relevant": 0.0, "distractor": 0.0}, "rc_at_200": {"relevant": 0.0, "distractor": 0.0}, "rc_at_300": {"relevant": 0.0, "distractor": 0.0}, "rc_at_500": {"relevant": 0.0, "distractor": 0.0}, "rc_at_1000": {"relevant": 0.0, "distractor": 0.0}}