{"ndcg_at_1": 0.39654, "ndcg_at_3": 0.44554, "ndcg_at_5": 0.47067, "ndcg_at_10": 0.49529, "ndcg_at_20": 0.51823, "ndcg_at_100": 0.5481, "ndcg_at_200": 0.55594, "ndcg_at_300": 0.55884, "ndcg_at_500": 0.56277, "ndcg_at_1000": 0.56587, "map_at_1": 0.32299, "map_at_3": 0.40085, "map_at_5": 0.42028, "map_at_10": 0.43452, "map_at_20": 0.44248, "map_at_100": 0.44808, "map_at_200": 0.44869, "map_at_300": 0.44886, "map_at_500": 0.449, "map_at_1000": 0.4491, "recall_at_1": 0.32299, "recall_at_3": 0.47369, "recall_at_5": 0.53955, "recall_at_10": 0.61506, "recall_at_20": 0.69606, "recall_at_100": 0.83163, "recall_at_200": 0.87779, "recall_at_300": 0.89567, "recall_at_500": 0.92388, "recall_at_1000": 0.94479, "precision_at_1": 0.39654, "precision_at_3": 0.21238, "precision_at_5": 0.15053, "precision_at_10": 0.08932, "precision_at_20": 0.05217, "precision_at_100": 0.01338, "precision_at_200": 0.00729, "precision_at_300": 0.00505, "precision_at_500": 0.00318, "precision_at_1000": 0.00168, "mrr_at_1": 0.40135, "mrr_at_3": 0.47048, "mrr_at_5": 0.48584, "mrr_at_10": 0.49474, "mrr_at_20": 0.49984, "mrr_at_100": 0.50289, "mrr_at_200": 0.50314, "mrr_at_300": 0.50319, "mrr_at_500": 0.50325, "mrr_at_1000": 0.50327, "rc_at_1": {"relevant": 0.0, "distractor": 0.0}, "rc_at_3": {"relevant": 0.0, "distractor": 0.0}, "rc_at_5": {"relevant": 0.0, "distractor": 0.0}, "rc_at_10": {"relevant": 0.0, "distractor": 0.0}, "rc_at_20": {"relevant": 0.0, "distractor": 0.0}, "rc_at_100": {"relevant": 0.0, "distractor": 0.0}, "rc_at_200": {"relevant": 0.0, "distractor": 0.0}, "rc_at_300": {"relevant": 0.0, "distractor": 0.0}, "rc_at_500": {"relevant": 0.0, "distractor": 0.0}, "rc_at_1000": {"relevant": 0.0, "distractor": 0.0}}