{"ndcg_at_1": 0.45342, "ndcg_at_3": 0.36845, "ndcg_at_5": 0.38625, "ndcg_at_10": 0.41987, "ndcg_at_20": 0.44115, "ndcg_at_100": 0.47855, "ndcg_at_200": 0.4893, "ndcg_at_300": 0.49416, "ndcg_at_500": 0.49994, "ndcg_at_1000": 0.50605, "map_at_1": 0.19261, "map_at_3": 0.27619, "map_at_5": 0.30292, "map_at_10": 0.32231, "map_at_20": 0.33068, "map_at_100": 0.33816, "map_at_200": 0.33909, "map_at_300": 0.33937, "map_at_500": 0.33961, "map_at_1000": 0.33976, "recall_at_1": 0.19261, "recall_at_3": 0.32253, "recall_at_5": 0.38833, "recall_at_10": 0.46248, "recall_at_20": 0.52151, "recall_at_100": 0.66453, "recall_at_200": 0.71823, "recall_at_300": 0.7448, "recall_at_500": 0.778, "recall_at_1000": 0.81723, "precision_at_1": 0.45342, "precision_at_3": 0.27448, "precision_at_5": 0.20326, "precision_at_10": 0.1243, "precision_at_20": 0.07143, "precision_at_100": 0.01892, "precision_at_200": 0.01033, "precision_at_300": 0.00719, "precision_at_500": 0.00455, "precision_at_1000": 0.00241, "mrr_at_1": 0.45342, "mrr_at_3": 0.53974, "mrr_at_5": 0.5541, "mrr_at_10": 0.56208, "mrr_at_20": 0.56542, "mrr_at_100": 0.5678, "mrr_at_200": 0.56798, "mrr_at_300": 0.56802, "mrr_at_500": 0.56805, "mrr_at_1000": 0.56807, "rc_at_1": {"relevant": 0.0, "distractor": 0.0}, "rc_at_3": {"relevant": 0.0, "distractor": 0.0}, "rc_at_5": {"relevant": 0.0, "distractor": 0.0}, "rc_at_10": {"relevant": 0.0, "distractor": 0.0}, "rc_at_20": {"relevant": 0.0, "distractor": 0.0}, "rc_at_100": {"relevant": 0.0, "distractor": 0.0}, "rc_at_200": {"relevant": 0.0, "distractor": 0.0}, "rc_at_300": {"relevant": 0.0, "distractor": 0.0}, "rc_at_500": {"relevant": 0.0, "distractor": 0.0}, "rc_at_1000": {"relevant": 0.0, "distractor": 0.0}}