{"ndcg_at_1": 0.26242, "ndcg_at_3": 0.29531, "ndcg_at_5": 0.3101, "ndcg_at_10": 0.32949, "ndcg_at_20": 0.34707, "ndcg_at_100": 0.3746, "ndcg_at_200": 0.38301, "ndcg_at_300": 0.38819, "ndcg_at_500": 0.3938, "ndcg_at_1000": 0.39998, "map_at_1": 0.21416, "map_at_3": 0.26347, "map_at_5": 0.27484, "map_at_10": 0.28477, "map_at_20": 0.29082, "map_at_100": 0.29547, "map_at_200": 0.29608, "map_at_300": 0.2963, "map_at_500": 0.29649, "map_at_1000": 0.29662, "recall_at_1": 0.21416, "recall_at_3": 0.31367, "recall_at_5": 0.35356, "recall_at_10": 0.41103, "recall_at_20": 0.47528, "recall_at_100": 0.60756, "recall_at_200": 0.656, "recall_at_300": 0.69037, "recall_at_500": 0.73088, "recall_at_1000": 0.7787, "precision_at_1": 0.26242, "precision_at_3": 0.14055, "precision_at_5": 0.09911, "precision_at_10": 0.06102, "precision_at_20": 0.03685, "precision_at_100": 0.01022, "precision_at_200": 0.0058, "precision_at_300": 0.00415, "precision_at_500": 0.0027, "precision_at_1000": 0.00149, "mrr_at_1": 0.26242, "mrr_at_3": 0.31263, "mrr_at_5": 0.32276, "mrr_at_10": 0.33133, "mrr_at_20": 0.33623, "mrr_at_100": 0.33955, "mrr_at_200": 0.33987, "mrr_at_300": 0.33999, "mrr_at_500": 0.34008, "mrr_at_1000": 0.34014, "rc_at_1": {"relevant": 0.0, "distractor": 0.0}, "rc_at_3": {"relevant": 0.0, "distractor": 0.0}, "rc_at_5": {"relevant": 0.0, "distractor": 0.0}, "rc_at_10": {"relevant": 0.0, "distractor": 0.0}, "rc_at_20": {"relevant": 0.0, "distractor": 0.0}, "rc_at_100": {"relevant": 0.0, "distractor": 0.0}, "rc_at_200": {"relevant": 0.0, "distractor": 0.0}, "rc_at_300": {"relevant": 0.0, "distractor": 0.0}, "rc_at_500": {"relevant": 0.0, "distractor": 0.0}, "rc_at_1000": {"relevant": 0.0, "distractor": 0.0}}