{"ndcg_at_1": 0.36957, "ndcg_at_3": 0.41829, "ndcg_at_5": 0.43308, "ndcg_at_10": 0.45977, "ndcg_at_20": 0.48239, "ndcg_at_100": 0.52115, "ndcg_at_200": 0.53031, "ndcg_at_300": 0.53325, "ndcg_at_500": 0.53725, "ndcg_at_1000": 0.54078, "map_at_1": 0.31167, "map_at_3": 0.37578, "map_at_5": 0.38792, "map_at_10": 0.40287, "map_at_20": 0.41231, "map_at_100": 0.42062, "map_at_200": 0.42176, "map_at_300": 0.42217, "map_at_500": 0.42254, "map_at_1000": 0.42277, "recall_at_1": 0.31167, "recall_at_3": 0.43879, "recall_at_5": 0.4839, "recall_at_10": 0.55913, "recall_at_20": 0.64123, "recall_at_100": 0.83501, "recall_at_200": 0.88892, "recall_at_300": 0.90303, "recall_at_500": 0.92612, "recall_at_1000": 0.95003, "precision_at_1": 0.36957, "precision_at_3": 0.19433, "precision_at_5": 0.1336, "precision_at_10": 0.08597, "precision_at_20": 0.05484, "precision_at_100": 0.01674, "precision_at_200": 0.00976, "precision_at_300": 0.00708, "precision_at_500": 0.00465, "precision_at_1000": 0.00251, "mrr_at_1": 0.36957, "mrr_at_3": 0.42754, "mrr_at_5": 0.43989, "mrr_at_10": 0.45052, "mrr_at_20": 0.45555, "mrr_at_100": 0.45973, "mrr_at_200": 0.46004, "mrr_at_300": 0.46006, "mrr_at_500": 0.46011, "mrr_at_1000": 0.46013, "rc_at_1": {"relevant": 0.0, "distractor": 0.0}, "rc_at_3": {"relevant": 0.0, "distractor": 0.0}, "rc_at_5": {"relevant": 0.0, "distractor": 0.0}, "rc_at_10": {"relevant": 0.0, "distractor": 0.0}, "rc_at_20": {"relevant": 0.0, "distractor": 0.0}, "rc_at_100": {"relevant": 0.0, "distractor": 0.0}, "rc_at_200": {"relevant": 0.0, "distractor": 0.0}, "rc_at_300": {"relevant": 0.0, "distractor": 0.0}, "rc_at_500": {"relevant": 0.0, "distractor": 0.0}, "rc_at_1000": {"relevant": 0.0, "distractor": 0.0}}