{"ndcg_at_1": 0.67132, "ndcg_at_3": 0.73759, "ndcg_at_5": 0.75656, "ndcg_at_10": 0.76866, "ndcg_at_20": 0.77581, "ndcg_at_100": 0.78389, "ndcg_at_200": 0.78596, "ndcg_at_300": 0.78676, "ndcg_at_500": 0.78756, "ndcg_at_1000": 0.7885, "map_at_1": 0.62272, "map_at_3": 0.70346, "map_at_5": 0.71564, "map_at_10": 0.72142, "map_at_20": 0.72367, "map_at_100": 0.72499, "map_at_200": 0.72513, "map_at_300": 0.72516, "map_at_500": 0.72519, "map_at_1000": 0.72521, "recall_at_1": 0.62272, "recall_at_3": 0.79076, "recall_at_5": 0.83756, "recall_at_10": 0.8737, "recall_at_20": 0.90002, "recall_at_100": 0.93955, "recall_at_200": 0.95289, "recall_at_300": 0.95845, "recall_at_500": 0.96401, "recall_at_1000": 0.97153, "precision_at_1": 0.67132, "precision_at_3": 0.28718, "precision_at_5": 0.18371, "precision_at_10": 0.09643, "precision_at_20": 0.04996, "precision_at_100": 0.01059, "precision_at_200": 0.0054, "precision_at_300": 0.00363, "precision_at_500": 0.0022, "precision_at_1000": 0.00112, "mrr_at_1": 0.67027, "mrr_at_3": 0.74782, "mrr_at_5": 0.75758, "mrr_at_10": 0.7621, "mrr_at_20": 0.76371, "mrr_at_100": 0.76459, "mrr_at_200": 0.76467, "mrr_at_300": 0.76468, "mrr_at_500": 0.76469, "mrr_at_1000": 0.7647, "rc_at_1": {"relevant": 0.0, "distractor": 0.0}, "rc_at_3": {"relevant": 0.0, "distractor": 0.0}, "rc_at_5": {"relevant": 0.0, "distractor": 0.0}, "rc_at_10": {"relevant": 0.0, "distractor": 0.0}, "rc_at_20": {"relevant": 0.0, "distractor": 0.0}, "rc_at_100": {"relevant": 0.0, "distractor": 0.0}, "rc_at_200": {"relevant": 0.0, "distractor": 0.0}, "rc_at_300": {"relevant": 0.0, "distractor": 0.0}, "rc_at_500": {"relevant": 0.0, "distractor": 0.0}, "rc_at_1000": {"relevant": 0.0, "distractor": 0.0}}