{"ndcg_at_1": 0.23302, "ndcg_at_3": 0.21733, "ndcg_at_5": 0.23085, "ndcg_at_10": 0.24975, "ndcg_at_20": 0.27018, "ndcg_at_100": 0.30431, "ndcg_at_200": 0.31647, "ndcg_at_300": 0.32205, "ndcg_at_500": 0.33077, "ndcg_at_1000": 0.3409, "map_at_1": 0.11979, "map_at_3": 0.1661, "map_at_5": 0.18023, "map_at_10": 0.19108, "map_at_20": 0.19745, "map_at_100": 0.20297, "map_at_200": 0.20386, "map_at_300": 0.20412, "map_at_500": 0.20442, "map_at_1000": 0.20464, "recall_at_1": 0.11979, "recall_at_3": 0.2052, "recall_at_5": 0.25364, "recall_at_10": 0.30903, "recall_at_20": 0.37399, "recall_at_100": 0.52076, "recall_at_200": 0.58471, "recall_at_300": 0.61718, "recall_at_500": 0.67285, "recall_at_1000": 0.74623, "precision_at_1": 0.23302, "precision_at_3": 0.1394, "precision_at_5": 0.10617, "precision_at_10": 0.06821, "precision_at_20": 0.04213, "precision_at_100": 0.01218, "precision_at_200": 0.00706, "precision_at_300": 0.00504, "precision_at_500": 0.00335, "precision_at_1000": 0.00187, "mrr_at_1": 0.23302, "mrr_at_3": 0.28215, "mrr_at_5": 0.2972, "mrr_at_10": 0.30634, "mrr_at_20": 0.3123, "mrr_at_100": 0.31601, "mrr_at_200": 0.31641, "mrr_at_300": 0.31652, "mrr_at_500": 0.31661, "mrr_at_1000": 0.31669, "rc_at_1": {"relevant": 0.0, "distractor": 0.0}, "rc_at_3": {"relevant": 0.0, "distractor": 0.0}, "rc_at_5": {"relevant": 0.0, "distractor": 0.0}, "rc_at_10": {"relevant": 0.0, "distractor": 0.0}, "rc_at_20": {"relevant": 0.0, "distractor": 0.0}, "rc_at_100": {"relevant": 0.0, "distractor": 0.0}, "rc_at_200": {"relevant": 0.0, "distractor": 0.0}, "rc_at_300": {"relevant": 0.0, "distractor": 0.0}, "rc_at_500": {"relevant": 0.0, "distractor": 0.0}, "rc_at_1000": {"relevant": 0.0, "distractor": 0.0}}