{"ndcg_at_1": 0.45455, "ndcg_at_3": 0.34099, "ndcg_at_5": 0.282, "ndcg_at_10": 0.23505, "ndcg_at_20": 0.29596, "ndcg_at_100": 0.42673, "ndcg_at_200": 0.45212, "ndcg_at_300": 0.46118, "ndcg_at_500": 0.46869, "ndcg_at_1000": 0.48018, "map_at_1": 0.04545, "map_at_3": 0.08182, "map_at_5": 0.09518, "map_at_10": 0.12224, "map_at_20": 0.14949, "map_at_100": 0.19358, "map_at_200": 0.19773, "map_at_300": 0.19884, "map_at_500": 0.19947, "map_at_1000": 0.19999, "recall_at_1": 0.04545, "recall_at_3": 0.09273, "recall_at_5": 0.11818, "recall_at_10": 0.19273, "recall_at_20": 0.30182, "recall_at_100": 0.62, "recall_at_200": 0.70182, "recall_at_300": 0.73455, "recall_at_500": 0.76364, "recall_at_1000": 0.81273, "precision_at_1": 0.45455, "precision_at_3": 0.30909, "precision_at_5": 0.23636, "precision_at_10": 0.19273, "precision_at_20": 0.15091, "precision_at_100": 0.062, "precision_at_200": 0.03509, "precision_at_300": 0.02448, "precision_at_500": 0.01527, "precision_at_1000": 0.00813, "mrr_at_1": 0.45455, "mrr_at_3": 0.52727, "mrr_at_5": 0.55273, "mrr_at_10": 0.56628, "mrr_at_20": 0.57233, "mrr_at_100": 0.5732, "mrr_at_200": 0.5732, "mrr_at_300": 0.5732, "mrr_at_500": 0.57325, "mrr_at_1000": 0.57328, "rc_at_1": {"relevant": 0.45455, "distractor": 0.52727}, "rc_at_3": {"relevant": 0.92727, "distractor": 1.96364}, "rc_at_5": {"relevant": 1.18182, "distractor": 3.58182}, "rc_at_10": {"relevant": 1.92727, "distractor": 7.38182}, "rc_at_20": {"relevant": 3.01818, "distractor": 14.50909}, "rc_at_100": {"relevant": 6.2, "distractor": 45.98182}, "rc_at_200": {"relevant": 7.01818, "distractor": 56.69091}, "rc_at_300": {"relevant": 7.34545, "distractor": 60.98182}, "rc_at_500": {"relevant": 7.63636, "distractor": 65.61818}, "rc_at_1000": {"relevant": 8.12727, "distractor": 71.89091}}