{"ndcg_at_1": 0.3319, "ndcg_at_3": 0.36442, "ndcg_at_5": 0.38248, "ndcg_at_10": 0.4068, "ndcg_at_20": 0.42816, "ndcg_at_100": 0.46248, "ndcg_at_200": 0.4713, "ndcg_at_300": 0.47627, "ndcg_at_500": 0.4817, "ndcg_at_1000": 0.48747, "map_at_1": 0.27424, "map_at_3": 0.327, "map_at_5": 0.34159, "map_at_10": 0.35347, "map_at_20": 0.36137, "map_at_100": 0.36713, "map_at_200": 0.36789, "map_at_300": 0.36814, "map_at_500": 0.36833, "map_at_1000": 0.36851, "recall_at_1": 0.27424, "recall_at_3": 0.38227, "recall_at_5": 0.43309, "recall_at_10": 0.50805, "recall_at_20": 0.58155, "recall_at_100": 0.74613, "recall_at_200": 0.79557, "recall_at_300": 0.82829, "recall_at_500": 0.86708, "recall_at_1000": 0.90722, "precision_at_1": 0.3319, "precision_at_3": 0.16929, "precision_at_5": 0.11989, "precision_at_10": 0.07325, "precision_at_20": 0.04514, "precision_at_100": 0.01253, "precision_at_200": 0.00712, "precision_at_300": 0.00507, "precision_at_500": 0.00326, "precision_at_1000": 0.00182, "mrr_at_1": 0.32761, "mrr_at_3": 0.38388, "mrr_at_5": 0.39711, "mrr_at_10": 0.40844, "mrr_at_20": 0.41373, "mrr_at_100": 0.4171, "mrr_at_200": 0.41745, "mrr_at_300": 0.41757, "mrr_at_500": 0.41764, "mrr_at_1000": 0.41768, "rc_at_1": {"relevant": 0.0, "distractor": 0.0}, "rc_at_3": {"relevant": 0.0, "distractor": 0.0}, "rc_at_5": {"relevant": 0.0, "distractor": 0.0}, "rc_at_10": {"relevant": 0.0, "distractor": 0.0}, "rc_at_20": {"relevant": 0.0, "distractor": 0.0}, "rc_at_100": {"relevant": 0.0, "distractor": 0.0}, "rc_at_200": {"relevant": 0.0, "distractor": 0.0}, "rc_at_300": {"relevant": 0.0, "distractor": 0.0}, "rc_at_500": {"relevant": 0.0, "distractor": 0.0}, "rc_at_1000": {"relevant": 0.0, "distractor": 0.0}}