{"ndcg_at_1": 0.138, "ndcg_at_3": 0.10953, "ndcg_at_5": 0.09594, "ndcg_at_10": 0.11584, "ndcg_at_20": 0.13197, "ndcg_at_100": 0.168, "ndcg_at_200": 0.18139, "ndcg_at_300": 0.18992, "ndcg_at_500": 0.20058, "ndcg_at_1000": 0.21614, "map_at_1": 0.02805, "map_at_3": 0.04766, "map_at_5": 0.05602, "map_at_10": 0.06535, "map_at_20": 0.07012, "map_at_100": 0.07589, "map_at_200": 0.0768, "map_at_300": 0.07721, "map_at_500": 0.0776, "map_at_1000": 0.07794, "recall_at_1": 0.02805, "recall_at_3": 0.0623, "recall_at_5": 0.08485, "recall_at_10": 0.12133, "recall_at_20": 0.15918, "recall_at_100": 0.27778, "recall_at_200": 0.33463, "recall_at_300": 0.37482, "recall_at_500": 0.42943, "recall_at_1000": 0.51678, "precision_at_1": 0.138, "precision_at_3": 0.102, "precision_at_5": 0.0836, "precision_at_10": 0.0598, "precision_at_20": 0.0393, "precision_at_100": 0.01367, "precision_at_200": 0.00823, "precision_at_300": 0.00615, "precision_at_500": 0.00422, "precision_at_1000": 0.00254, "mrr_at_1": 0.138, "mrr_at_3": 0.1855, "mrr_at_5": 0.2007, "mrr_at_10": 0.21144, "mrr_at_20": 0.21717, "mrr_at_100": 0.2221, "mrr_at_200": 0.22271, "mrr_at_300": 0.22288, "mrr_at_500": 0.22301, "mrr_at_1000": 0.22311, "rc_at_1": {"relevant": 0.0, "distractor": 0.0}, "rc_at_3": {"relevant": 0.0, "distractor": 0.0}, "rc_at_5": {"relevant": 0.0, "distractor": 0.0}, "rc_at_10": {"relevant": 0.0, "distractor": 0.0}, "rc_at_20": {"relevant": 0.0, "distractor": 0.0}, "rc_at_100": {"relevant": 0.0, "distractor": 0.0}, "rc_at_200": {"relevant": 0.0, "distractor": 0.0}, "rc_at_300": {"relevant": 0.0, "distractor": 0.0}, "rc_at_500": {"relevant": 0.0, "distractor": 0.0}, "rc_at_1000": {"relevant": 0.0, "distractor": 0.0}}