{"ndcg_at_1": 0.3877, "ndcg_at_3": 0.43286, "ndcg_at_5": 0.45428, "ndcg_at_10": 0.47977, "ndcg_at_20": 0.50199, "ndcg_at_100": 0.5342, "ndcg_at_200": 0.54269, "ndcg_at_300": 0.54726, "ndcg_at_500": 0.55067, "ndcg_at_1000": 0.55475, "map_at_1": 0.31727, "map_at_3": 0.38836, "map_at_5": 0.40552, "map_at_10": 0.4201, "map_at_20": 0.4284, "map_at_100": 0.43447, "map_at_200": 0.43518, "map_at_300": 0.43547, "map_at_500": 0.43565, "map_at_1000": 0.43578, "recall_at_1": 0.31727, "recall_at_3": 0.45436, "recall_at_5": 0.5127, "recall_at_10": 0.58839, "recall_at_20": 0.67023, "recall_at_100": 0.81964, "recall_at_200": 0.87065, "recall_at_300": 0.899, "recall_at_500": 0.92024, "recall_at_1000": 0.94817, "precision_at_1": 0.3877, "precision_at_3": 0.20458, "precision_at_5": 0.14707, "precision_at_10": 0.09013, "precision_at_20": 0.05329, "precision_at_100": 0.01454, "precision_at_200": 0.00808, "precision_at_300": 0.00575, "precision_at_500": 0.00365, "precision_at_1000": 0.00197, "mrr_at_1": 0.38054, "mrr_at_3": 0.44969, "mrr_at_5": 0.46528, "mrr_at_10": 0.4759, "mrr_at_20": 0.48121, "mrr_at_100": 0.48423, "mrr_at_200": 0.48452, "mrr_at_300": 0.48459, "mrr_at_500": 0.48463, "mrr_at_1000": 0.48466, "rc_at_1": {"relevant": 0.0, "distractor": 0.0}, "rc_at_3": {"relevant": 0.0, "distractor": 0.0}, "rc_at_5": {"relevant": 0.0, "distractor": 0.0}, "rc_at_10": {"relevant": 0.0, "distractor": 0.0}, "rc_at_20": {"relevant": 0.0, "distractor": 0.0}, "rc_at_100": {"relevant": 0.0, "distractor": 0.0}, "rc_at_200": {"relevant": 0.0, "distractor": 0.0}, "rc_at_300": {"relevant": 0.0, "distractor": 0.0}, "rc_at_500": {"relevant": 0.0, "distractor": 0.0}, "rc_at_1000": {"relevant": 0.0, "distractor": 0.0}}