{"ndcg_at_1": 0.03358, "ndcg_at_3": 0.04964, "ndcg_at_5": 0.05477, "ndcg_at_10": 0.06663, "ndcg_at_20": 0.07492, "ndcg_at_100": 0.09514, "ndcg_at_200": 0.10614, "ndcg_at_300": 0.11088, "ndcg_at_500": 0.11961, "ndcg_at_1000": 0.13189, "map_at_1": 0.02705, "map_at_3": 0.04181, "map_at_5": 0.04444, "map_at_10": 0.04918, "map_at_20": 0.05151, "map_at_100": 0.05396, "map_at_200": 0.05455, "map_at_300": 0.05471, "map_at_500": 0.05492, "map_at_1000": 0.0551, "recall_at_1": 0.02705, "recall_at_3": 0.06057, "recall_at_5": 0.07236, "recall_at_10": 0.10606, "recall_at_20": 0.13704, "recall_at_100": 0.24209, "recall_at_200": 0.3149, "recall_at_300": 0.34913, "recall_at_500": 0.41452, "recall_at_1000": 0.51953, "precision_at_1": 0.03358, "precision_at_3": 0.02612, "precision_at_5": 0.0194, "precision_at_10": 0.01455, "precision_at_20": 0.0092, "precision_at_100": 0.00336, "precision_at_200": 0.00219, "precision_at_300": 0.00164, "precision_at_500": 0.00122, "precision_at_1000": 0.00078, "mrr_at_1": 0.03358, "mrr_at_3": 0.05307, "mrr_at_5": 0.05723, "mrr_at_10": 0.06337, "mrr_at_20": 0.06576, "mrr_at_100": 0.06854, "mrr_at_200": 0.06915, "mrr_at_300": 0.0693, "mrr_at_500": 0.06949, "mrr_at_1000": 0.06965, "rc_at_1": {"relevant": 0.0, "distractor": 0.0}, "rc_at_3": {"relevant": 0.0, "distractor": 0.0}, "rc_at_5": {"relevant": 0.0, "distractor": 0.0}, "rc_at_10": {"relevant": 0.0, "distractor": 0.0}, "rc_at_20": {"relevant": 0.0, "distractor": 0.0}, "rc_at_100": {"relevant": 0.0, "distractor": 0.0}, "rc_at_200": {"relevant": 0.0, "distractor": 0.0}, "rc_at_300": {"relevant": 0.0, "distractor": 0.0}, "rc_at_500": {"relevant": 0.0, "distractor": 0.0}, "rc_at_1000": {"relevant": 0.0, "distractor": 0.0}}