{"ndcg_at_1": 0.8221, "ndcg_at_3": 0.86424, "ndcg_at_5": 0.8785, "ndcg_at_10": 0.89104, "ndcg_at_20": 0.89726, "ndcg_at_100": 0.90218, "ndcg_at_200": 0.90268, "ndcg_at_300": 0.90282, "ndcg_at_500": 0.90289, "ndcg_at_1000": 0.90292, "map_at_1": 0.71285, "map_at_3": 0.82541, "map_at_5": 0.84341, "map_at_10": 0.85429, "map_at_20": 0.85844, "map_at_100": 0.86058, "map_at_200": 0.86069, "map_at_300": 0.86071, "map_at_500": 0.86072, "map_at_1000": 0.86072, "recall_at_1": 0.71285, "recall_at_3": 0.88262, "recall_at_5": 0.92398, "recall_at_10": 0.96049, "recall_at_20": 0.97998, "recall_at_100": 0.99692, "recall_at_200": 0.99893, "recall_at_300": 0.99944, "recall_at_500": 0.99975, "recall_at_1000": 0.99992, "precision_at_1": 0.8221, "precision_at_3": 0.3786, "precision_at_5": 0.24792, "precision_at_10": 0.13512, "precision_at_20": 0.07168, "precision_at_100": 0.01537, "precision_at_200": 0.00778, "precision_at_300": 0.00521, "precision_at_500": 0.00313, "precision_at_1000": 0.00157, "mrr_at_1": 0.8219, "mrr_at_3": 0.87432, "mrr_at_5": 0.88008, "mrr_at_10": 0.88305, "mrr_at_20": 0.88376, "mrr_at_100": 0.88395, "mrr_at_200": 0.88396, "mrr_at_300": 0.88396, "mrr_at_500": 0.88396, "mrr_at_1000": 0.88396, "rc_at_1": {"relevant": 0.0, "distractor": 0.0}, "rc_at_3": {"relevant": 0.0, "distractor": 0.0}, "rc_at_5": {"relevant": 0.0, "distractor": 0.0}, "rc_at_10": {"relevant": 0.0, "distractor": 0.0}, "rc_at_20": {"relevant": 0.0, "distractor": 0.0}, "rc_at_100": {"relevant": 0.0, "distractor": 0.0}, "rc_at_200": {"relevant": 0.0, "distractor": 0.0}, "rc_at_300": {"relevant": 0.0, "distractor": 0.0}, "rc_at_500": {"relevant": 0.0, "distractor": 0.0}, "rc_at_1000": {"relevant": 0.0, "distractor": 0.0}}