{"ndcg_at_1": 0.25017, "ndcg_at_3": 0.29187, "ndcg_at_5": 0.31107, "ndcg_at_10": 0.3355, "ndcg_at_20": 0.35452, "ndcg_at_100": 0.38697, "ndcg_at_200": 0.39721, "ndcg_at_300": 0.40247, "ndcg_at_500": 0.40788, "ndcg_at_1000": 0.41438, "map_at_1": 0.20373, "map_at_3": 0.26033, "map_at_5": 0.27414, "map_at_10": 0.28579, "map_at_20": 0.29173, "map_at_100": 0.29685, "map_at_200": 0.29753, "map_at_300": 0.29775, "map_at_500": 0.29792, "map_at_1000": 0.29806, "recall_at_1": 0.20373, "recall_at_3": 0.31879, "recall_at_5": 0.3702, "recall_at_10": 0.44404, "recall_at_20": 0.5147, "recall_at_100": 0.67429, "recall_at_200": 0.73972, "recall_at_300": 0.77633, "recall_at_500": 0.81703, "recall_at_1000": 0.86958, "precision_at_1": 0.25017, "precision_at_3": 0.13845, "precision_at_5": 0.09897, "precision_at_10": 0.06074, "precision_at_20": 0.03603, "precision_at_100": 0.01011, "precision_at_200": 0.00568, "precision_at_300": 0.00403, "precision_at_500": 0.00259, "precision_at_1000": 0.00142, "mrr_at_1": 0.25052, "mrr_at_3": 0.30483, "mrr_at_5": 0.31663, "mrr_at_10": 0.32695, "mrr_at_20": 0.33198, "mrr_at_100": 0.3358, "mrr_at_200": 0.33621, "mrr_at_300": 0.33634, "mrr_at_500": 0.33643, "mrr_at_1000": 0.3365, "rc_at_1": {"relevant": 0.0, "distractor": 0.0}, "rc_at_3": {"relevant": 0.0, "distractor": 0.0}, "rc_at_5": {"relevant": 0.0, "distractor": 0.0}, "rc_at_10": {"relevant": 0.0, "distractor": 0.0}, "rc_at_20": {"relevant": 0.0, "distractor": 0.0}, "rc_at_100": {"relevant": 0.0, "distractor": 0.0}, "rc_at_200": {"relevant": 0.0, "distractor": 0.0}, "rc_at_300": {"relevant": 0.0, "distractor": 0.0}, "rc_at_500": {"relevant": 0.0, "distractor": 0.0}, "rc_at_1000": {"relevant": 0.0, "distractor": 0.0}}