{"ndcg_at_1": 0.37352, "ndcg_at_3": 0.41934, "ndcg_at_5": 0.43694, "ndcg_at_10": 0.46262, "ndcg_at_20": 0.48393, "ndcg_at_100": 0.5236, "ndcg_at_200": 0.53248, "ndcg_at_300": 0.53536, "ndcg_at_500": 0.53902, "ndcg_at_1000": 0.54313, "map_at_1": 0.31464, "map_at_3": 0.37711, "map_at_5": 0.39118, "map_at_10": 0.40562, "map_at_20": 0.41477, "map_at_100": 0.42324, "map_at_200": 0.42435, "map_at_300": 0.42474, "map_at_500": 0.4251, "map_at_1000": 0.42535, "recall_at_1": 0.31464, "recall_at_3": 0.43872, "recall_at_5": 0.48983, "recall_at_10": 0.5614, "recall_at_20": 0.63899, "recall_at_100": 0.8374, "recall_at_200": 0.88906, "recall_at_300": 0.90362, "recall_at_500": 0.92366, "recall_at_1000": 0.95217, "precision_at_1": 0.37352, "precision_at_3": 0.19302, "precision_at_5": 0.13478, "precision_at_10": 0.08656, "precision_at_20": 0.05464, "precision_at_100": 0.0168, "precision_at_200": 0.00977, "precision_at_300": 0.00706, "precision_at_500": 0.00464, "precision_at_1000": 0.00252, "mrr_at_1": 0.37352, "mrr_at_3": 0.43149, "mrr_at_5": 0.44364, "mrr_at_10": 0.45328, "mrr_at_20": 0.45856, "mrr_at_100": 0.46275, "mrr_at_200": 0.46306, "mrr_at_300": 0.46309, "mrr_at_500": 0.46313, "mrr_at_1000": 0.46316, "rc_at_1": {"relevant": 0.0, "distractor": 0.0}, "rc_at_3": {"relevant": 0.0, "distractor": 0.0}, "rc_at_5": {"relevant": 0.0, "distractor": 0.0}, "rc_at_10": {"relevant": 0.0, "distractor": 0.0}, "rc_at_20": {"relevant": 0.0, "distractor": 0.0}, "rc_at_100": {"relevant": 0.0, "distractor": 0.0}, "rc_at_200": {"relevant": 0.0, "distractor": 0.0}, "rc_at_300": {"relevant": 0.0, "distractor": 0.0}, "rc_at_500": {"relevant": 0.0, "distractor": 0.0}, "rc_at_1000": {"relevant": 0.0, "distractor": 0.0}}