{"ndcg_at_1": 0.32308, "ndcg_at_3": 0.23421, "ndcg_at_5": 0.22069, "ndcg_at_10": 0.18532, "ndcg_at_20": 0.24271, "ndcg_at_100": 0.38464, "ndcg_at_200": 0.41562, "ndcg_at_300": 0.43182, "ndcg_at_500": 0.44563, "ndcg_at_1000": 0.45891, "map_at_1": 0.03231, "map_at_3": 0.05103, "map_at_5": 0.06956, "map_at_10": 0.0895, "map_at_20": 0.1149, "map_at_100": 0.1537, "map_at_200": 0.15889, "map_at_300": 0.16066, "map_at_500": 0.16178, "map_at_1000": 0.16247, "recall_at_1": 0.03231, "recall_at_3": 0.06308, "recall_at_5": 0.1, "recall_at_10": 0.16, "recall_at_20": 0.26308, "recall_at_100": 0.62, "recall_at_200": 0.72, "recall_at_300": 0.77846, "recall_at_500": 0.83231, "recall_at_1000": 0.88923, "precision_at_1": 0.32308, "precision_at_3": 0.21026, "precision_at_5": 0.2, "precision_at_10": 0.16, "precision_at_20": 0.13154, "precision_at_100": 0.062, "precision_at_200": 0.036, "precision_at_300": 0.02595, "precision_at_500": 0.01665, "precision_at_1000": 0.00889, "mrr_at_1": 0.32308, "mrr_at_3": 0.40256, "mrr_at_5": 0.42103, "mrr_at_10": 0.44277, "mrr_at_20": 0.44813, "mrr_at_100": 0.45452, "mrr_at_200": 0.45452, "mrr_at_300": 0.45452, "mrr_at_500": 0.45452, "mrr_at_1000": 0.45452, "rc_at_1": {"relevant": 0.32308, "distractor": 0.67692}, "rc_at_3": {"relevant": 0.63077, "distractor": 2.29231}, "rc_at_5": {"relevant": 1.0, "distractor": 3.8}, "rc_at_10": {"relevant": 1.6, "distractor": 7.87692}, "rc_at_20": {"relevant": 2.63077, "distractor": 15.64615}, "rc_at_100": {"relevant": 6.2, "distractor": 59.41538}, "rc_at_200": {"relevant": 7.2, "distractor": 71.75385}, "rc_at_300": {"relevant": 7.78462, "distractor": 76.09231}, "rc_at_500": {"relevant": 8.32308, "distractor": 80.78462}, "rc_at_1000": {"relevant": 8.89231, "distractor": 86.38462}}