{"ndcg_at_1": 0.31692, "ndcg_at_3": 0.417, "ndcg_at_5": 0.45385, "ndcg_at_10": 0.48838, "ndcg_at_20": 0.50968, "ndcg_at_100": 0.53679, "ndcg_at_200": 0.54146, "ndcg_at_300": 0.54341, "ndcg_at_500": 0.54533, "ndcg_at_1000": 0.54746, "map_at_1": 0.28146, "map_at_3": 0.38088, "map_at_5": 0.40291, "map_at_10": 0.41849, "map_at_20": 0.425, "map_at_100": 0.42929, "map_at_200": 0.42958, "map_at_300": 0.42965, "map_at_500": 0.4297, "map_at_1000": 0.42973, "recall_at_1": 0.28146, "recall_at_3": 0.49008, "recall_at_5": 0.57522, "recall_at_10": 0.67598, "recall_at_20": 0.75497, "recall_at_100": 0.89105, "recall_at_200": 0.92191, "recall_at_300": 0.93668, "recall_at_500": 0.95218, "recall_at_1000": 0.97115, "precision_at_1": 0.31692, "precision_at_3": 0.18975, "precision_at_5": 0.13459, "precision_at_10": 0.0799, "precision_at_20": 0.04497, "precision_at_100": 0.01078, "precision_at_200": 0.0056, "precision_at_300": 0.00379, "precision_at_500": 0.00231, "precision_at_1000": 0.00118, "mrr_at_1": 0.31721, "mrr_at_3": 0.41251, "mrr_at_5": 0.43155, "mrr_at_10": 0.44442, "mrr_at_20": 0.44967, "mrr_at_100": 0.4529, "mrr_at_200": 0.45309, "mrr_at_300": 0.45314, "mrr_at_500": 0.45317, "mrr_at_1000": 0.4532, "rc_at_1": {"relevant": 0.0, "distractor": 0.0}, "rc_at_3": {"relevant": 0.0, "distractor": 0.0}, "rc_at_5": {"relevant": 0.0, "distractor": 0.0}, "rc_at_10": {"relevant": 0.0, "distractor": 0.0}, "rc_at_20": {"relevant": 0.0, "distractor": 0.0}, "rc_at_100": {"relevant": 0.0, "distractor": 0.0}, "rc_at_200": {"relevant": 0.0, "distractor": 0.0}, "rc_at_300": {"relevant": 0.0, "distractor": 0.0}, "rc_at_500": {"relevant": 0.0, "distractor": 0.0}, "rc_at_1000": {"relevant": 0.0, "distractor": 0.0}}