{"ndcg_at_1": 0.76759, "ndcg_at_3": 0.63339, "ndcg_at_5": 0.66127, "ndcg_at_10": 0.68307, "ndcg_at_20": 0.69557, "ndcg_at_100": 0.71305, "ndcg_at_200": 0.71719, "ndcg_at_300": 0.71936, "ndcg_at_500": 0.72186, "ndcg_at_1000": 0.72449, "map_at_1": 0.38379, "map_at_3": 0.5604, "map_at_5": 0.58232, "map_at_10": 0.59556, "map_at_20": 0.6006, "map_at_100": 0.60417, "map_at_200": 0.6045, "map_at_300": 0.60461, "map_at_500": 0.6047, "map_at_1000": 0.60475, "recall_at_1": 0.38379, "recall_at_3": 0.60655, "recall_at_5": 0.66151, "recall_at_10": 0.71594, "recall_at_20": 0.75611, "recall_at_100": 0.83302, "recall_at_200": 0.85719, "recall_at_300": 0.87124, "recall_at_500": 0.88866, "recall_at_1000": 0.90898, "precision_at_1": 0.76759, "precision_at_3": 0.40437, "precision_at_5": 0.2646, "precision_at_10": 0.14319, "precision_at_20": 0.07561, "precision_at_100": 0.01666, "precision_at_200": 0.00857, "precision_at_300": 0.00581, "precision_at_500": 0.00355, "precision_at_1000": 0.00182, "mrr_at_1": 0.76759, "mrr_at_3": 0.82001, "mrr_at_5": 0.82686, "mrr_at_10": 0.83015, "mrr_at_20": 0.83133, "mrr_at_100": 0.83206, "mrr_at_200": 0.83209, "mrr_at_300": 0.83211, "mrr_at_500": 0.83212, "mrr_at_1000": 0.83212, "rc_at_1": {"relevant": 0.0, "distractor": 0.0}, "rc_at_3": {"relevant": 0.0, "distractor": 0.0}, "rc_at_5": {"relevant": 0.0, "distractor": 0.0}, "rc_at_10": {"relevant": 0.0, "distractor": 0.0}, "rc_at_20": {"relevant": 0.0, "distractor": 0.0}, "rc_at_100": {"relevant": 0.0, "distractor": 0.0}, "rc_at_200": {"relevant": 0.0, "distractor": 0.0}, "rc_at_300": {"relevant": 0.0, "distractor": 0.0}, "rc_at_500": {"relevant": 0.0, "distractor": 0.0}, "rc_at_1000": {"relevant": 0.0, "distractor": 0.0}}