{"ndcg_at_1": 0.23006, "ndcg_at_3": 0.27187, "ndcg_at_5": 0.28792, "ndcg_at_10": 0.31084, "ndcg_at_20": 0.33106, "ndcg_at_100": 0.36227, "ndcg_at_200": 0.37157, "ndcg_at_300": 0.37775, "ndcg_at_500": 0.38256, "ndcg_at_1000": 0.38925, "map_at_1": 0.20225, "map_at_3": 0.24926, "map_at_5": 0.25917, "map_at_10": 0.26945, "map_at_20": 0.27541, "map_at_100": 0.27989, "map_at_200": 0.28046, "map_at_300": 0.28068, "map_at_500": 0.28082, "map_at_1000": 0.28094, "recall_at_1": 0.20225, "recall_at_3": 0.3015, "recall_at_5": 0.34277, "recall_at_10": 0.41212, "recall_at_20": 0.48907, "recall_at_100": 0.64787, "recall_at_200": 0.70859, "recall_at_300": 0.75406, "recall_at_500": 0.79106, "recall_at_1000": 0.84772, "precision_at_1": 0.23006, "precision_at_3": 0.11963, "precision_at_5": 0.08252, "precision_at_10": 0.05092, "precision_at_20": 0.0306, "precision_at_100": 0.00839, "precision_at_200": 0.00465, "precision_at_300": 0.00332, "precision_at_500": 0.00211, "precision_at_1000": 0.00115, "mrr_at_1": 0.23006, "mrr_at_3": 0.27684, "mrr_at_5": 0.28643, "mrr_at_10": 0.29586, "mrr_at_20": 0.30107, "mrr_at_100": 0.30503, "mrr_at_200": 0.30546, "mrr_at_300": 0.30564, "mrr_at_500": 0.30574, "mrr_at_1000": 0.3058, "rc_at_1": {"relevant": 0.0, "distractor": 0.0}, "rc_at_3": {"relevant": 0.0, "distractor": 0.0}, "rc_at_5": {"relevant": 0.0, "distractor": 0.0}, "rc_at_10": {"relevant": 0.0, "distractor": 0.0}, "rc_at_20": {"relevant": 0.0, "distractor": 0.0}, "rc_at_100": {"relevant": 0.0, "distractor": 0.0}, "rc_at_200": {"relevant": 0.0, "distractor": 0.0}, "rc_at_300": {"relevant": 0.0, "distractor": 0.0}, "rc_at_500": {"relevant": 0.0, "distractor": 0.0}, "rc_at_1000": {"relevant": 0.0, "distractor": 0.0}}