{"ndcg_at_1": 0.35385, "ndcg_at_3": 0.31036, "ndcg_at_5": 0.27751, "ndcg_at_10": 0.24261, "ndcg_at_20": 0.28972, "ndcg_at_100": 0.47302, "ndcg_at_200": 0.52111, "ndcg_at_300": 0.52534, "ndcg_at_500": 0.53248, "ndcg_at_1000": 0.53569, "map_at_1": 0.03538, "map_at_3": 0.07846, "map_at_5": 0.09738, "map_at_10": 0.13655, "map_at_20": 0.1585, "map_at_100": 0.21197, "map_at_200": 0.22187, "map_at_300": 0.22237, "map_at_500": 0.223, "map_at_1000": 0.22318, "recall_at_1": 0.03538, "recall_at_3": 0.08923, "recall_at_5": 0.12769, "recall_at_10": 0.21538, "recall_at_20": 0.3, "recall_at_100": 0.77538, "recall_at_200": 0.92769, "recall_at_300": 0.94308, "recall_at_500": 0.97077, "recall_at_1000": 0.98462, "precision_at_1": 0.35385, "precision_at_3": 0.29744, "precision_at_5": 0.25538, "precision_at_10": 0.21538, "precision_at_20": 0.15, "precision_at_100": 0.07754, "precision_at_200": 0.04638, "precision_at_300": 0.03144, "precision_at_500": 0.01942, "precision_at_1000": 0.00985, "mrr_at_1": 0.35385, "mrr_at_3": 0.42051, "mrr_at_5": 0.45205, "mrr_at_10": 0.47013, "mrr_at_20": 0.47612, "mrr_at_100": 0.48025, "mrr_at_200": 0.48025, "mrr_at_300": 0.48025, "mrr_at_500": 0.48025, "mrr_at_1000": 0.48025, "rc_at_1": {"relevant": 0.35385, "distractor": 0.64615}, "rc_at_3": {"relevant": 0.89231, "distractor": 2.09231}, "rc_at_5": {"relevant": 1.27692, "distractor": 3.69231}, "rc_at_10": {"relevant": 2.15385, "distractor": 7.72308}, "rc_at_20": {"relevant": 3.0, "distractor": 16.76923}, "rc_at_100": {"relevant": 7.75385, "distractor": 81.55385}, "rc_at_200": {"relevant": 9.27692, "distractor": 93.46154}, "rc_at_300": {"relevant": 9.43077, "distractor": 95.13846}, "rc_at_500": {"relevant": 9.70769, "distractor": 96.44615}, "rc_at_1000": {"relevant": 9.84615, "distractor": 97.52308}}