{"ndcg_at_1": 0.38776, "ndcg_at_3": 0.32256, "ndcg_at_5": 0.28327, "ndcg_at_10": 0.26177, "ndcg_at_20": 0.25774, "ndcg_at_100": 0.34947, "ndcg_at_200": 0.38377, "ndcg_at_300": 0.40661, "ndcg_at_500": 0.42882, "ndcg_at_1000": 0.45202, "map_at_1": 0.03159, "map_at_3": 0.05758, "map_at_5": 0.07485, "map_at_10": 0.10408, "map_at_20": 0.12143, "map_at_100": 0.14811, "map_at_200": 0.15419, "map_at_300": 0.1569, "map_at_500": 0.15902, "map_at_1000": 0.16062, "recall_at_1": 0.03159, "recall_at_3": 0.06814, "recall_at_5": 0.09477, "recall_at_10": 0.16166, "recall_at_20": 0.22398, "recall_at_100": 0.41671, "recall_at_200": 0.50418, "recall_at_300": 0.56898, "recall_at_500": 0.63825, "recall_at_1000": 0.72186, "precision_at_1": 0.42857, "precision_at_3": 0.31973, "precision_at_5": 0.26122, "precision_at_10": 0.22245, "precision_at_20": 0.1602, "precision_at_100": 0.06776, "precision_at_200": 0.04286, "precision_at_300": 0.03306, "precision_at_500": 0.02286, "precision_at_1000": 0.01322, "mrr_at_1": 0.42857, "mrr_at_3": 0.52381, "mrr_at_5": 0.53912, "mrr_at_10": 0.54997, "mrr_at_20": 0.55691, "mrr_at_100": 0.55884, "mrr_at_200": 0.55894, "mrr_at_300": 0.55901, "mrr_at_500": 0.55901, "mrr_at_1000": 0.55901, "rc_at_1": {"relevant": 0.0, "distractor": 0.0}, "rc_at_3": {"relevant": 0.0, "distractor": 0.0}, "rc_at_5": {"relevant": 0.0, "distractor": 0.0}, "rc_at_10": {"relevant": 0.0, "distractor": 0.0}, "rc_at_20": {"relevant": 0.0, "distractor": 0.0}, "rc_at_100": {"relevant": 0.0, "distractor": 0.0}, "rc_at_200": {"relevant": 0.0, "distractor": 0.0}, "rc_at_300": {"relevant": 0.0, "distractor": 0.0}, "rc_at_500": {"relevant": 0.0, "distractor": 0.0}, "rc_at_1000": {"relevant": 0.0, "distractor": 0.0}}