{"ndcg_at_1": 0.41641, "ndcg_at_3": 0.386, "ndcg_at_5": 0.36663, "ndcg_at_10": 0.33625, "ndcg_at_20": 0.31118, "ndcg_at_100": 0.29888, "ndcg_at_200": 0.3168, "ndcg_at_300": 0.32843, "ndcg_at_500": 0.34876, "ndcg_at_1000": 0.38614, "map_at_1": 0.05166, "map_at_3": 0.0919, "map_at_5": 0.10557, "map_at_10": 0.12293, "map_at_20": 0.1349, "map_at_100": 0.1515, "map_at_200": 0.15655, "map_at_300": 0.15872, "map_at_500": 0.16138, "map_at_1000": 0.16478, "recall_at_1": 0.05166, "recall_at_3": 0.10284, "recall_at_5": 0.12741, "recall_at_10": 0.16265, "recall_at_20": 0.19426, "recall_at_100": 0.29474, "recall_at_200": 0.3702, "recall_at_300": 0.41085, "recall_at_500": 0.48525, "recall_at_1000": 0.62022, "precision_at_1": 0.43034, "precision_at_3": 0.36326, "precision_at_5": 0.31889, "precision_at_10": 0.25015, "precision_at_20": 0.18359, "precision_at_100": 0.07573, "precision_at_200": 0.05076, "precision_at_300": 0.03955, "precision_at_500": 0.02942, "precision_at_1000": 0.02008, "mrr_at_1": 0.43653, "mrr_at_3": 0.50052, "mrr_at_5": 0.51429, "mrr_at_10": 0.52538, "mrr_at_20": 0.52947, "mrr_at_100": 0.53155, "mrr_at_200": 0.53179, "mrr_at_300": 0.53184, "mrr_at_500": 0.5319, "mrr_at_1000": 0.53195, "rc_at_1": {"relevant": 0.0, "distractor": 0.0}, "rc_at_3": {"relevant": 0.0, "distractor": 0.0}, "rc_at_5": {"relevant": 0.0, "distractor": 0.0}, "rc_at_10": {"relevant": 0.0, "distractor": 0.0}, "rc_at_20": {"relevant": 0.0, "distractor": 0.0}, "rc_at_100": {"relevant": 0.0, "distractor": 0.0}, "rc_at_200": {"relevant": 0.0, "distractor": 0.0}, "rc_at_300": {"relevant": 0.0, "distractor": 0.0}, "rc_at_500": {"relevant": 0.0, "distractor": 0.0}, "rc_at_1000": {"relevant": 0.0, "distractor": 0.0}}