{"ndcg_at_1": 0.02469, "ndcg_at_3": 0.02551, "ndcg_at_5": 0.02761, "ndcg_at_10": 0.03136, "ndcg_at_20": 0.03791, "ndcg_at_100": 0.05723, "ndcg_at_200": 0.06382, "ndcg_at_300": 0.06968, "ndcg_at_500": 0.07701, "ndcg_at_1000": 0.08876, "map_at_1": 0.01395, "map_at_3": 0.01963, "map_at_5": 0.02098, "map_at_10": 0.02243, "map_at_20": 0.02397, "map_at_100": 0.02619, "map_at_200": 0.02654, "map_at_300": 0.02672, "map_at_500": 0.02691, "map_at_1000": 0.02709, "recall_at_1": 0.01395, "recall_at_3": 0.02632, "recall_at_5": 0.03191, "recall_at_10": 0.04267, "recall_at_20": 0.06195, "recall_at_100": 0.1497, "recall_at_200": 0.18576, "recall_at_300": 0.22313, "recall_at_500": 0.27028, "recall_at_1000": 0.35927, "precision_at_1": 0.02469, "precision_at_3": 0.01543, "precision_at_5": 0.01204, "precision_at_10": 0.00833, "precision_at_20": 0.00702, "precision_at_100": 0.00343, "precision_at_200": 0.00221, "precision_at_300": 0.00176, "precision_at_500": 0.00132, "precision_at_1000": 0.00088, "mrr_at_1": 0.02469, "mrr_at_3": 0.03369, "mrr_at_5": 0.03786, "mrr_at_10": 0.03991, "mrr_at_20": 0.04329, "mrr_at_100": 0.04671, "mrr_at_200": 0.04719, "mrr_at_300": 0.04742, "mrr_at_500": 0.04759, "mrr_at_1000": 0.04775, "rc_at_1": {"relevant": 0.0, "distractor": 0.0}, "rc_at_3": {"relevant": 0.0, "distractor": 0.0}, "rc_at_5": {"relevant": 0.0, "distractor": 0.0}, "rc_at_10": {"relevant": 0.0, "distractor": 0.0}, "rc_at_20": {"relevant": 0.0, "distractor": 0.0}, "rc_at_100": {"relevant": 0.0, "distractor": 0.0}, "rc_at_200": {"relevant": 0.0, "distractor": 0.0}, "rc_at_300": {"relevant": 0.0, "distractor": 0.0}, "rc_at_500": {"relevant": 0.0, "distractor": 0.0}, "rc_at_1000": {"relevant": 0.0, "distractor": 0.0}}