{"ndcg_at_1": 0.09333, "ndcg_at_3": 0.12853, "ndcg_at_5": 0.1389, "ndcg_at_10": 0.15695, "ndcg_at_20": 0.17487, "ndcg_at_100": 0.2066, "ndcg_at_200": 0.21813, "ndcg_at_300": 0.22543, "ndcg_at_500": 0.23659, "ndcg_at_1000": 0.24664, "map_at_1": 0.08472, "map_at_3": 0.11398, "map_at_5": 0.12044, "map_at_10": 0.12798, "map_at_20": 0.13278, "map_at_100": 0.13726, "map_at_200": 0.13789, "map_at_300": 0.13815, "map_at_500": 0.1384, "map_at_1000": 0.13855, "recall_at_1": 0.08472, "recall_at_3": 0.15583, "recall_at_5": 0.18222, "recall_at_10": 0.23594, "recall_at_20": 0.30733, "recall_at_100": 0.47661, "recall_at_200": 0.55656, "recall_at_300": 0.61267, "recall_at_500": 0.70733, "recall_at_1000": 0.80033, "precision_at_1": 0.09333, "precision_at_3": 0.06, "precision_at_5": 0.04267, "precision_at_10": 0.028, "precision_at_20": 0.018, "precision_at_100": 0.0055, "precision_at_200": 0.00322, "precision_at_300": 0.00236, "precision_at_500": 0.00162, "precision_at_1000": 0.00091, "mrr_at_1": 0.09333, "mrr_at_3": 0.12389, "mrr_at_5": 0.13139, "mrr_at_10": 0.13882, "mrr_at_20": 0.143, "mrr_at_100": 0.14711, "mrr_at_200": 0.14767, "mrr_at_300": 0.14788, "mrr_at_500": 0.14811, "mrr_at_1000": 0.14824, "rc_at_1": {"relevant": 0.0, "distractor": 0.0}, "rc_at_3": {"relevant": 0.0, "distractor": 0.0}, "rc_at_5": {"relevant": 0.0, "distractor": 0.0}, "rc_at_10": {"relevant": 0.0, "distractor": 0.0}, "rc_at_20": {"relevant": 0.0, "distractor": 0.0}, "rc_at_100": {"relevant": 0.0, "distractor": 0.0}, "rc_at_200": {"relevant": 0.0, "distractor": 0.0}, "rc_at_300": {"relevant": 0.0, "distractor": 0.0}, "rc_at_500": {"relevant": 0.0, "distractor": 0.0}, "rc_at_1000": {"relevant": 0.0, "distractor": 0.0}}