{"ndcg_at_1": 0.18657, "ndcg_at_3": 0.23301, "ndcg_at_5": 0.26081, "ndcg_at_10": 0.29196, "ndcg_at_20": 0.31474, "ndcg_at_100": 0.35312, "ndcg_at_200": 0.36235, "ndcg_at_300": 0.36711, "ndcg_at_500": 0.37214, "ndcg_at_1000": 0.37994, "map_at_1": 0.14898, "map_at_3": 0.20383, "map_at_5": 0.22151, "map_at_10": 0.23526, "map_at_20": 0.24206, "map_at_100": 0.24784, "map_at_200": 0.24846, "map_at_300": 0.24867, "map_at_500": 0.24882, "map_at_1000": 0.24896, "recall_at_1": 0.14898, "recall_at_3": 0.26653, "recall_at_5": 0.3359, "recall_at_10": 0.42645, "recall_at_20": 0.50776, "recall_at_100": 0.69599, "recall_at_200": 0.75235, "recall_at_300": 0.78456, "recall_at_500": 0.82157, "recall_at_1000": 0.8868, "precision_at_1": 0.18657, "precision_at_3": 0.11277, "precision_at_5": 0.08607, "precision_at_10": 0.05659, "precision_at_20": 0.0347, "precision_at_100": 0.01012, "precision_at_200": 0.00561, "precision_at_300": 0.00396, "precision_at_500": 0.00252, "precision_at_1000": 0.00138, "mrr_at_1": 0.18657, "mrr_at_3": 0.24668, "mrr_at_5": 0.26248, "mrr_at_10": 0.27661, "mrr_at_20": 0.28292, "mrr_at_100": 0.28708, "mrr_at_200": 0.28741, "mrr_at_300": 0.2875, "mrr_at_500": 0.2876, "mrr_at_1000": 0.28767, "rc_at_1": {"relevant": 0.0, "distractor": 0.0}, "rc_at_3": {"relevant": 0.0, "distractor": 0.0}, "rc_at_5": {"relevant": 0.0, "distractor": 0.0}, "rc_at_10": {"relevant": 0.0, "distractor": 0.0}, "rc_at_20": {"relevant": 0.0, "distractor": 0.0}, "rc_at_100": {"relevant": 0.0, "distractor": 0.0}, "rc_at_200": {"relevant": 0.0, "distractor": 0.0}, "rc_at_300": {"relevant": 0.0, "distractor": 0.0}, "rc_at_500": {"relevant": 0.0, "distractor": 0.0}, "rc_at_1000": {"relevant": 0.0, "distractor": 0.0}}