{"ndcg_at_1": 0.14506, "ndcg_at_3": 0.13384, "ndcg_at_5": 0.14315, "ndcg_at_10": 0.1539, "ndcg_at_20": 0.17372, "ndcg_at_100": 0.20745, "ndcg_at_200": 0.21942, "ndcg_at_300": 0.22524, "ndcg_at_500": 0.23352, "ndcg_at_1000": 0.24358, "map_at_1": 0.07079, "map_at_3": 0.09732, "map_at_5": 0.10689, "map_at_10": 0.11305, "map_at_20": 0.11911, "map_at_100": 0.12444, "map_at_200": 0.12526, "map_at_300": 0.12551, "map_at_500": 0.12577, "map_at_1000": 0.12597, "recall_at_1": 0.07079, "recall_at_3": 0.12075, "recall_at_5": 0.1556, "recall_at_10": 0.18947, "recall_at_20": 0.25273, "recall_at_100": 0.3967, "recall_at_200": 0.46209, "recall_at_300": 0.49681, "recall_at_500": 0.55022, "recall_at_1000": 0.62299, "precision_at_1": 0.14506, "precision_at_3": 0.09053, "precision_at_5": 0.06883, "precision_at_10": 0.04306, "precision_at_20": 0.02901, "precision_at_100": 0.00948, "precision_at_200": 0.00563, "precision_at_300": 0.00409, "precision_at_500": 0.00275, "precision_at_1000": 0.00158, "mrr_at_1": 0.14506, "mrr_at_3": 0.18544, "mrr_at_5": 0.19648, "mrr_at_10": 0.20341, "mrr_at_20": 0.20943, "mrr_at_100": 0.21338, "mrr_at_200": 0.21378, "mrr_at_300": 0.21391, "mrr_at_500": 0.21404, "mrr_at_1000": 0.21413, "rc_at_1": {"relevant": 0.0, "distractor": 0.0}, "rc_at_3": {"relevant": 0.0, "distractor": 0.0}, "rc_at_5": {"relevant": 0.0, "distractor": 0.0}, "rc_at_10": {"relevant": 0.0, "distractor": 0.0}, "rc_at_20": {"relevant": 0.0, "distractor": 0.0}, "rc_at_100": {"relevant": 0.0, "distractor": 0.0}, "rc_at_200": {"relevant": 0.0, "distractor": 0.0}, "rc_at_300": {"relevant": 0.0, "distractor": 0.0}, "rc_at_500": {"relevant": 0.0, "distractor": 0.0}, "rc_at_1000": {"relevant": 0.0, "distractor": 0.0}}