{"ndcg_at_1": 0.02, "ndcg_at_3": 0.01408, "ndcg_at_5": 0.01411, "ndcg_at_10": 0.01528, "ndcg_at_20": 0.01769, "ndcg_at_100": 0.01851, "ndcg_at_200": 0.01701, "ndcg_at_300": 0.01627, "ndcg_at_500": 0.01785, "ndcg_at_1000": 0.02485, "map_at_1": 0.00017, "map_at_3": 0.00019, "map_at_5": 0.00021, "map_at_10": 0.00026, "map_at_20": 0.00032, "map_at_100": 0.0006, "map_at_200": 0.00079, "map_at_300": 0.00091, "map_at_500": 0.00111, "map_at_1000": 0.00151, "recall_at_1": 0.00017, "recall_at_3": 0.00024, "recall_at_5": 0.00033, "recall_at_10": 0.00053, "recall_at_20": 0.00116, "recall_at_100": 0.00458, "recall_at_200": 0.0078, "recall_at_300": 0.0102, "recall_at_500": 0.01525, "recall_at_1000": 0.02682, "precision_at_1": 0.04, "precision_at_3": 0.02, "precision_at_5": 0.02, "precision_at_10": 0.02, "precision_at_20": 0.022, "precision_at_100": 0.0216, "precision_at_200": 0.0188, "precision_at_300": 0.01667, "precision_at_500": 0.01548, "precision_at_1000": 0.01356, "mrr_at_1": 0.02, "mrr_at_3": 0.04, "mrr_at_5": 0.049, "mrr_at_10": 0.06227, "mrr_at_20": 0.0675, "mrr_at_100": 0.07484, "mrr_at_200": 0.0759, "mrr_at_300": 0.07599, "mrr_at_500": 0.0763, "mrr_at_1000": 0.07644, "rc_at_1": {"relevant": 0.0, "distractor": 0.0}, "rc_at_3": {"relevant": 0.0, "distractor": 0.0}, "rc_at_5": {"relevant": 0.0, "distractor": 0.0}, "rc_at_10": {"relevant": 0.0, "distractor": 0.0}, "rc_at_20": {"relevant": 0.0, "distractor": 0.0}, "rc_at_100": {"relevant": 0.0, "distractor": 0.0}, "rc_at_200": {"relevant": 0.0, "distractor": 0.0}, "rc_at_300": {"relevant": 0.0, "distractor": 0.0}, "rc_at_500": {"relevant": 0.0, "distractor": 0.0}, "rc_at_1000": {"relevant": 0.0, "distractor": 0.0}}