{"ndcg_at_1": 0.38854, "ndcg_at_3": 0.34809, "ndcg_at_5": 0.32559, "ndcg_at_10": 0.29115, "ndcg_at_20": 0.26675, "ndcg_at_100": 0.26526, "ndcg_at_200": 0.28289, "ndcg_at_300": 0.29497, "ndcg_at_500": 0.31819, "ndcg_at_1000": 0.35602, "map_at_1": 0.04696, "map_at_3": 0.07547, "map_at_5": 0.08957, "map_at_10": 0.1033, "map_at_20": 0.11392, "map_at_100": 0.128, "map_at_200": 0.13217, "map_at_300": 0.13427, "map_at_500": 0.13696, "map_at_1000": 0.14037, "recall_at_1": 0.04696, "recall_at_3": 0.08259, "recall_at_5": 0.10955, "recall_at_10": 0.13553, "recall_at_20": 0.16797, "recall_at_100": 0.27394, "recall_at_200": 0.33784, "recall_at_300": 0.37846, "recall_at_500": 0.4625, "recall_at_1000": 0.58729, "precision_at_1": 0.40557, "precision_at_3": 0.32714, "precision_at_5": 0.28297, "precision_at_10": 0.21269, "precision_at_20": 0.15232, "precision_at_100": 0.06536, "precision_at_200": 0.04483, "precision_at_300": 0.03588, "precision_at_500": 0.02744, "precision_at_1000": 0.01934, "mrr_at_1": 0.40867, "mrr_at_3": 0.46904, "mrr_at_5": 0.48158, "mrr_at_10": 0.48817, "mrr_at_20": 0.49065, "mrr_at_100": 0.49454, "mrr_at_200": 0.49487, "mrr_at_300": 0.49497, "mrr_at_500": 0.49506, "mrr_at_1000": 0.49508, "rc_at_1": {"relevant": 0.0, "distractor": 0.0}, "rc_at_3": {"relevant": 0.0, "distractor": 0.0}, "rc_at_5": {"relevant": 0.0, "distractor": 0.0}, "rc_at_10": {"relevant": 0.0, "distractor": 0.0}, "rc_at_20": {"relevant": 0.0, "distractor": 0.0}, "rc_at_100": {"relevant": 0.0, "distractor": 0.0}, "rc_at_200": {"relevant": 0.0, "distractor": 0.0}, "rc_at_300": {"relevant": 0.0, "distractor": 0.0}, "rc_at_500": {"relevant": 0.0, "distractor": 0.0}, "rc_at_1000": {"relevant": 0.0, "distractor": 0.0}}