{"ndcg_at_1": 0.07197, "ndcg_at_3": 0.08225, "ndcg_at_5": 0.08893, "ndcg_at_10": 0.09917, "ndcg_at_20": 0.10875, "ndcg_at_100": 0.13107, "ndcg_at_200": 0.14076, "ndcg_at_300": 0.14595, "ndcg_at_500": 0.15343, "ndcg_at_1000": 0.16353, "map_at_1": 0.05232, "map_at_3": 0.06835, "map_at_5": 0.07299, "map_at_10": 0.07776, "map_at_20": 0.08059, "map_at_100": 0.08392, "map_at_200": 0.08452, "map_at_300": 0.08472, "map_at_500": 0.08492, "map_at_1000": 0.0851, "recall_at_1": 0.05232, "recall_at_3": 0.08733, "recall_at_5": 0.10626, "recall_at_10": 0.13955, "recall_at_20": 0.17558, "recall_at_100": 0.28451, "recall_at_200": 0.34472, "recall_at_300": 0.38096, "recall_at_500": 0.43642, "recall_at_1000": 0.51852, "precision_at_1": 0.07197, "precision_at_3": 0.0431, "precision_at_5": 0.03223, "precision_at_10": 0.02115, "precision_at_20": 0.01395, "precision_at_100": 0.00508, "precision_at_200": 0.00321, "precision_at_300": 0.0024, "precision_at_500": 0.00169, "precision_at_1000": 0.00104, "mrr_at_1": 0.07197, "mrr_at_3": 0.09151, "mrr_at_5": 0.09708, "mrr_at_10": 0.10251, "mrr_at_20": 0.10572, "mrr_at_100": 0.10855, "mrr_at_200": 0.10904, "mrr_at_300": 0.10919, "mrr_at_500": 0.10935, "mrr_at_1000": 0.10947, "rc_at_1": {"relevant": 0.0, "distractor": 0.0}, "rc_at_3": {"relevant": 0.0, "distractor": 0.0}, "rc_at_5": {"relevant": 0.0, "distractor": 0.0}, "rc_at_10": {"relevant": 0.0, "distractor": 0.0}, "rc_at_20": {"relevant": 0.0, "distractor": 0.0}, "rc_at_100": {"relevant": 0.0, "distractor": 0.0}, "rc_at_200": {"relevant": 0.0, "distractor": 0.0}, "rc_at_300": {"relevant": 0.0, "distractor": 0.0}, "rc_at_500": {"relevant": 0.0, "distractor": 0.0}, "rc_at_1000": {"relevant": 0.0, "distractor": 0.0}}