{"ndcg_at_1": 0.02786, "ndcg_at_3": 0.03768, "ndcg_at_5": 0.03989, "ndcg_at_10": 0.04232, "ndcg_at_20": 0.04409, "ndcg_at_100": 0.06416, "ndcg_at_200": 0.08696, "ndcg_at_300": 0.10256, "ndcg_at_500": 0.12424, "ndcg_at_1000": 0.16899, "map_at_1": 0.0025, "map_at_3": 0.00563, "map_at_5": 0.00665, "map_at_10": 0.00827, "map_at_20": 0.00956, "map_at_100": 0.01303, "map_at_200": 0.01514, "map_at_300": 0.0163, "map_at_500": 0.01789, "map_at_1000": 0.02088, "recall_at_1": 0.0025, "recall_at_3": 0.00881, "recall_at_5": 0.01135, "recall_at_10": 0.02111, "recall_at_20": 0.03138, "recall_at_100": 0.09386, "recall_at_200": 0.17346, "recall_at_300": 0.22953, "recall_at_500": 0.29751, "recall_at_1000": 0.44844, "precision_at_1": 0.02786, "precision_at_3": 0.03922, "precision_at_5": 0.04087, "precision_at_10": 0.03963, "precision_at_20": 0.03498, "precision_at_100": 0.02536, "precision_at_200": 0.02263, "precision_at_300": 0.01978, "precision_at_500": 0.01731, "precision_at_1000": 0.01517, "mrr_at_1": 0.04334, "mrr_at_3": 0.06914, "mrr_at_5": 0.08246, "mrr_at_10": 0.09428, "mrr_at_20": 0.10147, "mrr_at_100": 0.10732, "mrr_at_200": 0.10816, "mrr_at_300": 0.1084, "mrr_at_500": 0.10859, "mrr_at_1000": 0.10866, "rc_at_1": {"relevant": 0.0, "distractor": 0.0}, "rc_at_3": {"relevant": 0.0, "distractor": 0.0}, "rc_at_5": {"relevant": 0.0, "distractor": 0.0}, "rc_at_10": {"relevant": 0.0, "distractor": 0.0}, "rc_at_20": {"relevant": 0.0, "distractor": 0.0}, "rc_at_100": {"relevant": 0.0, "distractor": 0.0}, "rc_at_200": {"relevant": 0.0, "distractor": 0.0}, "rc_at_300": {"relevant": 0.0, "distractor": 0.0}, "rc_at_500": {"relevant": 0.0, "distractor": 0.0}, "rc_at_1000": {"relevant": 0.0, "distractor": 0.0}}