{"ndcg_at_1": 0.4875, "ndcg_at_3": 0.38797, "ndcg_at_5": 0.36508, "ndcg_at_10": 0.34707, "ndcg_at_20": 0.3396, "ndcg_at_100": 0.37973, "ndcg_at_200": 0.40608, "ndcg_at_300": 0.41808, "ndcg_at_500": 0.43387, "ndcg_at_1000": 0.45304, "map_at_1": 0.07572, "map_at_3": 0.11032, "map_at_5": 0.12718, "map_at_10": 0.15168, "map_at_20": 0.17467, "map_at_100": 0.20871, "map_at_200": 0.21526, "map_at_300": 0.21736, "map_at_500": 0.21963, "map_at_1000": 0.22161, "recall_at_1": 0.07572, "recall_at_3": 0.12034, "recall_at_5": 0.15093, "recall_at_10": 0.20653, "recall_at_20": 0.27248, "recall_at_100": 0.43246, "recall_at_200": 0.51363, "recall_at_300": 0.55077, "recall_at_500": 0.60529, "recall_at_1000": 0.67782, "precision_at_1": 0.58, "precision_at_3": 0.40667, "precision_at_5": 0.3485, "precision_at_10": 0.27125, "precision_at_20": 0.20337, "precision_at_100": 0.08498, "precision_at_200": 0.05423, "precision_at_300": 0.04068, "precision_at_500": 0.02872, "precision_at_1000": 0.01752, "mrr_at_1": 0.56, "mrr_at_3": 0.6325, "mrr_at_5": 0.6465, "mrr_at_10": 0.65556, "mrr_at_20": 0.65857, "mrr_at_100": 0.66008, "mrr_at_200": 0.66019, "mrr_at_300": 0.6602, "mrr_at_500": 0.66022, "mrr_at_1000": 0.66023, "rc_at_1": {"relevant": 0.0, "distractor": 0.0}, "rc_at_3": {"relevant": 0.0, "distractor": 0.0}, "rc_at_5": {"relevant": 0.0, "distractor": 0.0}, "rc_at_10": {"relevant": 0.0, "distractor": 0.0}, "rc_at_20": {"relevant": 0.0, "distractor": 0.0}, "rc_at_100": {"relevant": 0.0, "distractor": 0.0}, "rc_at_200": {"relevant": 0.0, "distractor": 0.0}, "rc_at_300": {"relevant": 0.0, "distractor": 0.0}, "rc_at_500": {"relevant": 0.0, "distractor": 0.0}, "rc_at_1000": {"relevant": 0.0, "distractor": 0.0}}