{"ndcg_at_1": 0.04633, "ndcg_at_3": 0.06593, "ndcg_at_5": 0.07433, "ndcg_at_10": 0.08817, "ndcg_at_20": 0.10023, "ndcg_at_100": 0.12685, "ndcg_at_200": 0.13831, "ndcg_at_300": 0.14618, "ndcg_at_500": 0.1543, "ndcg_at_1000": 0.16414, "map_at_1": 0.04166, "map_at_3": 0.0587, "map_at_5": 0.06339, "map_at_10": 0.06913, "map_at_20": 0.07228, "map_at_100": 0.07568, "map_at_200": 0.07626, "map_at_300": 0.07653, "map_at_500": 0.07672, "map_at_1000": 0.07686, "recall_at_1": 0.04166, "recall_at_3": 0.08139, "recall_at_5": 0.10109, "recall_at_10": 0.14328, "recall_at_20": 0.189, "recall_at_100": 0.33037, "recall_at_200": 0.40867, "recall_at_300": 0.46908, "recall_at_500": 0.5371, "recall_at_1000": 0.62494, "precision_at_1": 0.04633, "precision_at_3": 0.02976, "precision_at_5": 0.02282, "precision_at_10": 0.01605, "precision_at_20": 0.01085, "precision_at_100": 0.00386, "precision_at_200": 0.00244, "precision_at_300": 0.00186, "precision_at_500": 0.00127, "precision_at_1000": 0.00075, "mrr_at_1": 0.04294, "mrr_at_3": 0.06196, "mrr_at_5": 0.06812, "mrr_at_10": 0.07337, "mrr_at_20": 0.07704, "mrr_at_100": 0.08083, "mrr_at_200": 0.08144, "mrr_at_300": 0.08166, "mrr_at_500": 0.08182, "mrr_at_1000": 0.08196, "rc_at_1": {"relevant": 0.0, "distractor": 0.0}, "rc_at_3": {"relevant": 0.0, "distractor": 0.0}, "rc_at_5": {"relevant": 0.0, "distractor": 0.0}, "rc_at_10": {"relevant": 0.0, "distractor": 0.0}, "rc_at_20": {"relevant": 0.0, "distractor": 0.0}, "rc_at_100": {"relevant": 0.0, "distractor": 0.0}, "rc_at_200": {"relevant": 0.0, "distractor": 0.0}, "rc_at_300": {"relevant": 0.0, "distractor": 0.0}, "rc_at_500": {"relevant": 0.0, "distractor": 0.0}, "rc_at_1000": {"relevant": 0.0, "distractor": 0.0}}