{"ndcg_at_1": 0.27692, "ndcg_at_3": 0.2526, "ndcg_at_5": 0.23421, "ndcg_at_10": 0.20243, "ndcg_at_20": 0.25174, "ndcg_at_100": 0.35654, "ndcg_at_200": 0.38486, "ndcg_at_300": 0.39302, "ndcg_at_500": 0.40603, "ndcg_at_1000": 0.4188, "map_at_1": 0.02769, "map_at_3": 0.05846, "map_at_5": 0.07954, "map_at_10": 0.10694, "map_at_20": 0.1287, "map_at_100": 0.15661, "map_at_200": 0.16085, "map_at_300": 0.16172, "map_at_500": 0.16264, "map_at_1000": 0.16319, "recall_at_1": 0.02769, "recall_at_3": 0.07231, "recall_at_5": 0.10923, "recall_at_10": 0.18, "recall_at_20": 0.26923, "recall_at_100": 0.53538, "recall_at_200": 0.62769, "recall_at_300": 0.65692, "recall_at_500": 0.70769, "recall_at_1000": 0.76308, "precision_at_1": 0.27692, "precision_at_3": 0.24103, "precision_at_5": 0.21846, "precision_at_10": 0.18, "precision_at_20": 0.13462, "precision_at_100": 0.05354, "precision_at_200": 0.03138, "precision_at_300": 0.0219, "precision_at_500": 0.01415, "precision_at_1000": 0.00763, "mrr_at_1": 0.30769, "mrr_at_3": 0.39744, "mrr_at_5": 0.40821, "mrr_at_10": 0.43561, "mrr_at_20": 0.44241, "mrr_at_100": 0.44564, "mrr_at_200": 0.44564, "mrr_at_300": 0.44564, "mrr_at_500": 0.44568, "mrr_at_1000": 0.44568, "rc_at_1": {"relevant": 0.30769, "distractor": 0.63077}, "rc_at_3": {"relevant": 0.75385, "distractor": 1.96923}, "rc_at_5": {"relevant": 1.10769, "distractor": 3.41538}, "rc_at_10": {"relevant": 1.86154, "distractor": 6.8}, "rc_at_20": {"relevant": 2.73846, "distractor": 13.41538}, "rc_at_100": {"relevant": 5.47692, "distractor": 45.93846}, "rc_at_200": {"relevant": 6.36923, "distractor": 58.2}, "rc_at_300": {"relevant": 6.69231, "distractor": 63.43077}, "rc_at_500": {"relevant": 7.2, "distractor": 69.64615}, "rc_at_1000": {"relevant": 7.64615, "distractor": 76.16923}}