{"ndcg_at_1": 0.29231, "ndcg_at_3": 0.27976, "ndcg_at_5": 0.25966, "ndcg_at_10": 0.22729, "ndcg_at_20": 0.27572, "ndcg_at_100": 0.45416, "ndcg_at_200": 0.49801, "ndcg_at_300": 0.50531, "ndcg_at_500": 0.5109, "ndcg_at_1000": 0.51452, "map_at_1": 0.02923, "map_at_3": 0.0659, "map_at_5": 0.0919, "map_at_10": 0.12386, "map_at_20": 0.14649, "map_at_100": 0.20126, "map_at_200": 0.20991, "map_at_300": 0.21075, "map_at_500": 0.21127, "map_at_1000": 0.21148, "recall_at_1": 0.02923, "recall_at_3": 0.08154, "recall_at_5": 0.12308, "recall_at_10": 0.20615, "recall_at_20": 0.29385, "recall_at_100": 0.74462, "recall_at_200": 0.88462, "recall_at_300": 0.91077, "recall_at_500": 0.93231, "recall_at_1000": 0.94769, "precision_at_1": 0.29231, "precision_at_3": 0.27179, "precision_at_5": 0.24615, "precision_at_10": 0.20615, "precision_at_20": 0.14692, "precision_at_100": 0.07446, "precision_at_200": 0.04423, "precision_at_300": 0.03036, "precision_at_500": 0.01865, "precision_at_1000": 0.00948, "mrr_at_1": 0.30769, "mrr_at_3": 0.40769, "mrr_at_5": 0.42154, "mrr_at_10": 0.45147, "mrr_at_20": 0.45657, "mrr_at_100": 0.46031, "mrr_at_200": 0.46031, "mrr_at_300": 0.46031, "mrr_at_500": 0.46031, "mrr_at_1000": 0.46031, "rc_at_1": {"relevant": 0.30769, "distractor": 0.69231}, "rc_at_3": {"relevant": 0.8, "distractor": 2.2}, "rc_at_5": {"relevant": 1.24615, "distractor": 3.72308}, "rc_at_10": {"relevant": 2.10769, "distractor": 7.81538}, "rc_at_20": {"relevant": 3.03077, "distractor": 16.61538}, "rc_at_100": {"relevant": 7.52308, "distractor": 78.38462}, "rc_at_200": {"relevant": 8.92308, "distractor": 91.12308}, "rc_at_300": {"relevant": 9.2, "distractor": 93.4}, "rc_at_500": {"relevant": 9.36923, "distractor": 95.44615}, "rc_at_1000": {"relevant": 9.47692, "distractor": 96.93846}}