{"ndcg_at_1": 0.29231, "ndcg_at_3": 0.27976, "ndcg_at_5": 0.25966, "ndcg_at_10": 0.22735, "ndcg_at_20": 0.27907, "ndcg_at_100": 0.47605, "ndcg_at_200": 0.52114, "ndcg_at_300": 0.525, "ndcg_at_500": 0.52968, "ndcg_at_1000": 0.53151, "map_at_1": 0.02923, "map_at_3": 0.0659, "map_at_5": 0.0919, "map_at_10": 0.12389, "map_at_20": 0.14842, "map_at_100": 0.2081, "map_at_200": 0.21792, "map_at_300": 0.2184, "map_at_500": 0.21881, "map_at_1000": 0.21893, "recall_at_1": 0.02923, "recall_at_3": 0.08154, "recall_at_5": 0.12308, "recall_at_10": 0.20615, "recall_at_20": 0.3, "recall_at_100": 0.80462, "recall_at_200": 0.94615, "recall_at_300": 0.96, "recall_at_500": 0.97846, "recall_at_1000": 0.98615, "precision_at_1": 0.29231, "precision_at_3": 0.27179, "precision_at_5": 0.24615, "precision_at_10": 0.20615, "precision_at_20": 0.15, "precision_at_100": 0.08046, "precision_at_200": 0.04731, "precision_at_300": 0.032, "precision_at_500": 0.01957, "precision_at_1000": 0.00986, "mrr_at_1": 0.30769, "mrr_at_3": 0.40769, "mrr_at_5": 0.42154, "mrr_at_10": 0.45174, "mrr_at_20": 0.45684, "mrr_at_100": 0.46069, "mrr_at_200": 0.46069, "mrr_at_300": 0.46069, "mrr_at_500": 0.46069, "mrr_at_1000": 0.46069, "rc_at_1": {"relevant": 0.30769, "distractor": 0.69231}, "rc_at_3": {"relevant": 0.8, "distractor": 2.2}, "rc_at_5": {"relevant": 1.24615, "distractor": 3.73846}, "rc_at_10": {"relevant": 2.10769, "distractor": 7.84615}, "rc_at_20": {"relevant": 3.03077, "distractor": 16.78462}, "rc_at_100": {"relevant": 8.07692, "distractor": 85.58462}, "rc_at_200": {"relevant": 9.46154, "distractor": 96.75385}, "rc_at_300": {"relevant": 9.6, "distractor": 97.89231}, "rc_at_500": {"relevant": 9.76923, "distractor": 98.83077}, "rc_at_1000": {"relevant": 9.86154, "distractor": 99.47692}}