{"ndcg_at_1": 0.21257, "ndcg_at_3": 0.27459, "ndcg_at_5": 0.30013, "ndcg_at_10": 0.32561, "ndcg_at_20": 0.34445, "ndcg_at_100": 0.37487, "ndcg_at_200": 0.38544, "ndcg_at_300": 0.38994, "ndcg_at_500": 0.39543, "ndcg_at_1000": 0.40207, "map_at_1": 0.19153, "map_at_3": 0.25008, "map_at_5": 0.26559, "map_at_10": 0.27684, "map_at_20": 0.28199, "map_at_100": 0.28607, "map_at_200": 0.28669, "map_at_300": 0.28688, "map_at_500": 0.28704, "map_at_1000": 0.28717, "recall_at_1": 0.19153, "recall_at_3": 0.32073, "recall_at_5": 0.38124, "recall_at_10": 0.45746, "recall_at_20": 0.52925, "recall_at_100": 0.68864, "recall_at_200": 0.75912, "recall_at_300": 0.79043, "recall_at_500": 0.83297, "recall_at_1000": 0.88938, "precision_at_1": 0.21257, "precision_at_3": 0.12076, "precision_at_5": 0.08799, "precision_at_10": 0.05305, "precision_at_20": 0.03087, "precision_at_100": 0.00843, "precision_at_200": 0.00473, "precision_at_300": 0.00337, "precision_at_500": 0.00217, "precision_at_1000": 0.00119, "mrr_at_1": 0.21442, "mrr_at_3": 0.2748, "mrr_at_5": 0.28866, "mrr_at_10": 0.2978, "mrr_at_20": 0.3036, "mrr_at_100": 0.30724, "mrr_at_200": 0.30773, "mrr_at_300": 0.30787, "mrr_at_500": 0.30798, "mrr_at_1000": 0.30805, "rc_at_1": {"relevant": 0.0, "distractor": 0.0}, "rc_at_3": {"relevant": 0.0, "distractor": 0.0}, "rc_at_5": {"relevant": 0.0, "distractor": 0.0}, "rc_at_10": {"relevant": 0.0, "distractor": 0.0}, "rc_at_20": {"relevant": 0.0, "distractor": 0.0}, "rc_at_100": {"relevant": 0.0, "distractor": 0.0}, "rc_at_200": {"relevant": 0.0, "distractor": 0.0}, "rc_at_300": {"relevant": 0.0, "distractor": 0.0}, "rc_at_500": {"relevant": 0.0, "distractor": 0.0}, "rc_at_1000": {"relevant": 0.0, "distractor": 0.0}}