{"ndcg_at_1": 0.28528, "ndcg_at_3": 0.33035, "ndcg_at_5": 0.35287, "ndcg_at_10": 0.37288, "ndcg_at_20": 0.39404, "ndcg_at_100": 0.4259, "ndcg_at_200": 0.43552, "ndcg_at_300": 0.44019, "ndcg_at_500": 0.44452, "ndcg_at_1000": 0.44939, "map_at_1": 0.25728, "map_at_3": 0.30604, "map_at_5": 0.32007, "map_at_10": 0.32909, "map_at_20": 0.33576, "map_at_100": 0.34045, "map_at_200": 0.34102, "map_at_300": 0.34121, "map_at_500": 0.34133, "map_at_1000": 0.34142, "recall_at_1": 0.25728, "recall_at_3": 0.3603, "recall_at_5": 0.41759, "recall_at_10": 0.47957, "recall_at_20": 0.55674, "recall_at_100": 0.71822, "recall_at_200": 0.7819, "recall_at_300": 0.81492, "recall_at_500": 0.84868, "recall_at_1000": 0.88929, "precision_at_1": 0.28528, "precision_at_3": 0.14059, "precision_at_5": 0.09939, "precision_at_10": 0.05813, "precision_at_20": 0.03505, "precision_at_100": 0.00931, "precision_at_200": 0.00512, "precision_at_300": 0.00361, "precision_at_500": 0.00228, "precision_at_1000": 0.00121, "mrr_at_1": 0.28681, "mrr_at_3": 0.33589, "mrr_at_5": 0.349, "mrr_at_10": 0.3576, "mrr_at_20": 0.36278, "mrr_at_100": 0.36674, "mrr_at_200": 0.36718, "mrr_at_300": 0.3673, "mrr_at_500": 0.36739, "mrr_at_1000": 0.36743, "rc_at_1": {"relevant": 0.0, "distractor": 0.0}, "rc_at_3": {"relevant": 0.0, "distractor": 0.0}, "rc_at_5": {"relevant": 0.0, "distractor": 0.0}, "rc_at_10": {"relevant": 0.0, "distractor": 0.0}, "rc_at_20": {"relevant": 0.0, "distractor": 0.0}, "rc_at_100": {"relevant": 0.0, "distractor": 0.0}, "rc_at_200": {"relevant": 0.0, "distractor": 0.0}, "rc_at_300": {"relevant": 0.0, "distractor": 0.0}, "rc_at_500": {"relevant": 0.0, "distractor": 0.0}, "rc_at_1000": {"relevant": 0.0, "distractor": 0.0}}