{"ndcg_at_1": 0.55667, "ndcg_at_3": 0.61087, "ndcg_at_5": 0.63135, "ndcg_at_10": 0.65544, "ndcg_at_20": 0.67001, "ndcg_at_100": 0.68541, "ndcg_at_200": 0.68991, "ndcg_at_300": 0.69242, "ndcg_at_500": 0.69413, "ndcg_at_1000": 0.69552, "map_at_1": 0.52983, "map_at_3": 0.58763, "map_at_5": 0.60348, "map_at_10": 0.61404, "map_at_20": 0.61876, "map_at_100": 0.62114, "map_at_200": 0.62139, "map_at_300": 0.62147, "map_at_500": 0.62152, "map_at_1000": 0.62153, "recall_at_1": 0.52983, "recall_at_3": 0.647, "recall_at_5": 0.69656, "recall_at_10": 0.76733, "recall_at_20": 0.82133, "recall_at_100": 0.901, "recall_at_200": 0.93267, "recall_at_300": 0.95267, "recall_at_500": 0.96667, "recall_at_1000": 0.98, "precision_at_1": 0.55667, "precision_at_3": 0.23556, "precision_at_5": 0.15667, "precision_at_10": 0.08667, "precision_at_20": 0.04667, "precision_at_100": 0.01027, "precision_at_200": 0.0053, "precision_at_300": 0.0036, "precision_at_500": 0.00219, "precision_at_1000": 0.00111, "mrr_at_1": 0.55667, "mrr_at_3": 0.61167, "mrr_at_5": 0.62, "mrr_at_10": 0.63027, "mrr_at_20": 0.63344, "mrr_at_100": 0.63536, "mrr_at_200": 0.63558, "mrr_at_300": 0.63566, "mrr_at_500": 0.6357, "mrr_at_1000": 0.63572, "rc_at_1": {"relevant": 0.0, "distractor": 0.0}, "rc_at_3": {"relevant": 0.0, "distractor": 0.0}, "rc_at_5": {"relevant": 0.0, "distractor": 0.0}, "rc_at_10": {"relevant": 0.0, "distractor": 0.0}, "rc_at_20": {"relevant": 0.0, "distractor": 0.0}, "rc_at_100": {"relevant": 0.0, "distractor": 0.0}, "rc_at_200": {"relevant": 0.0, "distractor": 0.0}, "rc_at_300": {"relevant": 0.0, "distractor": 0.0}, "rc_at_500": {"relevant": 0.0, "distractor": 0.0}, "rc_at_1000": {"relevant": 0.0, "distractor": 0.0}}