{"ndcg_at_1": 0.56, "ndcg_at_3": 0.61488, "ndcg_at_5": 0.63851, "ndcg_at_10": 0.66077, "ndcg_at_20": 0.67349, "ndcg_at_100": 0.68875, "ndcg_at_200": 0.69111, "ndcg_at_300": 0.69321, "ndcg_at_500": 0.69615, "ndcg_at_1000": 0.69812, "map_at_1": 0.52828, "map_at_3": 0.59011, "map_at_5": 0.60592, "map_at_10": 0.61667, "map_at_20": 0.62056, "map_at_100": 0.62288, "map_at_200": 0.623, "map_at_300": 0.62307, "map_at_500": 0.62314, "map_at_1000": 0.62317, "recall_at_1": 0.52828, "recall_at_3": 0.65506, "recall_at_5": 0.715, "recall_at_10": 0.77994, "recall_at_20": 0.82922, "recall_at_100": 0.91, "recall_at_200": 0.92667, "recall_at_300": 0.94333, "recall_at_500": 0.96833, "recall_at_1000": 0.98667, "precision_at_1": 0.56, "precision_at_3": 0.23889, "precision_at_5": 0.16, "precision_at_10": 0.089, "precision_at_20": 0.04733, "precision_at_100": 0.01037, "precision_at_200": 0.00527, "precision_at_300": 0.00357, "precision_at_500": 0.00219, "precision_at_1000": 0.00112, "mrr_at_1": 0.55667, "mrr_at_3": 0.61056, "mrr_at_5": 0.62439, "mrr_at_10": 0.63003, "mrr_at_20": 0.63378, "mrr_at_100": 0.63566, "mrr_at_200": 0.63579, "mrr_at_300": 0.63585, "mrr_at_500": 0.6359, "mrr_at_1000": 0.63593, "rc_at_1": {"relevant": 0.0, "distractor": 0.0}, "rc_at_3": {"relevant": 0.0, "distractor": 0.0}, "rc_at_5": {"relevant": 0.0, "distractor": 0.0}, "rc_at_10": {"relevant": 0.0, "distractor": 0.0}, "rc_at_20": {"relevant": 0.0, "distractor": 0.0}, "rc_at_100": {"relevant": 0.0, "distractor": 0.0}, "rc_at_200": {"relevant": 0.0, "distractor": 0.0}, "rc_at_300": {"relevant": 0.0, "distractor": 0.0}, "rc_at_500": {"relevant": 0.0, "distractor": 0.0}, "rc_at_1000": {"relevant": 0.0, "distractor": 0.0}}