{"ndcg_at_1": 0.46154, "ndcg_at_3": 0.32007, "ndcg_at_5": 0.27981, "ndcg_at_10": 0.23278, "ndcg_at_20": 0.27567, "ndcg_at_100": 0.47904, "ndcg_at_200": 0.5226, "ndcg_at_300": 0.53112, "ndcg_at_500": 0.53468, "ndcg_at_1000": 0.53648, "map_at_1": 0.04615, "map_at_3": 0.07615, "map_at_5": 0.09785, "map_at_10": 0.12856, "map_at_20": 0.14805, "map_at_100": 0.20494, "map_at_200": 0.21415, "map_at_300": 0.21521, "map_at_500": 0.21558, "map_at_1000": 0.21569, "recall_at_1": 0.04615, "recall_at_3": 0.08462, "recall_at_5": 0.12, "recall_at_10": 0.19231, "recall_at_20": 0.26923, "recall_at_100": 0.79692, "recall_at_200": 0.93385, "recall_at_300": 0.96462, "recall_at_500": 0.97846, "recall_at_1000": 0.98615, "precision_at_1": 0.46154, "precision_at_3": 0.28205, "precision_at_5": 0.24, "precision_at_10": 0.19231, "precision_at_20": 0.13462, "precision_at_100": 0.07969, "precision_at_200": 0.04669, "precision_at_300": 0.03215, "precision_at_500": 0.01957, "precision_at_1000": 0.00986, "mrr_at_1": 0.46154, "mrr_at_3": 0.51026, "mrr_at_5": 0.51949, "mrr_at_10": 0.53844, "mrr_at_20": 0.54581, "mrr_at_100": 0.55089, "mrr_at_200": 0.55089, "mrr_at_300": 0.55089, "mrr_at_500": 0.55089, "mrr_at_1000": 0.55089, "rc_at_1": {"relevant": 0.46154, "distractor": 0.53846}, "rc_at_3": {"relevant": 0.84615, "distractor": 2.12308}, "rc_at_5": {"relevant": 1.2, "distractor": 3.76923}, "rc_at_10": {"relevant": 1.92308, "distractor": 8.01538}, "rc_at_20": {"relevant": 2.69231, "distractor": 17.13846}, "rc_at_100": {"relevant": 7.96923, "distractor": 83.72308}, "rc_at_200": {"relevant": 9.33846, "distractor": 94.89231}, "rc_at_300": {"relevant": 9.64615, "distractor": 96.35385}, "rc_at_500": {"relevant": 9.78462, "distractor": 97.4}, "rc_at_1000": {"relevant": 9.86154, "distractor": 98.38462}}