{"ndcg_at_1": 0.38876, "ndcg_at_3": 0.49614, "ndcg_at_5": 0.53757, "ndcg_at_10": 0.57125, "ndcg_at_20": 0.59075, "ndcg_at_100": 0.61169, "ndcg_at_200": 0.61451, "ndcg_at_300": 0.6155, "ndcg_at_500": 0.61642, "ndcg_at_1000": 0.61747, "map_at_1": 0.34709, "map_at_3": 0.45796, "map_at_5": 0.48288, "map_at_10": 0.4985, "map_at_20": 0.50457, "map_at_100": 0.50806, "map_at_200": 0.50823, "map_at_300": 0.50827, "map_at_500": 0.50829, "map_at_1000": 0.50831, "recall_at_1": 0.34709, "recall_at_3": 0.57508, "recall_at_5": 0.67046, "recall_at_10": 0.7677, "recall_at_20": 0.83968, "recall_at_100": 0.94276, "recall_at_200": 0.9615, "recall_at_300": 0.96893, "recall_at_500": 0.97651, "recall_at_1000": 0.98597, "precision_at_1": 0.38876, "precision_at_3": 0.22287, "precision_at_5": 0.15759, "precision_at_10": 0.09131, "precision_at_20": 0.05038, "precision_at_100": 0.01144, "precision_at_200": 0.00585, "precision_at_300": 0.00393, "precision_at_500": 0.00237, "precision_at_1000": 0.0012, "mrr_at_1": 0.39195, "mrr_at_3": 0.49078, "mrr_at_5": 0.51185, "mrr_at_10": 0.52393, "mrr_at_20": 0.52867, "mrr_at_100": 0.53115, "mrr_at_200": 0.53125, "mrr_at_300": 0.53128, "mrr_at_500": 0.5313, "mrr_at_1000": 0.53131, "rc_at_1": {"relevant": 0.0, "distractor": 0.0}, "rc_at_3": {"relevant": 0.0, "distractor": 0.0}, "rc_at_5": {"relevant": 0.0, "distractor": 0.0}, "rc_at_10": {"relevant": 0.0, "distractor": 0.0}, "rc_at_20": {"relevant": 0.0, "distractor": 0.0}, "rc_at_100": {"relevant": 0.0, "distractor": 0.0}, "rc_at_200": {"relevant": 0.0, "distractor": 0.0}, "rc_at_300": {"relevant": 0.0, "distractor": 0.0}, "rc_at_500": {"relevant": 0.0, "distractor": 0.0}, "rc_at_1000": {"relevant": 0.0, "distractor": 0.0}}