{"ndcg_at_1": 0.23507, "ndcg_at_3": 0.28829, "ndcg_at_5": 0.31366, "ndcg_at_10": 0.33795, "ndcg_at_20": 0.36008, "ndcg_at_100": 0.39741, "ndcg_at_200": 0.4076, "ndcg_at_300": 0.41157, "ndcg_at_500": 0.41591, "ndcg_at_1000": 0.4213, "map_at_1": 0.19118, "map_at_3": 0.25489, "map_at_5": 0.27133, "map_at_10": 0.28263, "map_at_20": 0.28931, "map_at_100": 0.29552, "map_at_200": 0.2962, "map_at_300": 0.29638, "map_at_500": 0.29652, "map_at_1000": 0.29661, "recall_at_1": 0.19118, "recall_at_3": 0.32528, "recall_at_5": 0.38855, "recall_at_10": 0.46209, "recall_at_20": 0.5394, "recall_at_100": 0.71607, "recall_at_200": 0.77973, "recall_at_300": 0.80608, "recall_at_500": 0.83869, "recall_at_1000": 0.88408, "precision_at_1": 0.23507, "precision_at_3": 0.13972, "precision_at_5": 0.10323, "precision_at_10": 0.06244, "precision_at_20": 0.03769, "precision_at_100": 0.01065, "precision_at_200": 0.00592, "precision_at_300": 0.00413, "precision_at_500": 0.0026, "precision_at_1000": 0.00139, "mrr_at_1": 0.23259, "mrr_at_3": 0.3012, "mrr_at_5": 0.3175, "mrr_at_10": 0.32714, "mrr_at_20": 0.33308, "mrr_at_100": 0.33714, "mrr_at_200": 0.33751, "mrr_at_300": 0.33758, "mrr_at_500": 0.33765, "mrr_at_1000": 0.33771, "rc_at_1": {"relevant": 0.0, "distractor": 0.0}, "rc_at_3": {"relevant": 0.0, "distractor": 0.0}, "rc_at_5": {"relevant": 0.0, "distractor": 0.0}, "rc_at_10": {"relevant": 0.0, "distractor": 0.0}, "rc_at_20": {"relevant": 0.0, "distractor": 0.0}, "rc_at_100": {"relevant": 0.0, "distractor": 0.0}, "rc_at_200": {"relevant": 0.0, "distractor": 0.0}, "rc_at_300": {"relevant": 0.0, "distractor": 0.0}, "rc_at_500": {"relevant": 0.0, "distractor": 0.0}, "rc_at_1000": {"relevant": 0.0, "distractor": 0.0}}