{"ndcg_at_1": 0.23636, "ndcg_at_3": 0.17197, "ndcg_at_5": 0.14895, "ndcg_at_10": 0.11358, "ndcg_at_20": 0.13673, "ndcg_at_100": 0.18189, "ndcg_at_200": 0.19965, "ndcg_at_300": 0.20867, "ndcg_at_500": 0.22303, "ndcg_at_1000": 0.23819, "map_at_1": 0.02364, "map_at_3": 0.04152, "map_at_5": 0.0507, "map_at_10": 0.05958, "map_at_20": 0.067, "map_at_100": 0.07517, "map_at_200": 0.0768, "map_at_300": 0.07733, "map_at_500": 0.07811, "map_at_1000": 0.07855, "recall_at_1": 0.02364, "recall_at_3": 0.04727, "recall_at_5": 0.06545, "recall_at_10": 0.08909, "recall_at_20": 0.13091, "recall_at_100": 0.24545, "recall_at_200": 0.30364, "recall_at_300": 0.33636, "recall_at_500": 0.39273, "recall_at_1000": 0.45818, "precision_at_1": 0.23636, "precision_at_3": 0.15758, "precision_at_5": 0.13091, "precision_at_10": 0.08909, "precision_at_20": 0.06545, "precision_at_100": 0.02455, "precision_at_200": 0.01518, "precision_at_300": 0.01121, "precision_at_500": 0.00785, "precision_at_1000": 0.00458, "mrr_at_1": 0.23636, "mrr_at_3": 0.26364, "mrr_at_5": 0.27455, "mrr_at_10": 0.2847, "mrr_at_20": 0.29558, "mrr_at_100": 0.30057, "mrr_at_200": 0.30079, "mrr_at_300": 0.30085, "mrr_at_500": 0.30085, "mrr_at_1000": 0.30095, "rc_at_1": {"relevant": 0.23636, "distractor": 0.27273}, "rc_at_3": {"relevant": 0.47273, "distractor": 0.76364}, "rc_at_5": {"relevant": 0.65455, "distractor": 1.32727}, "rc_at_10": {"relevant": 0.89091, "distractor": 2.47273}, "rc_at_20": {"relevant": 1.30909, "distractor": 4.34545}, "rc_at_100": {"relevant": 2.45455, "distractor": 11.01818}, "rc_at_200": {"relevant": 3.03636, "distractor": 15.74545}, "rc_at_300": {"relevant": 3.36364, "distractor": 18.30909}, "rc_at_500": {"relevant": 3.92727, "distractor": 22.03636}, "rc_at_1000": {"relevant": 4.58182, "distractor": 28.49091}}