{"ndcg_at_1": 0.21996, "ndcg_at_3": 0.25787, "ndcg_at_5": 0.28326, "ndcg_at_10": 0.30956, "ndcg_at_20": 0.3278, "ndcg_at_100": 0.35888, "ndcg_at_200": 0.36911, "ndcg_at_300": 0.37518, "ndcg_at_500": 0.37903, "ndcg_at_1000": 0.38552, "map_at_1": 0.19923, "map_at_3": 0.23903, "map_at_5": 0.2544, "map_at_10": 0.26624, "map_at_20": 0.27149, "map_at_100": 0.27619, "map_at_200": 0.27676, "map_at_300": 0.277, "map_at_500": 0.2771, "map_at_1000": 0.27721, "recall_at_1": 0.19923, "recall_at_3": 0.28438, "recall_at_5": 0.34547, "recall_at_10": 0.42243, "recall_at_20": 0.49087, "recall_at_100": 0.64788, "recall_at_200": 0.71678, "recall_at_300": 0.7604, "recall_at_500": 0.79184, "recall_at_1000": 0.84963, "precision_at_1": 0.21996, "precision_at_3": 0.10906, "precision_at_5": 0.07985, "precision_at_10": 0.04935, "precision_at_20": 0.0293, "precision_at_100": 0.00802, "precision_at_200": 0.0045, "precision_at_300": 0.00324, "precision_at_500": 0.00206, "precision_at_1000": 0.00111, "mrr_at_1": 0.21996, "mrr_at_3": 0.26433, "mrr_at_5": 0.27847, "mrr_at_10": 0.28918, "mrr_at_20": 0.29375, "mrr_at_100": 0.29786, "mrr_at_200": 0.29835, "mrr_at_300": 0.29853, "mrr_at_500": 0.29859, "mrr_at_1000": 0.29867, "rc_at_1": {"relevant": 0.0, "distractor": 0.0}, "rc_at_3": {"relevant": 0.0, "distractor": 0.0}, "rc_at_5": {"relevant": 0.0, "distractor": 0.0}, "rc_at_10": {"relevant": 0.0, "distractor": 0.0}, "rc_at_20": {"relevant": 0.0, "distractor": 0.0}, "rc_at_100": {"relevant": 0.0, "distractor": 0.0}, "rc_at_200": {"relevant": 0.0, "distractor": 0.0}, "rc_at_300": {"relevant": 0.0, "distractor": 0.0}, "rc_at_500": {"relevant": 0.0, "distractor": 0.0}, "rc_at_1000": {"relevant": 0.0, "distractor": 0.0}}