{"ndcg_at_1": 0.10769, "ndcg_at_3": 0.12041, "ndcg_at_5": 0.12161, "ndcg_at_10": 0.11273, "ndcg_at_20": 0.13823, "ndcg_at_100": 0.2175, "ndcg_at_200": 0.25479, "ndcg_at_300": 0.26669, "ndcg_at_500": 0.28914, "ndcg_at_1000": 0.30993, "map_at_1": 0.01077, "map_at_3": 0.02487, "map_at_5": 0.03633, "map_at_10": 0.04904, "map_at_20": 0.0576, "map_at_100": 0.07385, "map_at_200": 0.07847, "map_at_300": 0.07944, "map_at_500": 0.08088, "map_at_1000": 0.08172, "recall_at_1": 0.01077, "recall_at_3": 0.03692, "recall_at_5": 0.06154, "recall_at_10": 0.10923, "recall_at_20": 0.15538, "recall_at_100": 0.35692, "recall_at_200": 0.47692, "recall_at_300": 0.52, "recall_at_500": 0.60769, "recall_at_1000": 0.69692, "precision_at_1": 0.10769, "precision_at_3": 0.12308, "precision_at_5": 0.12308, "precision_at_10": 0.10923, "precision_at_20": 0.07769, "precision_at_100": 0.03569, "precision_at_200": 0.02385, "precision_at_300": 0.01733, "precision_at_500": 0.01215, "precision_at_1000": 0.00697, "mrr_at_1": 0.10769, "mrr_at_3": 0.18718, "mrr_at_5": 0.20564, "mrr_at_10": 0.23454, "mrr_at_20": 0.24422, "mrr_at_100": 0.24906, "mrr_at_200": 0.24966, "mrr_at_300": 0.24966, "mrr_at_500": 0.24966, "mrr_at_1000": 0.24969, "rc_at_1": {"relevant": 0.10769, "distractor": 0.55385}, "rc_at_3": {"relevant": 0.36923, "distractor": 1.67692}, "rc_at_5": {"relevant": 0.61538, "distractor": 2.73846}, "rc_at_10": {"relevant": 1.09231, "distractor": 5.21538}, "rc_at_20": {"relevant": 1.55385, "distractor": 9.61538}, "rc_at_100": {"relevant": 3.56923, "distractor": 29.81538}, "rc_at_200": {"relevant": 4.76923, "distractor": 40.30769}, "rc_at_300": {"relevant": 5.2, "distractor": 45.63077}, "rc_at_500": {"relevant": 6.07692, "distractor": 52.72308}, "rc_at_1000": {"relevant": 6.96923, "distractor": 62.13846}}