{"ndcg_at_1": 0.14629, "ndcg_at_3": 0.19779, "ndcg_at_5": 0.22314, "ndcg_at_10": 0.24634, "ndcg_at_20": 0.26531, "ndcg_at_100": 0.29632, "ndcg_at_200": 0.306, "ndcg_at_300": 0.31008, "ndcg_at_500": 0.31432, "ndcg_at_1000": 0.32021, "map_at_1": 0.13125, "map_at_3": 0.17939, "map_at_5": 0.1939, "map_at_10": 0.2037, "map_at_20": 0.20909, "map_at_100": 0.21346, "map_at_200": 0.214, "map_at_300": 0.21414, "map_at_500": 0.21425, "map_at_1000": 0.21433, "recall_at_1": 0.13125, "recall_at_3": 0.23648, "recall_at_5": 0.29579, "recall_at_10": 0.36416, "recall_at_20": 0.43579, "recall_at_100": 0.59651, "recall_at_200": 0.66213, "recall_at_300": 0.69262, "recall_at_500": 0.72714, "recall_at_1000": 0.77991, "precision_at_1": 0.14629, "precision_at_3": 0.08971, "precision_at_5": 0.06796, "precision_at_10": 0.04227, "precision_at_20": 0.02549, "precision_at_100": 0.00708, "precision_at_200": 0.00395, "precision_at_300": 0.00276, "precision_at_500": 0.00174, "precision_at_1000": 0.00094, "mrr_at_1": 0.14629, "mrr_at_3": 0.19414, "mrr_at_5": 0.20816, "mrr_at_10": 0.21803, "mrr_at_20": 0.22319, "mrr_at_100": 0.22724, "mrr_at_200": 0.2277, "mrr_at_300": 0.22782, "mrr_at_500": 0.22791, "mrr_at_1000": 0.22798, "rc_at_1": {"relevant": 0.0, "distractor": 0.0}, "rc_at_3": {"relevant": 0.0, "distractor": 0.0}, "rc_at_5": {"relevant": 0.0, "distractor": 0.0}, "rc_at_10": {"relevant": 0.0, "distractor": 0.0}, "rc_at_20": {"relevant": 0.0, "distractor": 0.0}, "rc_at_100": {"relevant": 0.0, "distractor": 0.0}, "rc_at_200": {"relevant": 0.0, "distractor": 0.0}, "rc_at_300": {"relevant": 0.0, "distractor": 0.0}, "rc_at_500": {"relevant": 0.0, "distractor": 0.0}, "rc_at_1000": {"relevant": 0.0, "distractor": 0.0}}