{"ndcg_at_1": 0.27911, "ndcg_at_3": 0.32491, "ndcg_at_5": 0.34749, "ndcg_at_10": 0.37724, "ndcg_at_20": 0.39724, "ndcg_at_100": 0.43305, "ndcg_at_200": 0.44113, "ndcg_at_300": 0.44464, "ndcg_at_500": 0.44932, "ndcg_at_1000": 0.45341, "map_at_1": 0.25795, "map_at_3": 0.30179, "map_at_5": 0.31598, "map_at_10": 0.32972, "map_at_20": 0.33554, "map_at_100": 0.341, "map_at_200": 0.34143, "map_at_300": 0.34158, "map_at_500": 0.34171, "map_at_1000": 0.34179, "recall_at_1": 0.25795, "recall_at_3": 0.35861, "recall_at_5": 0.41413, "recall_at_10": 0.50248, "recall_at_20": 0.57765, "recall_at_100": 0.75922, "recall_at_200": 0.81347, "recall_at_300": 0.83906, "recall_at_500": 0.8756, "recall_at_1000": 0.91004, "precision_at_1": 0.27911, "precision_at_3": 0.13555, "precision_at_5": 0.09501, "precision_at_10": 0.05896, "precision_at_20": 0.0341, "precision_at_100": 0.00937, "precision_at_200": 0.00509, "precision_at_300": 0.00354, "precision_at_500": 0.00226, "precision_at_1000": 0.0012, "mrr_at_1": 0.27911, "mrr_at_3": 0.33025, "mrr_at_5": 0.34199, "mrr_at_10": 0.3526, "mrr_at_20": 0.35843, "mrr_at_100": 0.36294, "mrr_at_200": 0.36332, "mrr_at_300": 0.36341, "mrr_at_500": 0.36349, "mrr_at_1000": 0.36354, "rc_at_1": {"relevant": 0.0, "distractor": 0.0}, "rc_at_3": {"relevant": 0.0, "distractor": 0.0}, "rc_at_5": {"relevant": 0.0, "distractor": 0.0}, "rc_at_10": {"relevant": 0.0, "distractor": 0.0}, "rc_at_20": {"relevant": 0.0, "distractor": 0.0}, "rc_at_100": {"relevant": 0.0, "distractor": 0.0}, "rc_at_200": {"relevant": 0.0, "distractor": 0.0}, "rc_at_300": {"relevant": 0.0, "distractor": 0.0}, "rc_at_500": {"relevant": 0.0, "distractor": 0.0}, "rc_at_1000": {"relevant": 0.0, "distractor": 0.0}}