{"ndcg_at_1": 0.21429, "ndcg_at_3": 0.22825, "ndcg_at_5": 0.22228, "ndcg_at_10": 0.20667, "ndcg_at_20": 0.21003, "ndcg_at_100": 0.28385, "ndcg_at_200": 0.32158, "ndcg_at_300": 0.34124, "ndcg_at_500": 0.36408, "ndcg_at_1000": 0.38904, "map_at_1": 0.01656, "map_at_3": 0.03668, "map_at_5": 0.05244, "map_at_10": 0.07401, "map_at_20": 0.08953, "map_at_100": 0.11155, "map_at_200": 0.1167, "map_at_300": 0.11906, "map_at_500": 0.12111, "map_at_1000": 0.12275, "recall_at_1": 0.01656, "recall_at_3": 0.04781, "recall_at_5": 0.08092, "recall_at_10": 0.13533, "recall_at_20": 0.19487, "recall_at_100": 0.3576, "recall_at_200": 0.45692, "recall_at_300": 0.51309, "recall_at_500": 0.58273, "recall_at_1000": 0.67228, "precision_at_1": 0.22449, "precision_at_3": 0.2381, "precision_at_5": 0.22449, "precision_at_10": 0.18571, "precision_at_20": 0.13878, "precision_at_100": 0.05694, "precision_at_200": 0.03816, "precision_at_300": 0.02939, "precision_at_500": 0.02065, "precision_at_1000": 0.01235, "mrr_at_1": 0.22449, "mrr_at_3": 0.34014, "mrr_at_5": 0.35952, "mrr_at_10": 0.37769, "mrr_at_20": 0.38594, "mrr_at_100": 0.38808, "mrr_at_200": 0.38826, "mrr_at_300": 0.38826, "mrr_at_500": 0.38826, "mrr_at_1000": 0.38826, "rc_at_1": {"relevant": 0.0, "distractor": 0.0}, "rc_at_3": {"relevant": 0.0, "distractor": 0.0}, "rc_at_5": {"relevant": 0.0, "distractor": 0.0}, "rc_at_10": {"relevant": 0.0, "distractor": 0.0}, "rc_at_20": {"relevant": 0.0, "distractor": 0.0}, "rc_at_100": {"relevant": 0.0, "distractor": 0.0}, "rc_at_200": {"relevant": 0.0, "distractor": 0.0}, "rc_at_300": {"relevant": 0.0, "distractor": 0.0}, "rc_at_500": {"relevant": 0.0, "distractor": 0.0}, "rc_at_1000": {"relevant": 0.0, "distractor": 0.0}}