{"ndcg_at_1": 0.10411, "ndcg_at_3": 0.13612, "ndcg_at_5": 0.14873, "ndcg_at_10": 0.16375, "ndcg_at_20": 0.17709, "ndcg_at_100": 0.20126, "ndcg_at_200": 0.21002, "ndcg_at_300": 0.21477, "ndcg_at_500": 0.2198, "ndcg_at_1000": 0.22657, "map_at_1": 0.09763, "map_at_3": 0.12505, "map_at_5": 0.13208, "map_at_10": 0.13823, "map_at_20": 0.14188, "map_at_100": 0.1451, "map_at_200": 0.14556, "map_at_300": 0.14572, "map_at_500": 0.14583, "map_at_1000": 0.14593, "recall_at_1": 0.09763, "recall_at_3": 0.15965, "recall_at_5": 0.19025, "recall_at_10": 0.23637, "recall_at_20": 0.28782, "recall_at_100": 0.41666, "recall_at_200": 0.4774, "recall_at_300": 0.51396, "recall_at_500": 0.55586, "recall_at_1000": 0.61777, "precision_at_1": 0.10411, "precision_at_3": 0.05741, "precision_at_5": 0.0411, "precision_at_10": 0.02558, "precision_at_20": 0.01566, "precision_at_100": 0.00458, "precision_at_200": 0.00263, "precision_at_300": 0.00189, "precision_at_500": 0.00123, "precision_at_1000": 0.00069, "mrr_at_1": 0.10681, "mrr_at_3": 0.13429, "mrr_at_5": 0.14181, "mrr_at_10": 0.1481, "mrr_at_20": 0.15197, "mrr_at_100": 0.15529, "mrr_at_200": 0.15576, "mrr_at_300": 0.1559, "mrr_at_500": 0.15603, "mrr_at_1000": 0.15612, "rc_at_1": {"relevant": 0.0, "distractor": 0.0}, "rc_at_3": {"relevant": 0.0, "distractor": 0.0}, "rc_at_5": {"relevant": 0.0, "distractor": 0.0}, "rc_at_10": {"relevant": 0.0, "distractor": 0.0}, "rc_at_20": {"relevant": 0.0, "distractor": 0.0}, "rc_at_100": {"relevant": 0.0, "distractor": 0.0}, "rc_at_200": {"relevant": 0.0, "distractor": 0.0}, "rc_at_300": {"relevant": 0.0, "distractor": 0.0}, "rc_at_500": {"relevant": 0.0, "distractor": 0.0}, "rc_at_1000": {"relevant": 0.0, "distractor": 0.0}}