{"ndcg_at_1": 0.32548, "ndcg_at_3": 0.37531, "ndcg_at_5": 0.39566, "ndcg_at_10": 0.42308, "ndcg_at_20": 0.44346, "ndcg_at_100": 0.47573, "ndcg_at_200": 0.48422, "ndcg_at_300": 0.48866, "ndcg_at_500": 0.49253, "ndcg_at_1000": 0.49723, "map_at_1": 0.25743, "map_at_3": 0.32842, "map_at_5": 0.34486, "map_at_10": 0.36043, "map_at_20": 0.36827, "map_at_100": 0.37526, "map_at_200": 0.37613, "map_at_300": 0.37641, "map_at_500": 0.37659, "map_at_1000": 0.37673, "recall_at_1": 0.25743, "recall_at_3": 0.3981, "recall_at_5": 0.45478, "recall_at_10": 0.53855, "recall_at_20": 0.61145, "recall_at_100": 0.76085, "recall_at_200": 0.80866, "recall_at_300": 0.83663, "recall_at_500": 0.86224, "recall_at_1000": 0.89545, "precision_at_1": 0.32548, "precision_at_3": 0.1862, "precision_at_5": 0.13401, "precision_at_10": 0.08478, "precision_at_20": 0.05162, "precision_at_100": 0.01471, "precision_at_200": 0.00824, "precision_at_300": 0.00581, "precision_at_500": 0.00368, "precision_at_1000": 0.00198, "mrr_at_1": 0.32548, "mrr_at_3": 0.3948, "mrr_at_5": 0.40821, "mrr_at_10": 0.41935, "mrr_at_20": 0.42413, "mrr_at_100": 0.42742, "mrr_at_200": 0.42769, "mrr_at_300": 0.42779, "mrr_at_500": 0.42784, "mrr_at_1000": 0.42788, "rc_at_1": {"relevant": 0.0, "distractor": 0.0}, "rc_at_3": {"relevant": 0.0, "distractor": 0.0}, "rc_at_5": {"relevant": 0.0, "distractor": 0.0}, "rc_at_10": {"relevant": 0.0, "distractor": 0.0}, "rc_at_20": {"relevant": 0.0, "distractor": 0.0}, "rc_at_100": {"relevant": 0.0, "distractor": 0.0}, "rc_at_200": {"relevant": 0.0, "distractor": 0.0}, "rc_at_300": {"relevant": 0.0, "distractor": 0.0}, "rc_at_500": {"relevant": 0.0, "distractor": 0.0}, "rc_at_1000": {"relevant": 0.0, "distractor": 0.0}}