{"ndcg_at_1": 0.04025, "ndcg_at_3": 0.0415, "ndcg_at_5": 0.03687, "ndcg_at_10": 0.03524, "ndcg_at_20": 0.03692, "ndcg_at_100": 0.05604, "ndcg_at_200": 0.0726, "ndcg_at_300": 0.0855, "ndcg_at_500": 0.10731, "ndcg_at_1000": 0.15171, "map_at_1": 0.00548, "map_at_3": 0.00719, "map_at_5": 0.00778, "map_at_10": 0.00846, "map_at_20": 0.00969, "map_at_100": 0.01248, "map_at_200": 0.0138, "map_at_300": 0.01475, "map_at_500": 0.0161, "map_at_1000": 0.01859, "recall_at_1": 0.00548, "recall_at_3": 0.00886, "recall_at_5": 0.01155, "recall_at_10": 0.01421, "recall_at_20": 0.02591, "recall_at_100": 0.08539, "recall_at_200": 0.13765, "recall_at_300": 0.17559, "recall_at_500": 0.24691, "recall_at_1000": 0.40388, "precision_at_1": 0.04334, "precision_at_3": 0.04128, "precision_at_5": 0.03158, "precision_at_10": 0.02879, "precision_at_20": 0.0257, "precision_at_100": 0.02096, "precision_at_200": 0.01814, "precision_at_300": 0.01705, "precision_at_500": 0.01558, "precision_at_1000": 0.01377, "mrr_at_1": 0.04334, "mrr_at_3": 0.07276, "mrr_at_5": 0.07802, "mrr_at_10": 0.08589, "mrr_at_20": 0.09267, "mrr_at_100": 0.0992, "mrr_at_200": 0.10025, "mrr_at_300": 0.10043, "mrr_at_500": 0.10063, "mrr_at_1000": 0.10072, "rc_at_1": {"relevant": 0.0, "distractor": 0.0}, "rc_at_3": {"relevant": 0.0, "distractor": 0.0}, "rc_at_5": {"relevant": 0.0, "distractor": 0.0}, "rc_at_10": {"relevant": 0.0, "distractor": 0.0}, "rc_at_20": {"relevant": 0.0, "distractor": 0.0}, "rc_at_100": {"relevant": 0.0, "distractor": 0.0}, "rc_at_200": {"relevant": 0.0, "distractor": 0.0}, "rc_at_300": {"relevant": 0.0, "distractor": 0.0}, "rc_at_500": {"relevant": 0.0, "distractor": 0.0}, "rc_at_1000": {"relevant": 0.0, "distractor": 0.0}}