{"ndcg_at_1": 0.61, "ndcg_at_3": 0.67236, "ndcg_at_5": 0.68804, "ndcg_at_10": 0.71255, "ndcg_at_20": 0.72189, "ndcg_at_100": 0.73655, "ndcg_at_200": 0.7417, "ndcg_at_300": 0.74212, "ndcg_at_500": 0.74362, "ndcg_at_1000": 0.7447, "map_at_1": 0.57828, "map_at_3": 0.64769, "map_at_5": 0.65906, "map_at_10": 0.6719, "map_at_20": 0.67511, "map_at_100": 0.67729, "map_at_200": 0.67756, "map_at_300": 0.67757, "map_at_500": 0.6776, "map_at_1000": 0.67762, "recall_at_1": 0.57828, "recall_at_3": 0.71072, "recall_at_5": 0.75428, "recall_at_10": 0.82256, "recall_at_20": 0.85667, "recall_at_100": 0.93333, "recall_at_200": 0.97, "recall_at_300": 0.97333, "recall_at_500": 0.98667, "recall_at_1000": 0.99667, "precision_at_1": 0.61, "precision_at_3": 0.26111, "precision_at_5": 0.168, "precision_at_10": 0.09367, "precision_at_20": 0.04917, "precision_at_100": 0.01063, "precision_at_200": 0.0055, "precision_at_300": 0.00368, "precision_at_500": 0.00223, "precision_at_1000": 0.00113, "mrr_at_1": 0.61, "mrr_at_3": 0.66833, "mrr_at_5": 0.677, "mrr_at_10": 0.68554, "mrr_at_20": 0.6875, "mrr_at_100": 0.68948, "mrr_at_200": 0.68975, "mrr_at_300": 0.68976, "mrr_at_500": 0.68979, "mrr_at_1000": 0.68981, "rc_at_1": {"relevant": 0.0, "distractor": 0.0}, "rc_at_3": {"relevant": 0.0, "distractor": 0.0}, "rc_at_5": {"relevant": 0.0, "distractor": 0.0}, "rc_at_10": {"relevant": 0.0, "distractor": 0.0}, "rc_at_20": {"relevant": 0.0, "distractor": 0.0}, "rc_at_100": {"relevant": 0.0, "distractor": 0.0}, "rc_at_200": {"relevant": 0.0, "distractor": 0.0}, "rc_at_300": {"relevant": 0.0, "distractor": 0.0}, "rc_at_500": {"relevant": 0.0, "distractor": 0.0}, "rc_at_1000": {"relevant": 0.0, "distractor": 0.0}}