{"ndcg_at_1": 0.76232, "ndcg_at_3": 0.60729, "ndcg_at_5": 0.6282, "ndcg_at_10": 0.64748, "ndcg_at_20": 0.6589, "ndcg_at_100": 0.67615, "ndcg_at_200": 0.68072, "ndcg_at_300": 0.68335, "ndcg_at_500": 0.68606, "ndcg_at_1000": 0.68941, "map_at_1": 0.38116, "map_at_3": 0.53253, "map_at_5": 0.54878, "map_at_10": 0.55995, "map_at_20": 0.56448, "map_at_100": 0.56788, "map_at_200": 0.56823, "map_at_300": 0.56836, "map_at_500": 0.56846, "map_at_1000": 0.56853, "recall_at_1": 0.38116, "recall_at_3": 0.57144, "recall_at_5": 0.61256, "recall_at_10": 0.66097, "recall_at_20": 0.6977, "recall_at_100": 0.77414, "recall_at_200": 0.80074, "recall_at_300": 0.81776, "recall_at_500": 0.8368, "recall_at_1000": 0.86259, "precision_at_1": 0.76232, "precision_at_3": 0.38096, "precision_at_5": 0.24502, "precision_at_10": 0.13219, "precision_at_20": 0.06977, "precision_at_100": 0.01548, "precision_at_200": 0.00801, "precision_at_300": 0.00545, "precision_at_500": 0.00335, "precision_at_1000": 0.00173, "mrr_at_1": 0.76232, "mrr_at_3": 0.80966, "mrr_at_5": 0.81527, "mrr_at_10": 0.81905, "mrr_at_20": 0.82026, "mrr_at_100": 0.8211, "mrr_at_200": 0.82116, "mrr_at_300": 0.82118, "mrr_at_500": 0.82119, "mrr_at_1000": 0.8212, "rc_at_1": {"relevant": 0.0, "distractor": 0.0}, "rc_at_3": {"relevant": 0.0, "distractor": 0.0}, "rc_at_5": {"relevant": 0.0, "distractor": 0.0}, "rc_at_10": {"relevant": 0.0, "distractor": 0.0}, "rc_at_20": {"relevant": 0.0, "distractor": 0.0}, "rc_at_100": {"relevant": 0.0, "distractor": 0.0}, "rc_at_200": {"relevant": 0.0, "distractor": 0.0}, "rc_at_300": {"relevant": 0.0, "distractor": 0.0}, "rc_at_500": {"relevant": 0.0, "distractor": 0.0}, "rc_at_1000": {"relevant": 0.0, "distractor": 0.0}}