{"ndcg_at_1": 0.0721, "ndcg_at_3": 0.08839, "ndcg_at_5": 0.0969, "ndcg_at_10": 0.10527, "ndcg_at_20": 0.11455, "ndcg_at_100": 0.13351, "ndcg_at_200": 0.14091, "ndcg_at_300": 0.14517, "ndcg_at_500": 0.1503, "ndcg_at_1000": 0.15836, "map_at_1": 0.06234, "map_at_3": 0.07966, "map_at_5": 0.08464, "map_at_10": 0.08824, "map_at_20": 0.09082, "map_at_100": 0.09336, "map_at_200": 0.09375, "map_at_300": 0.0939, "map_at_500": 0.09402, "map_at_1000": 0.09414, "recall_at_1": 0.06234, "recall_at_3": 0.10003, "recall_at_5": 0.12117, "recall_at_10": 0.14651, "recall_at_20": 0.18182, "recall_at_100": 0.27931, "recall_at_200": 0.32835, "recall_at_300": 0.3597, "recall_at_500": 0.40044, "recall_at_1000": 0.46936, "precision_at_1": 0.0721, "precision_at_3": 0.03983, "precision_at_5": 0.02938, "precision_at_10": 0.01808, "precision_at_20": 0.01134, "precision_at_100": 0.00365, "precision_at_200": 0.00218, "precision_at_300": 0.00161, "precision_at_500": 0.00109, "precision_at_1000": 0.00066, "mrr_at_1": 0.0731, "mrr_at_3": 0.09023, "mrr_at_5": 0.09506, "mrr_at_10": 0.10009, "mrr_at_20": 0.10267, "mrr_at_100": 0.10524, "mrr_at_200": 0.10566, "mrr_at_300": 0.1058, "mrr_at_500": 0.10592, "mrr_at_1000": 0.10601, "rc_at_1": {"relevant": 0.0, "distractor": 0.0}, "rc_at_3": {"relevant": 0.0, "distractor": 0.0}, "rc_at_5": {"relevant": 0.0, "distractor": 0.0}, "rc_at_10": {"relevant": 0.0, "distractor": 0.0}, "rc_at_20": {"relevant": 0.0, "distractor": 0.0}, "rc_at_100": {"relevant": 0.0, "distractor": 0.0}, "rc_at_200": {"relevant": 0.0, "distractor": 0.0}, "rc_at_300": {"relevant": 0.0, "distractor": 0.0}, "rc_at_500": {"relevant": 0.0, "distractor": 0.0}, "rc_at_1000": {"relevant": 0.0, "distractor": 0.0}}