{"ndcg_at_1": 0.26154, "ndcg_at_3": 0.21805, "ndcg_at_5": 0.18993, "ndcg_at_10": 0.16114, "ndcg_at_20": 0.19796, "ndcg_at_100": 0.28325, "ndcg_at_200": 0.30571, "ndcg_at_300": 0.32063, "ndcg_at_500": 0.33057, "ndcg_at_1000": 0.35183, "map_at_1": 0.02615, "map_at_3": 0.04923, "map_at_5": 0.05885, "map_at_10": 0.07587, "map_at_20": 0.09024, "map_at_100": 0.11262, "map_at_200": 0.11553, "map_at_300": 0.11681, "map_at_500": 0.11747, "map_at_1000": 0.11824, "recall_at_1": 0.02615, "recall_at_3": 0.06154, "recall_at_5": 0.08462, "recall_at_10": 0.13846, "recall_at_20": 0.20615, "recall_at_100": 0.42, "recall_at_200": 0.49385, "recall_at_300": 0.54769, "recall_at_500": 0.58615, "recall_at_1000": 0.67846, "precision_at_1": 0.26154, "precision_at_3": 0.20513, "precision_at_5": 0.16923, "precision_at_10": 0.13846, "precision_at_20": 0.10308, "precision_at_100": 0.042, "precision_at_200": 0.02469, "precision_at_300": 0.01826, "precision_at_500": 0.01172, "precision_at_1000": 0.00678, "mrr_at_1": 0.27692, "mrr_at_3": 0.36923, "mrr_at_5": 0.38308, "mrr_at_10": 0.39376, "mrr_at_20": 0.40152, "mrr_at_100": 0.40592, "mrr_at_200": 0.40613, "mrr_at_300": 0.40613, "mrr_at_500": 0.4062, "mrr_at_1000": 0.4062, "rc_at_1": {"relevant": 0.27692, "distractor": 0.61538}, "rc_at_3": {"relevant": 0.72308, "distractor": 1.73846}, "rc_at_5": {"relevant": 0.92308, "distractor": 2.98462}, "rc_at_10": {"relevant": 1.43077, "distractor": 5.89231}, "rc_at_20": {"relevant": 2.21538, "distractor": 11.06154}, "rc_at_100": {"relevant": 4.27692, "distractor": 34.70769}, "rc_at_200": {"relevant": 5.2, "distractor": 44.81538}, "rc_at_300": {"relevant": 5.70769, "distractor": 49.56923}, "rc_at_500": {"relevant": 6.15385, "distractor": 55.53846}, "rc_at_1000": {"relevant": 6.8, "distractor": 63.84615}}