{"ndcg_at_1": 0.09, "ndcg_at_3": 0.08765, "ndcg_at_5": 0.08407, "ndcg_at_10": 0.0804, "ndcg_at_20": 0.06848, "ndcg_at_100": 0.05481, "ndcg_at_200": 0.04724, "ndcg_at_300": 0.04516, "ndcg_at_500": 0.04993, "ndcg_at_1000": 0.06518, "map_at_1": 0.00025, "map_at_3": 0.00063, "map_at_5": 0.00089, "map_at_10": 0.00148, "map_at_20": 0.00187, "map_at_100": 0.00405, "map_at_200": 0.00509, "map_at_300": 0.00563, "map_at_500": 0.00674, "map_at_1000": 0.00825, "recall_at_1": 0.00025, "recall_at_3": 0.00079, "recall_at_5": 0.0013, "recall_at_10": 0.00243, "recall_at_20": 0.0035, "recall_at_100": 0.01382, "recall_at_200": 0.02239, "recall_at_300": 0.02848, "recall_at_500": 0.04228, "recall_at_1000": 0.06909, "precision_at_1": 0.1, "precision_at_3": 0.1, "precision_at_5": 0.096, "precision_at_10": 0.088, "precision_at_20": 0.07, "precision_at_100": 0.0564, "precision_at_200": 0.0477, "precision_at_300": 0.04167, "precision_at_500": 0.03808, "precision_at_1000": 0.03106, "mrr_at_1": 0.1, "mrr_at_3": 0.14, "mrr_at_5": 0.144, "mrr_at_10": 0.15775, "mrr_at_20": 0.16358, "mrr_at_100": 0.17297, "mrr_at_200": 0.17374, "mrr_at_300": 0.1739, "mrr_at_500": 0.17411, "mrr_at_1000": 0.17414, "rc_at_1": {"relevant": 0.0, "distractor": 0.0}, "rc_at_3": {"relevant": 0.0, "distractor": 0.0}, "rc_at_5": {"relevant": 0.0, "distractor": 0.0}, "rc_at_10": {"relevant": 0.0, "distractor": 0.0}, "rc_at_20": {"relevant": 0.0, "distractor": 0.0}, "rc_at_100": {"relevant": 0.0, "distractor": 0.0}, "rc_at_200": {"relevant": 0.0, "distractor": 0.0}, "rc_at_300": {"relevant": 0.0, "distractor": 0.0}, "rc_at_500": {"relevant": 0.0, "distractor": 0.0}, "rc_at_1000": {"relevant": 0.0, "distractor": 0.0}}