{"ndcg_at_1": 0.07692, "ndcg_at_3": 0.05698, "ndcg_at_5": 0.06026, "ndcg_at_10": 0.04686, "ndcg_at_20": 0.06029, "ndcg_at_100": 0.09409, "ndcg_at_200": 0.10548, "ndcg_at_300": 0.11274, "ndcg_at_500": 0.1268, "ndcg_at_1000": 0.14005, "map_at_1": 0.00769, "map_at_3": 0.01103, "map_at_5": 0.01518, "map_at_10": 0.01726, "map_at_20": 0.01964, "map_at_100": 0.02361, "map_at_200": 0.02467, "map_at_300": 0.02513, "map_at_500": 0.02565, "map_at_1000": 0.02604, "recall_at_1": 0.00769, "recall_at_3": 0.01538, "recall_at_5": 0.02923, "recall_at_10": 0.04, "recall_at_20": 0.06462, "recall_at_100": 0.15385, "recall_at_200": 0.19077, "recall_at_300": 0.21692, "recall_at_500": 0.27231, "recall_at_1000": 0.32923, "precision_at_1": 0.07692, "precision_at_3": 0.05128, "precision_at_5": 0.05846, "precision_at_10": 0.04, "precision_at_20": 0.03231, "precision_at_100": 0.01538, "precision_at_200": 0.00954, "precision_at_300": 0.00723, "precision_at_500": 0.00545, "precision_at_1000": 0.00329, "mrr_at_1": 0.07692, "mrr_at_3": 0.11026, "mrr_at_5": 0.13026, "mrr_at_10": 0.13886, "mrr_at_20": 0.14751, "mrr_at_100": 0.15308, "mrr_at_200": 0.15319, "mrr_at_300": 0.15332, "mrr_at_500": 0.15349, "mrr_at_1000": 0.15353, "rc_at_1": {"relevant": 0.07692, "distractor": 0.36923}, "rc_at_3": {"relevant": 0.15385, "distractor": 1.03077}, "rc_at_5": {"relevant": 0.29231, "distractor": 1.49231}, "rc_at_10": {"relevant": 0.4, "distractor": 2.49231}, "rc_at_20": {"relevant": 0.64615, "distractor": 4.2}, "rc_at_100": {"relevant": 1.53846, "distractor": 11.13846}, "rc_at_200": {"relevant": 1.90769, "distractor": 16.16923}, "rc_at_300": {"relevant": 2.16923, "distractor": 18.96923}, "rc_at_500": {"relevant": 2.72308, "distractor": 23.15385}, "rc_at_1000": {"relevant": 3.29231, "distractor": 30.01538}}