{"ndcg_at_1": 0.13846, "ndcg_at_3": 0.11947, "ndcg_at_5": 0.10923, "ndcg_at_10": 0.08938, "ndcg_at_20": 0.11553, "ndcg_at_100": 0.1796, "ndcg_at_200": 0.2062, "ndcg_at_300": 0.21985, "ndcg_at_500": 0.23882, "ndcg_at_1000": 0.25881, "map_at_1": 0.01385, "map_at_3": 0.02462, "map_at_5": 0.03023, "map_at_10": 0.03612, "map_at_20": 0.04216, "map_at_100": 0.056, "map_at_200": 0.059, "map_at_300": 0.05987, "map_at_500": 0.06094, "map_at_1000": 0.06158, "recall_at_1": 0.01385, "recall_at_3": 0.03385, "recall_at_5": 0.05077, "recall_at_10": 0.07692, "recall_at_20": 0.12462, "recall_at_100": 0.28462, "recall_at_200": 0.37077, "recall_at_300": 0.42, "recall_at_500": 0.49385, "recall_at_1000": 0.58, "precision_at_1": 0.13846, "precision_at_3": 0.11282, "precision_at_5": 0.10154, "precision_at_10": 0.07692, "precision_at_20": 0.06231, "precision_at_100": 0.02846, "precision_at_200": 0.01854, "precision_at_300": 0.014, "precision_at_500": 0.00988, "precision_at_1000": 0.0058, "mrr_at_1": 0.13846, "mrr_at_3": 0.20513, "mrr_at_5": 0.22436, "mrr_at_10": 0.23795, "mrr_at_20": 0.24988, "mrr_at_100": 0.25421, "mrr_at_200": 0.25459, "mrr_at_300": 0.25477, "mrr_at_500": 0.25482, "mrr_at_1000": 0.25486, "rc_at_1": {"relevant": 0.13846, "distractor": 0.56923}, "rc_at_3": {"relevant": 0.33846, "distractor": 1.6}, "rc_at_5": {"relevant": 0.50769, "distractor": 2.56923}, "rc_at_10": {"relevant": 0.76923, "distractor": 4.81538}, "rc_at_20": {"relevant": 1.24615, "distractor": 8.8}, "rc_at_100": {"relevant": 2.84615, "distractor": 25.18462}, "rc_at_200": {"relevant": 3.70769, "distractor": 34.26154}, "rc_at_300": {"relevant": 4.2, "distractor": 40.13846}, "rc_at_500": {"relevant": 4.93846, "distractor": 47.67692}, "rc_at_1000": {"relevant": 5.8, "distractor": 57.16923}}