{"ndcg_at_1": 0.41, "ndcg_at_3": 0.47991, "ndcg_at_5": 0.49644, "ndcg_at_10": 0.52346, "ndcg_at_20": 0.53761, "ndcg_at_100": 0.565, "ndcg_at_200": 0.57168, "ndcg_at_300": 0.57555, "ndcg_at_500": 0.57671, "ndcg_at_1000": 0.58158, "map_at_1": 0.3925, "map_at_3": 0.45454, "map_at_5": 0.46576, "map_at_10": 0.47817, "map_at_20": 0.48233, "map_at_100": 0.48609, "map_at_200": 0.48646, "map_at_300": 0.48659, "map_at_500": 0.48662, "map_at_1000": 0.48669, "recall_at_1": 0.3925, "recall_at_3": 0.52506, "recall_at_5": 0.56611, "recall_at_10": 0.64611, "recall_at_20": 0.70056, "recall_at_100": 0.84867, "recall_at_200": 0.89533, "recall_at_300": 0.92533, "recall_at_500": 0.93533, "recall_at_1000": 0.98, "precision_at_1": 0.41, "precision_at_3": 0.19333, "precision_at_5": 0.12733, "precision_at_10": 0.07333, "precision_at_20": 0.03967, "precision_at_100": 0.00963, "precision_at_200": 0.00507, "precision_at_300": 0.00349, "precision_at_500": 0.00211, "precision_at_1000": 0.00111, "mrr_at_1": 0.41, "mrr_at_3": 0.47778, "mrr_at_5": 0.49011, "mrr_at_10": 0.49732, "mrr_at_20": 0.4999, "mrr_at_100": 0.50353, "mrr_at_200": 0.50388, "mrr_at_300": 0.50399, "mrr_at_500": 0.50402, "mrr_at_1000": 0.50407, "rc_at_1": {"relevant": 0.0, "distractor": 0.0}, "rc_at_3": {"relevant": 0.0, "distractor": 0.0}, "rc_at_5": {"relevant": 0.0, "distractor": 0.0}, "rc_at_10": {"relevant": 0.0, "distractor": 0.0}, "rc_at_20": {"relevant": 0.0, "distractor": 0.0}, "rc_at_100": {"relevant": 0.0, "distractor": 0.0}, "rc_at_200": {"relevant": 0.0, "distractor": 0.0}, "rc_at_300": {"relevant": 0.0, "distractor": 0.0}, "rc_at_500": {"relevant": 0.0, "distractor": 0.0}, "rc_at_1000": {"relevant": 0.0, "distractor": 0.0}}