{"ndcg_at_1": 0.14506, "ndcg_at_3": 0.14583, "ndcg_at_5": 0.15492, "ndcg_at_10": 0.16953, "ndcg_at_20": 0.18579, "ndcg_at_100": 0.21829, "ndcg_at_200": 0.22943, "ndcg_at_300": 0.23547, "ndcg_at_500": 0.24352, "ndcg_at_1000": 0.25644, "map_at_1": 0.07461, "map_at_3": 0.10934, "map_at_5": 0.11908, "map_at_10": 0.12704, "map_at_20": 0.1322, "map_at_100": 0.13682, "map_at_200": 0.13752, "map_at_300": 0.13778, "map_at_500": 0.13801, "map_at_1000": 0.13827, "recall_at_1": 0.07461, "recall_at_3": 0.1385, "recall_at_5": 0.17551, "recall_at_10": 0.21669, "recall_at_20": 0.26718, "recall_at_100": 0.40853, "recall_at_200": 0.47072, "recall_at_300": 0.50771, "recall_at_500": 0.56083, "recall_at_1000": 0.65537, "precision_at_1": 0.14506, "precision_at_3": 0.09465, "precision_at_5": 0.07006, "precision_at_10": 0.04599, "precision_at_20": 0.02948, "precision_at_100": 0.00948, "precision_at_200": 0.00554, "precision_at_300": 0.00401, "precision_at_500": 0.0027, "precision_at_1000": 0.00159, "mrr_at_1": 0.14506, "mrr_at_3": 0.18853, "mrr_at_5": 0.20026, "mrr_at_10": 0.20771, "mrr_at_20": 0.21276, "mrr_at_100": 0.21709, "mrr_at_200": 0.21758, "mrr_at_300": 0.21774, "mrr_at_500": 0.21788, "mrr_at_1000": 0.21799, "rc_at_1": {"relevant": 0.0, "distractor": 0.0}, "rc_at_3": {"relevant": 0.0, "distractor": 0.0}, "rc_at_5": {"relevant": 0.0, "distractor": 0.0}, "rc_at_10": {"relevant": 0.0, "distractor": 0.0}, "rc_at_20": {"relevant": 0.0, "distractor": 0.0}, "rc_at_100": {"relevant": 0.0, "distractor": 0.0}, "rc_at_200": {"relevant": 0.0, "distractor": 0.0}, "rc_at_300": {"relevant": 0.0, "distractor": 0.0}, "rc_at_500": {"relevant": 0.0, "distractor": 0.0}, "rc_at_1000": {"relevant": 0.0, "distractor": 0.0}}