{"ndcg_at_1": 0.45078, "ndcg_at_3": 0.51395, "ndcg_at_5": 0.53706, "ndcg_at_10": 0.56254, "ndcg_at_20": 0.57797, "ndcg_at_100": 0.5998, "ndcg_at_200": 0.60599, "ndcg_at_300": 0.60865, "ndcg_at_500": 0.61062, "ndcg_at_1000": 0.61346, "map_at_1": 0.39571, "map_at_3": 0.48064, "map_at_5": 0.49665, "map_at_10": 0.50965, "map_at_20": 0.51493, "map_at_100": 0.51861, "map_at_200": 0.51904, "map_at_300": 0.51916, "map_at_500": 0.51922, "map_at_1000": 0.51928, "recall_at_1": 0.39571, "recall_at_3": 0.55554, "recall_at_5": 0.61126, "recall_at_10": 0.68587, "recall_at_20": 0.74339, "recall_at_100": 0.84948, "recall_at_200": 0.88907, "recall_at_300": 0.90759, "recall_at_500": 0.92264, "recall_at_1000": 0.94621, "precision_at_1": 0.45078, "precision_at_3": 0.22738, "precision_at_5": 0.15448, "precision_at_10": 0.08884, "precision_at_20": 0.04909, "precision_at_100": 0.01156, "precision_at_200": 0.00612, "precision_at_300": 0.00419, "precision_at_500": 0.00256, "precision_at_1000": 0.00132, "mrr_at_1": 0.44828, "mrr_at_3": 0.52184, "mrr_at_5": 0.53303, "mrr_at_10": 0.54239, "mrr_at_20": 0.54619, "mrr_at_100": 0.54883, "mrr_at_200": 0.54904, "mrr_at_300": 0.54909, "mrr_at_500": 0.54914, "mrr_at_1000": 0.54916, "rc_at_1": {"relevant": 0.0, "distractor": 0.0}, "rc_at_3": {"relevant": 0.0, "distractor": 0.0}, "rc_at_5": {"relevant": 0.0, "distractor": 0.0}, "rc_at_10": {"relevant": 0.0, "distractor": 0.0}, "rc_at_20": {"relevant": 0.0, "distractor": 0.0}, "rc_at_100": {"relevant": 0.0, "distractor": 0.0}, "rc_at_200": {"relevant": 0.0, "distractor": 0.0}, "rc_at_300": {"relevant": 0.0, "distractor": 0.0}, "rc_at_500": {"relevant": 0.0, "distractor": 0.0}, "rc_at_1000": {"relevant": 0.0, "distractor": 0.0}}