{"ndcg_at_1": 0.0113, "ndcg_at_3": 0.01243, "ndcg_at_5": 0.01404, "ndcg_at_10": 0.01612, "ndcg_at_20": 0.01949, "ndcg_at_100": 0.03134, "ndcg_at_200": 0.03762, "ndcg_at_300": 0.04225, "ndcg_at_500": 0.04803, "ndcg_at_1000": 0.05663, "map_at_1": 0.00945, "map_at_3": 0.01114, "map_at_5": 0.01216, "map_at_10": 0.013, "map_at_20": 0.01389, "map_at_100": 0.01531, "map_at_200": 0.01563, "map_at_300": 0.01578, "map_at_500": 0.01591, "map_at_1000": 0.01603, "recall_at_1": 0.00945, "recall_at_3": 0.01321, "recall_at_5": 0.01773, "recall_at_10": 0.02423, "recall_at_20": 0.03779, "recall_at_100": 0.10188, "recall_at_200": 0.14505, "recall_at_300": 0.18083, "recall_at_500": 0.22853, "recall_at_1000": 0.30572, "precision_at_1": 0.0113, "precision_at_3": 0.00527, "precision_at_5": 0.00407, "precision_at_10": 0.00294, "precision_at_20": 0.00215, "precision_at_100": 0.00122, "precision_at_200": 0.00087, "precision_at_300": 0.00072, "precision_at_500": 0.00055, "precision_at_1000": 0.00037, "mrr_at_1": 0.0113, "mrr_at_3": 0.0145, "mrr_at_5": 0.01501, "mrr_at_10": 0.01634, "mrr_at_20": 0.01682, "mrr_at_100": 0.0185, "mrr_at_200": 0.01884, "mrr_at_300": 0.01902, "mrr_at_500": 0.01915, "mrr_at_1000": 0.01926, "rc_at_1": {"relevant": 0.0, "distractor": 0.0}, "rc_at_3": {"relevant": 0.0, "distractor": 0.0}, "rc_at_5": {"relevant": 0.0, "distractor": 0.0}, "rc_at_10": {"relevant": 0.0, "distractor": 0.0}, "rc_at_20": {"relevant": 0.0, "distractor": 0.0}, "rc_at_100": {"relevant": 0.0, "distractor": 0.0}, "rc_at_200": {"relevant": 0.0, "distractor": 0.0}, "rc_at_300": {"relevant": 0.0, "distractor": 0.0}, "rc_at_500": {"relevant": 0.0, "distractor": 0.0}, "rc_at_1000": {"relevant": 0.0, "distractor": 0.0}}