{"ndcg_at_1": 0.39557, "ndcg_at_3": 0.44, "ndcg_at_5": 0.46668, "ndcg_at_10": 0.4906, "ndcg_at_20": 0.51303, "ndcg_at_100": 0.54376, "ndcg_at_200": 0.5509, "ndcg_at_300": 0.55423, "ndcg_at_500": 0.55782, "ndcg_at_1000": 0.56093, "map_at_1": 0.32174, "map_at_3": 0.39656, "map_at_5": 0.41694, "map_at_10": 0.43048, "map_at_20": 0.43835, "map_at_100": 0.44399, "map_at_200": 0.44455, "map_at_300": 0.44471, "map_at_500": 0.44485, "map_at_1000": 0.44493, "recall_at_1": 0.32174, "recall_at_3": 0.46616, "recall_at_5": 0.53583, "recall_at_10": 0.60844, "recall_at_20": 0.68817, "recall_at_100": 0.8285, "recall_at_200": 0.86997, "recall_at_300": 0.89221, "recall_at_500": 0.91663, "recall_at_1000": 0.93904, "precision_at_1": 0.39557, "precision_at_3": 0.20885, "precision_at_5": 0.1488, "precision_at_10": 0.08835, "precision_at_20": 0.0512, "precision_at_100": 0.01326, "precision_at_200": 0.00716, "precision_at_300": 0.00497, "precision_at_500": 0.00313, "precision_at_1000": 0.00165, "mrr_at_1": 0.39557, "mrr_at_3": 0.46487, "mrr_at_5": 0.48104, "mrr_at_10": 0.48953, "mrr_at_20": 0.49426, "mrr_at_100": 0.49748, "mrr_at_200": 0.49774, "mrr_at_300": 0.49782, "mrr_at_500": 0.49786, "mrr_at_1000": 0.49788, "rc_at_1": {"relevant": 0.0, "distractor": 0.0}, "rc_at_3": {"relevant": 0.0, "distractor": 0.0}, "rc_at_5": {"relevant": 0.0, "distractor": 0.0}, "rc_at_10": {"relevant": 0.0, "distractor": 0.0}, "rc_at_20": {"relevant": 0.0, "distractor": 0.0}, "rc_at_100": {"relevant": 0.0, "distractor": 0.0}, "rc_at_200": {"relevant": 0.0, "distractor": 0.0}, "rc_at_300": {"relevant": 0.0, "distractor": 0.0}, "rc_at_500": {"relevant": 0.0, "distractor": 0.0}, "rc_at_1000": {"relevant": 0.0, "distractor": 0.0}}