{"ndcg_at_1": 0.31902, "ndcg_at_3": 0.36112, "ndcg_at_5": 0.37674, "ndcg_at_10": 0.40601, "ndcg_at_20": 0.42129, "ndcg_at_100": 0.44906, "ndcg_at_200": 0.45715, "ndcg_at_300": 0.46161, "ndcg_at_500": 0.46529, "ndcg_at_1000": 0.47034, "map_at_1": 0.28443, "map_at_3": 0.33541, "map_at_5": 0.34636, "map_at_10": 0.36008, "map_at_20": 0.36465, "map_at_100": 0.36865, "map_at_200": 0.36913, "map_at_300": 0.3693, "map_at_500": 0.36941, "map_at_1000": 0.36949, "recall_at_1": 0.28443, "recall_at_3": 0.38917, "recall_at_5": 0.42928, "recall_at_10": 0.51768, "recall_at_20": 0.57593, "recall_at_100": 0.71654, "recall_at_200": 0.76847, "recall_at_300": 0.80134, "recall_at_500": 0.83, "recall_at_1000": 0.87269, "precision_at_1": 0.31902, "precision_at_3": 0.15235, "precision_at_5": 0.10307, "precision_at_10": 0.06334, "precision_at_20": 0.03566, "precision_at_100": 0.00926, "precision_at_200": 0.00506, "precision_at_300": 0.00353, "precision_at_500": 0.00221, "precision_at_1000": 0.00118, "mrr_at_1": 0.32055, "mrr_at_3": 0.36887, "mrr_at_5": 0.3783, "mrr_at_10": 0.39022, "mrr_at_20": 0.3942, "mrr_at_100": 0.39741, "mrr_at_200": 0.39779, "mrr_at_300": 0.39791, "mrr_at_500": 0.39797, "mrr_at_1000": 0.39803, "rc_at_1": {"relevant": 0.0, "distractor": 0.0}, "rc_at_3": {"relevant": 0.0, "distractor": 0.0}, "rc_at_5": {"relevant": 0.0, "distractor": 0.0}, "rc_at_10": {"relevant": 0.0, "distractor": 0.0}, "rc_at_20": {"relevant": 0.0, "distractor": 0.0}, "rc_at_100": {"relevant": 0.0, "distractor": 0.0}, "rc_at_200": {"relevant": 0.0, "distractor": 0.0}, "rc_at_300": {"relevant": 0.0, "distractor": 0.0}, "rc_at_500": {"relevant": 0.0, "distractor": 0.0}, "rc_at_1000": {"relevant": 0.0, "distractor": 0.0}}