{"ndcg_at_1": 0.09231, "ndcg_at_3": 0.08242, "ndcg_at_5": 0.0681, "ndcg_at_10": 0.05922, "ndcg_at_20": 0.06696, "ndcg_at_100": 0.09523, "ndcg_at_200": 0.10829, "ndcg_at_300": 0.11342, "ndcg_at_500": 0.12211, "ndcg_at_1000": 0.13428, "map_at_1": 0.00923, "map_at_3": 0.01615, "map_at_5": 0.01954, "map_at_10": 0.02437, "map_at_20": 0.02638, "map_at_100": 0.03038, "map_at_200": 0.03171, "map_at_300": 0.03199, "map_at_500": 0.03229, "map_at_1000": 0.03261, "recall_at_1": 0.00923, "recall_at_3": 0.02308, "recall_at_5": 0.02923, "recall_at_10": 0.05077, "recall_at_20": 0.06462, "recall_at_100": 0.13692, "recall_at_200": 0.17846, "recall_at_300": 0.19692, "recall_at_500": 0.23077, "recall_at_1000": 0.28308, "precision_at_1": 0.09231, "precision_at_3": 0.07692, "precision_at_5": 0.05846, "precision_at_10": 0.05077, "precision_at_20": 0.03231, "precision_at_100": 0.01369, "precision_at_200": 0.00892, "precision_at_300": 0.00656, "precision_at_500": 0.00462, "precision_at_1000": 0.00283, "mrr_at_1": 0.09231, "mrr_at_3": 0.15128, "mrr_at_5": 0.15513, "mrr_at_10": 0.17019, "mrr_at_20": 0.17284, "mrr_at_100": 0.17768, "mrr_at_200": 0.17824, "mrr_at_300": 0.17843, "mrr_at_500": 0.17855, "mrr_at_1000": 0.17868, "rc_at_1": {"relevant": 0.09231, "distractor": 0.24615}, "rc_at_3": {"relevant": 0.23077, "distractor": 0.75385}, "rc_at_5": {"relevant": 0.29231, "distractor": 1.27692}, "rc_at_10": {"relevant": 0.50769, "distractor": 2.18462}, "rc_at_20": {"relevant": 0.64615, "distractor": 3.8}, "rc_at_100": {"relevant": 1.36923, "distractor": 9.24615}, "rc_at_200": {"relevant": 1.78462, "distractor": 12.73846}, "rc_at_300": {"relevant": 1.96923, "distractor": 15.01538}, "rc_at_500": {"relevant": 2.30769, "distractor": 18.12308}, "rc_at_1000": {"relevant": 2.83077, "distractor": 23.10769}}