{"ndcg_at_1": 0.2, "ndcg_at_3": 0.14912, "ndcg_at_5": 0.12305, "ndcg_at_10": 0.10259, "ndcg_at_20": 0.12042, "ndcg_at_100": 0.17424, "ndcg_at_200": 0.19281, "ndcg_at_300": 0.20216, "ndcg_at_500": 0.21083, "ndcg_at_1000": 0.23121, "map_at_1": 0.02, "map_at_3": 0.03179, "map_at_5": 0.03695, "map_at_10": 0.0455, "map_at_20": 0.05067, "map_at_100": 0.06246, "map_at_200": 0.06424, "map_at_300": 0.06481, "map_at_500": 0.0652, "map_at_1000": 0.0658, "recall_at_1": 0.02, "recall_at_3": 0.04154, "recall_at_5": 0.05231, "recall_at_10": 0.08462, "recall_at_20": 0.11692, "recall_at_100": 0.25077, "recall_at_200": 0.31077, "recall_at_300": 0.34462, "recall_at_500": 0.37846, "recall_at_1000": 0.46615, "precision_at_1": 0.2, "precision_at_3": 0.13846, "precision_at_5": 0.10462, "precision_at_10": 0.08462, "precision_at_20": 0.05846, "precision_at_100": 0.02508, "precision_at_200": 0.01554, "precision_at_300": 0.01149, "precision_at_500": 0.00757, "precision_at_1000": 0.00466, "mrr_at_1": 0.2, "mrr_at_3": 0.25641, "mrr_at_5": 0.26333, "mrr_at_10": 0.27929, "mrr_at_20": 0.28729, "mrr_at_100": 0.29134, "mrr_at_200": 0.29185, "mrr_at_300": 0.2921, "mrr_at_500": 0.29219, "mrr_at_1000": 0.29221, "rc_at_1": {"relevant": 0.2, "distractor": 0.44615}, "rc_at_3": {"relevant": 0.41538, "distractor": 1.38462}, "rc_at_5": {"relevant": 0.52308, "distractor": 2.35385}, "rc_at_10": {"relevant": 0.84615, "distractor": 4.15385}, "rc_at_20": {"relevant": 1.16923, "distractor": 7.33846}, "rc_at_100": {"relevant": 2.50769, "distractor": 19.87692}, "rc_at_200": {"relevant": 3.10769, "distractor": 26.84615}, "rc_at_300": {"relevant": 3.44615, "distractor": 31.15385}, "rc_at_500": {"relevant": 3.78462, "distractor": 37.16923}, "rc_at_1000": {"relevant": 4.66154, "distractor": 45.26154}}