{"ndcg_at_1": 0.44615, "ndcg_at_3": 0.36734, "ndcg_at_5": 0.32745, "ndcg_at_10": 0.26601, "ndcg_at_20": 0.32126, "ndcg_at_100": 0.50557, "ndcg_at_200": 0.55422, "ndcg_at_300": 0.55895, "ndcg_at_500": 0.56053, "ndcg_at_1000": 0.56447, "map_at_1": 0.04462, "map_at_3": 0.09333, "map_at_5": 0.12241, "map_at_10": 0.15627, "map_at_20": 0.18598, "map_at_100": 0.23985, "map_at_200": 0.25067, "map_at_300": 0.25127, "map_at_500": 0.25144, "map_at_1000": 0.25165, "recall_at_1": 0.04462, "recall_at_3": 0.10308, "recall_at_5": 0.14769, "recall_at_10": 0.22462, "recall_at_20": 0.32462, "recall_at_100": 0.80154, "recall_at_200": 0.95385, "recall_at_300": 0.97077, "recall_at_500": 0.97692, "recall_at_1000": 0.99385, "precision_at_1": 0.44615, "precision_at_3": 0.34359, "precision_at_5": 0.29538, "precision_at_10": 0.22462, "precision_at_20": 0.16231, "precision_at_100": 0.08015, "precision_at_200": 0.04769, "precision_at_300": 0.03236, "precision_at_500": 0.01954, "precision_at_1000": 0.00994, "mrr_at_1": 0.44615, "mrr_at_3": 0.50769, "mrr_at_5": 0.52538, "mrr_at_10": 0.53779, "mrr_at_20": 0.54567, "mrr_at_100": 0.54943, "mrr_at_200": 0.54943, "mrr_at_300": 0.54943, "mrr_at_500": 0.54943, "mrr_at_1000": 0.54943, "rc_at_1": {"relevant": 0.44615, "distractor": 0.55385}, "rc_at_3": {"relevant": 1.03077, "distractor": 1.95385}, "rc_at_5": {"relevant": 1.47692, "distractor": 3.50769}, "rc_at_10": {"relevant": 2.24615, "distractor": 7.73846}, "rc_at_20": {"relevant": 3.24615, "distractor": 16.61538}, "rc_at_100": {"relevant": 8.01538, "distractor": 86.50769}, "rc_at_200": {"relevant": 9.53846, "distractor": 97.2}, "rc_at_300": {"relevant": 9.70769, "distractor": 97.92308}, "rc_at_500": {"relevant": 9.76923, "distractor": 98.58462}, "rc_at_1000": {"relevant": 9.93846, "distractor": 99.15385}}