{"ndcg_at_1": 0.00135, "ndcg_at_3": 0.00208, "ndcg_at_5": 0.00255, "ndcg_at_10": 0.00331, "ndcg_at_20": 0.00428, "ndcg_at_100": 0.00688, "ndcg_at_200": 0.00897, "ndcg_at_300": 0.01002, "ndcg_at_500": 0.01177, "ndcg_at_1000": 0.01469, "map_at_1": 0.00068, "map_at_3": 0.00142, "map_at_5": 0.00165, "map_at_10": 0.0019, "map_at_20": 0.00211, "map_at_100": 0.00239, "map_at_200": 0.00248, "map_at_300": 0.00251, "map_at_500": 0.00254, "map_at_1000": 0.00258, "recall_at_1": 0.00068, "recall_at_3": 0.0025, "recall_at_5": 0.00344, "recall_at_10": 0.0054, "recall_at_20": 0.00858, "recall_at_100": 0.02046, "recall_at_200": 0.03268, "recall_at_300": 0.0395, "recall_at_500": 0.05179, "recall_at_1000": 0.07434, "precision_at_1": 0.00135, "precision_at_3": 0.00167, "precision_at_5": 0.00138, "precision_at_10": 0.00108, "precision_at_20": 0.00086, "precision_at_100": 0.00041, "precision_at_200": 0.00033, "precision_at_300": 0.00026, "precision_at_500": 0.00021, "precision_at_1000": 0.00015, "mrr_at_1": 0.00135, "mrr_at_3": 0.00286, "mrr_at_5": 0.0032, "mrr_at_10": 0.00366, "mrr_at_20": 0.00413, "mrr_at_100": 0.00465, "mrr_at_200": 0.00481, "mrr_at_300": 0.00486, "mrr_at_500": 0.00492, "mrr_at_1000": 0.00498, "rc_at_1": {"relevant": 0.0, "distractor": 0.0}, "rc_at_3": {"relevant": 0.0, "distractor": 0.0}, "rc_at_5": {"relevant": 0.0, "distractor": 0.0}, "rc_at_10": {"relevant": 0.0, "distractor": 0.0}, "rc_at_20": {"relevant": 0.0, "distractor": 0.0}, "rc_at_100": {"relevant": 0.0, "distractor": 0.0}, "rc_at_200": {"relevant": 0.0, "distractor": 0.0}, "rc_at_300": {"relevant": 0.0, "distractor": 0.0}, "rc_at_500": {"relevant": 0.0, "distractor": 0.0}, "rc_at_1000": {"relevant": 0.0, "distractor": 0.0}}