{"ndcg_at_1": 0.0, "ndcg_at_3": 0.0, "ndcg_at_5": 0.0, "ndcg_at_10": 0.0, "ndcg_at_20": 0.0, "ndcg_at_100": 0.00219, "ndcg_at_200": 0.00278, "ndcg_at_300": 0.00329, "ndcg_at_500": 0.00421, "ndcg_at_1000": 0.00463, "map_at_1": 0.0, "map_at_3": 0.0, "map_at_5": 0.0, "map_at_10": 0.0, "map_at_20": 0.0, "map_at_100": 0.00016, "map_at_200": 0.00017, "map_at_300": 0.00019, "map_at_500": 0.0002, "map_at_1000": 0.00021, "recall_at_1": 0.0, "recall_at_3": 0.0, "recall_at_5": 0.0, "recall_at_10": 0.0, "recall_at_20": 0.0, "recall_at_100": 0.00545, "recall_at_200": 0.00727, "recall_at_300": 0.00909, "recall_at_500": 0.01273, "recall_at_1000": 0.01455, "precision_at_1": 0.0, "precision_at_3": 0.0, "precision_at_5": 0.0, "precision_at_10": 0.0, "precision_at_20": 0.0, "precision_at_100": 0.00055, "precision_at_200": 0.00036, "precision_at_300": 0.0003, "precision_at_500": 0.00025, "precision_at_1000": 0.00015, "mrr_at_1": 0.0, "mrr_at_3": 0.0, "mrr_at_5": 0.0, "mrr_at_10": 0.0, "mrr_at_20": 0.0, "mrr_at_100": 0.001, "mrr_at_200": 0.00116, "mrr_at_300": 0.00116, "mrr_at_500": 0.00121, "mrr_at_1000": 0.00121, "rc_at_1": {"relevant": 0.0, "distractor": 0.0}, "rc_at_3": {"relevant": 0.0, "distractor": 0.03636}, "rc_at_5": {"relevant": 0.0, "distractor": 0.03636}, "rc_at_10": {"relevant": 0.0, "distractor": 0.03636}, "rc_at_20": {"relevant": 0.0, "distractor": 0.09091}, "rc_at_100": {"relevant": 0.05455, "distractor": 0.18182}, "rc_at_200": {"relevant": 0.07273, "distractor": 0.29091}, "rc_at_300": {"relevant": 0.09091, "distractor": 0.47273}, "rc_at_500": {"relevant": 0.12727, "distractor": 0.67273}, "rc_at_1000": {"relevant": 0.14545, "distractor": 1.14545}}