{"ndcg_at_1": 0.23949, "ndcg_at_3": 0.26693, "ndcg_at_5": 0.28273, "ndcg_at_10": 0.29678, "ndcg_at_20": 0.31119, "ndcg_at_100": 0.3415, "ndcg_at_200": 0.35068, "ndcg_at_300": 0.35559, "ndcg_at_500": 0.36103, "ndcg_at_1000": 0.36768, "map_at_1": 0.19525, "map_at_3": 0.2385, "map_at_5": 0.24997, "map_at_10": 0.25738, "map_at_20": 0.26205, "map_at_100": 0.26694, "map_at_200": 0.26755, "map_at_300": 0.26777, "map_at_500": 0.26794, "map_at_1000": 0.26808, "recall_at_1": 0.19525, "recall_at_3": 0.28354, "recall_at_5": 0.32442, "recall_at_10": 0.36738, "recall_at_20": 0.4199, "recall_at_100": 0.56667, "recall_at_200": 0.62276, "recall_at_300": 0.65549, "recall_at_500": 0.69477, "recall_at_1000": 0.74551, "precision_at_1": 0.23949, "precision_at_3": 0.12633, "precision_at_5": 0.09057, "precision_at_10": 0.05389, "precision_at_20": 0.03236, "precision_at_100": 0.00943, "precision_at_200": 0.00535, "precision_at_300": 0.00384, "precision_at_500": 0.00251, "precision_at_1000": 0.00141, "mrr_at_1": 0.23949, "mrr_at_3": 0.28344, "mrr_at_5": 0.29462, "mrr_at_10": 0.30105, "mrr_at_20": 0.30516, "mrr_at_100": 0.30895, "mrr_at_200": 0.30934, "mrr_at_300": 0.30947, "mrr_at_500": 0.30956, "mrr_at_1000": 0.30962, "rc_at_1": {"relevant": 0.0, "distractor": 0.0}, "rc_at_3": {"relevant": 0.0, "distractor": 0.0}, "rc_at_5": {"relevant": 0.0, "distractor": 0.0}, "rc_at_10": {"relevant": 0.0, "distractor": 0.0}, "rc_at_20": {"relevant": 0.0, "distractor": 0.0}, "rc_at_100": {"relevant": 0.0, "distractor": 0.0}, "rc_at_200": {"relevant": 0.0, "distractor": 0.0}, "rc_at_300": {"relevant": 0.0, "distractor": 0.0}, "rc_at_500": {"relevant": 0.0, "distractor": 0.0}, "rc_at_1000": {"relevant": 0.0, "distractor": 0.0}}