{"ndcg_at_1": 0.03974, "ndcg_at_3": 0.03647, "ndcg_at_5": 0.04005, "ndcg_at_10": 0.04618, "ndcg_at_20": 0.05148, "ndcg_at_100": 0.0654, "ndcg_at_200": 0.07168, "ndcg_at_300": 0.07633, "ndcg_at_500": 0.08128, "ndcg_at_1000": 0.08744, "map_at_1": 0.01713, "map_at_3": 0.02593, "map_at_5": 0.02811, "map_at_10": 0.03042, "map_at_20": 0.03167, "map_at_100": 0.03331, "map_at_200": 0.03363, "map_at_300": 0.03379, "map_at_500": 0.03391, "map_at_1000": 0.03401, "recall_at_1": 0.01713, "recall_at_3": 0.03573, "recall_at_5": 0.04493, "recall_at_10": 0.06025, "recall_at_20": 0.07651, "recall_at_100": 0.13409, "recall_at_200": 0.16709, "recall_at_300": 0.19448, "recall_at_500": 0.22604, "recall_at_1000": 0.26756, "precision_at_1": 0.03974, "precision_at_3": 0.02693, "precision_at_5": 0.02098, "precision_at_10": 0.01388, "precision_at_20": 0.00902, "precision_at_100": 0.00337, "precision_at_200": 0.00215, "precision_at_300": 0.00169, "precision_at_500": 0.00119, "precision_at_1000": 0.00072, "mrr_at_1": 0.03974, "mrr_at_3": 0.05592, "mrr_at_5": 0.06074, "mrr_at_10": 0.0644, "mrr_at_20": 0.06671, "mrr_at_100": 0.0694, "mrr_at_200": 0.06984, "mrr_at_300": 0.07002, "mrr_at_500": 0.07015, "mrr_at_1000": 0.07024, "rc_at_1": {"relevant": 0.0, "distractor": 0.0}, "rc_at_3": {"relevant": 0.0, "distractor": 0.0}, "rc_at_5": {"relevant": 0.0, "distractor": 0.0}, "rc_at_10": {"relevant": 0.0, "distractor": 0.0}, "rc_at_20": {"relevant": 0.0, "distractor": 0.0}, "rc_at_100": {"relevant": 0.0, "distractor": 0.0}, "rc_at_200": {"relevant": 0.0, "distractor": 0.0}, "rc_at_300": {"relevant": 0.0, "distractor": 0.0}, "rc_at_500": {"relevant": 0.0, "distractor": 0.0}, "rc_at_1000": {"relevant": 0.0, "distractor": 0.0}}