{"ndcg_at_1": 0.18531, "ndcg_at_3": 0.22016, "ndcg_at_5": 0.239, "ndcg_at_10": 0.25749, "ndcg_at_20": 0.27573, "ndcg_at_100": 0.30443, "ndcg_at_200": 0.31488, "ndcg_at_300": 0.32055, "ndcg_at_500": 0.32614, "ndcg_at_1000": 0.33392, "map_at_1": 0.17393, "map_at_3": 0.20604, "map_at_5": 0.21671, "map_at_10": 0.22459, "map_at_20": 0.22981, "map_at_100": 0.23399, "map_at_200": 0.23454, "map_at_300": 0.23473, "map_at_500": 0.23488, "map_at_1000": 0.23499, "recall_at_1": 0.17393, "recall_at_3": 0.24587, "recall_at_5": 0.29116, "recall_at_10": 0.34569, "recall_at_20": 0.41519, "recall_at_100": 0.56353, "recall_at_200": 0.63464, "recall_at_300": 0.67781, "recall_at_500": 0.72238, "recall_at_1000": 0.79227, "precision_at_1": 0.18531, "precision_at_3": 0.09002, "precision_at_5": 0.06508, "precision_at_10": 0.03944, "precision_at_20": 0.0239, "precision_at_100": 0.00659, "precision_at_200": 0.00375, "precision_at_300": 0.00267, "precision_at_500": 0.00173, "precision_at_1000": 0.00095, "mrr_at_1": 0.18531, "mrr_at_3": 0.21977, "mrr_at_5": 0.23096, "mrr_at_10": 0.23902, "mrr_at_20": 0.24372, "mrr_at_100": 0.24752, "mrr_at_200": 0.24802, "mrr_at_300": 0.24821, "mrr_at_500": 0.24833, "mrr_at_1000": 0.24843, "rc_at_1": {"relevant": 0.0, "distractor": 0.0}, "rc_at_3": {"relevant": 0.0, "distractor": 0.0}, "rc_at_5": {"relevant": 0.0, "distractor": 0.0}, "rc_at_10": {"relevant": 0.0, "distractor": 0.0}, "rc_at_20": {"relevant": 0.0, "distractor": 0.0}, "rc_at_100": {"relevant": 0.0, "distractor": 0.0}, "rc_at_200": {"relevant": 0.0, "distractor": 0.0}, "rc_at_300": {"relevant": 0.0, "distractor": 0.0}, "rc_at_500": {"relevant": 0.0, "distractor": 0.0}, "rc_at_1000": {"relevant": 0.0, "distractor": 0.0}}