{"ndcg_at_1": 0.4206, "ndcg_at_3": 0.47097, "ndcg_at_5": 0.49893, "ndcg_at_10": 0.52527, "ndcg_at_20": 0.54418, "ndcg_at_100": 0.5766, "ndcg_at_200": 0.58484, "ndcg_at_300": 0.58824, "ndcg_at_500": 0.59106, "ndcg_at_1000": 0.5948, "map_at_1": 0.34374, "map_at_3": 0.42307, "map_at_5": 0.44521, "map_at_10": 0.46087, "map_at_20": 0.46892, "map_at_100": 0.47538, "map_at_200": 0.47613, "map_at_300": 0.47637, "map_at_500": 0.47653, "map_at_1000": 0.47666, "recall_at_1": 0.34374, "recall_at_3": 0.49387, "recall_at_5": 0.56648, "recall_at_10": 0.64507, "recall_at_20": 0.70976, "recall_at_100": 0.85954, "recall_at_200": 0.90853, "recall_at_300": 0.92982, "recall_at_500": 0.94636, "recall_at_1000": 0.97223, "precision_at_1": 0.4206, "precision_at_3": 0.22318, "precision_at_5": 0.16309, "precision_at_10": 0.09914, "precision_at_20": 0.05837, "precision_at_100": 0.01559, "precision_at_200": 0.00856, "precision_at_300": 0.00597, "precision_at_500": 0.00379, "precision_at_1000": 0.00203, "mrr_at_1": 0.4206, "mrr_at_3": 0.49428, "mrr_at_5": 0.51316, "mrr_at_10": 0.52303, "mrr_at_20": 0.52611, "mrr_at_100": 0.52902, "mrr_at_200": 0.5293, "mrr_at_300": 0.52935, "mrr_at_500": 0.52938, "mrr_at_1000": 0.52941, "rc_at_1": {"relevant": 0.0, "distractor": 0.0}, "rc_at_3": {"relevant": 0.0, "distractor": 0.0}, "rc_at_5": {"relevant": 0.0, "distractor": 0.0}, "rc_at_10": {"relevant": 0.0, "distractor": 0.0}, "rc_at_20": {"relevant": 0.0, "distractor": 0.0}, "rc_at_100": {"relevant": 0.0, "distractor": 0.0}, "rc_at_200": {"relevant": 0.0, "distractor": 0.0}, "rc_at_300": {"relevant": 0.0, "distractor": 0.0}, "rc_at_500": {"relevant": 0.0, "distractor": 0.0}, "rc_at_1000": {"relevant": 0.0, "distractor": 0.0}}