{"ndcg_at_1": 0.0238, "ndcg_at_3": 0.03322, "ndcg_at_5": 0.03895, "ndcg_at_10": 0.04824, "ndcg_at_20": 0.05591, "ndcg_at_100": 0.07658, "ndcg_at_200": 0.085, "ndcg_at_300": 0.09107, "ndcg_at_500": 0.0991, "ndcg_at_1000": 0.10814, "map_at_1": 0.02028, "map_at_3": 0.02875, "map_at_5": 0.032, "map_at_10": 0.03581, "map_at_20": 0.03793, "map_at_100": 0.04059, "map_at_200": 0.04103, "map_at_300": 0.04124, "map_at_500": 0.04143, "map_at_1000": 0.04156, "recall_at_1": 0.02028, "recall_at_3": 0.04001, "recall_at_5": 0.05382, "recall_at_10": 0.08173, "recall_at_20": 0.11048, "recall_at_100": 0.21851, "recall_at_200": 0.27477, "recall_at_300": 0.32028, "recall_at_500": 0.38467, "recall_at_1000": 0.46158, "precision_at_1": 0.0238, "precision_at_3": 0.01617, "precision_at_5": 0.01326, "precision_at_10": 0.01018, "precision_at_20": 0.00704, "precision_at_100": 0.00288, "precision_at_200": 0.00184, "precision_at_300": 0.00143, "precision_at_500": 0.00104, "precision_at_1000": 0.00065, "mrr_at_1": 0.0248, "mrr_at_3": 0.03555, "mrr_at_5": 0.03933, "mrr_at_10": 0.04284, "mrr_at_20": 0.04557, "mrr_at_100": 0.04831, "mrr_at_200": 0.04873, "mrr_at_300": 0.04891, "mrr_at_500": 0.0491, "mrr_at_1000": 0.04922, "rc_at_1": {"relevant": 0.0, "distractor": 0.0}, "rc_at_3": {"relevant": 0.0, "distractor": 0.0}, "rc_at_5": {"relevant": 0.0, "distractor": 0.0}, "rc_at_10": {"relevant": 0.0, "distractor": 0.0}, "rc_at_20": {"relevant": 0.0, "distractor": 0.0}, "rc_at_100": {"relevant": 0.0, "distractor": 0.0}, "rc_at_200": {"relevant": 0.0, "distractor": 0.0}, "rc_at_300": {"relevant": 0.0, "distractor": 0.0}, "rc_at_500": {"relevant": 0.0, "distractor": 0.0}, "rc_at_1000": {"relevant": 0.0, "distractor": 0.0}}