{"ndcg_at_1": 0.86514, "ndcg_at_3": 0.88738, "ndcg_at_5": 0.89365, "ndcg_at_10": 0.8968, "ndcg_at_20": 0.89878, "ndcg_at_100": 0.90158, "ndcg_at_200": 0.90229, "ndcg_at_300": 0.90273, "ndcg_at_500": 0.9031, "ndcg_at_1000": 0.90367, "map_at_1": 0.80208, "map_at_3": 0.85957, "map_at_5": 0.86444, "map_at_10": 0.86637, "map_at_20": 0.86714, "map_at_100": 0.86773, "map_at_200": 0.86779, "map_at_300": 0.86781, "map_at_500": 0.86783, "map_at_1000": 0.86784, "recall_at_1": 0.80208, "recall_at_3": 0.91351, "recall_at_5": 0.93087, "recall_at_10": 0.94081, "recall_at_20": 0.94749, "recall_at_100": 0.95963, "recall_at_200": 0.96338, "recall_at_300": 0.9661, "recall_at_500": 0.9685, "recall_at_1000": 0.97255, "precision_at_1": 0.86514, "precision_at_3": 0.33233, "precision_at_5": 0.20405, "precision_at_10": 0.10357, "precision_at_20": 0.05242, "precision_at_100": 0.01075, "precision_at_200": 0.00543, "precision_at_300": 0.00364, "precision_at_500": 0.0022, "precision_at_1000": 0.00111, "mrr_at_1": 0.86514, "mrr_at_3": 0.91394, "mrr_at_5": 0.91743, "mrr_at_10": 0.91824, "mrr_at_20": 0.91843, "mrr_at_100": 0.91852, "mrr_at_200": 0.91852, "mrr_at_300": 0.91852, "mrr_at_500": 0.91852, "mrr_at_1000": 0.91852, "rc_at_1": {"relevant": 0.0, "distractor": 0.0}, "rc_at_3": {"relevant": 0.0, "distractor": 0.0}, "rc_at_5": {"relevant": 0.0, "distractor": 0.0}, "rc_at_10": {"relevant": 0.0, "distractor": 0.0}, "rc_at_20": {"relevant": 0.0, "distractor": 0.0}, "rc_at_100": {"relevant": 0.0, "distractor": 0.0}, "rc_at_200": {"relevant": 0.0, "distractor": 0.0}, "rc_at_300": {"relevant": 0.0, "distractor": 0.0}, "rc_at_500": {"relevant": 0.0, "distractor": 0.0}, "rc_at_1000": {"relevant": 0.0, "distractor": 0.0}}