{"ndcg_at_1": 0.1287, "ndcg_at_3": 0.17813, "ndcg_at_5": 0.19775, "ndcg_at_10": 0.21615, "ndcg_at_20": 0.23116, "ndcg_at_100": 0.26285, "ndcg_at_200": 0.27365, "ndcg_at_300": 0.27948, "ndcg_at_500": 0.28541, "ndcg_at_1000": 0.29296, "map_at_1": 0.10718, "map_at_3": 0.15427, "map_at_5": 0.16622, "map_at_10": 0.17454, "map_at_20": 0.17896, "map_at_100": 0.18354, "map_at_200": 0.18418, "map_at_300": 0.1844, "map_at_500": 0.18456, "map_at_1000": 0.18469, "recall_at_1": 0.10718, "recall_at_3": 0.21124, "recall_at_5": 0.25964, "recall_at_10": 0.31429, "recall_at_20": 0.3691, "recall_at_100": 0.52945, "recall_at_200": 0.59895, "recall_at_300": 0.64055, "recall_at_500": 0.68525, "recall_at_1000": 0.74865, "precision_at_1": 0.1287, "precision_at_3": 0.08809, "precision_at_5": 0.06655, "precision_at_10": 0.0414, "precision_at_20": 0.02515, "precision_at_100": 0.00746, "precision_at_200": 0.00431, "precision_at_300": 0.00311, "precision_at_500": 0.00204, "precision_at_1000": 0.00114, "mrr_at_1": 0.1287, "mrr_at_3": 0.18175, "mrr_at_5": 0.19409, "mrr_at_10": 0.20185, "mrr_at_20": 0.20601, "mrr_at_100": 0.2101, "mrr_at_200": 0.21062, "mrr_at_300": 0.21078, "mrr_at_500": 0.21088, "mrr_at_1000": 0.21097, "rc_at_1": {"relevant": 0.0, "distractor": 0.0}, "rc_at_3": {"relevant": 0.0, "distractor": 0.0}, "rc_at_5": {"relevant": 0.0, "distractor": 0.0}, "rc_at_10": {"relevant": 0.0, "distractor": 0.0}, "rc_at_20": {"relevant": 0.0, "distractor": 0.0}, "rc_at_100": {"relevant": 0.0, "distractor": 0.0}, "rc_at_200": {"relevant": 0.0, "distractor": 0.0}, "rc_at_300": {"relevant": 0.0, "distractor": 0.0}, "rc_at_500": {"relevant": 0.0, "distractor": 0.0}, "rc_at_1000": {"relevant": 0.0, "distractor": 0.0}}