{"ndcg_at_1": 0.19776, "ndcg_at_3": 0.23684, "ndcg_at_5": 0.25535, "ndcg_at_10": 0.28107, "ndcg_at_20": 0.3046, "ndcg_at_100": 0.34294, "ndcg_at_200": 0.35458, "ndcg_at_300": 0.36025, "ndcg_at_500": 0.36561, "ndcg_at_1000": 0.37111, "map_at_1": 0.16063, "map_at_3": 0.20904, "map_at_5": 0.22107, "map_at_10": 0.23255, "map_at_20": 0.23957, "map_at_100": 0.24579, "map_at_200": 0.24651, "map_at_300": 0.24674, "map_at_500": 0.2469, "map_at_1000": 0.24701, "recall_at_1": 0.16063, "recall_at_3": 0.26212, "recall_at_5": 0.31154, "recall_at_10": 0.38935, "recall_at_20": 0.47385, "recall_at_100": 0.6567, "recall_at_200": 0.73068, "recall_at_300": 0.77064, "recall_at_500": 0.81045, "recall_at_1000": 0.85527, "precision_at_1": 0.19776, "precision_at_3": 0.11609, "precision_at_5": 0.08308, "precision_at_10": 0.05174, "precision_at_20": 0.0324, "precision_at_100": 0.00955, "precision_at_200": 0.00542, "precision_at_300": 0.00384, "precision_at_500": 0.00246, "precision_at_1000": 0.00132, "mrr_at_1": 0.19776, "mrr_at_3": 0.25332, "mrr_at_5": 0.26526, "mrr_at_10": 0.27641, "mrr_at_20": 0.28246, "mrr_at_100": 0.28702, "mrr_at_200": 0.28751, "mrr_at_300": 0.28764, "mrr_at_500": 0.28772, "mrr_at_1000": 0.28777, "rc_at_1": {"relevant": 0.0, "distractor": 0.0}, "rc_at_3": {"relevant": 0.0, "distractor": 0.0}, "rc_at_5": {"relevant": 0.0, "distractor": 0.0}, "rc_at_10": {"relevant": 0.0, "distractor": 0.0}, "rc_at_20": {"relevant": 0.0, "distractor": 0.0}, "rc_at_100": {"relevant": 0.0, "distractor": 0.0}, "rc_at_200": {"relevant": 0.0, "distractor": 0.0}, "rc_at_300": {"relevant": 0.0, "distractor": 0.0}, "rc_at_500": {"relevant": 0.0, "distractor": 0.0}, "rc_at_1000": {"relevant": 0.0, "distractor": 0.0}}