{"ndcg_at_1": 0.32609, "ndcg_at_3": 0.37788, "ndcg_at_5": 0.39897, "ndcg_at_10": 0.42492, "ndcg_at_20": 0.44949, "ndcg_at_100": 0.48427, "ndcg_at_200": 0.49403, "ndcg_at_300": 0.49796, "ndcg_at_500": 0.50246, "ndcg_at_1000": 0.50728, "map_at_1": 0.27414, "map_at_3": 0.33536, "map_at_5": 0.35182, "map_at_10": 0.36625, "map_at_20": 0.37591, "map_at_100": 0.38353, "map_at_200": 0.38474, "map_at_300": 0.38518, "map_at_500": 0.38556, "map_at_1000": 0.38578, "recall_at_1": 0.27414, "recall_at_3": 0.39908, "recall_at_5": 0.45839, "recall_at_10": 0.53295, "recall_at_20": 0.6246, "recall_at_100": 0.79171, "recall_at_200": 0.84676, "recall_at_300": 0.86857, "recall_at_500": 0.89735, "recall_at_1000": 0.93205, "precision_at_1": 0.32609, "precision_at_3": 0.17589, "precision_at_5": 0.12569, "precision_at_10": 0.08043, "precision_at_20": 0.05148, "precision_at_100": 0.01555, "precision_at_200": 0.0093, "precision_at_300": 0.00681, "precision_at_500": 0.00452, "precision_at_1000": 0.00245, "mrr_at_1": 0.32609, "mrr_at_3": 0.38867, "mrr_at_5": 0.40339, "mrr_at_10": 0.41364, "mrr_at_20": 0.41962, "mrr_at_100": 0.42362, "mrr_at_200": 0.42394, "mrr_at_300": 0.42402, "mrr_at_500": 0.42407, "mrr_at_1000": 0.42412, "rc_at_1": {"relevant": 0.0, "distractor": 0.0}, "rc_at_3": {"relevant": 0.0, "distractor": 0.0}, "rc_at_5": {"relevant": 0.0, "distractor": 0.0}, "rc_at_10": {"relevant": 0.0, "distractor": 0.0}, "rc_at_20": {"relevant": 0.0, "distractor": 0.0}, "rc_at_100": {"relevant": 0.0, "distractor": 0.0}, "rc_at_200": {"relevant": 0.0, "distractor": 0.0}, "rc_at_300": {"relevant": 0.0, "distractor": 0.0}, "rc_at_500": {"relevant": 0.0, "distractor": 0.0}, "rc_at_1000": {"relevant": 0.0, "distractor": 0.0}}