{"ndcg_at_1": 0.0, "ndcg_at_3": 0.00965, "ndcg_at_5": 0.01202, "ndcg_at_10": 0.0078, "ndcg_at_20": 0.00962, "ndcg_at_100": 0.01215, "ndcg_at_200": 0.0138, "ndcg_at_300": 0.0148, "ndcg_at_500": 0.01858, "ndcg_at_1000": 0.02561, "map_at_1": 0.0, "map_at_3": 0.00152, "map_at_5": 0.0027, "map_at_10": 0.0027, "map_at_20": 0.00288, "map_at_100": 0.00315, "map_at_200": 0.0032, "map_at_300": 0.00322, "map_at_500": 0.00335, "map_at_1000": 0.00341, "recall_at_1": 0.0, "recall_at_3": 0.00364, "recall_at_5": 0.00727, "recall_at_10": 0.00727, "recall_at_20": 0.01091, "recall_at_100": 0.01636, "recall_at_200": 0.02182, "recall_at_300": 0.02545, "recall_at_500": 0.04, "recall_at_1000": 0.07091, "precision_at_1": 0.0, "precision_at_3": 0.01212, "precision_at_5": 0.01455, "precision_at_10": 0.00727, "precision_at_20": 0.00545, "precision_at_100": 0.00164, "precision_at_200": 0.00109, "precision_at_300": 0.00085, "precision_at_500": 0.0008, "precision_at_1000": 0.00071, "mrr_at_1": 0.03636, "mrr_at_3": 0.04545, "mrr_at_5": 0.04909, "mrr_at_10": 0.05169, "mrr_at_20": 0.0545, "mrr_at_100": 0.05532, "mrr_at_200": 0.05555, "mrr_at_300": 0.05555, "mrr_at_500": 0.05575, "mrr_at_1000": 0.05592, "rc_at_1": {"relevant": 0.03636, "distractor": 0.0}, "rc_at_3": {"relevant": 0.07273, "distractor": 0.07273}, "rc_at_5": {"relevant": 0.09091, "distractor": 0.07273}, "rc_at_10": {"relevant": 0.10909, "distractor": 0.18182}, "rc_at_20": {"relevant": 0.16364, "distractor": 0.34545}, "rc_at_100": {"relevant": 0.21818, "distractor": 0.94545}, "rc_at_200": {"relevant": 0.38182, "distractor": 1.41818}, "rc_at_300": {"relevant": 0.38182, "distractor": 1.76364}, "rc_at_500": {"relevant": 0.47273, "distractor": 2.36364}, "rc_at_1000": {"relevant": 0.70909, "distractor": 3.4}}