{"ndcg_at_1": 0.23051, "ndcg_at_3": 0.28932, "ndcg_at_5": 0.31496, "ndcg_at_10": 0.34235, "ndcg_at_20": 0.37013, "ndcg_at_100": 0.40085, "ndcg_at_200": 0.41153, "ndcg_at_300": 0.41559, "ndcg_at_500": 0.41955, "ndcg_at_1000": 0.42395, "map_at_1": 0.21385, "map_at_3": 0.26695, "map_at_5": 0.28212, "map_at_10": 0.29339, "map_at_20": 0.30148, "map_at_100": 0.30594, "map_at_200": 0.30659, "map_at_300": 0.30673, "map_at_500": 0.30684, "map_at_1000": 0.30691, "recall_at_1": 0.21385, "recall_at_3": 0.33319, "recall_at_5": 0.39432, "recall_at_10": 0.47634, "recall_at_20": 0.58222, "recall_at_100": 0.73972, "recall_at_200": 0.81055, "recall_at_300": 0.84103, "recall_at_500": 0.87277, "recall_at_1000": 0.91204, "precision_at_1": 0.23051, "precision_at_3": 0.12316, "precision_at_5": 0.08881, "precision_at_10": 0.05458, "precision_at_20": 0.03345, "precision_at_100": 0.00877, "precision_at_200": 0.00488, "precision_at_300": 0.00339, "precision_at_500": 0.00212, "precision_at_1000": 0.00111, "mrr_at_1": 0.22938, "mrr_at_3": 0.28493, "mrr_at_5": 0.29736, "mrr_at_10": 0.31087, "mrr_at_20": 0.31829, "mrr_at_100": 0.32189, "mrr_at_200": 0.32235, "mrr_at_300": 0.32249, "mrr_at_500": 0.32256, "mrr_at_1000": 0.3226, "rc_at_1": {"relevant": 0.0, "distractor": 0.0}, "rc_at_3": {"relevant": 0.0, "distractor": 0.0}, "rc_at_5": {"relevant": 0.0, "distractor": 0.0}, "rc_at_10": {"relevant": 0.0, "distractor": 0.0}, "rc_at_20": {"relevant": 0.0, "distractor": 0.0}, "rc_at_100": {"relevant": 0.0, "distractor": 0.0}, "rc_at_200": {"relevant": 0.0, "distractor": 0.0}, "rc_at_300": {"relevant": 0.0, "distractor": 0.0}, "rc_at_500": {"relevant": 0.0, "distractor": 0.0}, "rc_at_1000": {"relevant": 0.0, "distractor": 0.0}}