{"ndcg_at_1": 0.01824, "ndcg_at_3": 0.02443, "ndcg_at_5": 0.02789, "ndcg_at_10": 0.03262, "ndcg_at_20": 0.03797, "ndcg_at_100": 0.05074, "ndcg_at_200": 0.05847, "ndcg_at_300": 0.06303, "ndcg_at_500": 0.06876, "ndcg_at_1000": 0.07755, "map_at_1": 0.01421, "map_at_3": 0.02088, "map_at_5": 0.02284, "map_at_10": 0.02479, "map_at_20": 0.02619, "map_at_100": 0.02778, "map_at_200": 0.02818, "map_at_300": 0.02833, "map_at_500": 0.02846, "map_at_1000": 0.02858, "recall_at_1": 0.01421, "recall_at_3": 0.02843, "recall_at_5": 0.03701, "recall_at_10": 0.05093, "recall_at_20": 0.07089, "recall_at_100": 0.13682, "recall_at_200": 0.18846, "recall_at_300": 0.22186, "recall_at_500": 0.26705, "recall_at_1000": 0.34242, "precision_at_1": 0.01824, "precision_at_3": 0.01239, "precision_at_5": 0.00977, "precision_at_10": 0.00685, "precision_at_20": 0.0048, "precision_at_100": 0.00194, "precision_at_200": 0.00135, "precision_at_300": 0.00107, "precision_at_500": 0.00078, "precision_at_1000": 0.00051, "mrr_at_1": 0.01893, "mrr_at_3": 0.02719, "mrr_at_5": 0.02887, "mrr_at_10": 0.03117, "mrr_at_20": 0.03261, "mrr_at_100": 0.03459, "mrr_at_200": 0.03497, "mrr_at_300": 0.03512, "mrr_at_500": 0.03528, "mrr_at_1000": 0.0354, "rc_at_1": {"relevant": 0.0, "distractor": 0.0}, "rc_at_3": {"relevant": 0.0, "distractor": 0.0}, "rc_at_5": {"relevant": 0.0, "distractor": 0.0}, "rc_at_10": {"relevant": 0.0, "distractor": 0.0}, "rc_at_20": {"relevant": 0.0, "distractor": 0.0}, "rc_at_100": {"relevant": 0.0, "distractor": 0.0}, "rc_at_200": {"relevant": 0.0, "distractor": 0.0}, "rc_at_300": {"relevant": 0.0, "distractor": 0.0}, "rc_at_500": {"relevant": 0.0, "distractor": 0.0}, "rc_at_1000": {"relevant": 0.0, "distractor": 0.0}}