{"ndcg_at_1": 0.8085, "ndcg_at_3": 0.85377, "ndcg_at_5": 0.86917, "ndcg_at_10": 0.88172, "ndcg_at_20": 0.88841, "ndcg_at_100": 0.89379, "ndcg_at_200": 0.89441, "ndcg_at_300": 0.89467, "ndcg_at_500": 0.89474, "ndcg_at_1000": 0.89481, "map_at_1": 0.70291, "map_at_3": 0.81466, "map_at_5": 0.83317, "map_at_10": 0.84405, "map_at_20": 0.84822, "map_at_100": 0.85034, "map_at_200": 0.85046, "map_at_300": 0.85049, "map_at_500": 0.8505, "map_at_1000": 0.85051, "recall_at_1": 0.70291, "recall_at_3": 0.87346, "recall_at_5": 0.91727, "recall_at_10": 0.95428, "recall_at_20": 0.97573, "recall_at_100": 0.99525, "recall_at_200": 0.99785, "recall_at_300": 0.99897, "recall_at_500": 0.99919, "recall_at_1000": 0.99957, "precision_at_1": 0.8085, "precision_at_3": 0.37407, "precision_at_5": 0.24596, "precision_at_10": 0.13396, "precision_at_20": 0.07109, "precision_at_100": 0.01527, "precision_at_200": 0.00773, "precision_at_300": 0.00519, "precision_at_500": 0.00312, "precision_at_1000": 0.00157, "mrr_at_1": 0.8084, "mrr_at_3": 0.8633, "mrr_at_5": 0.86963, "mrr_at_10": 0.87251, "mrr_at_20": 0.87337, "mrr_at_100": 0.8736, "mrr_at_200": 0.87361, "mrr_at_300": 0.87361, "mrr_at_500": 0.87361, "mrr_at_1000": 0.87361, "rc_at_1": {"relevant": 0.0, "distractor": 0.0}, "rc_at_3": {"relevant": 0.0, "distractor": 0.0}, "rc_at_5": {"relevant": 0.0, "distractor": 0.0}, "rc_at_10": {"relevant": 0.0, "distractor": 0.0}, "rc_at_20": {"relevant": 0.0, "distractor": 0.0}, "rc_at_100": {"relevant": 0.0, "distractor": 0.0}, "rc_at_200": {"relevant": 0.0, "distractor": 0.0}, "rc_at_300": {"relevant": 0.0, "distractor": 0.0}, "rc_at_500": {"relevant": 0.0, "distractor": 0.0}, "rc_at_1000": {"relevant": 0.0, "distractor": 0.0}}