{"ndcg_at_1": 0.29231, "ndcg_at_3": 0.27787, "ndcg_at_5": 0.25426, "ndcg_at_10": 0.2121, "ndcg_at_20": 0.25728, "ndcg_at_100": 0.43382, "ndcg_at_200": 0.48228, "ndcg_at_300": 0.48823, "ndcg_at_500": 0.49459, "ndcg_at_1000": 0.50149, "map_at_1": 0.02923, "map_at_3": 0.06385, "map_at_5": 0.08415, "map_at_10": 0.10996, "map_at_20": 0.12729, "map_at_100": 0.17907, "map_at_200": 0.18819, "map_at_300": 0.18891, "map_at_500": 0.18948, "map_at_1000": 0.18985, "recall_at_1": 0.02923, "recall_at_3": 0.08154, "recall_at_5": 0.12, "recall_at_10": 0.18769, "recall_at_20": 0.26769, "recall_at_100": 0.71538, "recall_at_200": 0.87077, "recall_at_300": 0.89231, "recall_at_500": 0.91692, "recall_at_1000": 0.94615, "precision_at_1": 0.29231, "precision_at_3": 0.27179, "precision_at_5": 0.24, "precision_at_10": 0.18769, "precision_at_20": 0.13385, "precision_at_100": 0.07154, "precision_at_200": 0.04354, "precision_at_300": 0.02974, "precision_at_500": 0.01834, "precision_at_1000": 0.00946, "mrr_at_1": 0.29231, "mrr_at_3": 0.41282, "mrr_at_5": 0.43051, "mrr_at_10": 0.44237, "mrr_at_20": 0.45246, "mrr_at_100": 0.45689, "mrr_at_200": 0.45689, "mrr_at_300": 0.45689, "mrr_at_500": 0.45689, "mrr_at_1000": 0.45689, "rc_at_1": {"relevant": 0.29231, "distractor": 0.70769}, "rc_at_3": {"relevant": 0.81538, "distractor": 2.15385}, "rc_at_5": {"relevant": 1.2, "distractor": 3.70769}, "rc_at_10": {"relevant": 1.89231, "distractor": 7.90769}, "rc_at_20": {"relevant": 2.67692, "distractor": 16.78462}, "rc_at_100": {"relevant": 7.15385, "distractor": 72.12308}, "rc_at_200": {"relevant": 8.70769, "distractor": 85.09231}, "rc_at_300": {"relevant": 8.92308, "distractor": 88.72308}, "rc_at_500": {"relevant": 9.16923, "distractor": 91.33846}, "rc_at_1000": {"relevant": 9.46154, "distractor": 94.29231}}