{"ndcg_at_1": 0.67207, "ndcg_at_3": 0.74, "ndcg_at_5": 0.75771, "ndcg_at_10": 0.76994, "ndcg_at_20": 0.77668, "ndcg_at_100": 0.78522, "ndcg_at_200": 0.78703, "ndcg_at_300": 0.7878, "ndcg_at_500": 0.78862, "ndcg_at_1000": 0.78957, "map_at_1": 0.62306, "map_at_3": 0.70517, "map_at_5": 0.71667, "map_at_10": 0.72243, "map_at_20": 0.72456, "map_at_100": 0.72597, "map_at_200": 0.72609, "map_at_300": 0.72613, "map_at_500": 0.72615, "map_at_1000": 0.72617, "recall_at_1": 0.62306, "recall_at_3": 0.79513, "recall_at_5": 0.83906, "recall_at_10": 0.87574, "recall_at_20": 0.90051, "recall_at_100": 0.94221, "recall_at_200": 0.95372, "recall_at_300": 0.95887, "recall_at_500": 0.96483, "recall_at_1000": 0.97232, "precision_at_1": 0.67207, "precision_at_3": 0.28898, "precision_at_5": 0.1841, "precision_at_10": 0.09665, "precision_at_20": 0.04996, "precision_at_100": 0.01061, "precision_at_200": 0.0054, "precision_at_300": 0.00363, "precision_at_500": 0.0022, "precision_at_1000": 0.00112, "mrr_at_1": 0.67207, "mrr_at_3": 0.75, "mrr_at_5": 0.75906, "mrr_at_10": 0.76376, "mrr_at_20": 0.76533, "mrr_at_100": 0.76628, "mrr_at_200": 0.76633, "mrr_at_300": 0.76635, "mrr_at_500": 0.76636, "mrr_at_1000": 0.76636, "rc_at_1": {"relevant": 0.0, "distractor": 0.0}, "rc_at_3": {"relevant": 0.0, "distractor": 0.0}, "rc_at_5": {"relevant": 0.0, "distractor": 0.0}, "rc_at_10": {"relevant": 0.0, "distractor": 0.0}, "rc_at_20": {"relevant": 0.0, "distractor": 0.0}, "rc_at_100": {"relevant": 0.0, "distractor": 0.0}, "rc_at_200": {"relevant": 0.0, "distractor": 0.0}, "rc_at_300": {"relevant": 0.0, "distractor": 0.0}, "rc_at_500": {"relevant": 0.0, "distractor": 0.0}, "rc_at_1000": {"relevant": 0.0, "distractor": 0.0}}