{"ndcg_at_1": 0.13846, "ndcg_at_3": 0.12669, "ndcg_at_5": 0.12972, "ndcg_at_10": 0.1137, "ndcg_at_20": 0.14694, "ndcg_at_100": 0.22426, "ndcg_at_200": 0.26131, "ndcg_at_300": 0.27627, "ndcg_at_500": 0.29473, "ndcg_at_1000": 0.32114, "map_at_1": 0.01385, "map_at_3": 0.02821, "map_at_5": 0.03705, "map_at_10": 0.04908, "map_at_20": 0.06116, "map_at_100": 0.0775, "map_at_200": 0.0821, "map_at_300": 0.08332, "map_at_500": 0.08448, "map_at_1000": 0.08559, "recall_at_1": 0.01385, "recall_at_3": 0.03692, "recall_at_5": 0.06462, "recall_at_10": 0.10615, "recall_at_20": 0.16615, "recall_at_100": 0.36154, "recall_at_200": 0.48154, "recall_at_300": 0.53538, "recall_at_500": 0.60769, "recall_at_1000": 0.72154, "precision_at_1": 0.13846, "precision_at_3": 0.12308, "precision_at_5": 0.12923, "precision_at_10": 0.10615, "precision_at_20": 0.08308, "precision_at_100": 0.03615, "precision_at_200": 0.02408, "precision_at_300": 0.01785, "precision_at_500": 0.01215, "precision_at_1000": 0.00722, "mrr_at_1": 0.13846, "mrr_at_3": 0.21282, "mrr_at_5": 0.24282, "mrr_at_10": 0.26254, "mrr_at_20": 0.27176, "mrr_at_100": 0.27661, "mrr_at_200": 0.27707, "mrr_at_300": 0.27707, "mrr_at_500": 0.27707, "mrr_at_1000": 0.27707, "rc_at_1": {"relevant": 0.13846, "distractor": 0.58462}, "rc_at_3": {"relevant": 0.41538, "distractor": 1.73846}, "rc_at_5": {"relevant": 0.66154, "distractor": 2.78462}, "rc_at_10": {"relevant": 1.07692, "distractor": 5.30769}, "rc_at_20": {"relevant": 1.69231, "distractor": 9.87692}, "rc_at_100": {"relevant": 3.63077, "distractor": 30.16923}, "rc_at_200": {"relevant": 4.81538, "distractor": 40.12308}, "rc_at_300": {"relevant": 5.38462, "distractor": 45.89231}, "rc_at_500": {"relevant": 6.13846, "distractor": 53.06154}, "rc_at_1000": {"relevant": 7.23077, "distractor": 62.55385}}