{"ndcg_at_1": 0.36481, "ndcg_at_3": 0.42392, "ndcg_at_5": 0.44636, "ndcg_at_10": 0.4738, "ndcg_at_20": 0.49408, "ndcg_at_100": 0.52452, "ndcg_at_200": 0.53477, "ndcg_at_300": 0.53875, "ndcg_at_500": 0.5425, "ndcg_at_1000": 0.54624, "map_at_1": 0.29759, "map_at_3": 0.37448, "map_at_5": 0.39312, "map_at_10": 0.40855, "map_at_20": 0.41669, "map_at_100": 0.42279, "map_at_200": 0.4236, "map_at_300": 0.42381, "map_at_500": 0.42399, "map_at_1000": 0.4241, "recall_at_1": 0.29759, "recall_at_3": 0.45437, "recall_at_5": 0.51559, "recall_at_10": 0.59678, "recall_at_20": 0.668, "recall_at_100": 0.80933, "recall_at_200": 0.87184, "recall_at_300": 0.89844, "recall_at_500": 0.92354, "recall_at_1000": 0.94991, "precision_at_1": 0.36481, "precision_at_3": 0.20505, "precision_at_5": 0.14793, "precision_at_10": 0.09156, "precision_at_20": 0.05443, "precision_at_100": 0.01429, "precision_at_200": 0.008, "precision_at_300": 0.0056, "precision_at_500": 0.00357, "precision_at_1000": 0.0019, "mrr_at_1": 0.36481, "mrr_at_3": 0.44254, "mrr_at_5": 0.45763, "mrr_at_10": 0.46899, "mrr_at_20": 0.47268, "mrr_at_100": 0.47579, "mrr_at_200": 0.47616, "mrr_at_300": 0.47625, "mrr_at_500": 0.4763, "mrr_at_1000": 0.47632, "rc_at_1": {"relevant": 0.0, "distractor": 0.0}, "rc_at_3": {"relevant": 0.0, "distractor": 0.0}, "rc_at_5": {"relevant": 0.0, "distractor": 0.0}, "rc_at_10": {"relevant": 0.0, "distractor": 0.0}, "rc_at_20": {"relevant": 0.0, "distractor": 0.0}, "rc_at_100": {"relevant": 0.0, "distractor": 0.0}, "rc_at_200": {"relevant": 0.0, "distractor": 0.0}, "rc_at_300": {"relevant": 0.0, "distractor": 0.0}, "rc_at_500": {"relevant": 0.0, "distractor": 0.0}, "rc_at_1000": {"relevant": 0.0, "distractor": 0.0}}