{"ndcg_at_1": 0.11911, "ndcg_at_3": 0.13402, "ndcg_at_5": 0.14315, "ndcg_at_10": 0.15486, "ndcg_at_20": 0.1652, "ndcg_at_100": 0.19132, "ndcg_at_200": 0.20136, "ndcg_at_300": 0.2057, "ndcg_at_500": 0.21247, "ndcg_at_1000": 0.22121, "map_at_1": 0.0959, "map_at_3": 0.11834, "map_at_5": 0.1244, "map_at_10": 0.12993, "map_at_20": 0.13297, "map_at_100": 0.1366, "map_at_200": 0.13721, "map_at_300": 0.13739, "map_at_500": 0.13757, "map_at_1000": 0.13772, "recall_at_1": 0.0959, "recall_at_3": 0.14255, "recall_at_5": 0.16726, "recall_at_10": 0.20255, "recall_at_20": 0.24279, "recall_at_100": 0.37381, "recall_at_200": 0.43651, "recall_at_300": 0.46485, "recall_at_500": 0.51456, "recall_at_1000": 0.58624, "precision_at_1": 0.11911, "precision_at_3": 0.06369, "precision_at_5": 0.04611, "precision_at_10": 0.02917, "precision_at_20": 0.01771, "precision_at_100": 0.00596, "precision_at_200": 0.00361, "precision_at_300": 0.00264, "precision_at_500": 0.00181, "precision_at_1000": 0.00106, "mrr_at_1": 0.11911, "mrr_at_3": 0.14469, "mrr_at_5": 0.15087, "mrr_at_10": 0.1567, "mrr_at_20": 0.15984, "mrr_at_100": 0.16334, "mrr_at_200": 0.16384, "mrr_at_300": 0.16398, "mrr_at_500": 0.16412, "mrr_at_1000": 0.16423, "rc_at_1": {"relevant": 0.0, "distractor": 0.0}, "rc_at_3": {"relevant": 0.0, "distractor": 0.0}, "rc_at_5": {"relevant": 0.0, "distractor": 0.0}, "rc_at_10": {"relevant": 0.0, "distractor": 0.0}, "rc_at_20": {"relevant": 0.0, "distractor": 0.0}, "rc_at_100": {"relevant": 0.0, "distractor": 0.0}, "rc_at_200": {"relevant": 0.0, "distractor": 0.0}, "rc_at_300": {"relevant": 0.0, "distractor": 0.0}, "rc_at_500": {"relevant": 0.0, "distractor": 0.0}, "rc_at_1000": {"relevant": 0.0, "distractor": 0.0}}