{"ndcg_at_1": 0.58551, "ndcg_at_3": 0.62947, "ndcg_at_5": 0.6425, "ndcg_at_10": 0.65508, "ndcg_at_20": 0.66514, "ndcg_at_100": 0.6818, "ndcg_at_200": 0.68651, "ndcg_at_300": 0.68813, "ndcg_at_500": 0.68993, "ndcg_at_1000": 0.69177, "map_at_1": 0.54165, "map_at_3": 0.60157, "map_at_5": 0.60982, "map_at_10": 0.61548, "map_at_20": 0.61846, "map_at_100": 0.62087, "map_at_200": 0.62114, "map_at_300": 0.62121, "map_at_500": 0.62126, "map_at_1000": 0.62129, "recall_at_1": 0.54165, "recall_at_3": 0.66804, "recall_at_5": 0.70161, "recall_at_10": 0.73995, "recall_at_20": 0.77791, "recall_at_100": 0.86385, "recall_at_200": 0.89554, "recall_at_300": 0.90748, "recall_at_500": 0.92155, "recall_at_1000": 0.93703, "precision_at_1": 0.58551, "precision_at_3": 0.24272, "precision_at_5": 0.15332, "precision_at_10": 0.08125, "precision_at_20": 0.0429, "precision_at_100": 0.00965, "precision_at_200": 0.00503, "precision_at_300": 0.00341, "precision_at_500": 0.00209, "precision_at_1000": 0.00107, "mrr_at_1": 0.58551, "mrr_at_3": 0.64261, "mrr_at_5": 0.6503, "mrr_at_10": 0.65546, "mrr_at_20": 0.65812, "mrr_at_100": 0.66029, "mrr_at_200": 0.66049, "mrr_at_300": 0.66054, "mrr_at_500": 0.66057, "mrr_at_1000": 0.66058, "rc_at_1": {"relevant": 0.0, "distractor": 0.0}, "rc_at_3": {"relevant": 0.0, "distractor": 0.0}, "rc_at_5": {"relevant": 0.0, "distractor": 0.0}, "rc_at_10": {"relevant": 0.0, "distractor": 0.0}, "rc_at_20": {"relevant": 0.0, "distractor": 0.0}, "rc_at_100": {"relevant": 0.0, "distractor": 0.0}, "rc_at_200": {"relevant": 0.0, "distractor": 0.0}, "rc_at_300": {"relevant": 0.0, "distractor": 0.0}, "rc_at_500": {"relevant": 0.0, "distractor": 0.0}, "rc_at_1000": {"relevant": 0.0, "distractor": 0.0}}