{"ndcg_at_1": 0.25179, "ndcg_at_3": 0.29751, "ndcg_at_5": 0.32696, "ndcg_at_10": 0.35797, "ndcg_at_20": 0.38305, "ndcg_at_100": 0.4209, "ndcg_at_200": 0.43331, "ndcg_at_300": 0.43758, "ndcg_at_500": 0.44241, "ndcg_at_1000": 0.44658, "map_at_1": 0.20699, "map_at_3": 0.26194, "map_at_5": 0.28206, "map_at_10": 0.29742, "map_at_20": 0.30562, "map_at_100": 0.31222, "map_at_200": 0.31313, "map_at_300": 0.31335, "map_at_500": 0.31353, "map_at_1000": 0.31364, "recall_at_1": 0.20699, "recall_at_3": 0.32134, "recall_at_5": 0.39817, "recall_at_10": 0.48946, "recall_at_20": 0.57748, "recall_at_100": 0.75593, "recall_at_200": 0.8307, "recall_at_300": 0.85888, "recall_at_500": 0.89192, "recall_at_1000": 0.92144, "precision_at_1": 0.25179, "precision_at_3": 0.14163, "precision_at_5": 0.10844, "precision_at_10": 0.0711, "precision_at_20": 0.04435, "precision_at_100": 0.0126, "precision_at_200": 0.00719, "precision_at_300": 0.00505, "precision_at_500": 0.00325, "precision_at_1000": 0.00176, "mrr_at_1": 0.25179, "mrr_at_3": 0.3133, "mrr_at_5": 0.3324, "mrr_at_10": 0.34705, "mrr_at_20": 0.35335, "mrr_at_100": 0.35738, "mrr_at_200": 0.35781, "mrr_at_300": 0.3579, "mrr_at_500": 0.35796, "mrr_at_1000": 0.35799, "rc_at_1": {"relevant": 0.0, "distractor": 0.0}, "rc_at_3": {"relevant": 0.0, "distractor": 0.0}, "rc_at_5": {"relevant": 0.0, "distractor": 0.0}, "rc_at_10": {"relevant": 0.0, "distractor": 0.0}, "rc_at_20": {"relevant": 0.0, "distractor": 0.0}, "rc_at_100": {"relevant": 0.0, "distractor": 0.0}, "rc_at_200": {"relevant": 0.0, "distractor": 0.0}, "rc_at_300": {"relevant": 0.0, "distractor": 0.0}, "rc_at_500": {"relevant": 0.0, "distractor": 0.0}, "rc_at_1000": {"relevant": 0.0, "distractor": 0.0}}