{"ndcg_at_1": 0.18379, "ndcg_at_3": 0.24988, "ndcg_at_5": 0.27865, "ndcg_at_10": 0.31396, "ndcg_at_20": 0.33705, "ndcg_at_100": 0.37767, "ndcg_at_200": 0.38909, "ndcg_at_300": 0.3955, "ndcg_at_500": 0.40089, "ndcg_at_1000": 0.40591, "map_at_1": 0.15661, "map_at_3": 0.21538, "map_at_5": 0.233, "map_at_10": 0.24903, "map_at_20": 0.2575, "map_at_100": 0.26538, "map_at_200": 0.26638, "map_at_300": 0.26682, "map_at_500": 0.26716, "map_at_1000": 0.26737, "recall_at_1": 0.15661, "recall_at_3": 0.28432, "recall_at_5": 0.3615, "recall_at_10": 0.46281, "recall_at_20": 0.54677, "recall_at_100": 0.74301, "recall_at_200": 0.81343, "recall_at_300": 0.85441, "recall_at_500": 0.88825, "recall_at_1000": 0.92291, "precision_at_1": 0.18379, "precision_at_3": 0.12319, "precision_at_5": 0.09407, "precision_at_10": 0.0668, "precision_at_20": 0.04289, "precision_at_100": 0.01393, "precision_at_200": 0.00821, "precision_at_300": 0.00606, "precision_at_500": 0.00406, "precision_at_1000": 0.00225, "mrr_at_1": 0.18379, "mrr_at_3": 0.24638, "mrr_at_5": 0.26584, "mrr_at_10": 0.28269, "mrr_at_20": 0.28885, "mrr_at_100": 0.29311, "mrr_at_200": 0.29355, "mrr_at_300": 0.29369, "mrr_at_500": 0.29377, "mrr_at_1000": 0.2938, "rc_at_1": {"relevant": 0.0, "distractor": 0.0}, "rc_at_3": {"relevant": 0.0, "distractor": 0.0}, "rc_at_5": {"relevant": 0.0, "distractor": 0.0}, "rc_at_10": {"relevant": 0.0, "distractor": 0.0}, "rc_at_20": {"relevant": 0.0, "distractor": 0.0}, "rc_at_100": {"relevant": 0.0, "distractor": 0.0}, "rc_at_200": {"relevant": 0.0, "distractor": 0.0}, "rc_at_300": {"relevant": 0.0, "distractor": 0.0}, "rc_at_500": {"relevant": 0.0, "distractor": 0.0}, "rc_at_1000": {"relevant": 0.0, "distractor": 0.0}}