{"ndcg_at_1": 0.779, "ndcg_at_3": 0.82453, "ndcg_at_5": 0.84192, "ndcg_at_10": 0.85747, "ndcg_at_20": 0.86575, "ndcg_at_100": 0.87265, "ndcg_at_200": 0.87347, "ndcg_at_300": 0.87375, "ndcg_at_500": 0.87398, "ndcg_at_1000": 0.87414, "map_at_1": 0.67802, "map_at_3": 0.78518, "map_at_5": 0.80386, "map_at_10": 0.81588, "map_at_20": 0.82042, "map_at_100": 0.82283, "map_at_200": 0.82297, "map_at_300": 0.82301, "map_at_500": 0.82302, "map_at_1000": 0.82303, "recall_at_1": 0.67802, "recall_at_3": 0.84702, "recall_at_5": 0.89433, "recall_at_10": 0.93881, "recall_at_20": 0.96592, "recall_at_100": 0.99205, "recall_at_200": 0.99568, "recall_at_300": 0.99694, "recall_at_500": 0.99826, "recall_at_1000": 0.9993, "precision_at_1": 0.779, "precision_at_3": 0.35993, "precision_at_5": 0.2378, "precision_at_10": 0.13081, "precision_at_20": 0.06986, "precision_at_100": 0.01516, "precision_at_200": 0.0077, "precision_at_300": 0.00517, "precision_at_500": 0.00312, "precision_at_1000": 0.00156, "mrr_at_1": 0.779, "mrr_at_3": 0.83678, "mrr_at_5": 0.84429, "mrr_at_10": 0.84823, "mrr_at_20": 0.84937, "mrr_at_100": 0.84975, "mrr_at_200": 0.84976, "mrr_at_300": 0.84976, "mrr_at_500": 0.84977, "mrr_at_1000": 0.84977, "rc_at_1": {"relevant": 0.0, "distractor": 0.0}, "rc_at_3": {"relevant": 0.0, "distractor": 0.0}, "rc_at_5": {"relevant": 0.0, "distractor": 0.0}, "rc_at_10": {"relevant": 0.0, "distractor": 0.0}, "rc_at_20": {"relevant": 0.0, "distractor": 0.0}, "rc_at_100": {"relevant": 0.0, "distractor": 0.0}, "rc_at_200": {"relevant": 0.0, "distractor": 0.0}, "rc_at_300": {"relevant": 0.0, "distractor": 0.0}, "rc_at_500": {"relevant": 0.0, "distractor": 0.0}, "rc_at_1000": {"relevant": 0.0, "distractor": 0.0}}