{"ndcg_at_1": 0.03953, "ndcg_at_3": 0.05435, "ndcg_at_5": 0.06167, "ndcg_at_10": 0.06974, "ndcg_at_20": 0.07531, "ndcg_at_100": 0.10217, "ndcg_at_200": 0.1126, "ndcg_at_300": 0.1203, "ndcg_at_500": 0.13143, "ndcg_at_1000": 0.14319, "map_at_1": 0.0296, "map_at_3": 0.04512, "map_at_5": 0.05008, "map_at_10": 0.05351, "map_at_20": 0.05522, "map_at_100": 0.0589, "map_at_200": 0.05948, "map_at_300": 0.05976, "map_at_500": 0.06006, "map_at_1000": 0.06027, "recall_at_1": 0.0296, "recall_at_3": 0.06315, "recall_at_5": 0.08248, "recall_at_10": 0.10626, "recall_at_20": 0.12731, "recall_at_100": 0.26318, "recall_at_200": 0.33139, "recall_at_300": 0.38682, "recall_at_500": 0.47259, "recall_at_1000": 0.56545, "precision_at_1": 0.03953, "precision_at_3": 0.02635, "precision_at_5": 0.02134, "precision_at_10": 0.01482, "precision_at_20": 0.00919, "precision_at_100": 0.00437, "precision_at_200": 0.0029, "precision_at_300": 0.00231, "precision_at_500": 0.00175, "precision_at_1000": 0.00118, "mrr_at_1": 0.0415, "mrr_at_3": 0.05764, "mrr_at_5": 0.06258, "mrr_at_10": 0.06711, "mrr_at_20": 0.06889, "mrr_at_100": 0.07277, "mrr_at_200": 0.07328, "mrr_at_300": 0.07354, "mrr_at_500": 0.07378, "mrr_at_1000": 0.07393, "rc_at_1": {"relevant": 0.0, "distractor": 0.0}, "rc_at_3": {"relevant": 0.0, "distractor": 0.0}, "rc_at_5": {"relevant": 0.0, "distractor": 0.0}, "rc_at_10": {"relevant": 0.0, "distractor": 0.0}, "rc_at_20": {"relevant": 0.0, "distractor": 0.0}, "rc_at_100": {"relevant": 0.0, "distractor": 0.0}, "rc_at_200": {"relevant": 0.0, "distractor": 0.0}, "rc_at_300": {"relevant": 0.0, "distractor": 0.0}, "rc_at_500": {"relevant": 0.0, "distractor": 0.0}, "rc_at_1000": {"relevant": 0.0, "distractor": 0.0}}