{"ndcg_at_1": 0.01479, "ndcg_at_3": 0.02932, "ndcg_at_5": 0.03381, "ndcg_at_10": 0.03898, "ndcg_at_20": 0.04649, "ndcg_at_100": 0.06655, "ndcg_at_200": 0.07484, "ndcg_at_300": 0.08182, "ndcg_at_500": 0.09026, "ndcg_at_1000": 0.10018, "map_at_1": 0.01248, "map_at_3": 0.02449, "map_at_5": 0.02696, "map_at_10": 0.02891, "map_at_20": 0.03102, "map_at_100": 0.03364, "map_at_200": 0.03407, "map_at_300": 0.0343, "map_at_500": 0.0345, "map_at_1000": 0.03465, "recall_at_1": 0.01248, "recall_at_3": 0.0399, "recall_at_5": 0.05068, "recall_at_10": 0.06685, "recall_at_20": 0.09553, "recall_at_100": 0.20076, "recall_at_200": 0.25772, "recall_at_300": 0.31187, "recall_at_500": 0.38038, "recall_at_1000": 0.46916, "precision_at_1": 0.01479, "precision_at_3": 0.01479, "precision_at_5": 0.01146, "precision_at_10": 0.00758, "precision_at_20": 0.00536, "precision_at_100": 0.00244, "precision_at_200": 0.00162, "precision_at_300": 0.00131, "precision_at_500": 0.00098, "precision_at_1000": 0.00062, "mrr_at_1": 0.01664, "mrr_at_3": 0.02711, "mrr_at_5": 0.03007, "mrr_at_10": 0.03254, "mrr_at_20": 0.03491, "mrr_at_100": 0.03756, "mrr_at_200": 0.03805, "mrr_at_300": 0.03832, "mrr_at_500": 0.0385, "mrr_at_1000": 0.03862, "rc_at_1": {"relevant": 0.0, "distractor": 0.0}, "rc_at_3": {"relevant": 0.0, "distractor": 0.0}, "rc_at_5": {"relevant": 0.0, "distractor": 0.0}, "rc_at_10": {"relevant": 0.0, "distractor": 0.0}, "rc_at_20": {"relevant": 0.0, "distractor": 0.0}, "rc_at_100": {"relevant": 0.0, "distractor": 0.0}, "rc_at_200": {"relevant": 0.0, "distractor": 0.0}, "rc_at_300": {"relevant": 0.0, "distractor": 0.0}, "rc_at_500": {"relevant": 0.0, "distractor": 0.0}, "rc_at_1000": {"relevant": 0.0, "distractor": 0.0}}