{"ndcg_at_1": 0.33227, "ndcg_at_3": 0.43757, "ndcg_at_5": 0.47513, "ndcg_at_10": 0.51024, "ndcg_at_20": 0.53153, "ndcg_at_100": 0.55289, "ndcg_at_200": 0.55679, "ndcg_at_300": 0.55862, "ndcg_at_500": 0.56011, "ndcg_at_1000": 0.56224, "map_at_1": 0.29814, "map_at_3": 0.40091, "map_at_5": 0.42347, "map_at_10": 0.4393, "map_at_20": 0.44591, "map_at_100": 0.44932, "map_at_200": 0.44954, "map_at_300": 0.44961, "map_at_500": 0.44965, "map_at_1000": 0.44968, "recall_at_1": 0.29814, "recall_at_3": 0.51429, "recall_at_5": 0.60045, "recall_at_10": 0.70264, "recall_at_20": 0.78066, "recall_at_100": 0.88806, "recall_at_200": 0.91423, "recall_at_300": 0.92789, "recall_at_500": 0.93975, "recall_at_1000": 0.95894, "precision_at_1": 0.33227, "precision_at_3": 0.19815, "precision_at_5": 0.1405, "precision_at_10": 0.08331, "precision_at_20": 0.04676, "precision_at_100": 0.01074, "precision_at_200": 0.00554, "precision_at_300": 0.00375, "precision_at_500": 0.00228, "precision_at_1000": 0.00117, "mrr_at_1": 0.33372, "mrr_at_3": 0.43115, "mrr_at_5": 0.45053, "mrr_at_10": 0.46345, "mrr_at_20": 0.4687, "mrr_at_100": 0.47118, "mrr_at_200": 0.47135, "mrr_at_300": 0.47139, "mrr_at_500": 0.47142, "mrr_at_1000": 0.47144, "rc_at_1": {"relevant": 0.0, "distractor": 0.0}, "rc_at_3": {"relevant": 0.0, "distractor": 0.0}, "rc_at_5": {"relevant": 0.0, "distractor": 0.0}, "rc_at_10": {"relevant": 0.0, "distractor": 0.0}, "rc_at_20": {"relevant": 0.0, "distractor": 0.0}, "rc_at_100": {"relevant": 0.0, "distractor": 0.0}, "rc_at_200": {"relevant": 0.0, "distractor": 0.0}, "rc_at_300": {"relevant": 0.0, "distractor": 0.0}, "rc_at_500": {"relevant": 0.0, "distractor": 0.0}, "rc_at_1000": {"relevant": 0.0, "distractor": 0.0}}