{"ndcg_at_1": 0.1306, "ndcg_at_3": 0.15463, "ndcg_at_5": 0.17303, "ndcg_at_10": 0.19531, "ndcg_at_20": 0.21154, "ndcg_at_100": 0.24222, "ndcg_at_200": 0.25611, "ndcg_at_300": 0.2624, "ndcg_at_500": 0.27128, "ndcg_at_1000": 0.2798, "map_at_1": 0.10179, "map_at_3": 0.13391, "map_at_5": 0.14499, "map_at_10": 0.15471, "map_at_20": 0.15939, "map_at_100": 0.16352, "map_at_200": 0.16434, "map_at_300": 0.16457, "map_at_500": 0.16482, "map_at_1000": 0.16497, "recall_at_1": 0.10179, "recall_at_3": 0.17488, "recall_at_5": 0.2204, "recall_at_10": 0.28668, "recall_at_20": 0.34419, "recall_at_100": 0.49919, "recall_at_200": 0.59002, "recall_at_300": 0.63405, "recall_at_500": 0.70269, "recall_at_1000": 0.77224, "precision_at_1": 0.1306, "precision_at_3": 0.0767, "precision_at_5": 0.05871, "precision_at_10": 0.03831, "precision_at_20": 0.02369, "precision_at_100": 0.00715, "precision_at_200": 0.00427, "precision_at_300": 0.00311, "precision_at_500": 0.00208, "precision_at_1000": 0.00118, "mrr_at_1": 0.12811, "mrr_at_3": 0.16791, "mrr_at_5": 0.18116, "mrr_at_10": 0.19017, "mrr_at_20": 0.19508, "mrr_at_100": 0.1988, "mrr_at_200": 0.19943, "mrr_at_300": 0.19959, "mrr_at_500": 0.19975, "mrr_at_1000": 0.19984, "rc_at_1": {"relevant": 0.0, "distractor": 0.0}, "rc_at_3": {"relevant": 0.0, "distractor": 0.0}, "rc_at_5": {"relevant": 0.0, "distractor": 0.0}, "rc_at_10": {"relevant": 0.0, "distractor": 0.0}, "rc_at_20": {"relevant": 0.0, "distractor": 0.0}, "rc_at_100": {"relevant": 0.0, "distractor": 0.0}, "rc_at_200": {"relevant": 0.0, "distractor": 0.0}, "rc_at_300": {"relevant": 0.0, "distractor": 0.0}, "rc_at_500": {"relevant": 0.0, "distractor": 0.0}, "rc_at_1000": {"relevant": 0.0, "distractor": 0.0}}