{"ndcg_at_1": 0.17662, "ndcg_at_3": 0.21143, "ndcg_at_5": 0.22747, "ndcg_at_10": 0.25086, "ndcg_at_20": 0.27108, "ndcg_at_100": 0.30843, "ndcg_at_200": 0.32044, "ndcg_at_300": 0.32555, "ndcg_at_500": 0.33179, "ndcg_at_1000": 0.34099, "map_at_1": 0.14303, "map_at_3": 0.18757, "map_at_5": 0.19789, "map_at_10": 0.2086, "map_at_20": 0.21452, "map_at_100": 0.22006, "map_at_200": 0.22083, "map_at_300": 0.22103, "map_at_500": 0.22121, "map_at_1000": 0.22137, "recall_at_1": 0.14303, "recall_at_3": 0.23594, "recall_at_5": 0.27526, "recall_at_10": 0.34451, "recall_at_20": 0.41952, "recall_at_100": 0.60092, "recall_at_200": 0.67501, "recall_at_300": 0.71093, "recall_at_500": 0.75853, "recall_at_1000": 0.83724, "precision_at_1": 0.17662, "precision_at_3": 0.10075, "precision_at_5": 0.07289, "precision_at_10": 0.04652, "precision_at_20": 0.0283, "precision_at_100": 0.00857, "precision_at_200": 0.00499, "precision_at_300": 0.00353, "precision_at_500": 0.00229, "precision_at_1000": 0.00127, "mrr_at_1": 0.18532, "mrr_at_3": 0.22948, "mrr_at_5": 0.24204, "mrr_at_10": 0.25238, "mrr_at_20": 0.25735, "mrr_at_100": 0.26217, "mrr_at_200": 0.2626, "mrr_at_300": 0.26275, "mrr_at_500": 0.26287, "mrr_at_1000": 0.26296, "rc_at_1": {"relevant": 0.0, "distractor": 0.0}, "rc_at_3": {"relevant": 0.0, "distractor": 0.0}, "rc_at_5": {"relevant": 0.0, "distractor": 0.0}, "rc_at_10": {"relevant": 0.0, "distractor": 0.0}, "rc_at_20": {"relevant": 0.0, "distractor": 0.0}, "rc_at_100": {"relevant": 0.0, "distractor": 0.0}, "rc_at_200": {"relevant": 0.0, "distractor": 0.0}, "rc_at_300": {"relevant": 0.0, "distractor": 0.0}, "rc_at_500": {"relevant": 0.0, "distractor": 0.0}, "rc_at_1000": {"relevant": 0.0, "distractor": 0.0}}