{"ndcg_at_1": 0.24923, "ndcg_at_3": 0.20496, "ndcg_at_5": 0.19084, "ndcg_at_10": 0.17368, "ndcg_at_20": 0.16319, "ndcg_at_100": 0.16933, "ndcg_at_200": 0.18803, "ndcg_at_300": 0.20151, "ndcg_at_500": 0.22296, "ndcg_at_1000": 0.26456, "map_at_1": 0.02301, "map_at_3": 0.03897, "map_at_5": 0.04323, "map_at_10": 0.04953, "map_at_20": 0.05531, "map_at_100": 0.06429, "map_at_200": 0.06736, "map_at_300": 0.06901, "map_at_500": 0.07112, "map_at_1000": 0.07421, "recall_at_1": 0.02301, "recall_at_3": 0.04844, "recall_at_5": 0.05733, "recall_at_10": 0.07633, "recall_at_20": 0.10492, "recall_at_100": 0.19382, "recall_at_200": 0.25696, "recall_at_300": 0.30462, "recall_at_500": 0.37318, "recall_at_1000": 0.51996, "precision_at_1": 0.26006, "precision_at_3": 0.18989, "precision_at_5": 0.16533, "precision_at_10": 0.12972, "precision_at_20": 0.09752, "precision_at_100": 0.047, "precision_at_200": 0.03455, "precision_at_300": 0.02859, "precision_at_500": 0.02272, "precision_at_1000": 0.0172, "mrr_at_1": 0.25697, "mrr_at_3": 0.30547, "mrr_at_5": 0.32141, "mrr_at_10": 0.33012, "mrr_at_20": 0.33553, "mrr_at_100": 0.33951, "mrr_at_200": 0.3401, "mrr_at_300": 0.34025, "mrr_at_500": 0.34032, "mrr_at_1000": 0.34039, "rc_at_1": {"relevant": 0.0, "distractor": 0.0}, "rc_at_3": {"relevant": 0.0, "distractor": 0.0}, "rc_at_5": {"relevant": 0.0, "distractor": 0.0}, "rc_at_10": {"relevant": 0.0, "distractor": 0.0}, "rc_at_20": {"relevant": 0.0, "distractor": 0.0}, "rc_at_100": {"relevant": 0.0, "distractor": 0.0}, "rc_at_200": {"relevant": 0.0, "distractor": 0.0}, "rc_at_300": {"relevant": 0.0, "distractor": 0.0}, "rc_at_500": {"relevant": 0.0, "distractor": 0.0}, "rc_at_1000": {"relevant": 0.0, "distractor": 0.0}}