{"ndcg_at_1": 0.237, "ndcg_at_3": 0.19381, "ndcg_at_5": 0.16956, "ndcg_at_10": 0.20286, "ndcg_at_20": 0.23213, "ndcg_at_100": 0.27868, "ndcg_at_200": 0.29462, "ndcg_at_300": 0.30398, "ndcg_at_500": 0.31485, "ndcg_at_1000": 0.32861, "map_at_1": 0.04813, "map_at_3": 0.08708, "map_at_5": 0.10357, "map_at_10": 0.12057, "map_at_20": 0.13163, "map_at_100": 0.14082, "map_at_200": 0.14217, "map_at_300": 0.14271, "map_at_500": 0.14315, "map_at_1000": 0.14353, "recall_at_1": 0.04813, "recall_at_3": 0.11072, "recall_at_5": 0.15132, "recall_at_10": 0.21238, "recall_at_20": 0.2812, "recall_at_100": 0.4325, "recall_at_200": 0.49992, "recall_at_300": 0.54398, "recall_at_500": 0.59978, "recall_at_1000": 0.67697, "precision_at_1": 0.237, "precision_at_3": 0.18167, "precision_at_5": 0.1492, "precision_at_10": 0.1045, "precision_at_20": 0.06915, "precision_at_100": 0.02129, "precision_at_200": 0.01231, "precision_at_300": 0.00893, "precision_at_500": 0.0059, "precision_at_1000": 0.00333, "mrr_at_1": 0.237, "mrr_at_3": 0.31367, "mrr_at_5": 0.33532, "mrr_at_10": 0.34856, "mrr_at_20": 0.35481, "mrr_at_100": 0.35865, "mrr_at_200": 0.35908, "mrr_at_300": 0.35918, "mrr_at_500": 0.35924, "mrr_at_1000": 0.35928, "rc_at_1": {"relevant": 0.0, "distractor": 0.0}, "rc_at_3": {"relevant": 0.0, "distractor": 0.0}, "rc_at_5": {"relevant": 0.0, "distractor": 0.0}, "rc_at_10": {"relevant": 0.0, "distractor": 0.0}, "rc_at_20": {"relevant": 0.0, "distractor": 0.0}, "rc_at_100": {"relevant": 0.0, "distractor": 0.0}, "rc_at_200": {"relevant": 0.0, "distractor": 0.0}, "rc_at_300": {"relevant": 0.0, "distractor": 0.0}, "rc_at_500": {"relevant": 0.0, "distractor": 0.0}, "rc_at_1000": {"relevant": 0.0, "distractor": 0.0}}