{"ndcg_at_1": 0.21808, "ndcg_at_3": 0.26919, "ndcg_at_5": 0.29205, "ndcg_at_10": 0.31915, "ndcg_at_20": 0.34126, "ndcg_at_100": 0.37549, "ndcg_at_200": 0.38478, "ndcg_at_300": 0.38951, "ndcg_at_500": 0.39418, "ndcg_at_1000": 0.40048, "map_at_1": 0.20349, "map_at_3": 0.24936, "map_at_5": 0.26264, "map_at_10": 0.27429, "map_at_20": 0.28064, "map_at_100": 0.28568, "map_at_200": 0.28621, "map_at_300": 0.28638, "map_at_500": 0.28651, "map_at_1000": 0.28661, "recall_at_1": 0.20349, "recall_at_3": 0.30786, "recall_at_5": 0.36259, "recall_at_10": 0.44275, "recall_at_20": 0.52637, "recall_at_100": 0.70085, "recall_at_200": 0.76356, "recall_at_300": 0.79921, "recall_at_500": 0.83626, "recall_at_1000": 0.89108, "precision_at_1": 0.21808, "precision_at_3": 0.11337, "precision_at_5": 0.08158, "precision_at_10": 0.05051, "precision_at_20": 0.03028, "precision_at_100": 0.00829, "precision_at_200": 0.00456, "precision_at_300": 0.00319, "precision_at_500": 0.00202, "precision_at_1000": 0.00109, "mrr_at_1": 0.21808, "mrr_at_3": 0.26629, "mrr_at_5": 0.27928, "mrr_at_10": 0.29061, "mrr_at_20": 0.29655, "mrr_at_100": 0.30105, "mrr_at_200": 0.30148, "mrr_at_300": 0.30162, "mrr_at_500": 0.3017, "mrr_at_1000": 0.30177, "rc_at_1": {"relevant": 0.0, "distractor": 0.0}, "rc_at_3": {"relevant": 0.0, "distractor": 0.0}, "rc_at_5": {"relevant": 0.0, "distractor": 0.0}, "rc_at_10": {"relevant": 0.0, "distractor": 0.0}, "rc_at_20": {"relevant": 0.0, "distractor": 0.0}, "rc_at_100": {"relevant": 0.0, "distractor": 0.0}, "rc_at_200": {"relevant": 0.0, "distractor": 0.0}, "rc_at_300": {"relevant": 0.0, "distractor": 0.0}, "rc_at_500": {"relevant": 0.0, "distractor": 0.0}, "rc_at_1000": {"relevant": 0.0, "distractor": 0.0}}