{"ndcg_at_1": 0.06288, "ndcg_at_3": 0.07602, "ndcg_at_5": 0.08278, "ndcg_at_10": 0.0939, "ndcg_at_20": 0.10309, "ndcg_at_100": 0.12923, "ndcg_at_200": 0.13866, "ndcg_at_300": 0.1446, "ndcg_at_500": 0.14983, "ndcg_at_1000": 0.15942, "map_at_1": 0.05412, "map_at_3": 0.06897, "map_at_5": 0.07286, "map_at_10": 0.07748, "map_at_20": 0.08008, "map_at_100": 0.08329, "map_at_200": 0.08378, "map_at_300": 0.08399, "map_at_500": 0.08411, "map_at_1000": 0.08425, "recall_at_1": 0.05412, "recall_at_3": 0.08569, "recall_at_5": 0.1021, "recall_at_10": 0.13491, "recall_at_20": 0.16921, "recall_at_100": 0.31122, "recall_at_200": 0.37511, "recall_at_300": 0.42005, "recall_at_500": 0.46174, "recall_at_1000": 0.54632, "precision_at_1": 0.06288, "precision_at_3": 0.03374, "precision_at_5": 0.02454, "precision_at_10": 0.01672, "precision_at_20": 0.01081, "precision_at_100": 0.00391, "precision_at_200": 0.00236, "precision_at_300": 0.00176, "precision_at_500": 0.00118, "precision_at_1000": 0.00071, "mrr_at_1": 0.06288, "mrr_at_3": 0.07848, "mrr_at_5": 0.08354, "mrr_at_10": 0.08834, "mrr_at_20": 0.0907, "mrr_at_100": 0.09396, "mrr_at_200": 0.09446, "mrr_at_300": 0.09465, "mrr_at_500": 0.09476, "mrr_at_1000": 0.09489, "rc_at_1": {"relevant": 0.0, "distractor": 0.0}, "rc_at_3": {"relevant": 0.0, "distractor": 0.0}, "rc_at_5": {"relevant": 0.0, "distractor": 0.0}, "rc_at_10": {"relevant": 0.0, "distractor": 0.0}, "rc_at_20": {"relevant": 0.0, "distractor": 0.0}, "rc_at_100": {"relevant": 0.0, "distractor": 0.0}, "rc_at_200": {"relevant": 0.0, "distractor": 0.0}, "rc_at_300": {"relevant": 0.0, "distractor": 0.0}, "rc_at_500": {"relevant": 0.0, "distractor": 0.0}, "rc_at_1000": {"relevant": 0.0, "distractor": 0.0}}