{"ndcg_at_1": 0.11975, "ndcg_at_3": 0.14054, "ndcg_at_5": 0.15528, "ndcg_at_10": 0.17412, "ndcg_at_20": 0.18842, "ndcg_at_100": 0.22249, "ndcg_at_200": 0.2345, "ndcg_at_300": 0.24194, "ndcg_at_500": 0.24978, "ndcg_at_1000": 0.26, "map_at_1": 0.0897, "map_at_3": 0.11805, "map_at_5": 0.12756, "map_at_10": 0.13644, "map_at_20": 0.14145, "map_at_100": 0.14671, "map_at_200": 0.14749, "map_at_300": 0.14782, "map_at_500": 0.14809, "map_at_1000": 0.14831, "recall_at_1": 0.0897, "recall_at_3": 0.15088, "recall_at_5": 0.18844, "recall_at_10": 0.24601, "recall_at_20": 0.29894, "recall_at_100": 0.46865, "recall_at_200": 0.54108, "recall_at_300": 0.59171, "recall_at_500": 0.64805, "recall_at_1000": 0.72899, "precision_at_1": 0.11975, "precision_at_3": 0.07325, "precision_at_5": 0.05669, "precision_at_10": 0.03898, "precision_at_20": 0.0251, "precision_at_100": 0.00843, "precision_at_200": 0.00515, "precision_at_300": 0.00384, "precision_at_500": 0.0026, "precision_at_1000": 0.00152, "mrr_at_1": 0.1172, "mrr_at_3": 0.15064, "mrr_at_5": 0.16038, "mrr_at_10": 0.16815, "mrr_at_20": 0.17323, "mrr_at_100": 0.17717, "mrr_at_200": 0.17782, "mrr_at_300": 0.17802, "mrr_at_500": 0.17813, "mrr_at_1000": 0.17825, "rc_at_1": {"relevant": 0.0, "distractor": 0.0}, "rc_at_3": {"relevant": 0.0, "distractor": 0.0}, "rc_at_5": {"relevant": 0.0, "distractor": 0.0}, "rc_at_10": {"relevant": 0.0, "distractor": 0.0}, "rc_at_20": {"relevant": 0.0, "distractor": 0.0}, "rc_at_100": {"relevant": 0.0, "distractor": 0.0}, "rc_at_200": {"relevant": 0.0, "distractor": 0.0}, "rc_at_300": {"relevant": 0.0, "distractor": 0.0}, "rc_at_500": {"relevant": 0.0, "distractor": 0.0}, "rc_at_1000": {"relevant": 0.0, "distractor": 0.0}}