{"ndcg_at_1": 0.31633, "ndcg_at_3": 0.27876, "ndcg_at_5": 0.26297, "ndcg_at_10": 0.22581, "ndcg_at_20": 0.23835, "ndcg_at_100": 0.32328, "ndcg_at_200": 0.36261, "ndcg_at_300": 0.37948, "ndcg_at_500": 0.40883, "ndcg_at_1000": 0.43903, "map_at_1": 0.02493, "map_at_3": 0.0531, "map_at_5": 0.06875, "map_at_10": 0.08975, "map_at_20": 0.1118, "map_at_100": 0.13829, "map_at_200": 0.14469, "map_at_300": 0.14701, "map_at_500": 0.1498, "map_at_1000": 0.15205, "recall_at_1": 0.02493, "recall_at_3": 0.06219, "recall_at_5": 0.09369, "recall_at_10": 0.13897, "recall_at_20": 0.21836, "recall_at_100": 0.39562, "recall_at_200": 0.49811, "recall_at_300": 0.54983, "recall_at_500": 0.64056, "recall_at_1000": 0.74378, "precision_at_1": 0.32653, "precision_at_3": 0.27891, "precision_at_5": 0.25306, "precision_at_10": 0.18367, "precision_at_20": 0.14898, "precision_at_100": 0.06184, "precision_at_200": 0.04092, "precision_at_300": 0.03102, "precision_at_500": 0.02249, "precision_at_1000": 0.01365, "mrr_at_1": 0.32653, "mrr_at_3": 0.43537, "mrr_at_5": 0.4568, "mrr_at_10": 0.46729, "mrr_at_20": 0.47294, "mrr_at_100": 0.47526, "mrr_at_200": 0.47555, "mrr_at_300": 0.47555, "mrr_at_500": 0.47561, "mrr_at_1000": 0.47561, "rc_at_1": {"relevant": 0.0, "distractor": 0.0}, "rc_at_3": {"relevant": 0.0, "distractor": 0.0}, "rc_at_5": {"relevant": 0.0, "distractor": 0.0}, "rc_at_10": {"relevant": 0.0, "distractor": 0.0}, "rc_at_20": {"relevant": 0.0, "distractor": 0.0}, "rc_at_100": {"relevant": 0.0, "distractor": 0.0}, "rc_at_200": {"relevant": 0.0, "distractor": 0.0}, "rc_at_300": {"relevant": 0.0, "distractor": 0.0}, "rc_at_500": {"relevant": 0.0, "distractor": 0.0}, "rc_at_1000": {"relevant": 0.0, "distractor": 0.0}}