{"ndcg_at_1": 0.0128, "ndcg_at_3": 0.19539, "ndcg_at_5": 0.25589, "ndcg_at_10": 0.32509, "ndcg_at_20": 0.36976, "ndcg_at_100": 0.39135, "ndcg_at_200": 0.39316, "ndcg_at_300": 0.3937, "ndcg_at_500": 0.39404, "ndcg_at_1000": 0.39427, "map_at_1": 0.0128, "map_at_3": 0.14972, "map_at_5": 0.18304, "map_at_10": 0.21144, "map_at_20": 0.22402, "map_at_100": 0.2275, "map_at_200": 0.2276, "map_at_300": 0.22762, "map_at_500": 0.22763, "map_at_1000": 0.22763, "recall_at_1": 0.0128, "recall_at_3": 0.32788, "recall_at_5": 0.47582, "recall_at_10": 0.69061, "recall_at_20": 0.86486, "recall_at_100": 0.9744, "recall_at_200": 0.9872, "recall_at_300": 0.99147, "recall_at_500": 0.99431, "recall_at_1000": 0.99644, "precision_at_1": 0.0128, "precision_at_3": 0.10929, "precision_at_5": 0.09516, "precision_at_10": 0.06906, "precision_at_20": 0.04324, "precision_at_100": 0.00974, "precision_at_200": 0.00494, "precision_at_300": 0.0033, "precision_at_500": 0.00199, "precision_at_1000": 0.001, "mrr_at_1": 0.0128, "mrr_at_3": 0.14972, "mrr_at_5": 0.18304, "mrr_at_10": 0.21144, "mrr_at_20": 0.22402, "mrr_at_100": 0.2275, "mrr_at_200": 0.2276, "mrr_at_300": 0.22762, "mrr_at_500": 0.22763, "mrr_at_1000": 0.22763, "rc_at_1": {"relevant": 0.0, "distractor": 0.0}, "rc_at_3": {"relevant": 0.0, "distractor": 0.0}, "rc_at_5": {"relevant": 0.0, "distractor": 0.0}, "rc_at_10": {"relevant": 0.0, "distractor": 0.0}, "rc_at_20": {"relevant": 0.0, "distractor": 0.0}, "rc_at_100": {"relevant": 0.0, "distractor": 0.0}, "rc_at_200": {"relevant": 0.0, "distractor": 0.0}, "rc_at_300": {"relevant": 0.0, "distractor": 0.0}, "rc_at_500": {"relevant": 0.0, "distractor": 0.0}, "rc_at_1000": {"relevant": 0.0, "distractor": 0.0}}