{"ndcg_at_1": 0.14449, "ndcg_at_3": 0.17551, "ndcg_at_5": 0.19238, "ndcg_at_10": 0.21024, "ndcg_at_20": 0.22687, "ndcg_at_100": 0.2583, "ndcg_at_200": 0.27065, "ndcg_at_300": 0.27775, "ndcg_at_500": 0.28803, "ndcg_at_1000": 0.29699, "map_at_1": 0.12229, "map_at_3": 0.15643, "map_at_5": 0.16735, "map_at_10": 0.17538, "map_at_20": 0.18015, "map_at_100": 0.18463, "map_at_200": 0.18539, "map_at_300": 0.18568, "map_at_500": 0.18599, "map_at_1000": 0.18616, "recall_at_1": 0.12229, "recall_at_3": 0.19553, "recall_at_5": 0.23863, "recall_at_10": 0.28946, "recall_at_20": 0.35054, "recall_at_100": 0.50489, "recall_at_200": 0.58096, "recall_at_300": 0.62953, "recall_at_500": 0.70414, "recall_at_1000": 0.77546, "precision_at_1": 0.14449, "precision_at_3": 0.08345, "precision_at_5": 0.0618, "precision_at_10": 0.03934, "precision_at_20": 0.02461, "precision_at_100": 0.0078, "precision_at_200": 0.00465, "precision_at_300": 0.00344, "precision_at_500": 0.0024, "precision_at_1000": 0.00137, "mrr_at_1": 0.14449, "mrr_at_3": 0.18169, "mrr_at_5": 0.19313, "mrr_at_10": 0.20203, "mrr_at_20": 0.20711, "mrr_at_100": 0.21096, "mrr_at_200": 0.21155, "mrr_at_300": 0.21173, "mrr_at_500": 0.2119, "mrr_at_1000": 0.21198, "rc_at_1": {"relevant": 0.0, "distractor": 0.0}, "rc_at_3": {"relevant": 0.0, "distractor": 0.0}, "rc_at_5": {"relevant": 0.0, "distractor": 0.0}, "rc_at_10": {"relevant": 0.0, "distractor": 0.0}, "rc_at_20": {"relevant": 0.0, "distractor": 0.0}, "rc_at_100": {"relevant": 0.0, "distractor": 0.0}, "rc_at_200": {"relevant": 0.0, "distractor": 0.0}, "rc_at_300": {"relevant": 0.0, "distractor": 0.0}, "rc_at_500": {"relevant": 0.0, "distractor": 0.0}, "rc_at_1000": {"relevant": 0.0, "distractor": 0.0}}