{"ndcg_at_1": 0.21818, "ndcg_at_3": 0.17958, "ndcg_at_5": 0.17993, "ndcg_at_10": 0.16211, "ndcg_at_20": 0.20905, "ndcg_at_100": 0.32482, "ndcg_at_200": 0.35724, "ndcg_at_300": 0.3734, "ndcg_at_500": 0.3907, "ndcg_at_1000": 0.41107, "map_at_1": 0.02182, "map_at_3": 0.03939, "map_at_5": 0.05676, "map_at_10": 0.07589, "map_at_20": 0.09387, "map_at_100": 0.12971, "map_at_200": 0.13416, "map_at_300": 0.13588, "map_at_500": 0.1371, "map_at_1000": 0.13804, "recall_at_1": 0.02182, "recall_at_3": 0.05091, "recall_at_5": 0.08727, "recall_at_10": 0.15273, "recall_at_20": 0.23818, "recall_at_100": 0.52, "recall_at_200": 0.62545, "recall_at_300": 0.68364, "recall_at_500": 0.75091, "recall_at_1000": 0.83818, "precision_at_1": 0.21818, "precision_at_3": 0.1697, "precision_at_5": 0.17455, "precision_at_10": 0.15273, "precision_at_20": 0.11909, "precision_at_100": 0.052, "precision_at_200": 0.03127, "precision_at_300": 0.02279, "precision_at_500": 0.01502, "precision_at_1000": 0.00838, "mrr_at_1": 0.21818, "mrr_at_3": 0.29697, "mrr_at_5": 0.32515, "mrr_at_10": 0.34991, "mrr_at_20": 0.36055, "mrr_at_100": 0.36294, "mrr_at_200": 0.36305, "mrr_at_300": 0.36313, "mrr_at_500": 0.36313, "mrr_at_1000": 0.36316, "rc_at_1": {"relevant": 0.21818, "distractor": 0.70909}, "rc_at_3": {"relevant": 0.50909, "distractor": 2.03636}, "rc_at_5": {"relevant": 0.87273, "distractor": 3.32727}, "rc_at_10": {"relevant": 1.52727, "distractor": 6.6}, "rc_at_20": {"relevant": 2.38182, "distractor": 12.63636}, "rc_at_100": {"relevant": 5.2, "distractor": 39.52727}, "rc_at_200": {"relevant": 6.25455, "distractor": 51.85455}, "rc_at_300": {"relevant": 6.83636, "distractor": 58.07273}, "rc_at_500": {"relevant": 7.50909, "distractor": 65.34545}, "rc_at_1000": {"relevant": 8.38182, "distractor": 74.6}}