{"ndcg_at_1": 0.0, "ndcg_at_3": 0.00427, "ndcg_at_5": 0.00308, "ndcg_at_10": 0.002, "ndcg_at_20": 0.002, "ndcg_at_100": 0.00263, "ndcg_at_200": 0.00318, "ndcg_at_300": 0.00368, "ndcg_at_500": 0.00463, "ndcg_at_1000": 0.00584, "map_at_1": 0.0, "map_at_3": 0.00061, "map_at_5": 0.00061, "map_at_10": 0.00061, "map_at_20": 0.00061, "map_at_100": 0.00063, "map_at_200": 0.00064, "map_at_300": 0.00065, "map_at_500": 0.00066, "map_at_1000": 0.00066, "recall_at_1": 0.0, "recall_at_3": 0.00182, "recall_at_5": 0.00182, "recall_at_10": 0.00182, "recall_at_20": 0.00182, "recall_at_100": 0.00364, "recall_at_200": 0.00545, "recall_at_300": 0.00727, "recall_at_500": 0.01091, "recall_at_1000": 0.01636, "precision_at_1": 0.0, "precision_at_3": 0.00606, "precision_at_5": 0.00364, "precision_at_10": 0.00182, "precision_at_20": 0.00091, "precision_at_100": 0.00036, "precision_at_200": 0.00027, "precision_at_300": 0.00024, "precision_at_500": 0.00022, "precision_at_1000": 0.00016, "mrr_at_1": 0.01818, "mrr_at_3": 0.01818, "mrr_at_5": 0.01818, "mrr_at_10": 0.01818, "mrr_at_20": 0.01818, "mrr_at_100": 0.0193, "mrr_at_200": 0.0196, "mrr_at_300": 0.0196, "mrr_at_500": 0.01971, "mrr_at_1000": 0.01974, "rc_at_1": {"relevant": 0.01818, "distractor": 0.0}, "rc_at_3": {"relevant": 0.01818, "distractor": 0.01818}, "rc_at_5": {"relevant": 0.01818, "distractor": 0.01818}, "rc_at_10": {"relevant": 0.01818, "distractor": 0.01818}, "rc_at_20": {"relevant": 0.01818, "distractor": 0.03636}, "rc_at_100": {"relevant": 0.07273, "distractor": 0.29091}, "rc_at_200": {"relevant": 0.10909, "distractor": 0.4}, "rc_at_300": {"relevant": 0.10909, "distractor": 0.49091}, "rc_at_500": {"relevant": 0.14545, "distractor": 0.70909}, "rc_at_1000": {"relevant": 0.16364, "distractor": 1.03636}}