{"ndcg_at_1": 0.21469, "ndcg_at_3": 0.28582, "ndcg_at_5": 0.31403, "ndcg_at_10": 0.34515, "ndcg_at_20": 0.36532, "ndcg_at_100": 0.39221, "ndcg_at_200": 0.40129, "ndcg_at_300": 0.40565, "ndcg_at_500": 0.41138, "ndcg_at_1000": 0.41522, "map_at_1": 0.2012, "map_at_3": 0.26225, "map_at_5": 0.27898, "map_at_10": 0.2924, "map_at_20": 0.29824, "map_at_100": 0.302, "map_at_200": 0.3025, "map_at_300": 0.30267, "map_at_500": 0.30281, "map_at_1000": 0.30287, "recall_at_1": 0.2012, "recall_at_3": 0.33642, "recall_at_5": 0.40197, "recall_at_10": 0.49445, "recall_at_20": 0.5711, "recall_at_100": 0.71106, "recall_at_200": 0.77314, "recall_at_300": 0.80506, "recall_at_500": 0.85135, "recall_at_1000": 0.88553, "precision_at_1": 0.21469, "precision_at_3": 0.12354, "precision_at_5": 0.09107, "precision_at_10": 0.05684, "precision_at_20": 0.03311, "precision_at_100": 0.00844, "precision_at_200": 0.00461, "precision_at_300": 0.00322, "precision_at_500": 0.00205, "precision_at_1000": 0.00107, "mrr_at_1": 0.21469, "mrr_at_3": 0.27721, "mrr_at_5": 0.29309, "mrr_at_10": 0.3061, "mrr_at_20": 0.3113, "mrr_at_100": 0.31452, "mrr_at_200": 0.31496, "mrr_at_300": 0.31509, "mrr_at_500": 0.3152, "mrr_at_1000": 0.31525, "rc_at_1": {"relevant": 0.0, "distractor": 0.0}, "rc_at_3": {"relevant": 0.0, "distractor": 0.0}, "rc_at_5": {"relevant": 0.0, "distractor": 0.0}, "rc_at_10": {"relevant": 0.0, "distractor": 0.0}, "rc_at_20": {"relevant": 0.0, "distractor": 0.0}, "rc_at_100": {"relevant": 0.0, "distractor": 0.0}, "rc_at_200": {"relevant": 0.0, "distractor": 0.0}, "rc_at_300": {"relevant": 0.0, "distractor": 0.0}, "rc_at_500": {"relevant": 0.0, "distractor": 0.0}, "rc_at_1000": {"relevant": 0.0, "distractor": 0.0}}