{"ndcg_at_1": 0.08796, "ndcg_at_3": 0.06818, "ndcg_at_5": 0.07283, "ndcg_at_10": 0.08266, "ndcg_at_20": 0.09709, "ndcg_at_100": 0.12631, "ndcg_at_200": 0.14274, "ndcg_at_300": 0.14884, "ndcg_at_500": 0.16013, "ndcg_at_1000": 0.17177, "map_at_1": 0.03214, "map_at_3": 0.04387, "map_at_5": 0.04967, "map_at_10": 0.0547, "map_at_20": 0.05876, "map_at_100": 0.06293, "map_at_200": 0.06388, "map_at_300": 0.06416, "map_at_500": 0.06448, "map_at_1000": 0.0647, "recall_at_1": 0.03214, "recall_at_3": 0.05399, "recall_at_5": 0.07447, "recall_at_10": 0.10395, "recall_at_20": 0.15056, "recall_at_100": 0.27702, "recall_at_200": 0.37099, "recall_at_300": 0.40812, "recall_at_500": 0.48348, "recall_at_1000": 0.56953, "precision_at_1": 0.08796, "precision_at_3": 0.05093, "precision_at_5": 0.04105, "precision_at_10": 0.02762, "precision_at_20": 0.01914, "precision_at_100": 0.00711, "precision_at_200": 0.00466, "precision_at_300": 0.00344, "precision_at_500": 0.00246, "precision_at_1000": 0.00145, "mrr_at_1": 0.08333, "mrr_at_3": 0.10211, "mrr_at_5": 0.1099, "mrr_at_10": 0.11585, "mrr_at_20": 0.11995, "mrr_at_100": 0.1246, "mrr_at_200": 0.12529, "mrr_at_300": 0.12553, "mrr_at_500": 0.12567, "mrr_at_1000": 0.12579, "rc_at_1": {"relevant": 0.0, "distractor": 0.0}, "rc_at_3": {"relevant": 0.0, "distractor": 0.0}, "rc_at_5": {"relevant": 0.0, "distractor": 0.0}, "rc_at_10": {"relevant": 0.0, "distractor": 0.0}, "rc_at_20": {"relevant": 0.0, "distractor": 0.0}, "rc_at_100": {"relevant": 0.0, "distractor": 0.0}, "rc_at_200": {"relevant": 0.0, "distractor": 0.0}, "rc_at_300": {"relevant": 0.0, "distractor": 0.0}, "rc_at_500": {"relevant": 0.0, "distractor": 0.0}, "rc_at_1000": {"relevant": 0.0, "distractor": 0.0}}