{"ndcg_at_1": 0.08642, "ndcg_at_3": 0.08354, "ndcg_at_5": 0.09056, "ndcg_at_10": 0.10305, "ndcg_at_20": 0.11791, "ndcg_at_100": 0.15553, "ndcg_at_200": 0.17277, "ndcg_at_300": 0.18282, "ndcg_at_500": 0.19382, "ndcg_at_1000": 0.20687, "map_at_1": 0.03654, "map_at_3": 0.05466, "map_at_5": 0.06157, "map_at_10": 0.0681, "map_at_20": 0.07202, "map_at_100": 0.07767, "map_at_200": 0.07881, "map_at_300": 0.07925, "map_at_500": 0.07961, "map_at_1000": 0.07986, "recall_at_1": 0.03654, "recall_at_3": 0.07523, "recall_at_5": 0.10261, "recall_at_10": 0.1394, "recall_at_20": 0.18487, "recall_at_100": 0.34336, "recall_at_200": 0.44058, "recall_at_300": 0.50264, "recall_at_500": 0.57596, "recall_at_1000": 0.67102, "precision_at_1": 0.08642, "precision_at_3": 0.06224, "precision_at_5": 0.04907, "precision_at_10": 0.0341, "precision_at_20": 0.02315, "precision_at_100": 0.00886, "precision_at_200": 0.00566, "precision_at_300": 0.00431, "precision_at_500": 0.00297, "precision_at_1000": 0.00174, "mrr_at_1": 0.08951, "mrr_at_3": 0.12449, "mrr_at_5": 0.13243, "mrr_at_10": 0.14074, "mrr_at_20": 0.14703, "mrr_at_100": 0.1516, "mrr_at_200": 0.15235, "mrr_at_300": 0.15251, "mrr_at_500": 0.15269, "mrr_at_1000": 0.1528, "rc_at_1": {"relevant": 0.0, "distractor": 0.0}, "rc_at_3": {"relevant": 0.0, "distractor": 0.0}, "rc_at_5": {"relevant": 0.0, "distractor": 0.0}, "rc_at_10": {"relevant": 0.0, "distractor": 0.0}, "rc_at_20": {"relevant": 0.0, "distractor": 0.0}, "rc_at_100": {"relevant": 0.0, "distractor": 0.0}, "rc_at_200": {"relevant": 0.0, "distractor": 0.0}, "rc_at_300": {"relevant": 0.0, "distractor": 0.0}, "rc_at_500": {"relevant": 0.0, "distractor": 0.0}, "rc_at_1000": {"relevant": 0.0, "distractor": 0.0}}