{"ndcg_at_1": 0.24228, "ndcg_at_3": 0.23537, "ndcg_at_5": 0.24318, "ndcg_at_10": 0.26885, "ndcg_at_20": 0.2902, "ndcg_at_100": 0.34425, "ndcg_at_200": 0.36463, "ndcg_at_300": 0.37217, "ndcg_at_500": 0.38141, "ndcg_at_1000": 0.38917, "map_at_1": 0.11599, "map_at_3": 0.17104, "map_at_5": 0.1862, "map_at_10": 0.20276, "map_at_20": 0.21036, "map_at_100": 0.22011, "map_at_200": 0.22182, "map_at_300": 0.22224, "map_at_500": 0.22258, "map_at_1000": 0.22277, "recall_at_1": 0.11599, "recall_at_3": 0.21497, "recall_at_5": 0.25861, "recall_at_10": 0.3308, "recall_at_20": 0.3966, "recall_at_100": 0.625, "recall_at_200": 0.73744, "recall_at_300": 0.78258, "recall_at_500": 0.84521, "recall_at_1000": 0.90001, "precision_at_1": 0.24228, "precision_at_3": 0.16461, "precision_at_5": 0.12253, "precision_at_10": 0.08349, "precision_at_20": 0.05069, "precision_at_100": 0.01623, "precision_at_200": 0.00958, "precision_at_300": 0.00681, "precision_at_500": 0.0044, "precision_at_1000": 0.00236, "mrr_at_1": 0.24228, "mrr_at_3": 0.31019, "mrr_at_5": 0.3223, "mrr_at_10": 0.33243, "mrr_at_20": 0.33744, "mrr_at_100": 0.34255, "mrr_at_200": 0.34306, "mrr_at_300": 0.34318, "mrr_at_500": 0.34328, "mrr_at_1000": 0.34332, "rc_at_1": {"relevant": 0.0, "distractor": 0.0}, "rc_at_3": {"relevant": 0.0, "distractor": 0.0}, "rc_at_5": {"relevant": 0.0, "distractor": 0.0}, "rc_at_10": {"relevant": 0.0, "distractor": 0.0}, "rc_at_20": {"relevant": 0.0, "distractor": 0.0}, "rc_at_100": {"relevant": 0.0, "distractor": 0.0}, "rc_at_200": {"relevant": 0.0, "distractor": 0.0}, "rc_at_300": {"relevant": 0.0, "distractor": 0.0}, "rc_at_500": {"relevant": 0.0, "distractor": 0.0}, "rc_at_1000": {"relevant": 0.0, "distractor": 0.0}}