{"ndcg_at_1": 0.00492, "ndcg_at_3": 0.00793, "ndcg_at_5": 0.00977, "ndcg_at_10": 0.01169, "ndcg_at_20": 0.01358, "ndcg_at_100": 0.01982, "ndcg_at_200": 0.02347, "ndcg_at_300": 0.02576, "ndcg_at_500": 0.02866, "ndcg_at_1000": 0.03094, "map_at_1": 0.00444, "map_at_3": 0.00677, "map_at_5": 0.00773, "map_at_10": 0.00849, "map_at_20": 0.00901, "map_at_100": 0.00979, "map_at_200": 0.00998, "map_at_300": 0.01005, "map_at_500": 0.01012, "map_at_1000": 0.01014, "recall_at_1": 0.00444, "recall_at_3": 0.01048, "recall_at_5": 0.01482, "recall_at_10": 0.02057, "recall_at_20": 0.02776, "recall_at_100": 0.06149, "recall_at_200": 0.08698, "recall_at_300": 0.1045, "recall_at_500": 0.12869, "recall_at_1000": 0.14945, "precision_at_1": 0.00492, "precision_at_3": 0.00396, "precision_at_5": 0.00342, "precision_at_10": 0.00238, "precision_at_20": 0.00161, "precision_at_100": 0.0007, "precision_at_200": 0.00049, "precision_at_300": 0.0004, "precision_at_500": 0.00029, "precision_at_1000": 0.00017, "mrr_at_1": 0.00435, "mrr_at_3": 0.00589, "mrr_at_5": 0.0063, "mrr_at_10": 0.00714, "mrr_at_20": 0.0079, "mrr_at_100": 0.00863, "mrr_at_200": 0.00877, "mrr_at_300": 0.00885, "mrr_at_500": 0.00891, "mrr_at_1000": 0.00897, "rc_at_1": {"relevant": 0.0, "distractor": 0.0}, "rc_at_3": {"relevant": 0.0, "distractor": 0.0}, "rc_at_5": {"relevant": 0.0, "distractor": 0.0}, "rc_at_10": {"relevant": 0.0, "distractor": 0.0}, "rc_at_20": {"relevant": 0.0, "distractor": 0.0}, "rc_at_100": {"relevant": 0.0, "distractor": 0.0}, "rc_at_200": {"relevant": 0.0, "distractor": 0.0}, "rc_at_300": {"relevant": 0.0, "distractor": 0.0}, "rc_at_500": {"relevant": 0.0, "distractor": 0.0}, "rc_at_1000": {"relevant": 0.0, "distractor": 0.0}}