{"ndcg_at_1": 0.36923, "ndcg_at_3": 0.33219, "ndcg_at_5": 0.287, "ndcg_at_10": 0.23032, "ndcg_at_20": 0.28704, "ndcg_at_100": 0.45975, "ndcg_at_200": 0.50202, "ndcg_at_300": 0.51022, "ndcg_at_500": 0.51659, "ndcg_at_1000": 0.52382, "map_at_1": 0.03692, "map_at_3": 0.08026, "map_at_5": 0.09995, "map_at_10": 0.1247, "map_at_20": 0.15397, "map_at_100": 0.20555, "map_at_200": 0.21361, "map_at_300": 0.2147, "map_at_500": 0.21527, "map_at_1000": 0.21568, "recall_at_1": 0.03692, "recall_at_3": 0.09538, "recall_at_5": 0.12923, "recall_at_10": 0.19231, "recall_at_20": 0.29538, "recall_at_100": 0.73231, "recall_at_200": 0.86769, "recall_at_300": 0.89692, "recall_at_500": 0.92154, "recall_at_1000": 0.95231, "precision_at_1": 0.36923, "precision_at_3": 0.31795, "precision_at_5": 0.25846, "precision_at_10": 0.19231, "precision_at_20": 0.14769, "precision_at_100": 0.07323, "precision_at_200": 0.04338, "precision_at_300": 0.0299, "precision_at_500": 0.01843, "precision_at_1000": 0.00952, "mrr_at_1": 0.36923, "mrr_at_3": 0.47436, "mrr_at_5": 0.48436, "mrr_at_10": 0.49857, "mrr_at_20": 0.5069, "mrr_at_100": 0.51125, "mrr_at_200": 0.51125, "mrr_at_300": 0.51125, "mrr_at_500": 0.51125, "mrr_at_1000": 0.51125, "rc_at_1": {"relevant": 0.36923, "distractor": 0.63077}, "rc_at_3": {"relevant": 0.95385, "distractor": 2.0}, "rc_at_5": {"relevant": 1.29231, "distractor": 3.6}, "rc_at_10": {"relevant": 1.92308, "distractor": 7.83077}, "rc_at_20": {"relevant": 2.95385, "distractor": 16.33846}, "rc_at_100": {"relevant": 7.32308, "distractor": 72.4}, "rc_at_200": {"relevant": 8.67692, "distractor": 86.64615}, "rc_at_300": {"relevant": 8.96923, "distractor": 89.8}, "rc_at_500": {"relevant": 9.21538, "distractor": 92.43077}, "rc_at_1000": {"relevant": 9.52308, "distractor": 94.72308}}