{"ndcg_at_1": 0.4, "ndcg_at_3": 0.3228, "ndcg_at_5": 0.28344, "ndcg_at_10": 0.23987, "ndcg_at_20": 0.30177, "ndcg_at_100": 0.45556, "ndcg_at_200": 0.48386, "ndcg_at_300": 0.49346, "ndcg_at_500": 0.5005, "ndcg_at_1000": 0.51201, "map_at_1": 0.04, "map_at_3": 0.07424, "map_at_5": 0.09506, "map_at_10": 0.12588, "map_at_20": 0.15107, "map_at_100": 0.204, "map_at_200": 0.20933, "map_at_300": 0.2105, "map_at_500": 0.21112, "map_at_1000": 0.21163, "recall_at_1": 0.04, "recall_at_3": 0.09091, "recall_at_5": 0.12727, "recall_at_10": 0.20727, "recall_at_20": 0.32, "recall_at_100": 0.7, "recall_at_200": 0.79091, "recall_at_300": 0.82545, "recall_at_500": 0.85273, "recall_at_1000": 0.90182, "precision_at_1": 0.4, "precision_at_3": 0.30303, "precision_at_5": 0.25455, "precision_at_10": 0.20727, "precision_at_20": 0.16, "precision_at_100": 0.07, "precision_at_200": 0.03955, "precision_at_300": 0.02752, "precision_at_500": 0.01705, "precision_at_1000": 0.00902, "mrr_at_1": 0.4, "mrr_at_3": 0.49394, "mrr_at_5": 0.5103, "mrr_at_10": 0.52984, "mrr_at_20": 0.53578, "mrr_at_100": 0.53604, "mrr_at_200": 0.53621, "mrr_at_300": 0.53621, "mrr_at_500": 0.53621, "mrr_at_1000": 0.53624, "rc_at_1": {"relevant": 0.4, "distractor": 0.58182}, "rc_at_3": {"relevant": 0.90909, "distractor": 2.05455}, "rc_at_5": {"relevant": 1.27273, "distractor": 3.63636}, "rc_at_10": {"relevant": 2.07273, "distractor": 7.63636}, "rc_at_20": {"relevant": 3.2, "distractor": 15.54545}, "rc_at_100": {"relevant": 7.0, "distractor": 57.05455}, "rc_at_200": {"relevant": 7.90909, "distractor": 69.07273}, "rc_at_300": {"relevant": 8.25455, "distractor": 73.89091}, "rc_at_500": {"relevant": 8.52727, "distractor": 78.96364}, "rc_at_1000": {"relevant": 9.01818, "distractor": 85.23636}}