{"ndcg_at_1": 0.00651, "ndcg_at_3": 0.00671, "ndcg_at_5": 0.00699, "ndcg_at_10": 0.0082, "ndcg_at_20": 0.00926, "ndcg_at_100": 0.012, "ndcg_at_200": 0.01395, "ndcg_at_300": 0.0149, "ndcg_at_500": 0.01635, "ndcg_at_1000": 0.01925, "map_at_1": 0.00447, "map_at_3": 0.00564, "map_at_5": 0.00585, "map_at_10": 0.00627, "map_at_20": 0.0065, "map_at_100": 0.00679, "map_at_200": 0.00687, "map_at_300": 0.0069, "map_at_500": 0.00693, "map_at_1000": 0.00696, "recall_at_1": 0.00447, "recall_at_3": 0.00713, "recall_at_5": 0.008, "recall_at_10": 0.01088, "recall_at_20": 0.01452, "recall_at_100": 0.02716, "recall_at_200": 0.03784, "recall_at_300": 0.04321, "recall_at_500": 0.0524, "recall_at_1000": 0.07412, "precision_at_1": 0.00651, "precision_at_3": 0.00347, "precision_at_5": 0.00235, "precision_at_10": 0.00182, "precision_at_20": 0.00124, "precision_at_100": 0.00051, "precision_at_200": 0.00038, "precision_at_300": 0.00031, "precision_at_500": 0.00024, "precision_at_1000": 0.00017, "mrr_at_1": 0.00586, "mrr_at_3": 0.00825, "mrr_at_5": 0.00887, "mrr_at_10": 0.00949, "mrr_at_20": 0.00987, "mrr_at_100": 0.01061, "mrr_at_200": 0.01075, "mrr_at_300": 0.01082, "mrr_at_500": 0.01087, "mrr_at_1000": 0.01093, "rc_at_1": {"relevant": 0.0, "distractor": 0.0}, "rc_at_3": {"relevant": 0.0, "distractor": 0.0}, "rc_at_5": {"relevant": 0.0, "distractor": 0.0}, "rc_at_10": {"relevant": 0.0, "distractor": 0.0}, "rc_at_20": {"relevant": 0.0, "distractor": 0.0}, "rc_at_100": {"relevant": 0.0, "distractor": 0.0}, "rc_at_200": {"relevant": 0.0, "distractor": 0.0}, "rc_at_300": {"relevant": 0.0, "distractor": 0.0}, "rc_at_500": {"relevant": 0.0, "distractor": 0.0}, "rc_at_1000": {"relevant": 0.0, "distractor": 0.0}}