{"ndcg_at_1": 0.20522, "ndcg_at_3": 0.23959, "ndcg_at_5": 0.26112, "ndcg_at_10": 0.28176, "ndcg_at_20": 0.30282, "ndcg_at_100": 0.34683, "ndcg_at_200": 0.35813, "ndcg_at_300": 0.36422, "ndcg_at_500": 0.36951, "ndcg_at_1000": 0.37529, "map_at_1": 0.16407, "map_at_3": 0.21002, "map_at_5": 0.22408, "map_at_10": 0.23337, "map_at_20": 0.23951, "map_at_100": 0.2464, "map_at_200": 0.24712, "map_at_300": 0.24737, "map_at_500": 0.24753, "map_at_1000": 0.24764, "recall_at_1": 0.16407, "recall_at_3": 0.26796, "recall_at_5": 0.32294, "recall_at_10": 0.38655, "recall_at_20": 0.46232, "recall_at_100": 0.67528, "recall_at_200": 0.74734, "recall_at_300": 0.78954, "recall_at_500": 0.82879, "recall_at_1000": 0.87523, "precision_at_1": 0.20522, "precision_at_3": 0.1165, "precision_at_5": 0.08507, "precision_at_10": 0.05149, "precision_at_20": 0.03165, "precision_at_100": 0.00988, "precision_at_200": 0.00554, "precision_at_300": 0.00394, "precision_at_500": 0.00252, "precision_at_1000": 0.00135, "mrr_at_1": 0.20522, "mrr_at_3": 0.2556, "mrr_at_5": 0.27027, "mrr_at_10": 0.27891, "mrr_at_20": 0.28448, "mrr_at_100": 0.28948, "mrr_at_200": 0.28993, "mrr_at_300": 0.29008, "mrr_at_500": 0.29016, "mrr_at_1000": 0.29022, "rc_at_1": {"relevant": 0.0, "distractor": 0.0}, "rc_at_3": {"relevant": 0.0, "distractor": 0.0}, "rc_at_5": {"relevant": 0.0, "distractor": 0.0}, "rc_at_10": {"relevant": 0.0, "distractor": 0.0}, "rc_at_20": {"relevant": 0.0, "distractor": 0.0}, "rc_at_100": {"relevant": 0.0, "distractor": 0.0}, "rc_at_200": {"relevant": 0.0, "distractor": 0.0}, "rc_at_300": {"relevant": 0.0, "distractor": 0.0}, "rc_at_500": {"relevant": 0.0, "distractor": 0.0}, "rc_at_1000": {"relevant": 0.0, "distractor": 0.0}}