{"ndcg_at_1": 0.00339, "ndcg_at_3": 0.00708, "ndcg_at_5": 0.01038, "ndcg_at_10": 0.01277, "ndcg_at_20": 0.017, "ndcg_at_100": 0.03032, "ndcg_at_200": 0.03628, "ndcg_at_300": 0.04154, "ndcg_at_500": 0.04673, "ndcg_at_1000": 0.05562, "map_at_1": 0.00339, "map_at_3": 0.00603, "map_at_5": 0.00789, "map_at_10": 0.00884, "map_at_20": 0.00997, "map_at_100": 0.01155, "map_at_200": 0.01186, "map_at_300": 0.01202, "map_at_500": 0.01214, "map_at_1000": 0.01226, "recall_at_1": 0.00339, "recall_at_3": 0.01017, "recall_at_5": 0.01808, "recall_at_10": 0.02542, "recall_at_20": 0.04237, "recall_at_100": 0.1151, "recall_at_200": 0.15591, "recall_at_300": 0.1963, "recall_at_500": 0.23974, "recall_at_1000": 0.31905, "precision_at_1": 0.00339, "precision_at_3": 0.00339, "precision_at_5": 0.00362, "precision_at_10": 0.0026, "precision_at_20": 0.00215, "precision_at_100": 0.00128, "precision_at_200": 0.00089, "precision_at_300": 0.00075, "precision_at_500": 0.00055, "precision_at_1000": 0.00038, "mrr_at_1": 0.00339, "mrr_at_3": 0.00603, "mrr_at_5": 0.00789, "mrr_at_10": 0.00892, "mrr_at_20": 0.01005, "mrr_at_100": 0.01183, "mrr_at_200": 0.01214, "mrr_at_300": 0.01233, "mrr_at_500": 0.01244, "mrr_at_1000": 0.01256, "rc_at_1": {"relevant": 0.0, "distractor": 0.0}, "rc_at_3": {"relevant": 0.0, "distractor": 0.0}, "rc_at_5": {"relevant": 0.0, "distractor": 0.0}, "rc_at_10": {"relevant": 0.0, "distractor": 0.0}, "rc_at_20": {"relevant": 0.0, "distractor": 0.0}, "rc_at_100": {"relevant": 0.0, "distractor": 0.0}, "rc_at_200": {"relevant": 0.0, "distractor": 0.0}, "rc_at_300": {"relevant": 0.0, "distractor": 0.0}, "rc_at_500": {"relevant": 0.0, "distractor": 0.0}, "rc_at_1000": {"relevant": 0.0, "distractor": 0.0}}