{"ndcg_at_1": 0.0, "ndcg_at_3": 0.28511, "ndcg_at_5": 0.35012, "ndcg_at_10": 0.41226, "ndcg_at_20": 0.43946, "ndcg_at_100": 0.44928, "ndcg_at_200": 0.44967, "ndcg_at_300": 0.44976, "ndcg_at_500": 0.44993, "ndcg_at_1000": 0.45001, "map_at_1": 0.0, "map_at_3": 0.2161, "map_at_5": 0.25234, "map_at_10": 0.27801, "map_at_20": 0.2856, "map_at_100": 0.28712, "map_at_200": 0.28714, "map_at_300": 0.28714, "map_at_500": 0.28714, "map_at_1000": 0.28714, "recall_at_1": 0.0, "recall_at_3": 0.48435, "recall_at_5": 0.64154, "recall_at_10": 0.83357, "recall_at_20": 0.94026, "recall_at_100": 0.99075, "recall_at_200": 0.9936, "recall_at_300": 0.99431, "recall_at_500": 0.99573, "recall_at_1000": 0.99644, "precision_at_1": 0.0, "precision_at_3": 0.16145, "precision_at_5": 0.12831, "precision_at_10": 0.08336, "precision_at_20": 0.04701, "precision_at_100": 0.00991, "precision_at_200": 0.00497, "precision_at_300": 0.00331, "precision_at_500": 0.00199, "precision_at_1000": 0.001, "mrr_at_1": 0.0, "mrr_at_3": 0.2155, "mrr_at_5": 0.25228, "mrr_at_10": 0.27763, "mrr_at_20": 0.28534, "mrr_at_100": 0.28683, "mrr_at_200": 0.28685, "mrr_at_300": 0.28685, "mrr_at_500": 0.28686, "mrr_at_1000": 0.28686, "rc_at_1": {"relevant": 0.0, "distractor": 0.0}, "rc_at_3": {"relevant": 0.0, "distractor": 0.0}, "rc_at_5": {"relevant": 0.0, "distractor": 0.0}, "rc_at_10": {"relevant": 0.0, "distractor": 0.0}, "rc_at_20": {"relevant": 0.0, "distractor": 0.0}, "rc_at_100": {"relevant": 0.0, "distractor": 0.0}, "rc_at_200": {"relevant": 0.0, "distractor": 0.0}, "rc_at_300": {"relevant": 0.0, "distractor": 0.0}, "rc_at_500": {"relevant": 0.0, "distractor": 0.0}, "rc_at_1000": {"relevant": 0.0, "distractor": 0.0}}