{"ndcg_at_1": 0.31902, "ndcg_at_3": 0.35696, "ndcg_at_5": 0.37674, "ndcg_at_10": 0.40546, "ndcg_at_20": 0.42032, "ndcg_at_100": 0.44906, "ndcg_at_200": 0.45801, "ndcg_at_300": 0.46161, "ndcg_at_500": 0.46509, "ndcg_at_1000": 0.4707, "map_at_1": 0.28418, "map_at_3": 0.33207, "map_at_5": 0.34529, "map_at_10": 0.35837, "map_at_20": 0.36305, "map_at_100": 0.36731, "map_at_200": 0.36787, "map_at_300": 0.368, "map_at_500": 0.3681, "map_at_1000": 0.36819, "recall_at_1": 0.28418, "recall_at_3": 0.38298, "recall_at_5": 0.43339, "recall_at_10": 0.52146, "recall_at_20": 0.57706, "recall_at_100": 0.72219, "recall_at_200": 0.77963, "recall_at_300": 0.80594, "recall_at_500": 0.8325, "recall_at_1000": 0.88012, "precision_at_1": 0.31902, "precision_at_3": 0.15031, "precision_at_5": 0.10399, "precision_at_10": 0.0635, "precision_at_20": 0.03551, "precision_at_100": 0.00925, "precision_at_200": 0.00511, "precision_at_300": 0.00353, "precision_at_500": 0.00221, "precision_at_1000": 0.00119, "mrr_at_1": 0.31902, "mrr_at_3": 0.36529, "mrr_at_5": 0.37725, "mrr_at_10": 0.38954, "mrr_at_20": 0.39316, "mrr_at_100": 0.39647, "mrr_at_200": 0.39685, "mrr_at_300": 0.39698, "mrr_at_500": 0.39703, "mrr_at_1000": 0.39709, "rc_at_1": {"relevant": 0.0, "distractor": 0.0}, "rc_at_3": {"relevant": 0.0, "distractor": 0.0}, "rc_at_5": {"relevant": 0.0, "distractor": 0.0}, "rc_at_10": {"relevant": 0.0, "distractor": 0.0}, "rc_at_20": {"relevant": 0.0, "distractor": 0.0}, "rc_at_100": {"relevant": 0.0, "distractor": 0.0}, "rc_at_200": {"relevant": 0.0, "distractor": 0.0}, "rc_at_300": {"relevant": 0.0, "distractor": 0.0}, "rc_at_500": {"relevant": 0.0, "distractor": 0.0}, "rc_at_1000": {"relevant": 0.0, "distractor": 0.0}}