{"ndcg_at_1": 0.43636, "ndcg_at_3": 0.33672, "ndcg_at_5": 0.3012, "ndcg_at_10": 0.24422, "ndcg_at_20": 0.3136, "ndcg_at_100": 0.47815, "ndcg_at_200": 0.5083, "ndcg_at_300": 0.51791, "ndcg_at_500": 0.52394, "ndcg_at_1000": 0.53196, "map_at_1": 0.04364, "map_at_3": 0.08091, "map_at_5": 0.10482, "map_at_10": 0.13159, "map_at_20": 0.16051, "map_at_100": 0.2183, "map_at_200": 0.22374, "map_at_300": 0.2249, "map_at_500": 0.22535, "map_at_1000": 0.22577, "recall_at_1": 0.04364, "recall_at_3": 0.09273, "recall_at_5": 0.13455, "recall_at_10": 0.20364, "recall_at_20": 0.32909, "recall_at_100": 0.73455, "recall_at_200": 0.83273, "recall_at_300": 0.86727, "recall_at_500": 0.89091, "recall_at_1000": 0.92545, "precision_at_1": 0.43636, "precision_at_3": 0.30909, "precision_at_5": 0.26909, "precision_at_10": 0.20364, "precision_at_20": 0.16455, "precision_at_100": 0.07345, "precision_at_200": 0.04164, "precision_at_300": 0.02891, "precision_at_500": 0.01782, "precision_at_1000": 0.00925, "mrr_at_1": 0.43636, "mrr_at_3": 0.51212, "mrr_at_5": 0.53576, "mrr_at_10": 0.55506, "mrr_at_20": 0.56218, "mrr_at_100": 0.56298, "mrr_at_200": 0.56298, "mrr_at_300": 0.56298, "mrr_at_500": 0.56298, "mrr_at_1000": 0.56298, "rc_at_1": {"relevant": 0.43636, "distractor": 0.56364}, "rc_at_3": {"relevant": 0.92727, "distractor": 2.05455}, "rc_at_5": {"relevant": 1.34545, "distractor": 3.61818}, "rc_at_10": {"relevant": 2.03636, "distractor": 7.74545}, "rc_at_20": {"relevant": 3.29091, "distractor": 15.87273}, "rc_at_100": {"relevant": 7.34545, "distractor": 61.03636}, "rc_at_200": {"relevant": 8.32727, "distractor": 73.05455}, "rc_at_300": {"relevant": 8.67273, "distractor": 77.92727}, "rc_at_500": {"relevant": 8.90909, "distractor": 82.65455}, "rc_at_1000": {"relevant": 9.25455, "distractor": 87.49091}}