{"ndcg_at_1": 0.44615, "ndcg_at_3": 0.35462, "ndcg_at_5": 0.3084, "ndcg_at_10": 0.25969, "ndcg_at_20": 0.32166, "ndcg_at_100": 0.50761, "ndcg_at_200": 0.55868, "ndcg_at_300": 0.56303, "ndcg_at_500": 0.56458, "ndcg_at_1000": 0.56534, "map_at_1": 0.04462, "map_at_3": 0.09051, "map_at_5": 0.11451, "map_at_10": 0.14997, "map_at_20": 0.18013, "map_at_100": 0.23589, "map_at_200": 0.24788, "map_at_300": 0.24851, "map_at_500": 0.24865, "map_at_1000": 0.24871, "recall_at_1": 0.04462, "recall_at_3": 0.09846, "recall_at_5": 0.13538, "recall_at_10": 0.22, "recall_at_20": 0.33231, "recall_at_100": 0.81692, "recall_at_200": 0.97538, "recall_at_300": 0.99077, "recall_at_500": 0.99692, "recall_at_1000": 1.0, "precision_at_1": 0.44615, "precision_at_3": 0.32821, "precision_at_5": 0.27077, "precision_at_10": 0.22, "precision_at_20": 0.16615, "precision_at_100": 0.08169, "precision_at_200": 0.04877, "precision_at_300": 0.03303, "precision_at_500": 0.01994, "precision_at_1000": 0.01, "mrr_at_1": 0.44615, "mrr_at_3": 0.49487, "mrr_at_5": 0.51333, "mrr_at_10": 0.53598, "mrr_at_20": 0.54314, "mrr_at_100": 0.54559, "mrr_at_200": 0.54559, "mrr_at_300": 0.54559, "mrr_at_500": 0.54559, "mrr_at_1000": 0.54559, "rc_at_1": {"relevant": 0.44615, "distractor": 0.55385}, "rc_at_3": {"relevant": 0.98462, "distractor": 2.01538}, "rc_at_5": {"relevant": 1.35385, "distractor": 3.63077}, "rc_at_10": {"relevant": 2.2, "distractor": 7.75385}, "rc_at_20": {"relevant": 3.32308, "distractor": 16.55385}, "rc_at_100": {"relevant": 8.16923, "distractor": 89.24615}, "rc_at_200": {"relevant": 9.75385, "distractor": 98.86154}, "rc_at_300": {"relevant": 9.90769, "distractor": 99.35385}, "rc_at_500": {"relevant": 9.96923, "distractor": 99.56923}, "rc_at_1000": {"relevant": 10.0, "distractor": 99.83077}}