{"ndcg_at_1": 0.60662, "ndcg_at_3": 0.48021, "ndcg_at_5": 0.50542, "ndcg_at_10": 0.52682, "ndcg_at_20": 0.54156, "ndcg_at_100": 0.56409, "ndcg_at_200": 0.57028, "ndcg_at_300": 0.5733, "ndcg_at_500": 0.57724, "ndcg_at_1000": 0.58111, "map_at_1": 0.30331, "map_at_3": 0.40937, "map_at_5": 0.42731, "map_at_10": 0.43883, "map_at_20": 0.44422, "map_at_100": 0.44841, "map_at_200": 0.44886, "map_at_300": 0.449, "map_at_500": 0.44913, "map_at_1000": 0.44921, "recall_at_1": 0.30331, "recall_at_3": 0.45273, "recall_at_5": 0.50257, "recall_at_10": 0.55598, "recall_at_20": 0.60338, "recall_at_100": 0.70311, "recall_at_200": 0.73916, "recall_at_300": 0.75874, "recall_at_500": 0.78629, "recall_at_1000": 0.81621, "precision_at_1": 0.60662, "precision_at_3": 0.30182, "precision_at_5": 0.20103, "precision_at_10": 0.1112, "precision_at_20": 0.06034, "precision_at_100": 0.01406, "precision_at_200": 0.00739, "precision_at_300": 0.00506, "precision_at_500": 0.00315, "precision_at_1000": 0.00163, "mrr_at_1": 0.60662, "mrr_at_3": 0.66282, "mrr_at_5": 0.67265, "mrr_at_10": 0.67886, "mrr_at_20": 0.68137, "mrr_at_100": 0.68293, "mrr_at_200": 0.68307, "mrr_at_300": 0.68311, "mrr_at_500": 0.68314, "mrr_at_1000": 0.68315, "rc_at_1": {"relevant": 0.0, "distractor": 0.0}, "rc_at_3": {"relevant": 0.0, "distractor": 0.0}, "rc_at_5": {"relevant": 0.0, "distractor": 0.0}, "rc_at_10": {"relevant": 0.0, "distractor": 0.0}, "rc_at_20": {"relevant": 0.0, "distractor": 0.0}, "rc_at_100": {"relevant": 0.0, "distractor": 0.0}, "rc_at_200": {"relevant": 0.0, "distractor": 0.0}, "rc_at_300": {"relevant": 0.0, "distractor": 0.0}, "rc_at_500": {"relevant": 0.0, "distractor": 0.0}, "rc_at_1000": {"relevant": 0.0, "distractor": 0.0}}