{"ndcg_at_1": 0.72964, "ndcg_at_3": 0.6044, "ndcg_at_5": 0.63231, "ndcg_at_10": 0.6577, "ndcg_at_20": 0.67141, "ndcg_at_100": 0.69014, "ndcg_at_200": 0.69523, "ndcg_at_300": 0.69749, "ndcg_at_500": 0.69994, "ndcg_at_1000": 0.70281, "map_at_1": 0.36482, "map_at_3": 0.53282, "map_at_5": 0.55432, "map_at_10": 0.56928, "map_at_20": 0.57471, "map_at_100": 0.57846, "map_at_200": 0.57885, "map_at_300": 0.57897, "map_at_500": 0.57905, "map_at_1000": 0.57911, "recall_at_1": 0.36482, "recall_at_3": 0.57968, "recall_at_5": 0.63484, "recall_at_10": 0.69838, "recall_at_20": 0.74261, "recall_at_100": 0.82539, "recall_at_200": 0.85496, "recall_at_300": 0.86962, "recall_at_500": 0.88677, "recall_at_1000": 0.90891, "precision_at_1": 0.72964, "precision_at_3": 0.38645, "precision_at_5": 0.25394, "precision_at_10": 0.13968, "precision_at_20": 0.07426, "precision_at_100": 0.01651, "precision_at_200": 0.00855, "precision_at_300": 0.0058, "precision_at_500": 0.00355, "precision_at_1000": 0.00182, "mrr_at_1": 0.72991, "mrr_at_3": 0.78512, "mrr_at_5": 0.79275, "mrr_at_10": 0.7975, "mrr_at_20": 0.79884, "mrr_at_100": 0.79968, "mrr_at_200": 0.79974, "mrr_at_300": 0.79976, "mrr_at_500": 0.79977, "mrr_at_1000": 0.79978, "rc_at_1": {"relevant": 0.0, "distractor": 0.0}, "rc_at_3": {"relevant": 0.0, "distractor": 0.0}, "rc_at_5": {"relevant": 0.0, "distractor": 0.0}, "rc_at_10": {"relevant": 0.0, "distractor": 0.0}, "rc_at_20": {"relevant": 0.0, "distractor": 0.0}, "rc_at_100": {"relevant": 0.0, "distractor": 0.0}, "rc_at_200": {"relevant": 0.0, "distractor": 0.0}, "rc_at_300": {"relevant": 0.0, "distractor": 0.0}, "rc_at_500": {"relevant": 0.0, "distractor": 0.0}, "rc_at_1000": {"relevant": 0.0, "distractor": 0.0}}