{"ndcg_at_1": 0.43057, "ndcg_at_3": 0.47022, "ndcg_at_5": 0.48678, "ndcg_at_10": 0.50861, "ndcg_at_20": 0.52297, "ndcg_at_100": 0.54947, "ndcg_at_200": 0.55642, "ndcg_at_300": 0.55979, "ndcg_at_500": 0.56364, "ndcg_at_1000": 0.56758, "map_at_1": 0.34185, "map_at_3": 0.41975, "map_at_5": 0.43616, "map_at_10": 0.44993, "map_at_20": 0.45634, "map_at_100": 0.46266, "map_at_200": 0.46337, "map_at_300": 0.46357, "map_at_500": 0.46373, "map_at_1000": 0.46384, "recall_at_1": 0.34185, "recall_at_3": 0.48306, "recall_at_5": 0.53653, "recall_at_10": 0.60706, "recall_at_20": 0.6598, "recall_at_100": 0.77922, "recall_at_200": 0.81891, "recall_at_300": 0.84074, "recall_at_500": 0.86663, "recall_at_1000": 0.89535, "precision_at_1": 0.43057, "precision_at_3": 0.2293, "precision_at_5": 0.15873, "precision_at_10": 0.09516, "precision_at_20": 0.05519, "precision_at_100": 0.01506, "precision_at_200": 0.00822, "precision_at_300": 0.0057, "precision_at_500": 0.00361, "precision_at_1000": 0.00192, "mrr_at_1": 0.42994, "mrr_at_3": 0.49459, "mrr_at_5": 0.50589, "mrr_at_10": 0.51452, "mrr_at_20": 0.51768, "mrr_at_100": 0.52026, "mrr_at_200": 0.52048, "mrr_at_300": 0.52055, "mrr_at_500": 0.52061, "mrr_at_1000": 0.52064, "rc_at_1": {"relevant": 0.0, "distractor": 0.0}, "rc_at_3": {"relevant": 0.0, "distractor": 0.0}, "rc_at_5": {"relevant": 0.0, "distractor": 0.0}, "rc_at_10": {"relevant": 0.0, "distractor": 0.0}, "rc_at_20": {"relevant": 0.0, "distractor": 0.0}, "rc_at_100": {"relevant": 0.0, "distractor": 0.0}, "rc_at_200": {"relevant": 0.0, "distractor": 0.0}, "rc_at_300": {"relevant": 0.0, "distractor": 0.0}, "rc_at_500": {"relevant": 0.0, "distractor": 0.0}, "rc_at_1000": {"relevant": 0.0, "distractor": 0.0}}