{"ndcg_at_1": 0.1548, "ndcg_at_3": 0.19768, "ndcg_at_5": 0.2221, "ndcg_at_10": 0.24842, "ndcg_at_20": 0.26883, "ndcg_at_100": 0.29855, "ndcg_at_200": 0.30787, "ndcg_at_300": 0.31401, "ndcg_at_500": 0.3195, "ndcg_at_1000": 0.32624, "map_at_1": 0.1399, "map_at_3": 0.17981, "map_at_5": 0.19375, "map_at_10": 0.20502, "map_at_20": 0.21075, "map_at_100": 0.21493, "map_at_200": 0.21541, "map_at_300": 0.21562, "map_at_500": 0.21576, "map_at_1000": 0.21586, "recall_at_1": 0.1399, "recall_at_3": 0.23045, "recall_at_5": 0.29053, "recall_at_10": 0.37058, "recall_at_20": 0.44954, "recall_at_100": 0.60347, "recall_at_200": 0.66753, "recall_at_300": 0.71408, "recall_at_500": 0.75911, "recall_at_1000": 0.81917, "precision_at_1": 0.1548, "precision_at_3": 0.08776, "precision_at_5": 0.06644, "precision_at_10": 0.04237, "precision_at_20": 0.02582, "precision_at_100": 0.0071, "precision_at_200": 0.00394, "precision_at_300": 0.00282, "precision_at_500": 0.00181, "precision_at_1000": 0.00099, "mrr_at_1": 0.15593, "mrr_at_3": 0.19718, "mrr_at_5": 0.21096, "mrr_at_10": 0.22178, "mrr_at_20": 0.22738, "mrr_at_100": 0.23109, "mrr_at_200": 0.23162, "mrr_at_300": 0.23181, "mrr_at_500": 0.23188, "mrr_at_1000": 0.23198, "rc_at_1": {"relevant": 0.0, "distractor": 0.0}, "rc_at_3": {"relevant": 0.0, "distractor": 0.0}, "rc_at_5": {"relevant": 0.0, "distractor": 0.0}, "rc_at_10": {"relevant": 0.0, "distractor": 0.0}, "rc_at_20": {"relevant": 0.0, "distractor": 0.0}, "rc_at_100": {"relevant": 0.0, "distractor": 0.0}, "rc_at_200": {"relevant": 0.0, "distractor": 0.0}, "rc_at_300": {"relevant": 0.0, "distractor": 0.0}, "rc_at_500": {"relevant": 0.0, "distractor": 0.0}, "rc_at_1000": {"relevant": 0.0, "distractor": 0.0}}