{"ndcg_at_1": 0.34044, "ndcg_at_3": 0.38024, "ndcg_at_5": 0.4021, "ndcg_at_10": 0.42283, "ndcg_at_20": 0.44004, "ndcg_at_100": 0.46465, "ndcg_at_200": 0.47359, "ndcg_at_300": 0.47764, "ndcg_at_500": 0.48107, "ndcg_at_1000": 0.48573, "map_at_1": 0.29674, "map_at_3": 0.35333, "map_at_5": 0.36783, "map_at_10": 0.378, "map_at_20": 0.38364, "map_at_100": 0.38737, "map_at_200": 0.38794, "map_at_300": 0.3881, "map_at_500": 0.3882, "map_at_1000": 0.38828, "recall_at_1": 0.29674, "recall_at_3": 0.40963, "recall_at_5": 0.46243, "recall_at_10": 0.52177, "recall_at_20": 0.58544, "recall_at_100": 0.70933, "recall_at_200": 0.7679, "recall_at_300": 0.79775, "recall_at_500": 0.82405, "recall_at_1000": 0.86428, "precision_at_1": 0.34044, "precision_at_3": 0.16614, "precision_at_5": 0.11561, "precision_at_10": 0.06708, "precision_at_20": 0.03837, "precision_at_100": 0.00957, "precision_at_200": 0.00523, "precision_at_300": 0.00363, "precision_at_500": 0.00227, "precision_at_1000": 0.0012, "mrr_at_1": 0.34044, "mrr_at_3": 0.39216, "mrr_at_5": 0.40464, "mrr_at_10": 0.41263, "mrr_at_20": 0.41709, "mrr_at_100": 0.41992, "mrr_at_200": 0.42031, "mrr_at_300": 0.42042, "mrr_at_500": 0.42048, "mrr_at_1000": 0.42053, "rc_at_1": {"relevant": 0.0, "distractor": 0.0}, "rc_at_3": {"relevant": 0.0, "distractor": 0.0}, "rc_at_5": {"relevant": 0.0, "distractor": 0.0}, "rc_at_10": {"relevant": 0.0, "distractor": 0.0}, "rc_at_20": {"relevant": 0.0, "distractor": 0.0}, "rc_at_100": {"relevant": 0.0, "distractor": 0.0}, "rc_at_200": {"relevant": 0.0, "distractor": 0.0}, "rc_at_300": {"relevant": 0.0, "distractor": 0.0}, "rc_at_500": {"relevant": 0.0, "distractor": 0.0}, "rc_at_1000": {"relevant": 0.0, "distractor": 0.0}}