{"ndcg_at_1": 0.06295, "ndcg_at_3": 0.08262, "ndcg_at_5": 0.09383, "ndcg_at_10": 0.10603, "ndcg_at_20": 0.12223, "ndcg_at_100": 0.14718, "ndcg_at_200": 0.16208, "ndcg_at_300": 0.17041, "ndcg_at_500": 0.17965, "ndcg_at_1000": 0.19193, "map_at_1": 0.0497, "map_at_3": 0.071, "map_at_5": 0.07775, "map_at_10": 0.08243, "map_at_20": 0.08718, "map_at_100": 0.09045, "map_at_200": 0.09131, "map_at_300": 0.0916, "map_at_500": 0.09187, "map_at_1000": 0.09209, "recall_at_1": 0.0497, "recall_at_3": 0.09547, "recall_at_5": 0.12431, "recall_at_10": 0.16083, "recall_at_20": 0.21905, "recall_at_100": 0.34163, "recall_at_200": 0.43582, "recall_at_300": 0.49394, "recall_at_500": 0.56222, "recall_at_1000": 0.66209, "precision_at_1": 0.06295, "precision_at_3": 0.03958, "precision_at_5": 0.03147, "precision_at_10": 0.02189, "precision_at_20": 0.01581, "precision_at_100": 0.00548, "precision_at_200": 0.00368, "precision_at_300": 0.00283, "precision_at_500": 0.00201, "precision_at_1000": 0.00123, "mrr_at_1": 0.06867, "mrr_at_3": 0.09061, "mrr_at_5": 0.09819, "mrr_at_10": 0.10722, "mrr_at_20": 0.11141, "mrr_at_100": 0.11504, "mrr_at_200": 0.11571, "mrr_at_300": 0.11599, "mrr_at_500": 0.11616, "mrr_at_1000": 0.11628, "rc_at_1": {"relevant": 0.0, "distractor": 0.0}, "rc_at_3": {"relevant": 0.0, "distractor": 0.0}, "rc_at_5": {"relevant": 0.0, "distractor": 0.0}, "rc_at_10": {"relevant": 0.0, "distractor": 0.0}, "rc_at_20": {"relevant": 0.0, "distractor": 0.0}, "rc_at_100": {"relevant": 0.0, "distractor": 0.0}, "rc_at_200": {"relevant": 0.0, "distractor": 0.0}, "rc_at_300": {"relevant": 0.0, "distractor": 0.0}, "rc_at_500": {"relevant": 0.0, "distractor": 0.0}, "rc_at_1000": {"relevant": 0.0, "distractor": 0.0}}