{"ndcg_at_1": 0.13846, "ndcg_at_3": 0.11586, "ndcg_at_5": 0.09878, "ndcg_at_10": 0.07683, "ndcg_at_20": 0.08872, "ndcg_at_100": 0.11785, "ndcg_at_200": 0.13266, "ndcg_at_300": 0.13951, "ndcg_at_500": 0.14781, "ndcg_at_1000": 0.15957, "map_at_1": 0.01385, "map_at_3": 0.02282, "map_at_5": 0.02667, "map_at_10": 0.03191, "map_at_20": 0.0349, "map_at_100": 0.04037, "map_at_200": 0.0414, "map_at_300": 0.04185, "map_at_500": 0.04226, "map_at_1000": 0.04253, "recall_at_1": 0.01385, "recall_at_3": 0.03231, "recall_at_5": 0.04308, "recall_at_10": 0.06154, "recall_at_20": 0.08308, "recall_at_100": 0.15692, "recall_at_200": 0.20462, "recall_at_300": 0.22923, "recall_at_500": 0.26154, "recall_at_1000": 0.31231, "precision_at_1": 0.13846, "precision_at_3": 0.10769, "precision_at_5": 0.08615, "precision_at_10": 0.06154, "precision_at_20": 0.04154, "precision_at_100": 0.01569, "precision_at_200": 0.01023, "precision_at_300": 0.00764, "precision_at_500": 0.00523, "precision_at_1000": 0.00312, "mrr_at_1": 0.13846, "mrr_at_3": 0.21282, "mrr_at_5": 0.22667, "mrr_at_10": 0.23079, "mrr_at_20": 0.2354, "mrr_at_100": 0.23763, "mrr_at_200": 0.23857, "mrr_at_300": 0.2387, "mrr_at_500": 0.23882, "mrr_at_1000": 0.23888, "rc_at_1": {"relevant": 0.13846, "distractor": 0.33846}, "rc_at_3": {"relevant": 0.32308, "distractor": 1.03077}, "rc_at_5": {"relevant": 0.43077, "distractor": 1.49231}, "rc_at_10": {"relevant": 0.61538, "distractor": 2.53846}, "rc_at_20": {"relevant": 0.83077, "distractor": 4.09231}, "rc_at_100": {"relevant": 1.56923, "distractor": 9.90769}, "rc_at_200": {"relevant": 2.04615, "distractor": 13.73846}, "rc_at_300": {"relevant": 2.29231, "distractor": 16.18462}, "rc_at_500": {"relevant": 2.61538, "distractor": 19.16923}, "rc_at_1000": {"relevant": 3.12308, "distractor": 24.27692}}