{"ndcg_at_1": 0.44615, "ndcg_at_3": 0.35196, "ndcg_at_5": 0.32129, "ndcg_at_10": 0.25703, "ndcg_at_20": 0.31917, "ndcg_at_100": 0.51351, "ndcg_at_200": 0.55321, "ndcg_at_300": 0.55582, "ndcg_at_500": 0.56173, "ndcg_at_1000": 0.56358, "map_at_1": 0.04462, "map_at_3": 0.08744, "map_at_5": 0.11651, "map_at_10": 0.1502, "map_at_20": 0.17901, "map_at_100": 0.23782, "map_at_200": 0.24664, "map_at_300": 0.24703, "map_at_500": 0.24749, "map_at_1000": 0.24763, "recall_at_1": 0.04462, "recall_at_3": 0.09692, "recall_at_5": 0.14462, "recall_at_10": 0.21231, "recall_at_20": 0.32462, "recall_at_100": 0.82923, "recall_at_200": 0.95385, "recall_at_300": 0.96308, "recall_at_500": 0.98615, "recall_at_1000": 0.99385, "precision_at_1": 0.44615, "precision_at_3": 0.32308, "precision_at_5": 0.28923, "precision_at_10": 0.21231, "precision_at_20": 0.16231, "precision_at_100": 0.08292, "precision_at_200": 0.04769, "precision_at_300": 0.0321, "precision_at_500": 0.01972, "precision_at_1000": 0.00994, "mrr_at_1": 0.44615, "mrr_at_3": 0.51538, "mrr_at_5": 0.53385, "mrr_at_10": 0.54731, "mrr_at_20": 0.55807, "mrr_at_100": 0.56024, "mrr_at_200": 0.56024, "mrr_at_300": 0.56024, "mrr_at_500": 0.56024, "mrr_at_1000": 0.56024, "rc_at_1": {"relevant": 0.44615, "distractor": 0.55385}, "rc_at_3": {"relevant": 0.96923, "distractor": 2.03077}, "rc_at_5": {"relevant": 1.44615, "distractor": 3.55385}, "rc_at_10": {"relevant": 2.12308, "distractor": 7.83077}, "rc_at_20": {"relevant": 3.24615, "distractor": 16.6}, "rc_at_100": {"relevant": 8.29231, "distractor": 85.86154}, "rc_at_200": {"relevant": 9.53846, "distractor": 96.76923}, "rc_at_300": {"relevant": 9.63077, "distractor": 97.81538}, "rc_at_500": {"relevant": 9.86154, "distractor": 98.46154}, "rc_at_1000": {"relevant": 9.93846, "distractor": 99.27692}}