{"ndcg_at_1": 0.05098, "ndcg_at_3": 0.07494, "ndcg_at_5": 0.08514, "ndcg_at_10": 0.09801, "ndcg_at_20": 0.10802, "ndcg_at_100": 0.1285, "ndcg_at_200": 0.13715, "ndcg_at_300": 0.14198, "ndcg_at_500": 0.14739, "ndcg_at_1000": 0.15428, "map_at_1": 0.04529, "map_at_3": 0.06639, "map_at_5": 0.07204, "map_at_10": 0.07738, "map_at_20": 0.08016, "map_at_100": 0.08285, "map_at_200": 0.08331, "map_at_300": 0.08347, "map_at_500": 0.0836, "map_at_1000": 0.08369, "recall_at_1": 0.04529, "recall_at_3": 0.09284, "recall_at_5": 0.11631, "recall_at_10": 0.15474, "recall_at_20": 0.19259, "recall_at_100": 0.30108, "recall_at_200": 0.36008, "recall_at_300": 0.39685, "recall_at_500": 0.44146, "recall_at_1000": 0.50304, "precision_at_1": 0.05098, "precision_at_3": 0.03544, "precision_at_5": 0.02711, "precision_at_10": 0.01802, "precision_at_20": 0.01136, "precision_at_100": 0.00358, "precision_at_200": 0.00215, "precision_at_300": 0.00158, "precision_at_500": 0.00106, "precision_at_1000": 0.00061, "mrr_at_1": 0.05098, "mrr_at_3": 0.07334, "mrr_at_5": 0.07945, "mrr_at_10": 0.08499, "mrr_at_20": 0.08774, "mrr_at_100": 0.09038, "mrr_at_200": 0.09083, "mrr_at_300": 0.09099, "mrr_at_500": 0.0911, "mrr_at_1000": 0.09119, "rc_at_1": {"relevant": 0.0, "distractor": 0.0}, "rc_at_3": {"relevant": 0.0, "distractor": 0.0}, "rc_at_5": {"relevant": 0.0, "distractor": 0.0}, "rc_at_10": {"relevant": 0.0, "distractor": 0.0}, "rc_at_20": {"relevant": 0.0, "distractor": 0.0}, "rc_at_100": {"relevant": 0.0, "distractor": 0.0}, "rc_at_200": {"relevant": 0.0, "distractor": 0.0}, "rc_at_300": {"relevant": 0.0, "distractor": 0.0}, "rc_at_500": {"relevant": 0.0, "distractor": 0.0}, "rc_at_1000": {"relevant": 0.0, "distractor": 0.0}}