{"ndcg_at_1": 0.43859, "ndcg_at_3": 0.56128, "ndcg_at_5": 0.60185, "ndcg_at_10": 0.63573, "ndcg_at_20": 0.65169, "ndcg_at_100": 0.66542, "ndcg_at_200": 0.66742, "ndcg_at_300": 0.6679, "ndcg_at_500": 0.66851, "ndcg_at_1000": 0.66897, "map_at_1": 0.39006, "map_at_3": 0.51872, "map_at_5": 0.54386, "map_at_10": 0.55956, "map_at_20": 0.5648, "map_at_100": 0.56718, "map_at_200": 0.5673, "map_at_300": 0.56732, "map_at_500": 0.56733, "map_at_1000": 0.56734, "recall_at_1": 0.39006, "recall_at_3": 0.65047, "recall_at_5": 0.74307, "recall_at_10": 0.84091, "recall_at_20": 0.89849, "recall_at_100": 0.96594, "recall_at_200": 0.97919, "recall_at_300": 0.98291, "recall_at_500": 0.98774, "recall_at_1000": 0.99184, "precision_at_1": 0.43859, "precision_at_3": 0.25212, "precision_at_5": 0.17503, "precision_at_10": 0.10023, "precision_at_20": 0.05408, "precision_at_100": 0.01174, "precision_at_200": 0.00596, "precision_at_300": 0.00399, "precision_at_500": 0.0024, "precision_at_1000": 0.00121, "mrr_at_1": 0.43888, "mrr_at_3": 0.55263, "mrr_at_5": 0.57228, "mrr_at_10": 0.58441, "mrr_at_20": 0.58792, "mrr_at_100": 0.58938, "mrr_at_200": 0.58946, "mrr_at_300": 0.58947, "mrr_at_500": 0.58948, "mrr_at_1000": 0.58949, "rc_at_1": {"relevant": 0.0, "distractor": 0.0}, "rc_at_3": {"relevant": 0.0, "distractor": 0.0}, "rc_at_5": {"relevant": 0.0, "distractor": 0.0}, "rc_at_10": {"relevant": 0.0, "distractor": 0.0}, "rc_at_20": {"relevant": 0.0, "distractor": 0.0}, "rc_at_100": {"relevant": 0.0, "distractor": 0.0}, "rc_at_200": {"relevant": 0.0, "distractor": 0.0}, "rc_at_300": {"relevant": 0.0, "distractor": 0.0}, "rc_at_500": {"relevant": 0.0, "distractor": 0.0}, "rc_at_1000": {"relevant": 0.0, "distractor": 0.0}}