{"ndcg_at_1": 0.61, "ndcg_at_3": 0.67576, "ndcg_at_5": 0.69506, "ndcg_at_10": 0.71976, "ndcg_at_20": 0.72895, "ndcg_at_100": 0.74362, "ndcg_at_200": 0.74693, "ndcg_at_300": 0.74735, "ndcg_at_500": 0.74812, "ndcg_at_1000": 0.74919, "map_at_1": 0.57578, "map_at_3": 0.64838, "map_at_5": 0.66304, "map_at_10": 0.67583, "map_at_20": 0.67873, "map_at_100": 0.68101, "map_at_200": 0.68119, "map_at_300": 0.6812, "map_at_500": 0.68122, "map_at_1000": 0.68124, "recall_at_1": 0.57578, "recall_at_3": 0.72017, "recall_at_5": 0.76844, "recall_at_10": 0.838, "recall_at_20": 0.87267, "recall_at_100": 0.95, "recall_at_200": 0.97333, "recall_at_300": 0.97667, "recall_at_500": 0.98333, "recall_at_1000": 0.99333, "precision_at_1": 0.61, "precision_at_3": 0.26222, "precision_at_5": 0.172, "precision_at_10": 0.09533, "precision_at_20": 0.04967, "precision_at_100": 0.0108, "precision_at_200": 0.00552, "precision_at_300": 0.00369, "precision_at_500": 0.00223, "precision_at_1000": 0.00112, "mrr_at_1": 0.61, "mrr_at_3": 0.67389, "mrr_at_5": 0.68289, "mrr_at_10": 0.6913, "mrr_at_20": 0.69377, "mrr_at_100": 0.69542, "mrr_at_200": 0.69559, "mrr_at_300": 0.69561, "mrr_at_500": 0.69563, "mrr_at_1000": 0.69564, "rc_at_1": {"relevant": 0.0, "distractor": 0.0}, "rc_at_3": {"relevant": 0.0, "distractor": 0.0}, "rc_at_5": {"relevant": 0.0, "distractor": 0.0}, "rc_at_10": {"relevant": 0.0, "distractor": 0.0}, "rc_at_20": {"relevant": 0.0, "distractor": 0.0}, "rc_at_100": {"relevant": 0.0, "distractor": 0.0}, "rc_at_200": {"relevant": 0.0, "distractor": 0.0}, "rc_at_300": {"relevant": 0.0, "distractor": 0.0}, "rc_at_500": {"relevant": 0.0, "distractor": 0.0}, "rc_at_1000": {"relevant": 0.0, "distractor": 0.0}}