{"ndcg_at_1": 0.20113, "ndcg_at_3": 0.25808, "ndcg_at_5": 0.28316, "ndcg_at_10": 0.3022, "ndcg_at_20": 0.32467, "ndcg_at_100": 0.35849, "ndcg_at_200": 0.36822, "ndcg_at_300": 0.37474, "ndcg_at_500": 0.37962, "ndcg_at_1000": 0.38558, "map_at_1": 0.18751, "map_at_3": 0.23719, "map_at_5": 0.25178, "map_at_10": 0.25978, "map_at_20": 0.26613, "map_at_100": 0.2709, "map_at_200": 0.27146, "map_at_300": 0.27169, "map_at_500": 0.27182, "map_at_1000": 0.27191, "recall_at_1": 0.18751, "recall_at_3": 0.30035, "recall_at_5": 0.36122, "recall_at_10": 0.41719, "recall_at_20": 0.50347, "recall_at_100": 0.67778, "recall_at_200": 0.74356, "recall_at_300": 0.79253, "recall_at_500": 0.83158, "recall_at_1000": 0.88518, "precision_at_1": 0.20113, "precision_at_3": 0.11073, "precision_at_5": 0.08068, "precision_at_10": 0.04746, "precision_at_20": 0.02881, "precision_at_100": 0.008, "precision_at_200": 0.00442, "precision_at_300": 0.00316, "precision_at_500": 0.00201, "precision_at_1000": 0.00108, "mrr_at_1": 0.20678, "mrr_at_3": 0.25706, "mrr_at_5": 0.26944, "mrr_at_10": 0.27804, "mrr_at_20": 0.28415, "mrr_at_100": 0.28848, "mrr_at_200": 0.28894, "mrr_at_300": 0.28909, "mrr_at_500": 0.28919, "mrr_at_1000": 0.28927, "rc_at_1": {"relevant": 0.0, "distractor": 0.0}, "rc_at_3": {"relevant": 0.0, "distractor": 0.0}, "rc_at_5": {"relevant": 0.0, "distractor": 0.0}, "rc_at_10": {"relevant": 0.0, "distractor": 0.0}, "rc_at_20": {"relevant": 0.0, "distractor": 0.0}, "rc_at_100": {"relevant": 0.0, "distractor": 0.0}, "rc_at_200": {"relevant": 0.0, "distractor": 0.0}, "rc_at_300": {"relevant": 0.0, "distractor": 0.0}, "rc_at_500": {"relevant": 0.0, "distractor": 0.0}, "rc_at_1000": {"relevant": 0.0, "distractor": 0.0}}