{"ndcg_at_1": 0.45455, "ndcg_at_3": 0.33042, "ndcg_at_5": 0.30407, "ndcg_at_10": 0.24346, "ndcg_at_20": 0.30981, "ndcg_at_100": 0.46923, "ndcg_at_200": 0.49232, "ndcg_at_300": 0.49981, "ndcg_at_500": 0.51002, "ndcg_at_1000": 0.51845, "map_at_1": 0.04545, "map_at_3": 0.07727, "map_at_5": 0.10282, "map_at_10": 0.1303, "map_at_20": 0.1613, "map_at_100": 0.21504, "map_at_200": 0.21901, "map_at_300": 0.21981, "map_at_500": 0.22053, "map_at_1000": 0.22091, "recall_at_1": 0.04545, "recall_at_3": 0.08727, "recall_at_5": 0.13455, "recall_at_10": 0.2, "recall_at_20": 0.32, "recall_at_100": 0.71455, "recall_at_200": 0.78909, "recall_at_300": 0.81636, "recall_at_500": 0.85636, "recall_at_1000": 0.89273, "precision_at_1": 0.45455, "precision_at_3": 0.29091, "precision_at_5": 0.26909, "precision_at_10": 0.2, "precision_at_20": 0.16, "precision_at_100": 0.07145, "precision_at_200": 0.03945, "precision_at_300": 0.02721, "precision_at_500": 0.01713, "precision_at_1000": 0.00893, "mrr_at_1": 0.45455, "mrr_at_3": 0.53636, "mrr_at_5": 0.55182, "mrr_at_10": 0.57068, "mrr_at_20": 0.57489, "mrr_at_100": 0.57629, "mrr_at_200": 0.57644, "mrr_at_300": 0.5765, "mrr_at_500": 0.57656, "mrr_at_1000": 0.57656, "rc_at_1": {"relevant": 0.45455, "distractor": 0.54545}, "rc_at_3": {"relevant": 0.87273, "distractor": 2.12727}, "rc_at_5": {"relevant": 1.34545, "distractor": 3.63636}, "rc_at_10": {"relevant": 2.0, "distractor": 7.81818}, "rc_at_20": {"relevant": 3.2, "distractor": 16.12727}, "rc_at_100": {"relevant": 7.14545, "distractor": 61.2}, "rc_at_200": {"relevant": 7.89091, "distractor": 72.14545}, "rc_at_300": {"relevant": 8.16364, "distractor": 76.03636}, "rc_at_500": {"relevant": 8.56364, "distractor": 80.21818}, "rc_at_1000": {"relevant": 8.92727, "distractor": 85.50909}}