{"ndcg_at_1": 0.4206, "ndcg_at_3": 0.46679, "ndcg_at_5": 0.50161, "ndcg_at_10": 0.52729, "ndcg_at_20": 0.5476, "ndcg_at_100": 0.57744, "ndcg_at_200": 0.58527, "ndcg_at_300": 0.58864, "ndcg_at_500": 0.59144, "ndcg_at_1000": 0.59487, "map_at_1": 0.34404, "map_at_3": 0.41992, "map_at_5": 0.44619, "map_at_10": 0.46192, "map_at_20": 0.47008, "map_at_100": 0.47631, "map_at_200": 0.47703, "map_at_300": 0.47725, "map_at_500": 0.47739, "map_at_1000": 0.47752, "recall_at_1": 0.34404, "recall_at_3": 0.48446, "recall_at_5": 0.57481, "recall_at_10": 0.64754, "recall_at_20": 0.72221, "recall_at_100": 0.8578, "recall_at_200": 0.90445, "recall_at_300": 0.92591, "recall_at_500": 0.94328, "recall_at_1000": 0.9669, "precision_at_1": 0.4206, "precision_at_3": 0.21984, "precision_at_5": 0.16509, "precision_at_10": 0.10086, "precision_at_20": 0.0588, "precision_at_100": 0.01567, "precision_at_200": 0.00854, "precision_at_300": 0.00598, "precision_at_500": 0.00377, "precision_at_1000": 0.00202, "mrr_at_1": 0.4206, "mrr_at_3": 0.49165, "mrr_at_5": 0.51397, "mrr_at_10": 0.52315, "mrr_at_20": 0.52693, "mrr_at_100": 0.52935, "mrr_at_200": 0.52963, "mrr_at_300": 0.5297, "mrr_at_500": 0.52974, "mrr_at_1000": 0.52976, "rc_at_1": {"relevant": 0.0, "distractor": 0.0}, "rc_at_3": {"relevant": 0.0, "distractor": 0.0}, "rc_at_5": {"relevant": 0.0, "distractor": 0.0}, "rc_at_10": {"relevant": 0.0, "distractor": 0.0}, "rc_at_20": {"relevant": 0.0, "distractor": 0.0}, "rc_at_100": {"relevant": 0.0, "distractor": 0.0}, "rc_at_200": {"relevant": 0.0, "distractor": 0.0}, "rc_at_300": {"relevant": 0.0, "distractor": 0.0}, "rc_at_500": {"relevant": 0.0, "distractor": 0.0}, "rc_at_1000": {"relevant": 0.0, "distractor": 0.0}}