{"ndcg_at_1": 0.26687, "ndcg_at_3": 0.31088, "ndcg_at_5": 0.3267, "ndcg_at_10": 0.34836, "ndcg_at_20": 0.36647, "ndcg_at_100": 0.39166, "ndcg_at_200": 0.40181, "ndcg_at_300": 0.40583, "ndcg_at_500": 0.40993, "ndcg_at_1000": 0.41562, "map_at_1": 0.23484, "map_at_3": 0.28778, "map_at_5": 0.29773, "map_at_10": 0.30701, "map_at_20": 0.31253, "map_at_100": 0.31636, "map_at_200": 0.31695, "map_at_300": 0.31711, "map_at_500": 0.31723, "map_at_1000": 0.31732, "recall_at_1": 0.23484, "recall_at_3": 0.34365, "recall_at_5": 0.38322, "recall_at_10": 0.44804, "recall_at_20": 0.51518, "recall_at_100": 0.64206, "recall_at_200": 0.70925, "recall_at_300": 0.73733, "recall_at_500": 0.76887, "recall_at_1000": 0.81669, "precision_at_1": 0.26687, "precision_at_3": 0.13344, "precision_at_5": 0.0911, "precision_at_10": 0.05475, "precision_at_20": 0.03167, "precision_at_100": 0.00813, "precision_at_200": 0.00455, "precision_at_300": 0.0032, "precision_at_500": 0.00202, "precision_at_1000": 0.0011, "mrr_at_1": 0.26687, "mrr_at_3": 0.3157, "mrr_at_5": 0.32605, "mrr_at_10": 0.33533, "mrr_at_20": 0.33995, "mrr_at_100": 0.34304, "mrr_at_200": 0.34355, "mrr_at_300": 0.34365, "mrr_at_500": 0.34373, "mrr_at_1000": 0.3438, "rc_at_1": {"relevant": 0.0, "distractor": 0.0}, "rc_at_3": {"relevant": 0.0, "distractor": 0.0}, "rc_at_5": {"relevant": 0.0, "distractor": 0.0}, "rc_at_10": {"relevant": 0.0, "distractor": 0.0}, "rc_at_20": {"relevant": 0.0, "distractor": 0.0}, "rc_at_100": {"relevant": 0.0, "distractor": 0.0}, "rc_at_200": {"relevant": 0.0, "distractor": 0.0}, "rc_at_300": {"relevant": 0.0, "distractor": 0.0}, "rc_at_500": {"relevant": 0.0, "distractor": 0.0}, "rc_at_1000": {"relevant": 0.0, "distractor": 0.0}}