{"ndcg_at_1": 0.073, "ndcg_at_3": 0.05704, "ndcg_at_5": 0.04709, "ndcg_at_10": 0.05843, "ndcg_at_20": 0.0697, "ndcg_at_100": 0.09535, "ndcg_at_200": 0.10687, "ndcg_at_300": 0.11356, "ndcg_at_500": 0.12294, "ndcg_at_1000": 0.13847, "map_at_1": 0.0148, "map_at_3": 0.02347, "map_at_5": 0.02592, "map_at_10": 0.03004, "map_at_20": 0.03299, "map_at_100": 0.03647, "map_at_200": 0.03719, "map_at_300": 0.03746, "map_at_500": 0.03774, "map_at_1000": 0.03804, "recall_at_1": 0.0148, "recall_at_3": 0.0317, "recall_at_5": 0.03985, "recall_at_10": 0.06057, "recall_at_20": 0.08707, "recall_at_100": 0.17258, "recall_at_200": 0.2218, "recall_at_300": 0.25338, "recall_at_500": 0.30138, "recall_at_1000": 0.3889, "precision_at_1": 0.073, "precision_at_3": 0.05233, "precision_at_5": 0.0394, "precision_at_10": 0.0298, "precision_at_20": 0.02145, "precision_at_100": 0.00849, "precision_at_200": 0.00545, "precision_at_300": 0.00415, "precision_at_500": 0.00296, "precision_at_1000": 0.00191, "mrr_at_1": 0.072, "mrr_at_3": 0.10233, "mrr_at_5": 0.10858, "mrr_at_10": 0.11764, "mrr_at_20": 0.12292, "mrr_at_100": 0.12696, "mrr_at_200": 0.1276, "mrr_at_300": 0.12782, "mrr_at_500": 0.128, "mrr_at_1000": 0.12816, "rc_at_1": {"relevant": 0.0, "distractor": 0.0}, "rc_at_3": {"relevant": 0.0, "distractor": 0.0}, "rc_at_5": {"relevant": 0.0, "distractor": 0.0}, "rc_at_10": {"relevant": 0.0, "distractor": 0.0}, "rc_at_20": {"relevant": 0.0, "distractor": 0.0}, "rc_at_100": {"relevant": 0.0, "distractor": 0.0}, "rc_at_200": {"relevant": 0.0, "distractor": 0.0}, "rc_at_300": {"relevant": 0.0, "distractor": 0.0}, "rc_at_500": {"relevant": 0.0, "distractor": 0.0}, "rc_at_1000": {"relevant": 0.0, "distractor": 0.0}}