{"ndcg_at_1": 0.83241, "ndcg_at_3": 0.65433, "ndcg_at_5": 0.67582, "ndcg_at_10": 0.69194, "ndcg_at_20": 0.70215, "ndcg_at_100": 0.71749, "ndcg_at_200": 0.72203, "ndcg_at_300": 0.72433, "ndcg_at_500": 0.72664, "ndcg_at_1000": 0.72943, "map_at_1": 0.41621, "map_at_3": 0.57903, "map_at_5": 0.59628, "map_at_10": 0.60606, "map_at_20": 0.61015, "map_at_100": 0.61333, "map_at_200": 0.61369, "map_at_300": 0.6138, "map_at_500": 0.61389, "map_at_1000": 0.61395, "recall_at_1": 0.41621, "recall_at_3": 0.61128, "recall_at_5": 0.65368, "recall_at_10": 0.69392, "recall_at_20": 0.72681, "recall_at_100": 0.79446, "recall_at_200": 0.82086, "recall_at_300": 0.83572, "recall_at_500": 0.85199, "recall_at_1000": 0.87346, "precision_at_1": 0.83241, "precision_at_3": 0.40752, "precision_at_5": 0.26147, "precision_at_10": 0.13878, "precision_at_20": 0.07268, "precision_at_100": 0.01589, "precision_at_200": 0.00821, "precision_at_300": 0.00557, "precision_at_500": 0.00341, "precision_at_1000": 0.00175, "mrr_at_1": 0.83241, "mrr_at_3": 0.86786, "mrr_at_5": 0.87241, "mrr_at_10": 0.87486, "mrr_at_20": 0.87586, "mrr_at_100": 0.87637, "mrr_at_200": 0.87641, "mrr_at_300": 0.87642, "mrr_at_500": 0.87643, "mrr_at_1000": 0.87643, "rc_at_1": {"relevant": 0.0, "distractor": 0.0}, "rc_at_3": {"relevant": 0.0, "distractor": 0.0}, "rc_at_5": {"relevant": 0.0, "distractor": 0.0}, "rc_at_10": {"relevant": 0.0, "distractor": 0.0}, "rc_at_20": {"relevant": 0.0, "distractor": 0.0}, "rc_at_100": {"relevant": 0.0, "distractor": 0.0}, "rc_at_200": {"relevant": 0.0, "distractor": 0.0}, "rc_at_300": {"relevant": 0.0, "distractor": 0.0}, "rc_at_500": {"relevant": 0.0, "distractor": 0.0}, "rc_at_1000": {"relevant": 0.0, "distractor": 0.0}}