{"ndcg_at_1": 0.57, "ndcg_at_3": 0.56285, "ndcg_at_5": 0.54587, "ndcg_at_10": 0.53773, "ndcg_at_20": 0.49901, "ndcg_at_100": 0.37707, "ndcg_at_200": 0.31388, "ndcg_at_300": 0.28824, "ndcg_at_500": 0.27683, "ndcg_at_1000": 0.31197, "map_at_1": 0.0016, "map_at_3": 0.0042, "map_at_5": 0.00628, "map_at_10": 0.01159, "map_at_20": 0.01987, "map_at_100": 0.05717, "map_at_200": 0.07949, "map_at_300": 0.09381, "map_at_500": 0.10807, "map_at_1000": 0.12361, "recall_at_1": 0.0016, "recall_at_3": 0.0045, "recall_at_5": 0.00706, "recall_at_10": 0.01376, "recall_at_20": 0.02472, "recall_at_100": 0.08436, "recall_at_200": 0.13107, "recall_at_300": 0.16582, "recall_at_500": 0.21216, "recall_at_1000": 0.2848, "precision_at_1": 0.64, "precision_at_3": 0.62667, "precision_at_5": 0.592, "precision_at_10": 0.578, "precision_at_20": 0.527, "precision_at_100": 0.3814, "precision_at_200": 0.3056, "precision_at_300": 0.26307, "precision_at_500": 0.20568, "precision_at_1000": 0.14058, "mrr_at_1": 0.64, "mrr_at_3": 0.70667, "mrr_at_5": 0.72967, "mrr_at_10": 0.7375, "mrr_at_20": 0.74004, "mrr_at_100": 0.74004, "mrr_at_200": 0.74023, "mrr_at_300": 0.74023, "mrr_at_500": 0.74023, "mrr_at_1000": 0.74023, "rc_at_1": {"relevant": 0.0, "distractor": 0.0}, "rc_at_3": {"relevant": 0.0, "distractor": 0.0}, "rc_at_5": {"relevant": 0.0, "distractor": 0.0}, "rc_at_10": {"relevant": 0.0, "distractor": 0.0}, "rc_at_20": {"relevant": 0.0, "distractor": 0.0}, "rc_at_100": {"relevant": 0.0, "distractor": 0.0}, "rc_at_200": {"relevant": 0.0, "distractor": 0.0}, "rc_at_300": {"relevant": 0.0, "distractor": 0.0}, "rc_at_500": {"relevant": 0.0, "distractor": 0.0}, "rc_at_1000": {"relevant": 0.0, "distractor": 0.0}}