{"ndcg_at_1": 0.52, "ndcg_at_3": 0.57655, "ndcg_at_5": 0.58655, "ndcg_at_10": 0.61886, "ndcg_at_20": 0.63693, "ndcg_at_100": 0.65692, "ndcg_at_200": 0.66123, "ndcg_at_300": 0.66328, "ndcg_at_500": 0.66542, "ndcg_at_1000": 0.66615, "map_at_1": 0.49567, "map_at_3": 0.55467, "map_at_5": 0.56189, "map_at_10": 0.57701, "map_at_20": 0.58259, "map_at_100": 0.58522, "map_at_200": 0.58546, "map_at_300": 0.58552, "map_at_500": 0.58557, "map_at_1000": 0.58558, "recall_at_1": 0.49567, "recall_at_3": 0.61689, "recall_at_5": 0.642, "recall_at_10": 0.73528, "recall_at_20": 0.805, "recall_at_100": 0.91367, "recall_at_200": 0.94333, "recall_at_300": 0.96, "recall_at_500": 0.97833, "recall_at_1000": 0.985, "precision_at_1": 0.52, "precision_at_3": 0.22222, "precision_at_5": 0.14067, "precision_at_10": 0.083, "precision_at_20": 0.04567, "precision_at_100": 0.01033, "precision_at_200": 0.00535, "precision_at_300": 0.00362, "precision_at_500": 0.00221, "precision_at_1000": 0.00111, "mrr_at_1": 0.52, "mrr_at_3": 0.57167, "mrr_at_5": 0.57733, "mrr_at_10": 0.58945, "mrr_at_20": 0.59342, "mrr_at_100": 0.59582, "mrr_at_200": 0.59602, "mrr_at_300": 0.59609, "mrr_at_500": 0.59612, "mrr_at_1000": 0.59614, "rc_at_1": {"relevant": 0.0, "distractor": 0.0}, "rc_at_3": {"relevant": 0.0, "distractor": 0.0}, "rc_at_5": {"relevant": 0.0, "distractor": 0.0}, "rc_at_10": {"relevant": 0.0, "distractor": 0.0}, "rc_at_20": {"relevant": 0.0, "distractor": 0.0}, "rc_at_100": {"relevant": 0.0, "distractor": 0.0}, "rc_at_200": {"relevant": 0.0, "distractor": 0.0}, "rc_at_300": {"relevant": 0.0, "distractor": 0.0}, "rc_at_500": {"relevant": 0.0, "distractor": 0.0}, "rc_at_1000": {"relevant": 0.0, "distractor": 0.0}}