{"ndcg_at_1": 0.3452, "ndcg_at_3": 0.30444, "ndcg_at_5": 0.28301, "ndcg_at_10": 0.25892, "ndcg_at_20": 0.24204, "ndcg_at_100": 0.24038, "ndcg_at_200": 0.25696, "ndcg_at_300": 0.27141, "ndcg_at_500": 0.29488, "ndcg_at_1000": 0.3335, "map_at_1": 0.04026, "map_at_3": 0.06391, "map_at_5": 0.07484, "map_at_10": 0.0899, "map_at_20": 0.09945, "map_at_100": 0.11173, "map_at_200": 0.1155, "map_at_300": 0.11754, "map_at_500": 0.12004, "map_at_1000": 0.12342, "recall_at_1": 0.04026, "recall_at_3": 0.07262, "recall_at_5": 0.09173, "recall_at_10": 0.12909, "recall_at_20": 0.1601, "recall_at_100": 0.25289, "recall_at_200": 0.31248, "recall_at_300": 0.36039, "recall_at_500": 0.44293, "recall_at_1000": 0.56977, "precision_at_1": 0.35913, "precision_at_3": 0.28483, "precision_at_5": 0.24334, "precision_at_10": 0.18947, "precision_at_20": 0.14133, "precision_at_100": 0.05935, "precision_at_200": 0.04116, "precision_at_300": 0.03379, "precision_at_500": 0.02626, "precision_at_1000": 0.0189, "mrr_at_1": 0.36223, "mrr_at_3": 0.4226, "mrr_at_5": 0.43731, "mrr_at_10": 0.44549, "mrr_at_20": 0.44969, "mrr_at_100": 0.45302, "mrr_at_200": 0.45333, "mrr_at_300": 0.45347, "mrr_at_500": 0.45357, "mrr_at_1000": 0.4536, "rc_at_1": {"relevant": 0.0, "distractor": 0.0}, "rc_at_3": {"relevant": 0.0, "distractor": 0.0}, "rc_at_5": {"relevant": 0.0, "distractor": 0.0}, "rc_at_10": {"relevant": 0.0, "distractor": 0.0}, "rc_at_20": {"relevant": 0.0, "distractor": 0.0}, "rc_at_100": {"relevant": 0.0, "distractor": 0.0}, "rc_at_200": {"relevant": 0.0, "distractor": 0.0}, "rc_at_300": {"relevant": 0.0, "distractor": 0.0}, "rc_at_500": {"relevant": 0.0, "distractor": 0.0}, "rc_at_1000": {"relevant": 0.0, "distractor": 0.0}}