{"ndcg_at_1": 0.35385, "ndcg_at_3": 0.32213, "ndcg_at_5": 0.28579, "ndcg_at_10": 0.24551, "ndcg_at_20": 0.29649, "ndcg_at_100": 0.4427, "ndcg_at_200": 0.48348, "ndcg_at_300": 0.49464, "ndcg_at_500": 0.50299, "ndcg_at_1000": 0.50866, "map_at_1": 0.03538, "map_at_3": 0.07897, "map_at_5": 0.09844, "map_at_10": 0.13605, "map_at_20": 0.15869, "map_at_100": 0.20087, "map_at_200": 0.20862, "map_at_300": 0.20992, "map_at_500": 0.21062, "map_at_1000": 0.21092, "recall_at_1": 0.03538, "recall_at_3": 0.09385, "recall_at_5": 0.13231, "recall_at_10": 0.21846, "recall_at_20": 0.31077, "recall_at_100": 0.68923, "recall_at_200": 0.82, "recall_at_300": 0.86, "recall_at_500": 0.89231, "recall_at_1000": 0.91692, "precision_at_1": 0.35385, "precision_at_3": 0.31282, "precision_at_5": 0.26462, "precision_at_10": 0.21846, "precision_at_20": 0.15538, "precision_at_100": 0.06892, "precision_at_200": 0.041, "precision_at_300": 0.02867, "precision_at_500": 0.01785, "precision_at_1000": 0.00917, "mrr_at_1": 0.35385, "mrr_at_3": 0.43846, "mrr_at_5": 0.47231, "mrr_at_10": 0.48931, "mrr_at_20": 0.49603, "mrr_at_100": 0.49809, "mrr_at_200": 0.49809, "mrr_at_300": 0.49809, "mrr_at_500": 0.49809, "mrr_at_1000": 0.49809, "rc_at_1": {"relevant": 0.35385, "distractor": 0.64615}, "rc_at_3": {"relevant": 0.92308, "distractor": 2.06154}, "rc_at_5": {"relevant": 1.32308, "distractor": 3.64615}, "rc_at_10": {"relevant": 2.18462, "distractor": 7.64615}, "rc_at_20": {"relevant": 3.12308, "distractor": 16.23077}, "rc_at_100": {"relevant": 6.89231, "distractor": 70.26154}, "rc_at_200": {"relevant": 8.2, "distractor": 83.4}, "rc_at_300": {"relevant": 8.6, "distractor": 87.33846}, "rc_at_500": {"relevant": 8.92308, "distractor": 90.2}, "rc_at_1000": {"relevant": 9.16923, "distractor": 93.32308}}