{"ndcg_at_1": 0.14726, "ndcg_at_3": 0.17095, "ndcg_at_5": 0.18069, "ndcg_at_10": 0.19739, "ndcg_at_20": 0.21162, "ndcg_at_100": 0.2451, "ndcg_at_200": 0.25472, "ndcg_at_300": 0.2613, "ndcg_at_500": 0.26843, "ndcg_at_1000": 0.27752, "map_at_1": 0.11833, "map_at_3": 0.1505, "map_at_5": 0.15697, "map_at_10": 0.16451, "map_at_20": 0.16855, "map_at_100": 0.17327, "map_at_200": 0.17384, "map_at_300": 0.1741, "map_at_500": 0.17431, "map_at_1000": 0.17448, "recall_at_1": 0.11833, "recall_at_3": 0.18915, "recall_at_5": 0.21703, "recall_at_10": 0.26734, "recall_at_20": 0.31868, "recall_at_100": 0.48475, "recall_at_200": 0.54472, "recall_at_300": 0.58986, "recall_at_500": 0.64218, "recall_at_1000": 0.71607, "precision_at_1": 0.14726, "precision_at_3": 0.08053, "precision_at_5": 0.05621, "precision_at_10": 0.0359, "precision_at_20": 0.02194, "precision_at_100": 0.00706, "precision_at_200": 0.00411, "precision_at_300": 0.00304, "precision_at_500": 0.00205, "precision_at_1000": 0.00118, "mrr_at_1": 0.14918, "mrr_at_3": 0.18255, "mrr_at_5": 0.19135, "mrr_at_10": 0.19943, "mrr_at_20": 0.20367, "mrr_at_100": 0.20794, "mrr_at_200": 0.20838, "mrr_at_300": 0.20857, "mrr_at_500": 0.2087, "mrr_at_1000": 0.20879, "rc_at_1": {"relevant": 0.0, "distractor": 0.0}, "rc_at_3": {"relevant": 0.0, "distractor": 0.0}, "rc_at_5": {"relevant": 0.0, "distractor": 0.0}, "rc_at_10": {"relevant": 0.0, "distractor": 0.0}, "rc_at_20": {"relevant": 0.0, "distractor": 0.0}, "rc_at_100": {"relevant": 0.0, "distractor": 0.0}, "rc_at_200": {"relevant": 0.0, "distractor": 0.0}, "rc_at_300": {"relevant": 0.0, "distractor": 0.0}, "rc_at_500": {"relevant": 0.0, "distractor": 0.0}, "rc_at_1000": {"relevant": 0.0, "distractor": 0.0}}