{"ndcg_at_1": 0.64716, "ndcg_at_3": 0.71954, "ndcg_at_5": 0.73517, "ndcg_at_10": 0.75047, "ndcg_at_20": 0.75918, "ndcg_at_100": 0.768, "ndcg_at_200": 0.77001, "ndcg_at_300": 0.77079, "ndcg_at_500": 0.77188, "ndcg_at_1000": 0.77275, "map_at_1": 0.60048, "map_at_3": 0.68514, "map_at_5": 0.69489, "map_at_10": 0.70181, "map_at_20": 0.70457, "map_at_100": 0.70604, "map_at_200": 0.70617, "map_at_300": 0.7062, "map_at_500": 0.70624, "map_at_1000": 0.70626, "recall_at_1": 0.60048, "recall_at_3": 0.77556, "recall_at_5": 0.8146, "recall_at_10": 0.86054, "recall_at_20": 0.89227, "recall_at_100": 0.93565, "recall_at_200": 0.94833, "recall_at_300": 0.95345, "recall_at_500": 0.96168, "recall_at_1000": 0.96846, "precision_at_1": 0.64716, "precision_at_3": 0.28168, "precision_at_5": 0.17834, "precision_at_10": 0.09482, "precision_at_20": 0.0496, "precision_at_100": 0.01055, "precision_at_200": 0.00538, "precision_at_300": 0.00362, "precision_at_500": 0.0022, "precision_at_1000": 0.00112, "mrr_at_1": 0.64716, "mrr_at_3": 0.72782, "mrr_at_5": 0.73686, "mrr_at_10": 0.74294, "mrr_at_20": 0.74495, "mrr_at_100": 0.74588, "mrr_at_200": 0.74594, "mrr_at_300": 0.74595, "mrr_at_500": 0.74597, "mrr_at_1000": 0.74597, "rc_at_1": {"relevant": 0.0, "distractor": 0.0}, "rc_at_3": {"relevant": 0.0, "distractor": 0.0}, "rc_at_5": {"relevant": 0.0, "distractor": 0.0}, "rc_at_10": {"relevant": 0.0, "distractor": 0.0}, "rc_at_20": {"relevant": 0.0, "distractor": 0.0}, "rc_at_100": {"relevant": 0.0, "distractor": 0.0}, "rc_at_200": {"relevant": 0.0, "distractor": 0.0}, "rc_at_300": {"relevant": 0.0, "distractor": 0.0}, "rc_at_500": {"relevant": 0.0, "distractor": 0.0}, "rc_at_1000": {"relevant": 0.0, "distractor": 0.0}}