{"ndcg_at_1": 0.16821, "ndcg_at_3": 0.23393, "ndcg_at_5": 0.26474, "ndcg_at_10": 0.2896, "ndcg_at_20": 0.3046, "ndcg_at_100": 0.33467, "ndcg_at_200": 0.34526, "ndcg_at_300": 0.34926, "ndcg_at_500": 0.35633, "ndcg_at_1000": 0.36341, "map_at_1": 0.15163, "map_at_3": 0.20972, "map_at_5": 0.22783, "map_at_10": 0.23873, "map_at_20": 0.24304, "map_at_100": 0.24705, "map_at_200": 0.24763, "map_at_300": 0.24779, "map_at_500": 0.24798, "map_at_1000": 0.24811, "recall_at_1": 0.15163, "recall_at_3": 0.28185, "recall_at_5": 0.35587, "recall_at_10": 0.42901, "recall_at_20": 0.48455, "recall_at_100": 0.64228, "recall_at_200": 0.71393, "recall_at_300": 0.74112, "recall_at_500": 0.79748, "recall_at_1000": 0.85822, "precision_at_1": 0.16821, "precision_at_3": 0.10536, "precision_at_5": 0.08059, "precision_at_10": 0.04954, "precision_at_20": 0.02828, "precision_at_100": 0.0078, "precision_at_200": 0.00442, "precision_at_300": 0.00312, "precision_at_500": 0.00204, "precision_at_1000": 0.00114, "mrr_at_1": 0.16821, "mrr_at_3": 0.23044, "mrr_at_5": 0.24707, "mrr_at_10": 0.25719, "mrr_at_20": 0.26159, "mrr_at_100": 0.26528, "mrr_at_200": 0.26579, "mrr_at_300": 0.26589, "mrr_at_500": 0.26602, "mrr_at_1000": 0.2661, "rc_at_1": {"relevant": 0.0, "distractor": 0.0}, "rc_at_3": {"relevant": 0.0, "distractor": 0.0}, "rc_at_5": {"relevant": 0.0, "distractor": 0.0}, "rc_at_10": {"relevant": 0.0, "distractor": 0.0}, "rc_at_20": {"relevant": 0.0, "distractor": 0.0}, "rc_at_100": {"relevant": 0.0, "distractor": 0.0}, "rc_at_200": {"relevant": 0.0, "distractor": 0.0}, "rc_at_300": {"relevant": 0.0, "distractor": 0.0}, "rc_at_500": {"relevant": 0.0, "distractor": 0.0}, "rc_at_1000": {"relevant": 0.0, "distractor": 0.0}}