{"ndcg_at_1": 0.23146, "ndcg_at_3": 0.30755, "ndcg_at_5": 0.34082, "ndcg_at_10": 0.37263, "ndcg_at_20": 0.39513, "ndcg_at_100": 0.4256, "ndcg_at_200": 0.43241, "ndcg_at_300": 0.43586, "ndcg_at_500": 0.43915, "ndcg_at_1000": 0.44272, "map_at_1": 0.20766, "map_at_3": 0.27983, "map_at_5": 0.29924, "map_at_10": 0.31338, "map_at_20": 0.31999, "map_at_100": 0.32451, "map_at_200": 0.32491, "map_at_300": 0.32503, "map_at_500": 0.32512, "map_at_1000": 0.32517, "recall_at_1": 0.20766, "recall_at_3": 0.3638, "recall_at_5": 0.4409, "recall_at_10": 0.5336, "recall_at_20": 0.61756, "recall_at_100": 0.77313, "recall_at_200": 0.8188, "recall_at_300": 0.84449, "recall_at_500": 0.87085, "recall_at_1000": 0.90308, "precision_at_1": 0.23146, "precision_at_3": 0.13924, "precision_at_5": 0.10226, "precision_at_10": 0.06254, "precision_at_20": 0.0366, "precision_at_100": 0.00928, "precision_at_200": 0.00493, "precision_at_300": 0.0034, "precision_at_500": 0.00211, "precision_at_1000": 0.00109, "mrr_at_1": 0.23146, "mrr_at_3": 0.30398, "mrr_at_5": 0.32194, "mrr_at_10": 0.33451, "mrr_at_20": 0.34029, "mrr_at_100": 0.34419, "mrr_at_200": 0.34449, "mrr_at_300": 0.34459, "mrr_at_500": 0.34465, "mrr_at_1000": 0.34469, "rc_at_1": {"relevant": 0.0, "distractor": 0.0}, "rc_at_3": {"relevant": 0.0, "distractor": 0.0}, "rc_at_5": {"relevant": 0.0, "distractor": 0.0}, "rc_at_10": {"relevant": 0.0, "distractor": 0.0}, "rc_at_20": {"relevant": 0.0, "distractor": 0.0}, "rc_at_100": {"relevant": 0.0, "distractor": 0.0}, "rc_at_200": {"relevant": 0.0, "distractor": 0.0}, "rc_at_300": {"relevant": 0.0, "distractor": 0.0}, "rc_at_500": {"relevant": 0.0, "distractor": 0.0}, "rc_at_1000": {"relevant": 0.0, "distractor": 0.0}}