{"ndcg_at_1": 0.6653, "ndcg_at_3": 0.7313, "ndcg_at_5": 0.75838, "ndcg_at_10": 0.78466, "ndcg_at_20": 0.79734, "ndcg_at_100": 0.80627, "ndcg_at_200": 0.80734, "ndcg_at_300": 0.8077, "ndcg_at_500": 0.80802, "ndcg_at_1000": 0.80819, "map_at_1": 0.58055, "map_at_3": 0.6902, "map_at_5": 0.71297, "map_at_10": 0.72916, "map_at_20": 0.73525, "map_at_100": 0.73795, "map_at_200": 0.73812, "map_at_300": 0.73816, "map_at_500": 0.73818, "map_at_1000": 0.73819, "recall_at_1": 0.58055, "recall_at_3": 0.76791, "recall_at_5": 0.83663, "recall_at_10": 0.91203, "recall_at_20": 0.9537, "recall_at_100": 0.98941, "recall_at_200": 0.99434, "recall_at_300": 0.99628, "recall_at_500": 0.99821, "recall_at_1000": 0.99923, "precision_at_1": 0.6653, "precision_at_3": 0.32403, "precision_at_5": 0.2205, "precision_at_10": 0.126, "precision_at_20": 0.06869, "precision_at_100": 0.01508, "precision_at_200": 0.00768, "precision_at_300": 0.00516, "precision_at_500": 0.00311, "precision_at_1000": 0.00156, "mrr_at_1": 0.6661, "mrr_at_3": 0.7366, "mrr_at_5": 0.75028, "mrr_at_10": 0.75862, "mrr_at_20": 0.76076, "mrr_at_100": 0.76136, "mrr_at_200": 0.76137, "mrr_at_300": 0.76138, "mrr_at_500": 0.76138, "mrr_at_1000": 0.76138, "rc_at_1": {"relevant": 0.0, "distractor": 0.0}, "rc_at_3": {"relevant": 0.0, "distractor": 0.0}, "rc_at_5": {"relevant": 0.0, "distractor": 0.0}, "rc_at_10": {"relevant": 0.0, "distractor": 0.0}, "rc_at_20": {"relevant": 0.0, "distractor": 0.0}, "rc_at_100": {"relevant": 0.0, "distractor": 0.0}, "rc_at_200": {"relevant": 0.0, "distractor": 0.0}, "rc_at_300": {"relevant": 0.0, "distractor": 0.0}, "rc_at_500": {"relevant": 0.0, "distractor": 0.0}, "rc_at_1000": {"relevant": 0.0, "distractor": 0.0}}