{"ndcg_at_1": 0.172, "ndcg_at_3": 0.14722, "ndcg_at_5": 0.12701, "ndcg_at_10": 0.15491, "ndcg_at_20": 0.17567, "ndcg_at_100": 0.21927, "ndcg_at_200": 0.23555, "ndcg_at_300": 0.24445, "ndcg_at_500": 0.25666, "ndcg_at_1000": 0.27373, "map_at_1": 0.03503, "map_at_3": 0.06378, "map_at_5": 0.07444, "map_at_10": 0.08712, "map_at_20": 0.09408, "map_at_100": 0.10187, "map_at_200": 0.10316, "map_at_300": 0.10362, "map_at_500": 0.10411, "map_at_1000": 0.10454, "recall_at_1": 0.03503, "recall_at_3": 0.08468, "recall_at_5": 0.11327, "recall_at_10": 0.16447, "recall_at_20": 0.21317, "recall_at_100": 0.35525, "recall_at_200": 0.4241, "recall_at_300": 0.46588, "recall_at_500": 0.52802, "recall_at_1000": 0.6241, "precision_at_1": 0.172, "precision_at_3": 0.13933, "precision_at_5": 0.1116, "precision_at_10": 0.081, "precision_at_20": 0.05255, "precision_at_100": 0.0175, "precision_at_200": 0.01044, "precision_at_300": 0.00765, "precision_at_500": 0.0052, "precision_at_1000": 0.00307, "mrr_at_1": 0.171, "mrr_at_3": 0.24433, "mrr_at_5": 0.26218, "mrr_at_10": 0.27637, "mrr_at_20": 0.2821, "mrr_at_100": 0.28694, "mrr_at_200": 0.28741, "mrr_at_300": 0.28758, "mrr_at_500": 0.28766, "mrr_at_1000": 0.28772, "rc_at_1": {"relevant": 0.0, "distractor": 0.0}, "rc_at_3": {"relevant": 0.0, "distractor": 0.0}, "rc_at_5": {"relevant": 0.0, "distractor": 0.0}, "rc_at_10": {"relevant": 0.0, "distractor": 0.0}, "rc_at_20": {"relevant": 0.0, "distractor": 0.0}, "rc_at_100": {"relevant": 0.0, "distractor": 0.0}, "rc_at_200": {"relevant": 0.0, "distractor": 0.0}, "rc_at_300": {"relevant": 0.0, "distractor": 0.0}, "rc_at_500": {"relevant": 0.0, "distractor": 0.0}, "rc_at_1000": {"relevant": 0.0, "distractor": 0.0}}