{"ndcg_at_1": 0.41538, "ndcg_at_3": 0.35007, "ndcg_at_5": 0.3107, "ndcg_at_10": 0.24839, "ndcg_at_20": 0.30368, "ndcg_at_100": 0.50719, "ndcg_at_200": 0.55113, "ndcg_at_300": 0.55459, "ndcg_at_500": 0.55776, "ndcg_at_1000": 0.55847, "map_at_1": 0.04154, "map_at_3": 0.09051, "map_at_5": 0.11359, "map_at_10": 0.1421, "map_at_20": 0.17231, "map_at_100": 0.23061, "map_at_200": 0.24077, "map_at_300": 0.24126, "map_at_500": 0.24158, "map_at_1000": 0.24162, "recall_at_1": 0.04154, "recall_at_3": 0.1, "recall_at_5": 0.14154, "recall_at_10": 0.20615, "recall_at_20": 0.30615, "recall_at_100": 0.83538, "recall_at_200": 0.97231, "recall_at_300": 0.98462, "recall_at_500": 0.99692, "recall_at_1000": 1.0, "precision_at_1": 0.41538, "precision_at_3": 0.33333, "precision_at_5": 0.28308, "precision_at_10": 0.20615, "precision_at_20": 0.15308, "precision_at_100": 0.08354, "precision_at_200": 0.04862, "precision_at_300": 0.03282, "precision_at_500": 0.01994, "precision_at_1000": 0.01, "mrr_at_1": 0.41538, "mrr_at_3": 0.4641, "mrr_at_5": 0.49641, "mrr_at_10": 0.51415, "mrr_at_20": 0.52016, "mrr_at_100": 0.52514, "mrr_at_200": 0.52514, "mrr_at_300": 0.52514, "mrr_at_500": 0.52514, "mrr_at_1000": 0.52514, "rc_at_1": {"relevant": 0.41538, "distractor": 0.58462}, "rc_at_3": {"relevant": 1.0, "distractor": 2.0}, "rc_at_5": {"relevant": 1.41538, "distractor": 3.58462}, "rc_at_10": {"relevant": 2.06154, "distractor": 7.93846}, "rc_at_20": {"relevant": 3.06154, "distractor": 16.83077}, "rc_at_100": {"relevant": 8.35385, "distractor": 88.12308}, "rc_at_200": {"relevant": 9.72308, "distractor": 98.38462}, "rc_at_300": {"relevant": 9.84615, "distractor": 98.84615}, "rc_at_500": {"relevant": 9.96923, "distractor": 99.29231}, "rc_at_1000": {"relevant": 10.0, "distractor": 99.63077}}