{"ndcg_at_1": 0.33981, "ndcg_at_3": 0.40701, "ndcg_at_5": 0.43466, "ndcg_at_10": 0.46041, "ndcg_at_20": 0.48323, "ndcg_at_100": 0.5098, "ndcg_at_200": 0.51757, "ndcg_at_300": 0.52194, "ndcg_at_500": 0.52459, "ndcg_at_1000": 0.52797, "map_at_1": 0.29501, "map_at_3": 0.37308, "map_at_5": 0.3907, "map_at_10": 0.40287, "map_at_20": 0.41005, "map_at_100": 0.41435, "map_at_200": 0.41487, "map_at_300": 0.41505, "map_at_500": 0.41514, "map_at_1000": 0.4152, "recall_at_1": 0.29501, "recall_at_3": 0.45668, "recall_at_5": 0.52345, "recall_at_10": 0.60013, "recall_at_20": 0.68544, "recall_at_100": 0.81638, "recall_at_200": 0.86534, "recall_at_300": 0.89654, "recall_at_500": 0.91603, "recall_at_1000": 0.9446, "precision_at_1": 0.33981, "precision_at_3": 0.18161, "precision_at_5": 0.12828, "precision_at_10": 0.07542, "precision_at_20": 0.04414, "precision_at_100": 0.01092, "precision_at_200": 0.00587, "precision_at_300": 0.00409, "precision_at_500": 0.00253, "precision_at_1000": 0.00131, "mrr_at_1": 0.33981, "mrr_at_3": 0.41108, "mrr_at_5": 0.42681, "mrr_at_10": 0.43697, "mrr_at_20": 0.44279, "mrr_at_100": 0.44578, "mrr_at_200": 0.4461, "mrr_at_300": 0.44621, "mrr_at_500": 0.44625, "mrr_at_1000": 0.44628, "rc_at_1": {"relevant": 0.0, "distractor": 0.0}, "rc_at_3": {"relevant": 0.0, "distractor": 0.0}, "rc_at_5": {"relevant": 0.0, "distractor": 0.0}, "rc_at_10": {"relevant": 0.0, "distractor": 0.0}, "rc_at_20": {"relevant": 0.0, "distractor": 0.0}, "rc_at_100": {"relevant": 0.0, "distractor": 0.0}, "rc_at_200": {"relevant": 0.0, "distractor": 0.0}, "rc_at_300": {"relevant": 0.0, "distractor": 0.0}, "rc_at_500": {"relevant": 0.0, "distractor": 0.0}, "rc_at_1000": {"relevant": 0.0, "distractor": 0.0}}