{"ndcg_at_1": 0.13474, "ndcg_at_3": 0.15102, "ndcg_at_5": 0.16298, "ndcg_at_10": 0.17821, "ndcg_at_20": 0.19365, "ndcg_at_100": 0.22495, "ndcg_at_200": 0.23715, "ndcg_at_300": 0.24423, "ndcg_at_500": 0.25204, "ndcg_at_1000": 0.26251, "map_at_1": 0.10657, "map_at_3": 0.13288, "map_at_5": 0.1408, "map_at_10": 0.14779, "map_at_20": 0.15231, "map_at_100": 0.15659, "map_at_200": 0.15729, "map_at_300": 0.15757, "map_at_500": 0.15779, "map_at_1000": 0.15798, "recall_at_1": 0.10657, "recall_at_3": 0.16338, "recall_at_5": 0.19583, "recall_at_10": 0.2427, "recall_at_20": 0.29997, "recall_at_100": 0.45649, "recall_at_200": 0.5317, "recall_at_300": 0.58028, "recall_at_500": 0.63777, "recall_at_1000": 0.72387, "precision_at_1": 0.13474, "precision_at_3": 0.06994, "precision_at_5": 0.0514, "precision_at_10": 0.03292, "precision_at_20": 0.02064, "precision_at_100": 0.00669, "precision_at_200": 0.00408, "precision_at_300": 0.00305, "precision_at_500": 0.00207, "precision_at_1000": 0.00121, "mrr_at_1": 0.12801, "mrr_at_3": 0.15961, "mrr_at_5": 0.16952, "mrr_at_10": 0.17718, "mrr_at_20": 0.18069, "mrr_at_100": 0.1849, "mrr_at_200": 0.18549, "mrr_at_300": 0.18567, "mrr_at_500": 0.18581, "mrr_at_1000": 0.18592, "rc_at_1": {"relevant": 0.0, "distractor": 0.0}, "rc_at_3": {"relevant": 0.0, "distractor": 0.0}, "rc_at_5": {"relevant": 0.0, "distractor": 0.0}, "rc_at_10": {"relevant": 0.0, "distractor": 0.0}, "rc_at_20": {"relevant": 0.0, "distractor": 0.0}, "rc_at_100": {"relevant": 0.0, "distractor": 0.0}, "rc_at_200": {"relevant": 0.0, "distractor": 0.0}, "rc_at_300": {"relevant": 0.0, "distractor": 0.0}, "rc_at_500": {"relevant": 0.0, "distractor": 0.0}, "rc_at_1000": {"relevant": 0.0, "distractor": 0.0}}