{"ndcg_at_1": 0.00782, "ndcg_at_3": 0.00981, "ndcg_at_5": 0.01015, "ndcg_at_10": 0.01164, "ndcg_at_20": 0.01383, "ndcg_at_100": 0.02047, "ndcg_at_200": 0.02355, "ndcg_at_300": 0.02558, "ndcg_at_500": 0.02813, "ndcg_at_1000": 0.03296, "map_at_1": 0.00385, "map_at_3": 0.007, "map_at_5": 0.00726, "map_at_10": 0.00773, "map_at_20": 0.00826, "map_at_100": 0.00899, "map_at_200": 0.00913, "map_at_300": 0.00919, "map_at_500": 0.00925, "map_at_1000": 0.00931, "recall_at_1": 0.00385, "recall_at_3": 0.01086, "recall_at_5": 0.012, "recall_at_10": 0.01544, "recall_at_20": 0.02176, "recall_at_100": 0.05182, "recall_at_200": 0.06803, "recall_at_300": 0.08033, "recall_at_500": 0.09695, "recall_at_1000": 0.13145, "precision_at_1": 0.00782, "precision_at_3": 0.00717, "precision_at_5": 0.00495, "precision_at_10": 0.00339, "precision_at_20": 0.00251, "precision_at_100": 0.00119, "precision_at_200": 0.00082, "precision_at_300": 0.00065, "precision_at_500": 0.00048, "precision_at_1000": 0.00033, "mrr_at_1": 0.00847, "mrr_at_3": 0.0139, "mrr_at_5": 0.01461, "mrr_at_10": 0.01605, "mrr_at_20": 0.01696, "mrr_at_100": 0.01814, "mrr_at_200": 0.0184, "mrr_at_300": 0.01852, "mrr_at_500": 0.01859, "mrr_at_1000": 0.01868, "rc_at_1": {"relevant": 0.0, "distractor": 0.0}, "rc_at_3": {"relevant": 0.0, "distractor": 0.0}, "rc_at_5": {"relevant": 0.0, "distractor": 0.0}, "rc_at_10": {"relevant": 0.0, "distractor": 0.0}, "rc_at_20": {"relevant": 0.0, "distractor": 0.0}, "rc_at_100": {"relevant": 0.0, "distractor": 0.0}, "rc_at_200": {"relevant": 0.0, "distractor": 0.0}, "rc_at_300": {"relevant": 0.0, "distractor": 0.0}, "rc_at_500": {"relevant": 0.0, "distractor": 0.0}, "rc_at_1000": {"relevant": 0.0, "distractor": 0.0}}