{"ndcg_at_1": 0.41193, "ndcg_at_3": 0.46034, "ndcg_at_5": 0.48397, "ndcg_at_10": 0.50652, "ndcg_at_20": 0.52864, "ndcg_at_100": 0.55905, "ndcg_at_200": 0.56643, "ndcg_at_300": 0.56984, "ndcg_at_500": 0.57405, "ndcg_at_1000": 0.57688, "map_at_1": 0.33348, "map_at_3": 0.41418, "map_at_5": 0.4329, "map_at_10": 0.44674, "map_at_20": 0.4544, "map_at_100": 0.46028, "map_at_200": 0.46091, "map_at_300": 0.46109, "map_at_500": 0.46125, "map_at_1000": 0.46132, "recall_at_1": 0.33348, "recall_at_3": 0.48898, "recall_at_5": 0.55418, "recall_at_10": 0.62213, "recall_at_20": 0.69921, "recall_at_100": 0.83656, "recall_at_200": 0.87758, "recall_at_300": 0.89995, "recall_at_500": 0.92995, "recall_at_1000": 0.95067, "precision_at_1": 0.41193, "precision_at_3": 0.22105, "precision_at_5": 0.15399, "precision_at_10": 0.09038, "precision_at_20": 0.05245, "precision_at_100": 0.01347, "precision_at_200": 0.00735, "precision_at_300": 0.00509, "precision_at_500": 0.00321, "precision_at_1000": 0.00168, "mrr_at_1": 0.41386, "mrr_at_3": 0.4854, "mrr_at_5": 0.49998, "mrr_at_10": 0.50735, "mrr_at_20": 0.51257, "mrr_at_100": 0.51561, "mrr_at_200": 0.51586, "mrr_at_300": 0.51593, "mrr_at_500": 0.51599, "mrr_at_1000": 0.51601, "rc_at_1": {"relevant": 0.0, "distractor": 0.0}, "rc_at_3": {"relevant": 0.0, "distractor": 0.0}, "rc_at_5": {"relevant": 0.0, "distractor": 0.0}, "rc_at_10": {"relevant": 0.0, "distractor": 0.0}, "rc_at_20": {"relevant": 0.0, "distractor": 0.0}, "rc_at_100": {"relevant": 0.0, "distractor": 0.0}, "rc_at_200": {"relevant": 0.0, "distractor": 0.0}, "rc_at_300": {"relevant": 0.0, "distractor": 0.0}, "rc_at_500": {"relevant": 0.0, "distractor": 0.0}, "rc_at_1000": {"relevant": 0.0, "distractor": 0.0}}