{"ndcg_at_1": 0.445, "ndcg_at_3": 0.35842, "ndcg_at_5": 0.3285, "ndcg_at_10": 0.30232, "ndcg_at_20": 0.28437, "ndcg_at_100": 0.3135, "ndcg_at_200": 0.33359, "ndcg_at_300": 0.34434, "ndcg_at_500": 0.35768, "ndcg_at_1000": 0.37356, "map_at_1": 0.0588, "map_at_3": 0.09052, "map_at_5": 0.10383, "map_at_10": 0.11969, "map_at_20": 0.13291, "map_at_100": 0.15508, "map_at_200": 0.15955, "map_at_300": 0.16123, "map_at_500": 0.16281, "map_at_1000": 0.16412, "recall_at_1": 0.0588, "recall_at_3": 0.10158, "recall_at_5": 0.12583, "recall_at_10": 0.1659, "recall_at_20": 0.2065, "recall_at_100": 0.34605, "recall_at_200": 0.40712, "recall_at_300": 0.44078, "recall_at_500": 0.48668, "recall_at_1000": 0.54667, "precision_at_1": 0.545, "precision_at_3": 0.3775, "precision_at_5": 0.309, "precision_at_10": 0.232, "precision_at_20": 0.16325, "precision_at_100": 0.06682, "precision_at_200": 0.04244, "precision_at_300": 0.03222, "precision_at_500": 0.02259, "precision_at_1000": 0.01366, "mrr_at_1": 0.545, "mrr_at_3": 0.61042, "mrr_at_5": 0.62079, "mrr_at_10": 0.62935, "mrr_at_20": 0.63213, "mrr_at_100": 0.63419, "mrr_at_200": 0.63429, "mrr_at_300": 0.6343, "mrr_at_500": 0.63431, "mrr_at_1000": 0.63433, "rc_at_1": {"relevant": 0.0, "distractor": 0.0}, "rc_at_3": {"relevant": 0.0, "distractor": 0.0}, "rc_at_5": {"relevant": 0.0, "distractor": 0.0}, "rc_at_10": {"relevant": 0.0, "distractor": 0.0}, "rc_at_20": {"relevant": 0.0, "distractor": 0.0}, "rc_at_100": {"relevant": 0.0, "distractor": 0.0}, "rc_at_200": {"relevant": 0.0, "distractor": 0.0}, "rc_at_300": {"relevant": 0.0, "distractor": 0.0}, "rc_at_500": {"relevant": 0.0, "distractor": 0.0}, "rc_at_1000": {"relevant": 0.0, "distractor": 0.0}}