{"ndcg_at_1": 0.27692, "ndcg_at_3": 0.19794, "ndcg_at_5": 0.17425, "ndcg_at_10": 0.14674, "ndcg_at_20": 0.20209, "ndcg_at_100": 0.32555, "ndcg_at_200": 0.36949, "ndcg_at_300": 0.38358, "ndcg_at_500": 0.3974, "ndcg_at_1000": 0.41289, "map_at_1": 0.02769, "map_at_3": 0.0459, "map_at_5": 0.05521, "map_at_10": 0.07365, "map_at_20": 0.09827, "map_at_100": 0.13152, "map_at_200": 0.13797, "map_at_300": 0.13932, "map_at_500": 0.1403, "map_at_1000": 0.14101, "recall_at_1": 0.02769, "recall_at_3": 0.05385, "recall_at_5": 0.07692, "recall_at_10": 0.12462, "recall_at_20": 0.22462, "recall_at_100": 0.53846, "recall_at_200": 0.68, "recall_at_300": 0.73077, "recall_at_500": 0.78462, "recall_at_1000": 0.85077, "precision_at_1": 0.27692, "precision_at_3": 0.17949, "precision_at_5": 0.15385, "precision_at_10": 0.12462, "precision_at_20": 0.11231, "precision_at_100": 0.05385, "precision_at_200": 0.034, "precision_at_300": 0.02436, "precision_at_500": 0.01569, "precision_at_1000": 0.00851, "mrr_at_1": 0.27692, "mrr_at_3": 0.31026, "mrr_at_5": 0.33641, "mrr_at_10": 0.34811, "mrr_at_20": 0.35595, "mrr_at_100": 0.36379, "mrr_at_200": 0.36393, "mrr_at_300": 0.36393, "mrr_at_500": 0.36393, "mrr_at_1000": 0.36393, "rc_at_1": {"relevant": 0.27692, "distractor": 0.56923}, "rc_at_3": {"relevant": 0.53846, "distractor": 2.0}, "rc_at_5": {"relevant": 0.76923, "distractor": 3.35385}, "rc_at_10": {"relevant": 1.24615, "distractor": 6.8}, "rc_at_20": {"relevant": 2.24615, "distractor": 12.86154}, "rc_at_100": {"relevant": 5.38462, "distractor": 47.23077}, "rc_at_200": {"relevant": 6.8, "distractor": 62.30769}, "rc_at_300": {"relevant": 7.32308, "distractor": 69.55385}, "rc_at_500": {"relevant": 7.84615, "distractor": 77.50769}, "rc_at_1000": {"relevant": 8.50769, "distractor": 86.29231}}