{"ndcg_at_1": 0.237, "ndcg_at_3": 0.1937, "ndcg_at_5": 0.17051, "ndcg_at_10": 0.20353, "ndcg_at_20": 0.23235, "ndcg_at_100": 0.27927, "ndcg_at_200": 0.29514, "ndcg_at_300": 0.30421, "ndcg_at_500": 0.31471, "ndcg_at_1000": 0.32892, "map_at_1": 0.04813, "map_at_3": 0.08702, "map_at_5": 0.10412, "map_at_10": 0.12114, "map_at_20": 0.13189, "map_at_100": 0.14117, "map_at_200": 0.14252, "map_at_300": 0.14304, "map_at_500": 0.14346, "map_at_1000": 0.14386, "recall_at_1": 0.04813, "recall_at_3": 0.11042, "recall_at_5": 0.15242, "recall_at_10": 0.21308, "recall_at_20": 0.2808, "recall_at_100": 0.43335, "recall_at_200": 0.50057, "recall_at_300": 0.5433, "recall_at_500": 0.59695, "recall_at_1000": 0.67652, "precision_at_1": 0.237, "precision_at_3": 0.18133, "precision_at_5": 0.15, "precision_at_10": 0.1048, "precision_at_20": 0.06905, "precision_at_100": 0.02133, "precision_at_200": 0.01233, "precision_at_300": 0.00892, "precision_at_500": 0.00587, "precision_at_1000": 0.00333, "mrr_at_1": 0.237, "mrr_at_3": 0.3135, "mrr_at_5": 0.33675, "mrr_at_10": 0.34948, "mrr_at_20": 0.35552, "mrr_at_100": 0.35944, "mrr_at_200": 0.35984, "mrr_at_300": 0.35993, "mrr_at_500": 0.36001, "mrr_at_1000": 0.36004, "rc_at_1": {"relevant": 0.0, "distractor": 0.0}, "rc_at_3": {"relevant": 0.0, "distractor": 0.0}, "rc_at_5": {"relevant": 0.0, "distractor": 0.0}, "rc_at_10": {"relevant": 0.0, "distractor": 0.0}, "rc_at_20": {"relevant": 0.0, "distractor": 0.0}, "rc_at_100": {"relevant": 0.0, "distractor": 0.0}, "rc_at_200": {"relevant": 0.0, "distractor": 0.0}, "rc_at_300": {"relevant": 0.0, "distractor": 0.0}, "rc_at_500": {"relevant": 0.0, "distractor": 0.0}, "rc_at_1000": {"relevant": 0.0, "distractor": 0.0}}