{"ndcg_at_1": 0.17555, "ndcg_at_3": 0.19918, "ndcg_at_5": 0.21994, "ndcg_at_10": 0.23824, "ndcg_at_20": 0.25183, "ndcg_at_100": 0.2783, "ndcg_at_200": 0.28764, "ndcg_at_300": 0.29254, "ndcg_at_500": 0.29883, "ndcg_at_1000": 0.3069, "map_at_1": 0.1493, "map_at_3": 0.18088, "map_at_5": 0.19388, "map_at_10": 0.20201, "map_at_20": 0.2059, "map_at_100": 0.20964, "map_at_200": 0.21021, "map_at_300": 0.21039, "map_at_500": 0.21055, "map_at_1000": 0.21068, "recall_at_1": 0.1493, "recall_at_3": 0.21664, "recall_at_5": 0.2683, "recall_at_10": 0.32387, "recall_at_20": 0.37569, "recall_at_100": 0.5108, "recall_at_200": 0.57121, "recall_at_300": 0.60761, "recall_at_500": 0.65754, "recall_at_1000": 0.72877, "precision_at_1": 0.17555, "precision_at_3": 0.08903, "precision_at_5": 0.06646, "precision_at_10": 0.04082, "precision_at_20": 0.02408, "precision_at_100": 0.0068, "precision_at_200": 0.00387, "precision_at_300": 0.00276, "precision_at_500": 0.0018, "precision_at_1000": 0.001, "mrr_at_1": 0.17555, "mrr_at_3": 0.2094, "mrr_at_5": 0.2211, "mrr_at_10": 0.22871, "mrr_at_20": 0.23264, "mrr_at_100": 0.23599, "mrr_at_200": 0.23641, "mrr_at_300": 0.23655, "mrr_at_500": 0.23668, "mrr_at_1000": 0.23677, "rc_at_1": {"relevant": 0.0, "distractor": 0.0}, "rc_at_3": {"relevant": 0.0, "distractor": 0.0}, "rc_at_5": {"relevant": 0.0, "distractor": 0.0}, "rc_at_10": {"relevant": 0.0, "distractor": 0.0}, "rc_at_20": {"relevant": 0.0, "distractor": 0.0}, "rc_at_100": {"relevant": 0.0, "distractor": 0.0}, "rc_at_200": {"relevant": 0.0, "distractor": 0.0}, "rc_at_300": {"relevant": 0.0, "distractor": 0.0}, "rc_at_500": {"relevant": 0.0, "distractor": 0.0}, "rc_at_1000": {"relevant": 0.0, "distractor": 0.0}}