{"ndcg_at_1": 0.1875, "ndcg_at_3": 0.15864, "ndcg_at_5": 0.14886, "ndcg_at_10": 0.14122, "ndcg_at_20": 0.13416, "ndcg_at_100": 0.15623, "ndcg_at_200": 0.17074, "ndcg_at_300": 0.18052, "ndcg_at_500": 0.19124, "ndcg_at_1000": 0.20444, "map_at_1": 0.0252, "map_at_3": 0.0387, "map_at_5": 0.04462, "map_at_10": 0.05239, "map_at_20": 0.05717, "map_at_100": 0.06484, "map_at_200": 0.06683, "map_at_300": 0.06775, "map_at_500": 0.06856, "map_at_1000": 0.06932, "recall_at_1": 0.0252, "recall_at_3": 0.04618, "recall_at_5": 0.06232, "recall_at_10": 0.08931, "recall_at_20": 0.11609, "recall_at_100": 0.20431, "recall_at_200": 0.24712, "recall_at_300": 0.27795, "recall_at_500": 0.31672, "recall_at_1000": 0.3655, "precision_at_1": 0.24, "precision_at_3": 0.18333, "precision_at_5": 0.1565, "precision_at_10": 0.1155, "precision_at_20": 0.07863, "precision_at_100": 0.03322, "precision_at_200": 0.02215, "precision_at_300": 0.01757, "precision_at_500": 0.01272, "precision_at_1000": 0.00803, "mrr_at_1": 0.24, "mrr_at_3": 0.30875, "mrr_at_5": 0.32362, "mrr_at_10": 0.33555, "mrr_at_20": 0.33969, "mrr_at_100": 0.34464, "mrr_at_200": 0.34496, "mrr_at_300": 0.34509, "mrr_at_500": 0.34514, "mrr_at_1000": 0.34516, "rc_at_1": {"relevant": 0.0, "distractor": 0.0}, "rc_at_3": {"relevant": 0.0, "distractor": 0.0}, "rc_at_5": {"relevant": 0.0, "distractor": 0.0}, "rc_at_10": {"relevant": 0.0, "distractor": 0.0}, "rc_at_20": {"relevant": 0.0, "distractor": 0.0}, "rc_at_100": {"relevant": 0.0, "distractor": 0.0}, "rc_at_200": {"relevant": 0.0, "distractor": 0.0}, "rc_at_300": {"relevant": 0.0, "distractor": 0.0}, "rc_at_500": {"relevant": 0.0, "distractor": 0.0}, "rc_at_1000": {"relevant": 0.0, "distractor": 0.0}}