{"ndcg_at_1": 0.0625, "ndcg_at_3": 0.076, "ndcg_at_5": 0.0846, "ndcg_at_10": 0.09665, "ndcg_at_20": 0.10671, "ndcg_at_100": 0.12952, "ndcg_at_200": 0.13948, "ndcg_at_300": 0.14442, "ndcg_at_500": 0.15086, "ndcg_at_1000": 0.16067, "map_at_1": 0.05339, "map_at_3": 0.06802, "map_at_5": 0.07305, "map_at_10": 0.07804, "map_at_20": 0.08066, "map_at_100": 0.08375, "map_at_200": 0.08426, "map_at_300": 0.08444, "map_at_500": 0.0846, "map_at_1000": 0.08475, "recall_at_1": 0.05339, "recall_at_3": 0.08677, "recall_at_5": 0.10783, "recall_at_10": 0.14432, "recall_at_20": 0.18285, "recall_at_100": 0.29891, "recall_at_200": 0.36473, "recall_at_300": 0.39974, "recall_at_500": 0.45109, "recall_at_1000": 0.53619, "precision_at_1": 0.0625, "precision_at_3": 0.03389, "precision_at_5": 0.02593, "precision_at_10": 0.01726, "precision_at_20": 0.0111, "precision_at_100": 0.00384, "precision_at_200": 0.0024, "precision_at_300": 0.00179, "precision_at_500": 0.00122, "precision_at_1000": 0.00074, "mrr_at_1": 0.06063, "mrr_at_3": 0.07727, "mrr_at_5": 0.08198, "mrr_at_10": 0.08709, "mrr_at_20": 0.09041, "mrr_at_100": 0.09383, "mrr_at_200": 0.09433, "mrr_at_300": 0.0945, "mrr_at_500": 0.09464, "mrr_at_1000": 0.09476, "rc_at_1": {"relevant": 0.0, "distractor": 0.0}, "rc_at_3": {"relevant": 0.0, "distractor": 0.0}, "rc_at_5": {"relevant": 0.0, "distractor": 0.0}, "rc_at_10": {"relevant": 0.0, "distractor": 0.0}, "rc_at_20": {"relevant": 0.0, "distractor": 0.0}, "rc_at_100": {"relevant": 0.0, "distractor": 0.0}, "rc_at_200": {"relevant": 0.0, "distractor": 0.0}, "rc_at_300": {"relevant": 0.0, "distractor": 0.0}, "rc_at_500": {"relevant": 0.0, "distractor": 0.0}, "rc_at_1000": {"relevant": 0.0, "distractor": 0.0}}