{"ndcg_at_1": 0.00071, "ndcg_at_3": 0.20331, "ndcg_at_5": 0.25684, "ndcg_at_10": 0.30772, "ndcg_at_20": 0.34002, "ndcg_at_100": 0.36981, "ndcg_at_200": 0.37352, "ndcg_at_300": 0.37557, "ndcg_at_500": 0.37697, "ndcg_at_1000": 0.37841, "map_at_1": 0.00071, "map_at_3": 0.15339, "map_at_5": 0.18305, "map_at_10": 0.20421, "map_at_20": 0.21322, "map_at_100": 0.21753, "map_at_200": 0.21773, "map_at_300": 0.2178, "map_at_500": 0.21783, "map_at_1000": 0.21785, "recall_at_1": 0.00071, "recall_at_3": 0.3478, "recall_at_5": 0.47795, "recall_at_10": 0.63442, "recall_at_20": 0.76102, "recall_at_100": 0.91892, "recall_at_200": 0.94523, "recall_at_300": 0.96159, "recall_at_500": 0.97368, "recall_at_1000": 0.9872, "precision_at_1": 0.00071, "precision_at_3": 0.11593, "precision_at_5": 0.09559, "precision_at_10": 0.06344, "precision_at_20": 0.03805, "precision_at_100": 0.00919, "precision_at_200": 0.00473, "precision_at_300": 0.00321, "precision_at_500": 0.00195, "precision_at_1000": 0.00099, "mrr_at_1": 0.00071, "mrr_at_3": 0.15339, "mrr_at_5": 0.18305, "mrr_at_10": 0.20421, "mrr_at_20": 0.21322, "mrr_at_100": 0.21753, "mrr_at_200": 0.21773, "mrr_at_300": 0.2178, "mrr_at_500": 0.21783, "mrr_at_1000": 0.21785, "rc_at_1": {"relevant": 0.0, "distractor": 0.0}, "rc_at_3": {"relevant": 0.0, "distractor": 0.0}, "rc_at_5": {"relevant": 0.0, "distractor": 0.0}, "rc_at_10": {"relevant": 0.0, "distractor": 0.0}, "rc_at_20": {"relevant": 0.0, "distractor": 0.0}, "rc_at_100": {"relevant": 0.0, "distractor": 0.0}, "rc_at_200": {"relevant": 0.0, "distractor": 0.0}, "rc_at_300": {"relevant": 0.0, "distractor": 0.0}, "rc_at_500": {"relevant": 0.0, "distractor": 0.0}, "rc_at_1000": {"relevant": 0.0, "distractor": 0.0}}