{"ndcg_at_1": 0.8212, "ndcg_at_3": 0.86326, "ndcg_at_5": 0.8784, "ndcg_at_10": 0.8905, "ndcg_at_20": 0.8969, "ndcg_at_100": 0.90166, "ndcg_at_200": 0.90216, "ndcg_at_300": 0.90229, "ndcg_at_500": 0.90236, "ndcg_at_1000": 0.9024, "map_at_1": 0.71187, "map_at_3": 0.82443, "map_at_5": 0.84293, "map_at_10": 0.85363, "map_at_20": 0.8578, "map_at_100": 0.85992, "map_at_200": 0.86003, "map_at_300": 0.86005, "map_at_500": 0.86006, "map_at_1000": 0.86006, "recall_at_1": 0.71187, "recall_at_3": 0.88196, "recall_at_5": 0.92516, "recall_at_10": 0.96041, "recall_at_20": 0.98065, "recall_at_100": 0.9969, "recall_at_200": 0.9989, "recall_at_300": 0.99942, "recall_at_500": 0.99973, "recall_at_1000": 0.99992, "precision_at_1": 0.8212, "precision_at_3": 0.3783, "precision_at_5": 0.24832, "precision_at_10": 0.13516, "precision_at_20": 0.07172, "precision_at_100": 0.01537, "precision_at_200": 0.00777, "precision_at_300": 0.0052, "precision_at_500": 0.00313, "precision_at_1000": 0.00157, "mrr_at_1": 0.8212, "mrr_at_3": 0.8737, "mrr_at_5": 0.87989, "mrr_at_10": 0.88263, "mrr_at_20": 0.88336, "mrr_at_100": 0.88353, "mrr_at_200": 0.88354, "mrr_at_300": 0.88354, "mrr_at_500": 0.88354, "mrr_at_1000": 0.88354, "rc_at_1": {"relevant": 0.0, "distractor": 0.0}, "rc_at_3": {"relevant": 0.0, "distractor": 0.0}, "rc_at_5": {"relevant": 0.0, "distractor": 0.0}, "rc_at_10": {"relevant": 0.0, "distractor": 0.0}, "rc_at_20": {"relevant": 0.0, "distractor": 0.0}, "rc_at_100": {"relevant": 0.0, "distractor": 0.0}, "rc_at_200": {"relevant": 0.0, "distractor": 0.0}, "rc_at_300": {"relevant": 0.0, "distractor": 0.0}, "rc_at_500": {"relevant": 0.0, "distractor": 0.0}, "rc_at_1000": {"relevant": 0.0, "distractor": 0.0}}