{"ndcg_at_1": 0.59667, "ndcg_at_3": 0.66662, "ndcg_at_5": 0.68439, "ndcg_at_10": 0.70422, "ndcg_at_20": 0.71581, "ndcg_at_100": 0.7297, "ndcg_at_200": 0.73279, "ndcg_at_300": 0.73406, "ndcg_at_500": 0.73562, "ndcg_at_1000": 0.73562, "map_at_1": 0.56328, "map_at_3": 0.63807, "map_at_5": 0.65204, "map_at_10": 0.66204, "map_at_20": 0.66543, "map_at_100": 0.66744, "map_at_200": 0.66761, "map_at_300": 0.66765, "map_at_500": 0.66769, "map_at_1000": 0.66769, "recall_at_1": 0.56328, "recall_at_3": 0.71617, "recall_at_5": 0.76111, "recall_at_10": 0.81633, "recall_at_20": 0.86133, "recall_at_100": 0.935, "recall_at_200": 0.95667, "recall_at_300": 0.96667, "recall_at_500": 0.98, "recall_at_1000": 0.98, "precision_at_1": 0.59667, "precision_at_3": 0.26111, "precision_at_5": 0.17, "precision_at_10": 0.093, "precision_at_20": 0.049, "precision_at_100": 0.01063, "precision_at_200": 0.00543, "precision_at_300": 0.00366, "precision_at_500": 0.00222, "precision_at_1000": 0.00111, "mrr_at_1": 0.59667, "mrr_at_3": 0.66278, "mrr_at_5": 0.67028, "mrr_at_10": 0.67733, "mrr_at_20": 0.68009, "mrr_at_100": 0.68181, "mrr_at_200": 0.68195, "mrr_at_300": 0.682, "mrr_at_500": 0.68203, "mrr_at_1000": 0.68203, "rc_at_1": {"relevant": 0.0, "distractor": 0.0}, "rc_at_3": {"relevant": 0.0, "distractor": 0.0}, "rc_at_5": {"relevant": 0.0, "distractor": 0.0}, "rc_at_10": {"relevant": 0.0, "distractor": 0.0}, "rc_at_20": {"relevant": 0.0, "distractor": 0.0}, "rc_at_100": {"relevant": 0.0, "distractor": 0.0}, "rc_at_200": {"relevant": 0.0, "distractor": 0.0}, "rc_at_300": {"relevant": 0.0, "distractor": 0.0}, "rc_at_500": {"relevant": 0.0, "distractor": 0.0}, "rc_at_1000": {"relevant": 0.0, "distractor": 0.0}}