{"ndcg_at_1": 0.04743, "ndcg_at_3": 0.06623, "ndcg_at_5": 0.06986, "ndcg_at_10": 0.08099, "ndcg_at_20": 0.08901, "ndcg_at_100": 0.11088, "ndcg_at_200": 0.12151, "ndcg_at_300": 0.12824, "ndcg_at_500": 0.13682, "ndcg_at_1000": 0.15212, "map_at_1": 0.04173, "map_at_3": 0.05717, "map_at_5": 0.05962, "map_at_10": 0.0644, "map_at_20": 0.06671, "map_at_100": 0.06997, "map_at_200": 0.07062, "map_at_300": 0.07086, "map_at_500": 0.0711, "map_at_1000": 0.07136, "recall_at_1": 0.04173, "recall_at_3": 0.07568, "recall_at_5": 0.08647, "recall_at_10": 0.11709, "recall_at_20": 0.14775, "recall_at_100": 0.25853, "recall_at_200": 0.32514, "recall_at_300": 0.37272, "recall_at_500": 0.43718, "recall_at_1000": 0.5628, "precision_at_1": 0.04743, "precision_at_3": 0.03228, "precision_at_5": 0.02292, "precision_at_10": 0.0166, "precision_at_20": 0.01107, "precision_at_100": 0.00429, "precision_at_200": 0.00293, "precision_at_300": 0.00231, "precision_at_500": 0.0017, "precision_at_1000": 0.00118, "mrr_at_1": 0.04743, "mrr_at_3": 0.06785, "mrr_at_5": 0.07082, "mrr_at_10": 0.07625, "mrr_at_20": 0.07862, "mrr_at_100": 0.08191, "mrr_at_200": 0.08241, "mrr_at_300": 0.08266, "mrr_at_500": 0.08285, "mrr_at_1000": 0.08303, "rc_at_1": {"relevant": 0.0, "distractor": 0.0}, "rc_at_3": {"relevant": 0.0, "distractor": 0.0}, "rc_at_5": {"relevant": 0.0, "distractor": 0.0}, "rc_at_10": {"relevant": 0.0, "distractor": 0.0}, "rc_at_20": {"relevant": 0.0, "distractor": 0.0}, "rc_at_100": {"relevant": 0.0, "distractor": 0.0}, "rc_at_200": {"relevant": 0.0, "distractor": 0.0}, "rc_at_300": {"relevant": 0.0, "distractor": 0.0}, "rc_at_500": {"relevant": 0.0, "distractor": 0.0}, "rc_at_1000": {"relevant": 0.0, "distractor": 0.0}}