{"ndcg_at_1": 0.31623, "ndcg_at_3": 0.36941, "ndcg_at_5": 0.39557, "ndcg_at_10": 0.42716, "ndcg_at_20": 0.45039, "ndcg_at_100": 0.48235, "ndcg_at_200": 0.49131, "ndcg_at_300": 0.49446, "ndcg_at_500": 0.4984, "ndcg_at_1000": 0.50255, "map_at_1": 0.27399, "map_at_3": 0.33865, "map_at_5": 0.35602, "map_at_10": 0.37056, "map_at_20": 0.37785, "map_at_100": 0.38312, "map_at_200": 0.38373, "map_at_300": 0.38388, "map_at_500": 0.384, "map_at_1000": 0.38408, "recall_at_1": 0.27399, "recall_at_3": 0.40491, "recall_at_5": 0.47111, "recall_at_10": 0.56305, "recall_at_20": 0.64696, "recall_at_100": 0.79766, "recall_at_200": 0.8528, "recall_at_300": 0.87407, "recall_at_500": 0.90407, "recall_at_1000": 0.93737, "precision_at_1": 0.31623, "precision_at_3": 0.16667, "precision_at_5": 0.11903, "precision_at_10": 0.07285, "precision_at_20": 0.04296, "precision_at_100": 0.01139, "precision_at_200": 0.00622, "precision_at_300": 0.00428, "precision_at_500": 0.00268, "precision_at_1000": 0.00141, "mrr_at_1": 0.31623, "mrr_at_3": 0.37811, "mrr_at_5": 0.39378, "mrr_at_10": 0.40648, "mrr_at_20": 0.41214, "mrr_at_100": 0.41578, "mrr_at_200": 0.41613, "mrr_at_300": 0.4162, "mrr_at_500": 0.41626, "mrr_at_1000": 0.4163, "rc_at_1": {"relevant": 0.0, "distractor": 0.0}, "rc_at_3": {"relevant": 0.0, "distractor": 0.0}, "rc_at_5": {"relevant": 0.0, "distractor": 0.0}, "rc_at_10": {"relevant": 0.0, "distractor": 0.0}, "rc_at_20": {"relevant": 0.0, "distractor": 0.0}, "rc_at_100": {"relevant": 0.0, "distractor": 0.0}, "rc_at_200": {"relevant": 0.0, "distractor": 0.0}, "rc_at_300": {"relevant": 0.0, "distractor": 0.0}, "rc_at_500": {"relevant": 0.0, "distractor": 0.0}, "rc_at_1000": {"relevant": 0.0, "distractor": 0.0}}