{"ndcg_at_1": 0.82103, "ndcg_at_3": 0.86217, "ndcg_at_5": 0.87099, "ndcg_at_10": 0.87749, "ndcg_at_20": 0.88064, "ndcg_at_100": 0.88447, "ndcg_at_200": 0.88533, "ndcg_at_300": 0.88568, "ndcg_at_500": 0.88621, "ndcg_at_1000": 0.88662, "map_at_1": 0.76153, "map_at_3": 0.83162, "map_at_5": 0.83825, "map_at_10": 0.842, "map_at_20": 0.84322, "map_at_100": 0.84402, "map_at_200": 0.8441, "map_at_300": 0.84412, "map_at_500": 0.84414, "map_at_1000": 0.84415, "recall_at_1": 0.76153, "recall_at_3": 0.89897, "recall_at_5": 0.92231, "recall_at_10": 0.94121, "recall_at_20": 0.95195, "recall_at_100": 0.96879, "recall_at_200": 0.9735, "recall_at_300": 0.97571, "recall_at_500": 0.9793, "recall_at_1000": 0.98218, "precision_at_1": 0.82103, "precision_at_3": 0.32868, "precision_at_5": 0.20351, "precision_at_10": 0.10482, "precision_at_20": 0.05337, "precision_at_100": 0.01103, "precision_at_200": 0.00558, "precision_at_300": 0.00374, "precision_at_500": 0.00226, "precision_at_1000": 0.00114, "mrr_at_1": 0.82103, "mrr_at_3": 0.88096, "mrr_at_5": 0.88553, "mrr_at_10": 0.88745, "mrr_at_20": 0.88792, "mrr_at_100": 0.88809, "mrr_at_200": 0.8881, "mrr_at_300": 0.8881, "mrr_at_500": 0.8881, "mrr_at_1000": 0.88811, "rc_at_1": {"relevant": 0.0, "distractor": 0.0}, "rc_at_3": {"relevant": 0.0, "distractor": 0.0}, "rc_at_5": {"relevant": 0.0, "distractor": 0.0}, "rc_at_10": {"relevant": 0.0, "distractor": 0.0}, "rc_at_20": {"relevant": 0.0, "distractor": 0.0}, "rc_at_100": {"relevant": 0.0, "distractor": 0.0}, "rc_at_200": {"relevant": 0.0, "distractor": 0.0}, "rc_at_300": {"relevant": 0.0, "distractor": 0.0}, "rc_at_500": {"relevant": 0.0, "distractor": 0.0}, "rc_at_1000": {"relevant": 0.0, "distractor": 0.0}}