{"ndcg_at_1": 0.05, "ndcg_at_3": 0.07073, "ndcg_at_5": 0.07345, "ndcg_at_10": 0.0684, "ndcg_at_20": 0.06832, "ndcg_at_100": 0.05516, "ndcg_at_200": 0.04943, "ndcg_at_300": 0.04822, "ndcg_at_500": 0.05107, "ndcg_at_1000": 0.06623, "map_at_1": 0.00018, "map_at_3": 0.00054, "map_at_5": 0.0008, "map_at_10": 0.00108, "map_at_20": 0.00158, "map_at_100": 0.0039, "map_at_200": 0.00514, "map_at_300": 0.00591, "map_at_500": 0.00706, "map_at_1000": 0.00874, "recall_at_1": 0.00018, "recall_at_3": 0.00065, "recall_at_5": 0.00111, "recall_at_10": 0.00186, "recall_at_20": 0.00346, "recall_at_100": 0.0137, "recall_at_200": 0.02327, "recall_at_300": 0.03096, "recall_at_500": 0.04369, "recall_at_1000": 0.071, "precision_at_1": 0.06, "precision_at_3": 0.08, "precision_at_5": 0.084, "precision_at_10": 0.076, "precision_at_20": 0.076, "precision_at_100": 0.0592, "precision_at_200": 0.0517, "precision_at_300": 0.04687, "precision_at_500": 0.0406, "precision_at_1000": 0.0333, "mrr_at_1": 0.06, "mrr_at_3": 0.10333, "mrr_at_5": 0.10733, "mrr_at_10": 0.12433, "mrr_at_20": 0.13363, "mrr_at_100": 0.14098, "mrr_at_200": 0.14168, "mrr_at_300": 0.14168, "mrr_at_500": 0.14173, "mrr_at_1000": 0.1418, "rc_at_1": {"relevant": 0.0, "distractor": 0.0}, "rc_at_3": {"relevant": 0.0, "distractor": 0.0}, "rc_at_5": {"relevant": 0.0, "distractor": 0.0}, "rc_at_10": {"relevant": 0.0, "distractor": 0.0}, "rc_at_20": {"relevant": 0.0, "distractor": 0.0}, "rc_at_100": {"relevant": 0.0, "distractor": 0.0}, "rc_at_200": {"relevant": 0.0, "distractor": 0.0}, "rc_at_300": {"relevant": 0.0, "distractor": 0.0}, "rc_at_500": {"relevant": 0.0, "distractor": 0.0}, "rc_at_1000": {"relevant": 0.0, "distractor": 0.0}}