{"ndcg_at_1": 0.494, "ndcg_at_3": 0.53991, "ndcg_at_5": 0.55947, "ndcg_at_10": 0.58128, "ndcg_at_20": 0.59663, "ndcg_at_100": 0.61775, "ndcg_at_200": 0.62311, "ndcg_at_300": 0.6258, "ndcg_at_500": 0.62882, "ndcg_at_1000": 0.6317, "map_at_1": 0.4302, "map_at_3": 0.50552, "map_at_5": 0.52041, "map_at_10": 0.53191, "map_at_20": 0.53733, "map_at_100": 0.54112, "map_at_200": 0.54151, "map_at_300": 0.54163, "map_at_500": 0.54173, "map_at_1000": 0.5418, "recall_at_1": 0.4302, "recall_at_3": 0.5704, "recall_at_5": 0.62188, "recall_at_10": 0.68605, "recall_at_20": 0.74122, "recall_at_100": 0.84156, "recall_at_200": 0.87418, "recall_at_300": 0.89225, "recall_at_500": 0.91434, "recall_at_1000": 0.93678, "precision_at_1": 0.494, "precision_at_3": 0.23367, "precision_at_5": 0.1569, "precision_at_10": 0.08958, "precision_at_20": 0.04995, "precision_at_100": 0.01192, "precision_at_200": 0.0063, "precision_at_300": 0.00434, "precision_at_500": 0.0027, "precision_at_1000": 0.0014, "mrr_at_1": 0.4955, "mrr_at_3": 0.55578, "mrr_at_5": 0.56722, "mrr_at_10": 0.5753, "mrr_at_20": 0.57886, "mrr_at_100": 0.58115, "mrr_at_200": 0.58137, "mrr_at_300": 0.58143, "mrr_at_500": 0.58147, "mrr_at_1000": 0.5815, "rc_at_1": {"relevant": 0.0, "distractor": 0.0}, "rc_at_3": {"relevant": 0.0, "distractor": 0.0}, "rc_at_5": {"relevant": 0.0, "distractor": 0.0}, "rc_at_10": {"relevant": 0.0, "distractor": 0.0}, "rc_at_20": {"relevant": 0.0, "distractor": 0.0}, "rc_at_100": {"relevant": 0.0, "distractor": 0.0}, "rc_at_200": {"relevant": 0.0, "distractor": 0.0}, "rc_at_300": {"relevant": 0.0, "distractor": 0.0}, "rc_at_500": {"relevant": 0.0, "distractor": 0.0}, "rc_at_1000": {"relevant": 0.0, "distractor": 0.0}}