{"ndcg_at_1": 0.01238, "ndcg_at_3": 0.01108, "ndcg_at_5": 0.01255, "ndcg_at_10": 0.01545, "ndcg_at_20": 0.01865, "ndcg_at_100": 0.02313, "ndcg_at_200": 0.0253, "ndcg_at_300": 0.0273, "ndcg_at_500": 0.02988, "ndcg_at_1000": 0.03355, "map_at_1": 0.00679, "map_at_3": 0.00849, "map_at_5": 0.00931, "map_at_10": 0.01032, "map_at_20": 0.01103, "map_at_100": 0.01157, "map_at_200": 0.01167, "map_at_300": 0.01172, "map_at_500": 0.01177, "map_at_1000": 0.01182, "recall_at_1": 0.00679, "recall_at_3": 0.01071, "recall_at_5": 0.01409, "recall_at_10": 0.02096, "recall_at_20": 0.03086, "recall_at_100": 0.04925, "recall_at_200": 0.06068, "recall_at_300": 0.07316, "recall_at_500": 0.08991, "recall_at_1000": 0.1159, "precision_at_1": 0.01238, "precision_at_3": 0.00717, "precision_at_5": 0.00599, "precision_at_10": 0.00469, "precision_at_20": 0.00352, "precision_at_100": 0.0012, "precision_at_200": 0.00076, "precision_at_300": 0.00061, "precision_at_500": 0.00045, "precision_at_1000": 0.0003, "mrr_at_1": 0.01238, "mrr_at_3": 0.01596, "mrr_at_5": 0.01772, "mrr_at_10": 0.01991, "mrr_at_20": 0.02145, "mrr_at_100": 0.02234, "mrr_at_200": 0.02253, "mrr_at_300": 0.02263, "mrr_at_500": 0.02273, "mrr_at_1000": 0.02281, "rc_at_1": {"relevant": 0.0, "distractor": 0.0}, "rc_at_3": {"relevant": 0.0, "distractor": 0.0}, "rc_at_5": {"relevant": 0.0, "distractor": 0.0}, "rc_at_10": {"relevant": 0.0, "distractor": 0.0}, "rc_at_20": {"relevant": 0.0, "distractor": 0.0}, "rc_at_100": {"relevant": 0.0, "distractor": 0.0}, "rc_at_200": {"relevant": 0.0, "distractor": 0.0}, "rc_at_300": {"relevant": 0.0, "distractor": 0.0}, "rc_at_500": {"relevant": 0.0, "distractor": 0.0}, "rc_at_1000": {"relevant": 0.0, "distractor": 0.0}}