{"ndcg_at_1": 0.02134, "ndcg_at_3": 0.16903, "ndcg_at_5": 0.2292, "ndcg_at_10": 0.30456, "ndcg_at_20": 0.35072, "ndcg_at_100": 0.37598, "ndcg_at_200": 0.37799, "ndcg_at_300": 0.37871, "ndcg_at_500": 0.37921, "ndcg_at_1000": 0.37952, "map_at_1": 0.02134, "map_at_3": 0.13193, "map_at_5": 0.1654, "map_at_10": 0.19644, "map_at_20": 0.20927, "map_at_100": 0.21313, "map_at_200": 0.21324, "map_at_300": 0.21326, "map_at_500": 0.21327, "map_at_1000": 0.21328, "recall_at_1": 0.02134, "recall_at_3": 0.27667, "recall_at_5": 0.42248, "recall_at_10": 0.65576, "recall_at_20": 0.83713, "recall_at_100": 0.96799, "recall_at_200": 0.98222, "recall_at_300": 0.98791, "recall_at_500": 0.99218, "recall_at_1000": 0.99502, "precision_at_1": 0.02134, "precision_at_3": 0.09222, "precision_at_5": 0.0845, "precision_at_10": 0.06558, "precision_at_20": 0.04186, "precision_at_100": 0.00968, "precision_at_200": 0.00491, "precision_at_300": 0.00329, "precision_at_500": 0.00198, "precision_at_1000": 0.001, "mrr_at_1": 0.02134, "mrr_at_3": 0.13193, "mrr_at_5": 0.1654, "mrr_at_10": 0.19644, "mrr_at_20": 0.20927, "mrr_at_100": 0.21313, "mrr_at_200": 0.21324, "mrr_at_300": 0.21326, "mrr_at_500": 0.21327, "mrr_at_1000": 0.21328, "rc_at_1": {"relevant": 0.0, "distractor": 0.0}, "rc_at_3": {"relevant": 0.0, "distractor": 0.0}, "rc_at_5": {"relevant": 0.0, "distractor": 0.0}, "rc_at_10": {"relevant": 0.0, "distractor": 0.0}, "rc_at_20": {"relevant": 0.0, "distractor": 0.0}, "rc_at_100": {"relevant": 0.0, "distractor": 0.0}, "rc_at_200": {"relevant": 0.0, "distractor": 0.0}, "rc_at_300": {"relevant": 0.0, "distractor": 0.0}, "rc_at_500": {"relevant": 0.0, "distractor": 0.0}, "rc_at_1000": {"relevant": 0.0, "distractor": 0.0}}