{"ndcg_at_1": 0.12727, "ndcg_at_3": 0.09944, "ndcg_at_5": 0.08645, "ndcg_at_10": 0.06649, "ndcg_at_20": 0.08067, "ndcg_at_100": 0.10904, "ndcg_at_200": 0.12669, "ndcg_at_300": 0.13632, "ndcg_at_500": 0.14985, "ndcg_at_1000": 0.16594, "map_at_1": 0.01273, "map_at_3": 0.02061, "map_at_5": 0.02479, "map_at_10": 0.02803, "map_at_20": 0.03222, "map_at_100": 0.03754, "map_at_200": 0.03895, "map_at_300": 0.03941, "map_at_500": 0.04004, "map_at_1000": 0.04048, "recall_at_1": 0.01273, "recall_at_3": 0.02727, "recall_at_5": 0.03818, "recall_at_10": 0.05273, "recall_at_20": 0.07818, "recall_at_100": 0.15091, "recall_at_200": 0.20909, "recall_at_300": 0.24364, "recall_at_500": 0.29636, "recall_at_1000": 0.36545, "precision_at_1": 0.12727, "precision_at_3": 0.09091, "precision_at_5": 0.07636, "precision_at_10": 0.05273, "precision_at_20": 0.03909, "precision_at_100": 0.01509, "precision_at_200": 0.01045, "precision_at_300": 0.00812, "precision_at_500": 0.00593, "precision_at_1000": 0.00365, "mrr_at_1": 0.14545, "mrr_at_3": 0.18485, "mrr_at_5": 0.19212, "mrr_at_10": 0.20294, "mrr_at_20": 0.20802, "mrr_at_100": 0.21047, "mrr_at_200": 0.21147, "mrr_at_300": 0.21171, "mrr_at_500": 0.21182, "mrr_at_1000": 0.21198, "rc_at_1": {"relevant": 0.14545, "distractor": 0.25455}, "rc_at_3": {"relevant": 0.27273, "distractor": 0.58182}, "rc_at_5": {"relevant": 0.38182, "distractor": 0.94545}, "rc_at_10": {"relevant": 0.52727, "distractor": 1.69091}, "rc_at_20": {"relevant": 0.8, "distractor": 3.05455}, "rc_at_100": {"relevant": 1.52727, "distractor": 8.63636}, "rc_at_200": {"relevant": 2.16364, "distractor": 12.18182}, "rc_at_300": {"relevant": 2.45455, "distractor": 14.27273}, "rc_at_500": {"relevant": 3.01818, "distractor": 17.94545}, "rc_at_1000": {"relevant": 3.65455, "distractor": 24.25455}}