{"ndcg_at_1": 0.22546, "ndcg_at_3": 0.26747, "ndcg_at_5": 0.28431, "ndcg_at_10": 0.30694, "ndcg_at_20": 0.32748, "ndcg_at_100": 0.35734, "ndcg_at_200": 0.36775, "ndcg_at_300": 0.373, "ndcg_at_500": 0.37945, "ndcg_at_1000": 0.38579, "map_at_1": 0.1972, "map_at_3": 0.24384, "map_at_5": 0.25457, "map_at_10": 0.26511, "map_at_20": 0.27107, "map_at_100": 0.27548, "map_at_200": 0.27613, "map_at_300": 0.27632, "map_at_500": 0.2765, "map_at_1000": 0.27662, "recall_at_1": 0.1972, "recall_at_3": 0.29735, "recall_at_5": 0.34025, "recall_at_10": 0.40911, "recall_at_20": 0.48708, "recall_at_100": 0.63772, "recall_at_200": 0.70586, "recall_at_300": 0.74406, "recall_at_500": 0.79476, "recall_at_1000": 0.84765, "precision_at_1": 0.22546, "precision_at_3": 0.11759, "precision_at_5": 0.0816, "precision_at_10": 0.05015, "precision_at_20": 0.03021, "precision_at_100": 0.00822, "precision_at_200": 0.00462, "precision_at_300": 0.00327, "precision_at_500": 0.00211, "precision_at_1000": 0.00115, "mrr_at_1": 0.22546, "mrr_at_3": 0.27403, "mrr_at_5": 0.28415, "mrr_at_10": 0.2925, "mrr_at_20": 0.29801, "mrr_at_100": 0.30184, "mrr_at_200": 0.30232, "mrr_at_300": 0.30247, "mrr_at_500": 0.30259, "mrr_at_1000": 0.30265, "rc_at_1": {"relevant": 0.0, "distractor": 0.0}, "rc_at_3": {"relevant": 0.0, "distractor": 0.0}, "rc_at_5": {"relevant": 0.0, "distractor": 0.0}, "rc_at_10": {"relevant": 0.0, "distractor": 0.0}, "rc_at_20": {"relevant": 0.0, "distractor": 0.0}, "rc_at_100": {"relevant": 0.0, "distractor": 0.0}, "rc_at_200": {"relevant": 0.0, "distractor": 0.0}, "rc_at_300": {"relevant": 0.0, "distractor": 0.0}, "rc_at_500": {"relevant": 0.0, "distractor": 0.0}, "rc_at_1000": {"relevant": 0.0, "distractor": 0.0}}