{"ndcg_at_1": 0.194, "ndcg_at_3": 0.15086, "ndcg_at_5": 0.13128, "ndcg_at_10": 0.15263, "ndcg_at_20": 0.17332, "ndcg_at_100": 0.21532, "ndcg_at_200": 0.22967, "ndcg_at_300": 0.23745, "ndcg_at_500": 0.24814, "ndcg_at_1000": 0.26147, "map_at_1": 0.03977, "map_at_3": 0.06696, "map_at_5": 0.07925, "map_at_10": 0.08963, "map_at_20": 0.09649, "map_at_100": 0.10404, "map_at_200": 0.10514, "map_at_300": 0.10553, "map_at_500": 0.10593, "map_at_1000": 0.10626, "recall_at_1": 0.03977, "recall_at_3": 0.08502, "recall_at_5": 0.11507, "recall_at_10": 0.15417, "recall_at_20": 0.20265, "recall_at_100": 0.33902, "recall_at_200": 0.40012, "recall_at_300": 0.4368, "recall_at_500": 0.49133, "recall_at_1000": 0.56618, "precision_at_1": 0.194, "precision_at_3": 0.139, "precision_at_5": 0.1132, "precision_at_10": 0.0758, "precision_at_20": 0.0499, "precision_at_100": 0.01668, "precision_at_200": 0.00984, "precision_at_300": 0.00717, "precision_at_500": 0.00484, "precision_at_1000": 0.00279, "mrr_at_1": 0.194, "mrr_at_3": 0.25283, "mrr_at_5": 0.26893, "mrr_at_10": 0.27959, "mrr_at_20": 0.28564, "mrr_at_100": 0.29048, "mrr_at_200": 0.29091, "mrr_at_300": 0.29103, "mrr_at_500": 0.29114, "mrr_at_1000": 0.2912, "rc_at_1": {"relevant": 0.0, "distractor": 0.0}, "rc_at_3": {"relevant": 0.0, "distractor": 0.0}, "rc_at_5": {"relevant": 0.0, "distractor": 0.0}, "rc_at_10": {"relevant": 0.0, "distractor": 0.0}, "rc_at_20": {"relevant": 0.0, "distractor": 0.0}, "rc_at_100": {"relevant": 0.0, "distractor": 0.0}, "rc_at_200": {"relevant": 0.0, "distractor": 0.0}, "rc_at_300": {"relevant": 0.0, "distractor": 0.0}, "rc_at_500": {"relevant": 0.0, "distractor": 0.0}, "rc_at_1000": {"relevant": 0.0, "distractor": 0.0}}