{"ndcg_at_1": 0.14055, "ndcg_at_3": 0.21416, "ndcg_at_5": 0.23762, "ndcg_at_10": 0.26349, "ndcg_at_20": 0.28661, "ndcg_at_100": 0.32701, "ndcg_at_200": 0.33671, "ndcg_at_300": 0.3415, "ndcg_at_500": 0.3469, "ndcg_at_1000": 0.35411, "map_at_1": 0.1154, "map_at_3": 0.18309, "map_at_5": 0.19708, "map_at_10": 0.20895, "map_at_20": 0.21569, "map_at_100": 0.22196, "map_at_200": 0.22263, "map_at_300": 0.22284, "map_at_500": 0.22299, "map_at_1000": 0.22313, "recall_at_1": 0.1154, "recall_at_3": 0.26415, "recall_at_5": 0.31957, "recall_at_10": 0.39303, "recall_at_20": 0.47675, "recall_at_100": 0.66958, "recall_at_200": 0.72979, "recall_at_300": 0.76228, "recall_at_500": 0.80284, "recall_at_1000": 0.86144, "precision_at_1": 0.14055, "precision_at_3": 0.10821, "precision_at_5": 0.08134, "precision_at_10": 0.05224, "precision_at_20": 0.03246, "precision_at_100": 0.0099, "precision_at_200": 0.00549, "precision_at_300": 0.00388, "precision_at_500": 0.00248, "precision_at_1000": 0.00136, "mrr_at_1": 0.14055, "mrr_at_3": 0.21725, "mrr_at_5": 0.23211, "mrr_at_10": 0.24297, "mrr_at_20": 0.24946, "mrr_at_100": 0.25446, "mrr_at_200": 0.25482, "mrr_at_300": 0.25492, "mrr_at_500": 0.25501, "mrr_at_1000": 0.25509, "rc_at_1": {"relevant": 0.0, "distractor": 0.0}, "rc_at_3": {"relevant": 0.0, "distractor": 0.0}, "rc_at_5": {"relevant": 0.0, "distractor": 0.0}, "rc_at_10": {"relevant": 0.0, "distractor": 0.0}, "rc_at_20": {"relevant": 0.0, "distractor": 0.0}, "rc_at_100": {"relevant": 0.0, "distractor": 0.0}, "rc_at_200": {"relevant": 0.0, "distractor": 0.0}, "rc_at_300": {"relevant": 0.0, "distractor": 0.0}, "rc_at_500": {"relevant": 0.0, "distractor": 0.0}, "rc_at_1000": {"relevant": 0.0, "distractor": 0.0}}