{"ndcg_at_1": 0.21602, "ndcg_at_3": 0.26682, "ndcg_at_5": 0.28827, "ndcg_at_10": 0.3187, "ndcg_at_20": 0.34006, "ndcg_at_100": 0.38106, "ndcg_at_200": 0.39274, "ndcg_at_300": 0.39949, "ndcg_at_500": 0.40513, "ndcg_at_1000": 0.41161, "map_at_1": 0.17553, "map_at_3": 0.22998, "map_at_5": 0.24471, "map_at_10": 0.26018, "map_at_20": 0.26694, "map_at_100": 0.27397, "map_at_200": 0.27479, "map_at_300": 0.27511, "map_at_500": 0.27531, "map_at_1000": 0.27546, "recall_at_1": 0.17553, "recall_at_3": 0.29459, "recall_at_5": 0.35241, "recall_at_10": 0.44364, "recall_at_20": 0.52097, "recall_at_100": 0.71507, "recall_at_200": 0.78664, "recall_at_300": 0.83244, "recall_at_500": 0.87122, "recall_at_1000": 0.92, "precision_at_1": 0.21602, "precision_at_3": 0.13209, "precision_at_5": 0.09785, "precision_at_10": 0.06495, "precision_at_20": 0.03977, "precision_at_100": 0.01192, "precision_at_200": 0.00677, "precision_at_300": 0.00486, "precision_at_500": 0.00316, "precision_at_1000": 0.00175, "mrr_at_1": 0.21745, "mrr_at_3": 0.28612, "mrr_at_5": 0.29986, "mrr_at_10": 0.31135, "mrr_at_20": 0.31774, "mrr_at_100": 0.32224, "mrr_at_200": 0.32268, "mrr_at_300": 0.32286, "mrr_at_500": 0.32292, "mrr_at_1000": 0.32298, "rc_at_1": {"relevant": 0.0, "distractor": 0.0}, "rc_at_3": {"relevant": 0.0, "distractor": 0.0}, "rc_at_5": {"relevant": 0.0, "distractor": 0.0}, "rc_at_10": {"relevant": 0.0, "distractor": 0.0}, "rc_at_20": {"relevant": 0.0, "distractor": 0.0}, "rc_at_100": {"relevant": 0.0, "distractor": 0.0}, "rc_at_200": {"relevant": 0.0, "distractor": 0.0}, "rc_at_300": {"relevant": 0.0, "distractor": 0.0}, "rc_at_500": {"relevant": 0.0, "distractor": 0.0}, "rc_at_1000": {"relevant": 0.0, "distractor": 0.0}}