{"ndcg_at_1": 0.00213, "ndcg_at_3": 0.07265, "ndcg_at_5": 0.09744, "ndcg_at_10": 0.13043, "ndcg_at_20": 0.15484, "ndcg_at_100": 0.20182, "ndcg_at_200": 0.21514, "ndcg_at_300": 0.22035, "ndcg_at_500": 0.22813, "ndcg_at_1000": 0.23559, "map_at_1": 0.00213, "map_at_3": 0.05524, "map_at_5": 0.06893, "map_at_10": 0.08247, "map_at_20": 0.08934, "map_at_100": 0.09583, "map_at_200": 0.09653, "map_at_300": 0.0967, "map_at_500": 0.09687, "map_at_1000": 0.09698, "recall_at_1": 0.00213, "recall_at_3": 0.12304, "recall_at_5": 0.1835, "recall_at_10": 0.28592, "recall_at_20": 0.38122, "recall_at_100": 0.63442, "recall_at_200": 0.72902, "recall_at_300": 0.77027, "recall_at_500": 0.83713, "recall_at_1000": 0.90754, "precision_at_1": 0.00213, "precision_at_3": 0.04101, "precision_at_5": 0.0367, "precision_at_10": 0.02859, "precision_at_20": 0.01906, "precision_at_100": 0.00634, "precision_at_200": 0.00365, "precision_at_300": 0.00257, "precision_at_500": 0.00167, "precision_at_1000": 0.00091, "mrr_at_1": 0.00213, "mrr_at_3": 0.05524, "mrr_at_5": 0.06893, "mrr_at_10": 0.08247, "mrr_at_20": 0.08934, "mrr_at_100": 0.09583, "mrr_at_200": 0.09653, "mrr_at_300": 0.0967, "mrr_at_500": 0.09688, "mrr_at_1000": 0.09698, "rc_at_1": {"relevant": 0.0, "distractor": 0.0}, "rc_at_3": {"relevant": 0.0, "distractor": 0.0}, "rc_at_5": {"relevant": 0.0, "distractor": 0.0}, "rc_at_10": {"relevant": 0.0, "distractor": 0.0}, "rc_at_20": {"relevant": 0.0, "distractor": 0.0}, "rc_at_100": {"relevant": 0.0, "distractor": 0.0}, "rc_at_200": {"relevant": 0.0, "distractor": 0.0}, "rc_at_300": {"relevant": 0.0, "distractor": 0.0}, "rc_at_500": {"relevant": 0.0, "distractor": 0.0}, "rc_at_1000": {"relevant": 0.0, "distractor": 0.0}}