{"ndcg_at_1": 0.41538, "ndcg_at_3": 0.35007, "ndcg_at_5": 0.32148, "ndcg_at_10": 0.24993, "ndcg_at_20": 0.2996, "ndcg_at_100": 0.42743, "ndcg_at_200": 0.46202, "ndcg_at_300": 0.47441, "ndcg_at_500": 0.4878, "ndcg_at_1000": 0.50119, "map_at_1": 0.04154, "map_at_3": 0.08513, "map_at_5": 0.11667, "map_at_10": 0.1407, "map_at_20": 0.16345, "map_at_100": 0.20101, "map_at_200": 0.20685, "map_at_300": 0.20822, "map_at_500": 0.20926, "map_at_1000": 0.21, "recall_at_1": 0.04154, "recall_at_3": 0.1, "recall_at_5": 0.14923, "recall_at_10": 0.20769, "recall_at_20": 0.29692, "recall_at_100": 0.61846, "recall_at_200": 0.72923, "recall_at_300": 0.77385, "recall_at_500": 0.82615, "recall_at_1000": 0.88308, "precision_at_1": 0.41538, "precision_at_3": 0.33333, "precision_at_5": 0.29846, "precision_at_10": 0.20769, "precision_at_20": 0.14846, "precision_at_100": 0.06185, "precision_at_200": 0.03646, "precision_at_300": 0.02579, "precision_at_500": 0.01652, "precision_at_1000": 0.00883, "mrr_at_1": 0.41538, "mrr_at_3": 0.50256, "mrr_at_5": 0.51641, "mrr_at_10": 0.53019, "mrr_at_20": 0.53858, "mrr_at_100": 0.5412, "mrr_at_200": 0.5412, "mrr_at_300": 0.5412, "mrr_at_500": 0.5412, "mrr_at_1000": 0.5412, "rc_at_1": {"relevant": 0.41538, "distractor": 0.58462}, "rc_at_3": {"relevant": 1.0, "distractor": 1.98462}, "rc_at_5": {"relevant": 1.49231, "distractor": 3.47692}, "rc_at_10": {"relevant": 2.07692, "distractor": 7.78462}, "rc_at_20": {"relevant": 2.96923, "distractor": 16.24615}, "rc_at_100": {"relevant": 6.18462, "distractor": 65.50769}, "rc_at_200": {"relevant": 7.29231, "distractor": 80.49231}, "rc_at_300": {"relevant": 7.73846, "distractor": 84.78462}, "rc_at_500": {"relevant": 8.26154, "distractor": 88.90769}, "rc_at_1000": {"relevant": 8.83077, "distractor": 92.4}}