{"ndcg_at_1": 0.47273, "ndcg_at_3": 0.34414, "ndcg_at_5": 0.3026, "ndcg_at_10": 0.2285, "ndcg_at_20": 0.2766, "ndcg_at_100": 0.36632, "ndcg_at_200": 0.39151, "ndcg_at_300": 0.39762, "ndcg_at_500": 0.40554, "ndcg_at_1000": 0.41656, "map_at_1": 0.04727, "map_at_3": 0.08273, "map_at_5": 0.10345, "map_at_10": 0.12338, "map_at_20": 0.14546, "map_at_100": 0.17187, "map_at_200": 0.17546, "map_at_300": 0.17606, "map_at_500": 0.17663, "map_at_1000": 0.17711, "recall_at_1": 0.04727, "recall_at_3": 0.09273, "recall_at_5": 0.13091, "recall_at_10": 0.17636, "recall_at_20": 0.26364, "recall_at_100": 0.48364, "recall_at_200": 0.56545, "recall_at_300": 0.58727, "recall_at_500": 0.61818, "recall_at_1000": 0.66545, "precision_at_1": 0.47273, "precision_at_3": 0.30909, "precision_at_5": 0.26182, "precision_at_10": 0.17636, "precision_at_20": 0.13182, "precision_at_100": 0.04836, "precision_at_200": 0.02827, "precision_at_300": 0.01958, "precision_at_500": 0.01236, "precision_at_1000": 0.00665, "mrr_at_1": 0.45455, "mrr_at_3": 0.5303, "mrr_at_5": 0.55212, "mrr_at_10": 0.56081, "mrr_at_20": 0.56463, "mrr_at_100": 0.56759, "mrr_at_200": 0.56759, "mrr_at_300": 0.56759, "mrr_at_500": 0.56759, "mrr_at_1000": 0.56759, "rc_at_1": {"relevant": 0.45455, "distractor": 0.52727}, "rc_at_3": {"relevant": 0.90909, "distractor": 1.85455}, "rc_at_5": {"relevant": 1.30909, "distractor": 3.2}, "rc_at_10": {"relevant": 1.78182, "distractor": 6.4}, "rc_at_20": {"relevant": 2.65455, "distractor": 11.67273}, "rc_at_100": {"relevant": 4.85455, "distractor": 31.38182}, "rc_at_200": {"relevant": 5.69091, "distractor": 39.54545}, "rc_at_300": {"relevant": 5.87273, "distractor": 44.49091}, "rc_at_500": {"relevant": 6.21818, "distractor": 49.49091}, "rc_at_1000": {"relevant": 6.65455, "distractor": 55.58182}}