{"ndcg_at_1": 0.241, "ndcg_at_3": 0.19382, "ndcg_at_5": 0.16421, "ndcg_at_10": 0.19868, "ndcg_at_20": 0.22933, "ndcg_at_100": 0.28113, "ndcg_at_200": 0.29663, "ndcg_at_300": 0.3056, "ndcg_at_500": 0.31665, "ndcg_at_1000": 0.33131, "map_at_1": 0.04898, "map_at_3": 0.08683, "map_at_5": 0.10101, "map_at_10": 0.11782, "map_at_20": 0.12903, "map_at_100": 0.13922, "map_at_200": 0.14065, "map_at_300": 0.14115, "map_at_500": 0.1416, "map_at_1000": 0.142, "recall_at_1": 0.04898, "recall_at_3": 0.10953, "recall_at_5": 0.14248, "recall_at_10": 0.20582, "recall_at_20": 0.27785, "recall_at_100": 0.44655, "recall_at_200": 0.51228, "recall_at_300": 0.5546, "recall_at_500": 0.6113, "recall_at_1000": 0.69352, "precision_at_1": 0.241, "precision_at_3": 0.18, "precision_at_5": 0.1406, "precision_at_10": 0.1016, "precision_at_20": 0.0686, "precision_at_100": 0.022, "precision_at_200": 0.01262, "precision_at_300": 0.00911, "precision_at_500": 0.00602, "precision_at_1000": 0.00342, "mrr_at_1": 0.241, "mrr_at_3": 0.31833, "mrr_at_5": 0.33233, "mrr_at_10": 0.34718, "mrr_at_20": 0.3543, "mrr_at_100": 0.35848, "mrr_at_200": 0.35876, "mrr_at_300": 0.3589, "mrr_at_500": 0.35896, "mrr_at_1000": 0.359, "rc_at_1": {"relevant": 0.0, "distractor": 0.0}, "rc_at_3": {"relevant": 0.0, "distractor": 0.0}, "rc_at_5": {"relevant": 0.0, "distractor": 0.0}, "rc_at_10": {"relevant": 0.0, "distractor": 0.0}, "rc_at_20": {"relevant": 0.0, "distractor": 0.0}, "rc_at_100": {"relevant": 0.0, "distractor": 0.0}, "rc_at_200": {"relevant": 0.0, "distractor": 0.0}, "rc_at_300": {"relevant": 0.0, "distractor": 0.0}, "rc_at_500": {"relevant": 0.0, "distractor": 0.0}, "rc_at_1000": {"relevant": 0.0, "distractor": 0.0}}