{"ndcg_at_1": 0.2684, "ndcg_at_3": 0.32127, "ndcg_at_5": 0.33823, "ndcg_at_10": 0.35715, "ndcg_at_20": 0.37608, "ndcg_at_100": 0.4053, "ndcg_at_200": 0.41273, "ndcg_at_300": 0.41834, "ndcg_at_500": 0.42317, "ndcg_at_1000": 0.4281, "map_at_1": 0.24191, "map_at_3": 0.29555, "map_at_5": 0.30636, "map_at_10": 0.31501, "map_at_20": 0.32074, "map_at_100": 0.32501, "map_at_200": 0.32546, "map_at_300": 0.32567, "map_at_500": 0.3258, "map_at_1000": 0.3259, "recall_at_1": 0.24191, "recall_at_3": 0.3602, "recall_at_5": 0.40326, "recall_at_10": 0.46022, "recall_at_20": 0.53077, "recall_at_100": 0.6788, "recall_at_200": 0.72729, "recall_at_300": 0.768, "recall_at_500": 0.80589, "recall_at_1000": 0.84517, "precision_at_1": 0.2684, "precision_at_3": 0.13906, "precision_at_5": 0.09509, "precision_at_10": 0.05583, "precision_at_20": 0.03275, "precision_at_100": 0.0087, "precision_at_200": 0.00472, "precision_at_300": 0.00335, "precision_at_500": 0.00213, "precision_at_1000": 0.00115, "mrr_at_1": 0.2684, "mrr_at_3": 0.32183, "mrr_at_5": 0.33272, "mrr_at_10": 0.34099, "mrr_at_20": 0.34573, "mrr_at_100": 0.3492, "mrr_at_200": 0.34956, "mrr_at_300": 0.3497, "mrr_at_500": 0.3498, "mrr_at_1000": 0.34985, "rc_at_1": {"relevant": 0.0, "distractor": 0.0}, "rc_at_3": {"relevant": 0.0, "distractor": 0.0}, "rc_at_5": {"relevant": 0.0, "distractor": 0.0}, "rc_at_10": {"relevant": 0.0, "distractor": 0.0}, "rc_at_20": {"relevant": 0.0, "distractor": 0.0}, "rc_at_100": {"relevant": 0.0, "distractor": 0.0}, "rc_at_200": {"relevant": 0.0, "distractor": 0.0}, "rc_at_300": {"relevant": 0.0, "distractor": 0.0}, "rc_at_500": {"relevant": 0.0, "distractor": 0.0}, "rc_at_1000": {"relevant": 0.0, "distractor": 0.0}}