{"ndcg_at_1": 0.10909, "ndcg_at_3": 0.08553, "ndcg_at_5": 0.07482, "ndcg_at_10": 0.06657, "ndcg_at_20": 0.08216, "ndcg_at_100": 0.10424, "ndcg_at_200": 0.1175, "ndcg_at_300": 0.12454, "ndcg_at_500": 0.13618, "ndcg_at_1000": 0.14787, "map_at_1": 0.01091, "map_at_3": 0.0203, "map_at_5": 0.02585, "map_at_10": 0.03128, "map_at_20": 0.03653, "map_at_100": 0.04117, "map_at_200": 0.04209, "map_at_300": 0.04254, "map_at_500": 0.04303, "map_at_1000": 0.04333, "recall_at_1": 0.01091, "recall_at_3": 0.02364, "recall_at_5": 0.03273, "recall_at_10": 0.05818, "recall_at_20": 0.08727, "recall_at_100": 0.14182, "recall_at_200": 0.18545, "recall_at_300": 0.21091, "recall_at_500": 0.25636, "recall_at_1000": 0.30727, "precision_at_1": 0.10909, "precision_at_3": 0.07879, "precision_at_5": 0.06545, "precision_at_10": 0.05818, "precision_at_20": 0.04364, "precision_at_100": 0.01418, "precision_at_200": 0.00927, "precision_at_300": 0.00703, "precision_at_500": 0.00513, "precision_at_1000": 0.00307, "mrr_at_1": 0.10909, "mrr_at_3": 0.1303, "mrr_at_5": 0.13939, "mrr_at_10": 0.15747, "mrr_at_20": 0.16505, "mrr_at_100": 0.16718, "mrr_at_200": 0.16799, "mrr_at_300": 0.16814, "mrr_at_500": 0.16843, "mrr_at_1000": 0.16848, "rc_at_1": {"relevant": 0.10909, "distractor": 0.18182}, "rc_at_3": {"relevant": 0.23636, "distractor": 0.65455}, "rc_at_5": {"relevant": 0.32727, "distractor": 1.05455}, "rc_at_10": {"relevant": 0.58182, "distractor": 1.94545}, "rc_at_20": {"relevant": 0.87273, "distractor": 2.85455}, "rc_at_100": {"relevant": 1.41818, "distractor": 7.2}, "rc_at_200": {"relevant": 1.85455, "distractor": 10.18182}, "rc_at_300": {"relevant": 2.10909, "distractor": 12.4}, "rc_at_500": {"relevant": 2.56364, "distractor": 15.87273}, "rc_at_1000": {"relevant": 3.07273, "distractor": 21.09091}}