{"ndcg_at_1": 0.24326, "ndcg_at_3": 0.29723, "ndcg_at_5": 0.32132, "ndcg_at_10": 0.34697, "ndcg_at_20": 0.36541, "ndcg_at_100": 0.39786, "ndcg_at_200": 0.4078, "ndcg_at_300": 0.41245, "ndcg_at_500": 0.41832, "ndcg_at_1000": 0.42474, "map_at_1": 0.21319, "map_at_3": 0.27044, "map_at_5": 0.28539, "map_at_10": 0.29693, "map_at_20": 0.30263, "map_at_100": 0.30774, "map_at_200": 0.30836, "map_at_300": 0.30855, "map_at_500": 0.30871, "map_at_1000": 0.30882, "recall_at_1": 0.21319, "recall_at_3": 0.3359, "recall_at_5": 0.39384, "recall_at_10": 0.46999, "recall_at_20": 0.53835, "recall_at_100": 0.69883, "recall_at_200": 0.76387, "recall_at_300": 0.7969, "recall_at_500": 0.84303, "recall_at_1000": 0.89877, "precision_at_1": 0.24326, "precision_at_3": 0.13501, "precision_at_5": 0.09668, "precision_at_10": 0.05887, "precision_at_20": 0.03448, "precision_at_100": 0.00937, "precision_at_200": 0.00518, "precision_at_300": 0.00363, "precision_at_500": 0.00232, "precision_at_1000": 0.00124, "mrr_at_1": 0.24326, "mrr_at_3": 0.30125, "mrr_at_5": 0.31511, "mrr_at_10": 0.32596, "mrr_at_20": 0.33123, "mrr_at_100": 0.3352, "mrr_at_200": 0.33562, "mrr_at_300": 0.33573, "mrr_at_500": 0.33585, "mrr_at_1000": 0.33592, "rc_at_1": {"relevant": 0.0, "distractor": 0.0}, "rc_at_3": {"relevant": 0.0, "distractor": 0.0}, "rc_at_5": {"relevant": 0.0, "distractor": 0.0}, "rc_at_10": {"relevant": 0.0, "distractor": 0.0}, "rc_at_20": {"relevant": 0.0, "distractor": 0.0}, "rc_at_100": {"relevant": 0.0, "distractor": 0.0}, "rc_at_200": {"relevant": 0.0, "distractor": 0.0}, "rc_at_300": {"relevant": 0.0, "distractor": 0.0}, "rc_at_500": {"relevant": 0.0, "distractor": 0.0}, "rc_at_1000": {"relevant": 0.0, "distractor": 0.0}}