{"ndcg_at_1": 0.25114, "ndcg_at_3": 0.30699, "ndcg_at_5": 0.33531, "ndcg_at_10": 0.36519, "ndcg_at_20": 0.39051, "ndcg_at_100": 0.42666, "ndcg_at_200": 0.4371, "ndcg_at_300": 0.4415, "ndcg_at_500": 0.44622, "ndcg_at_1000": 0.45176, "map_at_1": 0.20223, "map_at_3": 0.26918, "map_at_5": 0.28882, "map_at_10": 0.30368, "map_at_20": 0.31187, "map_at_100": 0.31774, "map_at_200": 0.31849, "map_at_300": 0.31871, "map_at_500": 0.31889, "map_at_1000": 0.31902, "recall_at_1": 0.20223, "recall_at_3": 0.34309, "recall_at_5": 0.41448, "recall_at_10": 0.50057, "recall_at_20": 0.5924, "recall_at_100": 0.76623, "recall_at_200": 0.82868, "recall_at_300": 0.85753, "recall_at_500": 0.88951, "recall_at_1000": 0.93241, "precision_at_1": 0.25114, "precision_at_3": 0.1503, "precision_at_5": 0.11301, "precision_at_10": 0.07089, "precision_at_20": 0.04281, "precision_at_100": 0.01179, "precision_at_200": 0.00664, "precision_at_300": 0.00466, "precision_at_500": 0.00298, "precision_at_1000": 0.00162, "mrr_at_1": 0.25114, "mrr_at_3": 0.32135, "mrr_at_5": 0.3395, "mrr_at_10": 0.35169, "mrr_at_20": 0.35777, "mrr_at_100": 0.36175, "mrr_at_200": 0.36213, "mrr_at_300": 0.36221, "mrr_at_500": 0.36228, "mrr_at_1000": 0.36232, "rc_at_1": {"relevant": 0.0, "distractor": 0.0}, "rc_at_3": {"relevant": 0.0, "distractor": 0.0}, "rc_at_5": {"relevant": 0.0, "distractor": 0.0}, "rc_at_10": {"relevant": 0.0, "distractor": 0.0}, "rc_at_20": {"relevant": 0.0, "distractor": 0.0}, "rc_at_100": {"relevant": 0.0, "distractor": 0.0}, "rc_at_200": {"relevant": 0.0, "distractor": 0.0}, "rc_at_300": {"relevant": 0.0, "distractor": 0.0}, "rc_at_500": {"relevant": 0.0, "distractor": 0.0}, "rc_at_1000": {"relevant": 0.0, "distractor": 0.0}}