{"ndcg_at_1": 0.26441, "ndcg_at_3": 0.35434, "ndcg_at_5": 0.37793, "ndcg_at_10": 0.40725, "ndcg_at_20": 0.4248, "ndcg_at_100": 0.45477, "ndcg_at_200": 0.46411, "ndcg_at_300": 0.46611, "ndcg_at_500": 0.47069, "ndcg_at_1000": 0.47392, "map_at_1": 0.24684, "map_at_3": 0.32464, "map_at_5": 0.33839, "map_at_10": 0.3515, "map_at_20": 0.35687, "map_at_100": 0.36126, "map_at_200": 0.36181, "map_at_300": 0.36189, "map_at_500": 0.36201, "map_at_1000": 0.36206, "recall_at_1": 0.24684, "recall_at_3": 0.41876, "recall_at_5": 0.47529, "recall_at_10": 0.56072, "recall_at_20": 0.6254, "recall_at_100": 0.77838, "recall_at_200": 0.84075, "recall_at_300": 0.8551, "recall_at_500": 0.89248, "recall_at_1000": 0.92142, "precision_at_1": 0.26441, "precision_at_3": 0.15556, "precision_at_5": 0.10667, "precision_at_10": 0.06441, "precision_at_20": 0.03633, "precision_at_100": 0.00934, "precision_at_200": 0.00509, "precision_at_300": 0.00347, "precision_at_500": 0.00218, "precision_at_1000": 0.00113, "mrr_at_1": 0.26441, "mrr_at_3": 0.34275, "mrr_at_5": 0.35653, "mrr_at_10": 0.36828, "mrr_at_20": 0.37308, "mrr_at_100": 0.3767, "mrr_at_200": 0.37714, "mrr_at_300": 0.37719, "mrr_at_500": 0.37728, "mrr_at_1000": 0.37732, "rc_at_1": {"relevant": 0.0, "distractor": 0.0}, "rc_at_3": {"relevant": 0.0, "distractor": 0.0}, "rc_at_5": {"relevant": 0.0, "distractor": 0.0}, "rc_at_10": {"relevant": 0.0, "distractor": 0.0}, "rc_at_20": {"relevant": 0.0, "distractor": 0.0}, "rc_at_100": {"relevant": 0.0, "distractor": 0.0}, "rc_at_200": {"relevant": 0.0, "distractor": 0.0}, "rc_at_300": {"relevant": 0.0, "distractor": 0.0}, "rc_at_500": {"relevant": 0.0, "distractor": 0.0}, "rc_at_1000": {"relevant": 0.0, "distractor": 0.0}}