{"ndcg_at_1": 0.34545, "ndcg_at_3": 0.25861, "ndcg_at_5": 0.2352, "ndcg_at_10": 0.19116, "ndcg_at_20": 0.23185, "ndcg_at_100": 0.3286, "ndcg_at_200": 0.35168, "ndcg_at_300": 0.36267, "ndcg_at_500": 0.37346, "ndcg_at_1000": 0.38713, "map_at_1": 0.03455, "map_at_3": 0.06273, "map_at_5": 0.08355, "map_at_10": 0.10126, "map_at_20": 0.11818, "map_at_100": 0.14328, "map_at_200": 0.14676, "map_at_300": 0.1479, "map_at_500": 0.14854, "map_at_1000": 0.14914, "recall_at_1": 0.03455, "recall_at_3": 0.07091, "recall_at_5": 0.10545, "recall_at_10": 0.16, "recall_at_20": 0.23455, "recall_at_100": 0.47818, "recall_at_200": 0.55273, "recall_at_300": 0.59273, "recall_at_500": 0.63455, "recall_at_1000": 0.69273, "precision_at_1": 0.34545, "precision_at_3": 0.23636, "precision_at_5": 0.21091, "precision_at_10": 0.16, "precision_at_20": 0.11727, "precision_at_100": 0.04782, "precision_at_200": 0.02764, "precision_at_300": 0.01976, "precision_at_500": 0.01269, "precision_at_1000": 0.00693, "mrr_at_1": 0.34545, "mrr_at_3": 0.39697, "mrr_at_5": 0.41697, "mrr_at_10": 0.44086, "mrr_at_20": 0.44556, "mrr_at_100": 0.44884, "mrr_at_200": 0.44896, "mrr_at_300": 0.44903, "mrr_at_500": 0.44909, "mrr_at_1000": 0.44911, "rc_at_1": {"relevant": 0.34545, "distractor": 0.56364}, "rc_at_3": {"relevant": 0.70909, "distractor": 1.72727}, "rc_at_5": {"relevant": 1.05455, "distractor": 2.89091}, "rc_at_10": {"relevant": 1.6, "distractor": 5.72727}, "rc_at_20": {"relevant": 2.34545, "distractor": 10.70909}, "rc_at_100": {"relevant": 4.78182, "distractor": 29.07273}, "rc_at_200": {"relevant": 5.52727, "distractor": 38.54545}, "rc_at_300": {"relevant": 5.92727, "distractor": 43.07273}, "rc_at_500": {"relevant": 6.34545, "distractor": 48.43636}, "rc_at_1000": {"relevant": 6.92727, "distractor": 56.0}}