{"ndcg_at_1": 0.04365, "ndcg_at_3": 0.04038, "ndcg_at_5": 0.04557, "ndcg_at_10": 0.05437, "ndcg_at_20": 0.06115, "ndcg_at_100": 0.07916, "ndcg_at_200": 0.08727, "ndcg_at_300": 0.09224, "ndcg_at_500": 0.09887, "ndcg_at_1000": 0.10868, "map_at_1": 0.02076, "map_at_3": 0.02885, "map_at_5": 0.03203, "map_at_10": 0.03521, "map_at_20": 0.03682, "map_at_100": 0.03895, "map_at_200": 0.03935, "map_at_300": 0.03952, "map_at_500": 0.03968, "map_at_1000": 0.03983, "recall_at_1": 0.02076, "recall_at_3": 0.03852, "recall_at_5": 0.05221, "recall_at_10": 0.07381, "recall_at_20": 0.09341, "recall_at_100": 0.16701, "recall_at_200": 0.20885, "recall_at_300": 0.2379, "recall_at_500": 0.27925, "recall_at_1000": 0.34545, "precision_at_1": 0.04365, "precision_at_3": 0.0291, "precision_at_5": 0.02345, "precision_at_10": 0.01674, "precision_at_20": 0.01117, "precision_at_100": 0.00435, "precision_at_200": 0.0028, "precision_at_300": 0.00214, "precision_at_500": 0.00153, "precision_at_1000": 0.00097, "mrr_at_1": 0.04365, "mrr_at_3": 0.06135, "mrr_at_5": 0.06783, "mrr_at_10": 0.07358, "mrr_at_20": 0.07671, "mrr_at_100": 0.07998, "mrr_at_200": 0.08058, "mrr_at_300": 0.08078, "mrr_at_500": 0.08096, "mrr_at_1000": 0.08109, "rc_at_1": {"relevant": 0.0, "distractor": 0.0}, "rc_at_3": {"relevant": 0.0, "distractor": 0.0}, "rc_at_5": {"relevant": 0.0, "distractor": 0.0}, "rc_at_10": {"relevant": 0.0, "distractor": 0.0}, "rc_at_20": {"relevant": 0.0, "distractor": 0.0}, "rc_at_100": {"relevant": 0.0, "distractor": 0.0}, "rc_at_200": {"relevant": 0.0, "distractor": 0.0}, "rc_at_300": {"relevant": 0.0, "distractor": 0.0}, "rc_at_500": {"relevant": 0.0, "distractor": 0.0}, "rc_at_1000": {"relevant": 0.0, "distractor": 0.0}}