{"ndcg_at_1": 0.22925, "ndcg_at_3": 0.28545, "ndcg_at_5": 0.31014, "ndcg_at_10": 0.33142, "ndcg_at_20": 0.3561, "ndcg_at_100": 0.39548, "ndcg_at_200": 0.40515, "ndcg_at_300": 0.41102, "ndcg_at_500": 0.41619, "ndcg_at_1000": 0.42223, "map_at_1": 0.2009, "map_at_3": 0.25117, "map_at_5": 0.26733, "map_at_10": 0.27823, "map_at_20": 0.28722, "map_at_100": 0.29479, "map_at_200": 0.2958, "map_at_300": 0.29617, "map_at_500": 0.29654, "map_at_1000": 0.29681, "recall_at_1": 0.2009, "recall_at_3": 0.30965, "recall_at_5": 0.36977, "recall_at_10": 0.43387, "recall_at_20": 0.52837, "recall_at_100": 0.71872, "recall_at_200": 0.77386, "recall_at_300": 0.81256, "recall_at_500": 0.84435, "recall_at_1000": 0.889, "precision_at_1": 0.22925, "precision_at_3": 0.13373, "precision_at_5": 0.10198, "precision_at_10": 0.06462, "precision_at_20": 0.04219, "precision_at_100": 0.01368, "precision_at_200": 0.00818, "precision_at_300": 0.00599, "precision_at_500": 0.00406, "precision_at_1000": 0.00228, "mrr_at_1": 0.23123, "mrr_at_3": 0.29545, "mrr_at_5": 0.31097, "mrr_at_10": 0.31928, "mrr_at_20": 0.32528, "mrr_at_100": 0.33024, "mrr_at_200": 0.33051, "mrr_at_300": 0.33062, "mrr_at_500": 0.3307, "mrr_at_1000": 0.33075, "rc_at_1": {"relevant": 0.0, "distractor": 0.0}, "rc_at_3": {"relevant": 0.0, "distractor": 0.0}, "rc_at_5": {"relevant": 0.0, "distractor": 0.0}, "rc_at_10": {"relevant": 0.0, "distractor": 0.0}, "rc_at_20": {"relevant": 0.0, "distractor": 0.0}, "rc_at_100": {"relevant": 0.0, "distractor": 0.0}, "rc_at_200": {"relevant": 0.0, "distractor": 0.0}, "rc_at_300": {"relevant": 0.0, "distractor": 0.0}, "rc_at_500": {"relevant": 0.0, "distractor": 0.0}, "rc_at_1000": {"relevant": 0.0, "distractor": 0.0}}