{"ndcg_at_1": 0.25086, "ndcg_at_3": 0.29672, "ndcg_at_5": 0.31803, "ndcg_at_10": 0.34119, "ndcg_at_20": 0.36028, "ndcg_at_100": 0.39365, "ndcg_at_200": 0.40356, "ndcg_at_300": 0.40849, "ndcg_at_500": 0.41426, "ndcg_at_1000": 0.42088, "map_at_1": 0.20759, "map_at_3": 0.26512, "map_at_5": 0.2797, "map_at_10": 0.29104, "map_at_20": 0.29702, "map_at_100": 0.30247, "map_at_200": 0.30315, "map_at_300": 0.30336, "map_at_500": 0.30354, "map_at_1000": 0.30368, "recall_at_1": 0.20759, "recall_at_3": 0.3267, "recall_at_5": 0.38169, "recall_at_10": 0.45085, "recall_at_20": 0.5207, "recall_at_100": 0.68444, "recall_at_200": 0.74655, "recall_at_300": 0.78116, "recall_at_500": 0.82487, "recall_at_1000": 0.87791, "precision_at_1": 0.25086, "precision_at_3": 0.14006, "precision_at_5": 0.10096, "precision_at_10": 0.06153, "precision_at_20": 0.03677, "precision_at_100": 0.01023, "precision_at_200": 0.00576, "precision_at_300": 0.00407, "precision_at_500": 0.00262, "precision_at_1000": 0.00144, "mrr_at_1": 0.25086, "mrr_at_3": 0.3085, "mrr_at_5": 0.32142, "mrr_at_10": 0.33096, "mrr_at_20": 0.33594, "mrr_at_100": 0.34002, "mrr_at_200": 0.3404, "mrr_at_300": 0.34054, "mrr_at_500": 0.34065, "mrr_at_1000": 0.34071, "rc_at_1": {"relevant": 0.0, "distractor": 0.0}, "rc_at_3": {"relevant": 0.0, "distractor": 0.0}, "rc_at_5": {"relevant": 0.0, "distractor": 0.0}, "rc_at_10": {"relevant": 0.0, "distractor": 0.0}, "rc_at_20": {"relevant": 0.0, "distractor": 0.0}, "rc_at_100": {"relevant": 0.0, "distractor": 0.0}, "rc_at_200": {"relevant": 0.0, "distractor": 0.0}, "rc_at_300": {"relevant": 0.0, "distractor": 0.0}, "rc_at_500": {"relevant": 0.0, "distractor": 0.0}, "rc_at_1000": {"relevant": 0.0, "distractor": 0.0}}