{"ndcg_at_1": 0.23965, "ndcg_at_3": 0.28988, "ndcg_at_5": 0.31527, "ndcg_at_10": 0.33796, "ndcg_at_20": 0.36072, "ndcg_at_100": 0.39631, "ndcg_at_200": 0.40563, "ndcg_at_300": 0.41147, "ndcg_at_500": 0.41679, "ndcg_at_1000": 0.42262, "map_at_1": 0.19972, "map_at_3": 0.25856, "map_at_5": 0.27418, "map_at_10": 0.2848, "map_at_20": 0.29173, "map_at_100": 0.2975, "map_at_200": 0.29815, "map_at_300": 0.29842, "map_at_500": 0.2986, "map_at_1000": 0.29872, "recall_at_1": 0.19972, "recall_at_3": 0.32249, "recall_at_5": 0.38367, "recall_at_10": 0.45186, "recall_at_20": 0.53271, "recall_at_100": 0.70168, "recall_at_200": 0.75888, "recall_at_300": 0.79777, "recall_at_500": 0.83534, "recall_at_1000": 0.88023, "precision_at_1": 0.23965, "precision_at_3": 0.13667, "precision_at_5": 0.10183, "precision_at_10": 0.06246, "precision_at_20": 0.03821, "precision_at_100": 0.01092, "precision_at_200": 0.00605, "precision_at_300": 0.00432, "precision_at_500": 0.00278, "precision_at_1000": 0.0015, "mrr_at_1": 0.23965, "mrr_at_3": 0.30302, "mrr_at_5": 0.31967, "mrr_at_10": 0.32976, "mrr_at_20": 0.33553, "mrr_at_100": 0.33945, "mrr_at_200": 0.3398, "mrr_at_300": 0.33993, "mrr_at_500": 0.34002, "mrr_at_1000": 0.34007, "rc_at_1": {"relevant": 0.0, "distractor": 0.0}, "rc_at_3": {"relevant": 0.0, "distractor": 0.0}, "rc_at_5": {"relevant": 0.0, "distractor": 0.0}, "rc_at_10": {"relevant": 0.0, "distractor": 0.0}, "rc_at_20": {"relevant": 0.0, "distractor": 0.0}, "rc_at_100": {"relevant": 0.0, "distractor": 0.0}, "rc_at_200": {"relevant": 0.0, "distractor": 0.0}, "rc_at_300": {"relevant": 0.0, "distractor": 0.0}, "rc_at_500": {"relevant": 0.0, "distractor": 0.0}, "rc_at_1000": {"relevant": 0.0, "distractor": 0.0}}