{"ndcg_at_1": 0.16364, "ndcg_at_3": 0.12616, "ndcg_at_5": 0.11584, "ndcg_at_10": 0.10536, "ndcg_at_20": 0.13106, "ndcg_at_100": 0.18088, "ndcg_at_200": 0.20747, "ndcg_at_300": 0.21499, "ndcg_at_500": 0.22434, "ndcg_at_1000": 0.24079, "map_at_1": 0.01636, "map_at_3": 0.02939, "map_at_5": 0.03803, "map_at_10": 0.05224, "map_at_20": 0.0599, "map_at_100": 0.06928, "map_at_200": 0.07237, "map_at_300": 0.07291, "map_at_500": 0.07335, "map_at_1000": 0.07391, "recall_at_1": 0.01636, "recall_at_3": 0.03455, "recall_at_5": 0.05273, "recall_at_10": 0.09636, "recall_at_20": 0.14364, "recall_at_100": 0.26909, "recall_at_200": 0.35455, "recall_at_300": 0.38182, "recall_at_500": 0.41818, "recall_at_1000": 0.48909, "precision_at_1": 0.16364, "precision_at_3": 0.11515, "precision_at_5": 0.10545, "precision_at_10": 0.09636, "precision_at_20": 0.07182, "precision_at_100": 0.02691, "precision_at_200": 0.01773, "precision_at_300": 0.01273, "precision_at_500": 0.00836, "precision_at_1000": 0.00489, "mrr_at_1": 0.16364, "mrr_at_3": 0.20303, "mrr_at_5": 0.21848, "mrr_at_10": 0.23388, "mrr_at_20": 0.24227, "mrr_at_100": 0.24848, "mrr_at_200": 0.24864, "mrr_at_300": 0.24864, "mrr_at_500": 0.2487, "mrr_at_1000": 0.24875, "rc_at_1": {"relevant": 0.16364, "distractor": 0.29091}, "rc_at_3": {"relevant": 0.34545, "distractor": 1.07273}, "rc_at_5": {"relevant": 0.52727, "distractor": 1.90909}, "rc_at_10": {"relevant": 0.96364, "distractor": 3.2}, "rc_at_20": {"relevant": 1.43636, "distractor": 5.47273}, "rc_at_100": {"relevant": 2.69091, "distractor": 14.47273}, "rc_at_200": {"relevant": 3.54545, "distractor": 19.01818}, "rc_at_300": {"relevant": 3.81818, "distractor": 21.92727}, "rc_at_500": {"relevant": 4.18182, "distractor": 26.63636}, "rc_at_1000": {"relevant": 4.89091, "distractor": 33.14545}}