{"ndcg_at_1": 0.34483, "ndcg_at_3": 0.41978, "ndcg_at_5": 0.44862, "ndcg_at_10": 0.47836, "ndcg_at_20": 0.4986, "ndcg_at_100": 0.52636, "ndcg_at_200": 0.53446, "ndcg_at_300": 0.53764, "ndcg_at_500": 0.54006, "ndcg_at_1000": 0.54298, "map_at_1": 0.30192, "map_at_3": 0.38494, "map_at_5": 0.40334, "map_at_10": 0.41772, "map_at_20": 0.42427, "map_at_100": 0.42889, "map_at_200": 0.42942, "map_at_300": 0.42956, "map_at_500": 0.42964, "map_at_1000": 0.4297, "recall_at_1": 0.30192, "recall_at_3": 0.47286, "recall_at_5": 0.54132, "recall_at_10": 0.62778, "recall_at_20": 0.70191, "recall_at_100": 0.83717, "recall_at_200": 0.88988, "recall_at_300": 0.91253, "recall_at_500": 0.93034, "recall_at_1000": 0.95464, "precision_at_1": 0.34483, "precision_at_3": 0.18809, "precision_at_5": 0.13279, "precision_at_10": 0.07931, "precision_at_20": 0.04564, "precision_at_100": 0.01133, "precision_at_200": 0.00606, "precision_at_300": 0.00417, "precision_at_500": 0.00257, "precision_at_1000": 0.00133, "mrr_at_1": 0.34483, "mrr_at_3": 0.42215, "mrr_at_5": 0.43858, "mrr_at_10": 0.45027, "mrr_at_20": 0.45531, "mrr_at_100": 0.45858, "mrr_at_200": 0.45892, "mrr_at_300": 0.459, "mrr_at_500": 0.45903, "mrr_at_1000": 0.45906, "rc_at_1": {"relevant": 0.0, "distractor": 0.0}, "rc_at_3": {"relevant": 0.0, "distractor": 0.0}, "rc_at_5": {"relevant": 0.0, "distractor": 0.0}, "rc_at_10": {"relevant": 0.0, "distractor": 0.0}, "rc_at_20": {"relevant": 0.0, "distractor": 0.0}, "rc_at_100": {"relevant": 0.0, "distractor": 0.0}, "rc_at_200": {"relevant": 0.0, "distractor": 0.0}, "rc_at_300": {"relevant": 0.0, "distractor": 0.0}, "rc_at_500": {"relevant": 0.0, "distractor": 0.0}, "rc_at_1000": {"relevant": 0.0, "distractor": 0.0}}