{"ndcg_at_1": 0.38182, "ndcg_at_3": 0.31966, "ndcg_at_5": 0.27959, "ndcg_at_10": 0.23135, "ndcg_at_20": 0.30629, "ndcg_at_100": 0.43332, "ndcg_at_200": 0.46755, "ndcg_at_300": 0.47468, "ndcg_at_500": 0.48215, "ndcg_at_1000": 0.49197, "map_at_1": 0.03818, "map_at_3": 0.07545, "map_at_5": 0.09382, "map_at_10": 0.11813, "map_at_20": 0.15442, "map_at_100": 0.19867, "map_at_200": 0.20462, "map_at_300": 0.20546, "map_at_500": 0.20605, "map_at_1000": 0.20654, "recall_at_1": 0.03818, "recall_at_3": 0.09091, "recall_at_5": 0.12545, "recall_at_10": 0.19636, "recall_at_20": 0.33091, "recall_at_100": 0.64182, "recall_at_200": 0.75273, "recall_at_300": 0.77818, "recall_at_500": 0.80727, "recall_at_1000": 0.84909, "precision_at_1": 0.38182, "precision_at_3": 0.30303, "precision_at_5": 0.25091, "precision_at_10": 0.19636, "precision_at_20": 0.16545, "precision_at_100": 0.06418, "precision_at_200": 0.03764, "precision_at_300": 0.02594, "precision_at_500": 0.01615, "precision_at_1000": 0.00849, "mrr_at_1": 0.38182, "mrr_at_3": 0.47576, "mrr_at_5": 0.49303, "mrr_at_10": 0.51334, "mrr_at_20": 0.51907, "mrr_at_100": 0.52127, "mrr_at_200": 0.52127, "mrr_at_300": 0.52127, "mrr_at_500": 0.52127, "mrr_at_1000": 0.52129, "rc_at_1": {"relevant": 0.38182, "distractor": 0.6}, "rc_at_3": {"relevant": 0.90909, "distractor": 2.07273}, "rc_at_5": {"relevant": 1.25455, "distractor": 3.65455}, "rc_at_10": {"relevant": 1.96364, "distractor": 7.58182}, "rc_at_20": {"relevant": 3.30909, "distractor": 14.89091}, "rc_at_100": {"relevant": 6.41818, "distractor": 54.30909}, "rc_at_200": {"relevant": 7.52727, "distractor": 65.70909}, "rc_at_300": {"relevant": 7.78182, "distractor": 70.72727}, "rc_at_500": {"relevant": 8.07273, "distractor": 75.6}, "rc_at_1000": {"relevant": 8.49091, "distractor": 82.8}}