{"ndcg_at_1": 0.3516, "ndcg_at_3": 0.40519, "ndcg_at_5": 0.426, "ndcg_at_10": 0.45033, "ndcg_at_20": 0.4736, "ndcg_at_100": 0.50682, "ndcg_at_200": 0.51456, "ndcg_at_300": 0.51863, "ndcg_at_500": 0.52358, "ndcg_at_1000": 0.52792, "map_at_1": 0.28615, "map_at_3": 0.36187, "map_at_5": 0.37917, "map_at_10": 0.39165, "map_at_20": 0.39957, "map_at_100": 0.40553, "map_at_200": 0.40611, "map_at_300": 0.40628, "map_at_500": 0.40643, "map_at_1000": 0.40655, "recall_at_1": 0.28615, "recall_at_3": 0.43676, "recall_at_5": 0.49618, "recall_at_10": 0.57011, "recall_at_20": 0.65188, "recall_at_100": 0.80666, "recall_at_200": 0.85412, "recall_at_300": 0.88227, "recall_at_500": 0.91834, "recall_at_1000": 0.95009, "precision_at_1": 0.3516, "precision_at_3": 0.19444, "precision_at_5": 0.13607, "precision_at_10": 0.08037, "precision_at_20": 0.04772, "precision_at_100": 0.01269, "precision_at_200": 0.00686, "precision_at_300": 0.00477, "precision_at_500": 0.00304, "precision_at_1000": 0.00162, "mrr_at_1": 0.35046, "mrr_at_3": 0.42352, "mrr_at_5": 0.43642, "mrr_at_10": 0.44645, "mrr_at_20": 0.45185, "mrr_at_100": 0.45524, "mrr_at_200": 0.45549, "mrr_at_300": 0.45559, "mrr_at_500": 0.45567, "mrr_at_1000": 0.4557, "rc_at_1": {"relevant": 0.0, "distractor": 0.0}, "rc_at_3": {"relevant": 0.0, "distractor": 0.0}, "rc_at_5": {"relevant": 0.0, "distractor": 0.0}, "rc_at_10": {"relevant": 0.0, "distractor": 0.0}, "rc_at_20": {"relevant": 0.0, "distractor": 0.0}, "rc_at_100": {"relevant": 0.0, "distractor": 0.0}, "rc_at_200": {"relevant": 0.0, "distractor": 0.0}, "rc_at_300": {"relevant": 0.0, "distractor": 0.0}, "rc_at_500": {"relevant": 0.0, "distractor": 0.0}, "rc_at_1000": {"relevant": 0.0, "distractor": 0.0}}