{"ndcg_at_1": 0.232, "ndcg_at_3": 0.18955, "ndcg_at_5": 0.16579, "ndcg_at_10": 0.19635, "ndcg_at_20": 0.22343, "ndcg_at_100": 0.27076, "ndcg_at_200": 0.28701, "ndcg_at_300": 0.29494, "ndcg_at_500": 0.3059, "ndcg_at_1000": 0.31967, "map_at_1": 0.04703, "map_at_3": 0.08549, "map_at_5": 0.10139, "map_at_10": 0.11672, "map_at_20": 0.12677, "map_at_100": 0.13614, "map_at_200": 0.13746, "map_at_300": 0.13791, "map_at_500": 0.13835, "map_at_1000": 0.13872, "recall_at_1": 0.04703, "recall_at_3": 0.10797, "recall_at_5": 0.14818, "recall_at_10": 0.20423, "recall_at_20": 0.26757, "recall_at_100": 0.42112, "recall_at_200": 0.49022, "recall_at_300": 0.52763, "recall_at_500": 0.58398, "recall_at_1000": 0.66122, "precision_at_1": 0.232, "precision_at_3": 0.177, "precision_at_5": 0.1454, "precision_at_10": 0.1005, "precision_at_20": 0.06585, "precision_at_100": 0.02074, "precision_at_200": 0.01206, "precision_at_300": 0.00865, "precision_at_500": 0.00574, "precision_at_1000": 0.00325, "mrr_at_1": 0.233, "mrr_at_3": 0.3075, "mrr_at_5": 0.32835, "mrr_at_10": 0.34051, "mrr_at_20": 0.34674, "mrr_at_100": 0.35086, "mrr_at_200": 0.3513, "mrr_at_300": 0.35141, "mrr_at_500": 0.35148, "mrr_at_1000": 0.35152, "rc_at_1": {"relevant": 0.0, "distractor": 0.0}, "rc_at_3": {"relevant": 0.0, "distractor": 0.0}, "rc_at_5": {"relevant": 0.0, "distractor": 0.0}, "rc_at_10": {"relevant": 0.0, "distractor": 0.0}, "rc_at_20": {"relevant": 0.0, "distractor": 0.0}, "rc_at_100": {"relevant": 0.0, "distractor": 0.0}, "rc_at_200": {"relevant": 0.0, "distractor": 0.0}, "rc_at_300": {"relevant": 0.0, "distractor": 0.0}, "rc_at_500": {"relevant": 0.0, "distractor": 0.0}, "rc_at_1000": {"relevant": 0.0, "distractor": 0.0}}