{"ndcg_at_1": 0.20888, "ndcg_at_3": 0.24691, "ndcg_at_5": 0.26485, "ndcg_at_10": 0.28608, "ndcg_at_20": 0.30481, "ndcg_at_100": 0.33943, "ndcg_at_200": 0.35061, "ndcg_at_300": 0.35615, "ndcg_at_500": 0.36323, "ndcg_at_1000": 0.37008, "map_at_1": 0.17221, "map_at_3": 0.22021, "map_at_5": 0.23258, "map_at_10": 0.24224, "map_at_20": 0.24784, "map_at_100": 0.25317, "map_at_200": 0.25389, "map_at_300": 0.25412, "map_at_500": 0.25434, "map_at_1000": 0.25447, "recall_at_1": 0.17221, "recall_at_3": 0.2715, "recall_at_5": 0.31843, "recall_at_10": 0.38207, "recall_at_20": 0.45146, "recall_at_100": 0.62295, "recall_at_200": 0.69273, "recall_at_300": 0.73183, "recall_at_500": 0.78533, "recall_at_1000": 0.84115, "precision_at_1": 0.20888, "precision_at_3": 0.11688, "precision_at_5": 0.0839, "precision_at_10": 0.05172, "precision_at_20": 0.03128, "precision_at_100": 0.00918, "precision_at_200": 0.0053, "precision_at_300": 0.00379, "precision_at_500": 0.00249, "precision_at_1000": 0.00137, "mrr_at_1": 0.20888, "mrr_at_3": 0.25855, "mrr_at_5": 0.26978, "mrr_at_10": 0.27895, "mrr_at_20": 0.28411, "mrr_at_100": 0.28833, "mrr_at_200": 0.28877, "mrr_at_300": 0.28891, "mrr_at_500": 0.28904, "mrr_at_1000": 0.28911, "rc_at_1": {"relevant": 0.0, "distractor": 0.0}, "rc_at_3": {"relevant": 0.0, "distractor": 0.0}, "rc_at_5": {"relevant": 0.0, "distractor": 0.0}, "rc_at_10": {"relevant": 0.0, "distractor": 0.0}, "rc_at_20": {"relevant": 0.0, "distractor": 0.0}, "rc_at_100": {"relevant": 0.0, "distractor": 0.0}, "rc_at_200": {"relevant": 0.0, "distractor": 0.0}, "rc_at_300": {"relevant": 0.0, "distractor": 0.0}, "rc_at_500": {"relevant": 0.0, "distractor": 0.0}, "rc_at_1000": {"relevant": 0.0, "distractor": 0.0}}