{"ndcg_at_1": 0.53437, "ndcg_at_3": 0.43331, "ndcg_at_5": 0.45967, "ndcg_at_10": 0.48184, "ndcg_at_20": 0.5001, "ndcg_at_100": 0.52491, "ndcg_at_200": 0.5318, "ndcg_at_300": 0.53563, "ndcg_at_500": 0.53944, "ndcg_at_1000": 0.5443, "map_at_1": 0.26718, "map_at_3": 0.367, "map_at_5": 0.38525, "map_at_10": 0.39694, "map_at_20": 0.40332, "map_at_100": 0.40795, "map_at_200": 0.40845, "map_at_300": 0.40863, "map_at_500": 0.40875, "map_at_1000": 0.40885, "recall_at_1": 0.26718, "recall_at_3": 0.41337, "recall_at_5": 0.46536, "recall_at_10": 0.52093, "recall_at_20": 0.57968, "recall_at_100": 0.68899, "recall_at_200": 0.7291, "recall_at_300": 0.75388, "recall_at_500": 0.78062, "recall_at_1000": 0.81803, "precision_at_1": 0.53437, "precision_at_3": 0.27558, "precision_at_5": 0.18614, "precision_at_10": 0.10419, "precision_at_20": 0.05797, "precision_at_100": 0.01378, "precision_at_200": 0.00729, "precision_at_300": 0.00503, "precision_at_500": 0.00312, "precision_at_1000": 0.00164, "mrr_at_1": 0.5341, "mrr_at_3": 0.59608, "mrr_at_5": 0.60751, "mrr_at_10": 0.61424, "mrr_at_20": 0.61795, "mrr_at_100": 0.61977, "mrr_at_200": 0.61993, "mrr_at_300": 0.61999, "mrr_at_500": 0.62002, "mrr_at_1000": 0.62005, "rc_at_1": {"relevant": 0.0, "distractor": 0.0}, "rc_at_3": {"relevant": 0.0, "distractor": 0.0}, "rc_at_5": {"relevant": 0.0, "distractor": 0.0}, "rc_at_10": {"relevant": 0.0, "distractor": 0.0}, "rc_at_20": {"relevant": 0.0, "distractor": 0.0}, "rc_at_100": {"relevant": 0.0, "distractor": 0.0}, "rc_at_200": {"relevant": 0.0, "distractor": 0.0}, "rc_at_300": {"relevant": 0.0, "distractor": 0.0}, "rc_at_500": {"relevant": 0.0, "distractor": 0.0}, "rc_at_1000": {"relevant": 0.0, "distractor": 0.0}}