{"ndcg_at_1": 0.65564, "ndcg_at_3": 0.53405, "ndcg_at_5": 0.56095, "ndcg_at_10": 0.58285, "ndcg_at_20": 0.59792, "ndcg_at_100": 0.61777, "ndcg_at_200": 0.62346, "ndcg_at_300": 0.62623, "ndcg_at_500": 0.62968, "ndcg_at_1000": 0.6336, "map_at_1": 0.32782, "map_at_3": 0.46022, "map_at_5": 0.48019, "map_at_10": 0.49241, "map_at_20": 0.49818, "map_at_100": 0.50203, "map_at_200": 0.50246, "map_at_300": 0.50259, "map_at_500": 0.50271, "map_at_1000": 0.50279, "recall_at_1": 0.32782, "recall_at_3": 0.50993, "recall_at_5": 0.563, "recall_at_10": 0.61789, "recall_at_20": 0.66617, "recall_at_100": 0.75348, "recall_at_200": 0.78656, "recall_at_300": 0.80452, "recall_at_500": 0.82876, "recall_at_1000": 0.85901, "precision_at_1": 0.65564, "precision_at_3": 0.33995, "precision_at_5": 0.2252, "precision_at_10": 0.12358, "precision_at_20": 0.06662, "precision_at_100": 0.01507, "precision_at_200": 0.00787, "precision_at_300": 0.00536, "precision_at_500": 0.00332, "precision_at_1000": 0.00172, "mrr_at_1": 0.65564, "mrr_at_3": 0.71832, "mrr_at_5": 0.72721, "mrr_at_10": 0.73254, "mrr_at_20": 0.73467, "mrr_at_100": 0.73589, "mrr_at_200": 0.73599, "mrr_at_300": 0.73602, "mrr_at_500": 0.73604, "mrr_at_1000": 0.73605, "rc_at_1": {"relevant": 0.0, "distractor": 0.0}, "rc_at_3": {"relevant": 0.0, "distractor": 0.0}, "rc_at_5": {"relevant": 0.0, "distractor": 0.0}, "rc_at_10": {"relevant": 0.0, "distractor": 0.0}, "rc_at_20": {"relevant": 0.0, "distractor": 0.0}, "rc_at_100": {"relevant": 0.0, "distractor": 0.0}, "rc_at_200": {"relevant": 0.0, "distractor": 0.0}, "rc_at_300": {"relevant": 0.0, "distractor": 0.0}, "rc_at_500": {"relevant": 0.0, "distractor": 0.0}, "rc_at_1000": {"relevant": 0.0, "distractor": 0.0}}