{"ndcg_at_1": 0.38699, "ndcg_at_3": 0.43025, "ndcg_at_5": 0.45228, "ndcg_at_10": 0.48146, "ndcg_at_20": 0.5044, "ndcg_at_100": 0.5337, "ndcg_at_200": 0.54052, "ndcg_at_300": 0.54479, "ndcg_at_500": 0.5493, "ndcg_at_1000": 0.5534, "map_at_1": 0.31171, "map_at_3": 0.38679, "map_at_5": 0.40518, "map_at_10": 0.41998, "map_at_20": 0.42797, "map_at_100": 0.43321, "map_at_200": 0.43373, "map_at_300": 0.43392, "map_at_500": 0.43408, "map_at_1000": 0.43417, "recall_at_1": 0.31171, "recall_at_3": 0.45865, "recall_at_5": 0.51936, "recall_at_10": 0.60791, "recall_at_20": 0.68859, "recall_at_100": 0.82553, "recall_at_200": 0.86572, "recall_at_300": 0.89439, "recall_at_500": 0.92709, "recall_at_1000": 0.95799, "precision_at_1": 0.38699, "precision_at_3": 0.20434, "precision_at_5": 0.14406, "precision_at_10": 0.08676, "precision_at_20": 0.05074, "precision_at_100": 0.01301, "precision_at_200": 0.00699, "precision_at_300": 0.00488, "precision_at_500": 0.00308, "precision_at_1000": 0.00164, "mrr_at_1": 0.38699, "mrr_at_3": 0.45339, "mrr_at_5": 0.46783, "mrr_at_10": 0.47864, "mrr_at_20": 0.48372, "mrr_at_100": 0.48658, "mrr_at_200": 0.48682, "mrr_at_300": 0.48692, "mrr_at_500": 0.48699, "mrr_at_1000": 0.48703, "rc_at_1": {"relevant": 0.0, "distractor": 0.0}, "rc_at_3": {"relevant": 0.0, "distractor": 0.0}, "rc_at_5": {"relevant": 0.0, "distractor": 0.0}, "rc_at_10": {"relevant": 0.0, "distractor": 0.0}, "rc_at_20": {"relevant": 0.0, "distractor": 0.0}, "rc_at_100": {"relevant": 0.0, "distractor": 0.0}, "rc_at_200": {"relevant": 0.0, "distractor": 0.0}, "rc_at_300": {"relevant": 0.0, "distractor": 0.0}, "rc_at_500": {"relevant": 0.0, "distractor": 0.0}, "rc_at_1000": {"relevant": 0.0, "distractor": 0.0}}