{"ndcg_at_1": 0.27273, "ndcg_at_3": 0.21483, "ndcg_at_5": 0.18817, "ndcg_at_10": 0.14118, "ndcg_at_20": 0.16113, "ndcg_at_100": 0.21034, "ndcg_at_200": 0.23157, "ndcg_at_300": 0.24114, "ndcg_at_500": 0.26077, "ndcg_at_1000": 0.2768, "map_at_1": 0.02727, "map_at_3": 0.05182, "map_at_5": 0.06827, "map_at_10": 0.07876, "map_at_20": 0.08578, "map_at_100": 0.09463, "map_at_200": 0.09675, "map_at_300": 0.09752, "map_at_500": 0.09853, "map_at_1000": 0.09909, "recall_at_1": 0.02727, "recall_at_3": 0.06, "recall_at_5": 0.08364, "recall_at_10": 0.11091, "recall_at_20": 0.14727, "recall_at_100": 0.27091, "recall_at_200": 0.34, "recall_at_300": 0.37455, "recall_at_500": 0.45091, "recall_at_1000": 0.52, "precision_at_1": 0.27273, "precision_at_3": 0.2, "precision_at_5": 0.16727, "precision_at_10": 0.11091, "precision_at_20": 0.07364, "precision_at_100": 0.02709, "precision_at_200": 0.017, "precision_at_300": 0.01248, "precision_at_500": 0.00902, "precision_at_1000": 0.0052, "mrr_at_1": 0.27273, "mrr_at_3": 0.32424, "mrr_at_5": 0.33333, "mrr_at_10": 0.3454, "mrr_at_20": 0.35293, "mrr_at_100": 0.35848, "mrr_at_200": 0.35857, "mrr_at_300": 0.35871, "mrr_at_500": 0.35875, "mrr_at_1000": 0.35875, "rc_at_1": {"relevant": 0.27273, "distractor": 0.4}, "rc_at_3": {"relevant": 0.6, "distractor": 1.10909}, "rc_at_5": {"relevant": 0.83636, "distractor": 1.74545}, "rc_at_10": {"relevant": 1.10909, "distractor": 3.10909}, "rc_at_20": {"relevant": 1.47273, "distractor": 5.38182}, "rc_at_100": {"relevant": 2.72727, "distractor": 13.47273}, "rc_at_200": {"relevant": 3.4, "distractor": 18.70909}, "rc_at_300": {"relevant": 3.74545, "distractor": 21.72727}, "rc_at_500": {"relevant": 4.50909, "distractor": 25.96364}, "rc_at_1000": {"relevant": 5.2, "distractor": 33.4}}