{"ndcg_at_1": 0.13103, "ndcg_at_3": 0.17026, "ndcg_at_5": 0.18979, "ndcg_at_10": 0.21227, "ndcg_at_20": 0.2303, "ndcg_at_100": 0.26764, "ndcg_at_200": 0.27958, "ndcg_at_300": 0.28492, "ndcg_at_500": 0.29188, "ndcg_at_1000": 0.30129, "map_at_1": 0.11345, "map_at_3": 0.1518, "map_at_5": 0.16339, "map_at_10": 0.17304, "map_at_20": 0.17824, "map_at_100": 0.18346, "map_at_200": 0.18418, "map_at_300": 0.18439, "map_at_500": 0.18457, "map_at_1000": 0.18473, "recall_at_1": 0.11345, "recall_at_3": 0.19737, "recall_at_5": 0.24389, "recall_at_10": 0.3108, "recall_at_20": 0.37913, "recall_at_100": 0.57141, "recall_at_200": 0.64966, "recall_at_300": 0.68845, "recall_at_500": 0.74362, "recall_at_1000": 0.82547, "precision_at_1": 0.13103, "precision_at_3": 0.07879, "precision_at_5": 0.05956, "precision_at_10": 0.03906, "precision_at_20": 0.02423, "precision_at_100": 0.00752, "precision_at_200": 0.00433, "precision_at_300": 0.00308, "precision_at_500": 0.00201, "precision_at_1000": 0.00113, "mrr_at_1": 0.13103, "mrr_at_3": 0.17262, "mrr_at_5": 0.18466, "mrr_at_10": 0.19434, "mrr_at_20": 0.1996, "mrr_at_100": 0.20423, "mrr_at_200": 0.20479, "mrr_at_300": 0.20494, "mrr_at_500": 0.20507, "mrr_at_1000": 0.20518, "rc_at_1": {"relevant": 0.0, "distractor": 0.0}, "rc_at_3": {"relevant": 0.0, "distractor": 0.0}, "rc_at_5": {"relevant": 0.0, "distractor": 0.0}, "rc_at_10": {"relevant": 0.0, "distractor": 0.0}, "rc_at_20": {"relevant": 0.0, "distractor": 0.0}, "rc_at_100": {"relevant": 0.0, "distractor": 0.0}, "rc_at_200": {"relevant": 0.0, "distractor": 0.0}, "rc_at_300": {"relevant": 0.0, "distractor": 0.0}, "rc_at_500": {"relevant": 0.0, "distractor": 0.0}, "rc_at_1000": {"relevant": 0.0, "distractor": 0.0}}