{"ndcg_at_1": 0.36923, "ndcg_at_3": 0.31758, "ndcg_at_5": 0.2908, "ndcg_at_10": 0.25094, "ndcg_at_20": 0.30093, "ndcg_at_100": 0.4508, "ndcg_at_200": 0.49482, "ndcg_at_300": 0.50636, "ndcg_at_500": 0.51267, "ndcg_at_1000": 0.52085, "map_at_1": 0.03692, "map_at_3": 0.07897, "map_at_5": 0.09921, "map_at_10": 0.13917, "map_at_20": 0.16226, "map_at_100": 0.20631, "map_at_200": 0.21495, "map_at_300": 0.21628, "map_at_500": 0.21682, "map_at_1000": 0.21721, "recall_at_1": 0.03692, "recall_at_3": 0.09077, "recall_at_5": 0.13538, "recall_at_10": 0.22308, "recall_at_20": 0.31231, "recall_at_100": 0.7, "recall_at_200": 0.84, "recall_at_300": 0.88154, "recall_at_500": 0.90615, "recall_at_1000": 0.94154, "precision_at_1": 0.36923, "precision_at_3": 0.30256, "precision_at_5": 0.27077, "precision_at_10": 0.22308, "precision_at_20": 0.15615, "precision_at_100": 0.07, "precision_at_200": 0.042, "precision_at_300": 0.02938, "precision_at_500": 0.01812, "precision_at_1000": 0.00942, "mrr_at_1": 0.38462, "mrr_at_3": 0.44872, "mrr_at_5": 0.48718, "mrr_at_10": 0.50284, "mrr_at_20": 0.50841, "mrr_at_100": 0.51053, "mrr_at_200": 0.51053, "mrr_at_300": 0.51053, "mrr_at_500": 0.51053, "mrr_at_1000": 0.51053, "rc_at_1": {"relevant": 0.38462, "distractor": 0.6}, "rc_at_3": {"relevant": 0.92308, "distractor": 2.06154}, "rc_at_5": {"relevant": 1.36923, "distractor": 3.61538}, "rc_at_10": {"relevant": 2.24615, "distractor": 7.64615}, "rc_at_20": {"relevant": 3.12308, "distractor": 16.23077}, "rc_at_100": {"relevant": 7.0, "distractor": 72.46154}, "rc_at_200": {"relevant": 8.4, "distractor": 86.06154}, "rc_at_300": {"relevant": 8.81538, "distractor": 89.49231}, "rc_at_500": {"relevant": 9.06154, "distractor": 92.13846}, "rc_at_1000": {"relevant": 9.41538, "distractor": 94.46154}}