{"ndcg_at_1": 0.36923, "ndcg_at_3": 0.31758, "ndcg_at_5": 0.2908, "ndcg_at_10": 0.25094, "ndcg_at_20": 0.30109, "ndcg_at_100": 0.48089, "ndcg_at_200": 0.53276, "ndcg_at_300": 0.53879, "ndcg_at_500": 0.5416, "ndcg_at_1000": 0.54377, "map_at_1": 0.03692, "map_at_3": 0.07897, "map_at_5": 0.09921, "map_at_10": 0.13917, "map_at_20": 0.16242, "map_at_100": 0.216, "map_at_200": 0.22665, "map_at_300": 0.22749, "map_at_500": 0.22776, "map_at_1000": 0.2279, "recall_at_1": 0.03692, "recall_at_3": 0.09077, "recall_at_5": 0.13538, "recall_at_10": 0.22308, "recall_at_20": 0.31231, "recall_at_100": 0.78154, "recall_at_200": 0.94615, "recall_at_300": 0.96769, "recall_at_500": 0.97846, "recall_at_1000": 0.98769, "precision_at_1": 0.36923, "precision_at_3": 0.30256, "precision_at_5": 0.27077, "precision_at_10": 0.22308, "precision_at_20": 0.15615, "precision_at_100": 0.07815, "precision_at_200": 0.04731, "precision_at_300": 0.03226, "precision_at_500": 0.01957, "precision_at_1000": 0.00988, "mrr_at_1": 0.38462, "mrr_at_3": 0.44872, "mrr_at_5": 0.48718, "mrr_at_10": 0.50284, "mrr_at_20": 0.50861, "mrr_at_100": 0.51076, "mrr_at_200": 0.51076, "mrr_at_300": 0.51076, "mrr_at_500": 0.51076, "mrr_at_1000": 0.51076, "rc_at_1": {"relevant": 0.38462, "distractor": 0.61538}, "rc_at_3": {"relevant": 0.92308, "distractor": 2.07692}, "rc_at_5": {"relevant": 1.36923, "distractor": 3.63077}, "rc_at_10": {"relevant": 2.24615, "distractor": 7.70769}, "rc_at_20": {"relevant": 3.12308, "distractor": 16.66154}, "rc_at_100": {"relevant": 7.81538, "distractor": 82.95385}, "rc_at_200": {"relevant": 9.46154, "distractor": 94.4}, "rc_at_300": {"relevant": 9.69231, "distractor": 95.93846}, "rc_at_500": {"relevant": 9.78462, "distractor": 96.93846}, "rc_at_1000": {"relevant": 9.87692, "distractor": 98.03077}}