{"ndcg_at_1": 0.27427, "ndcg_at_3": 0.21807, "ndcg_at_5": 0.22745, "ndcg_at_10": 0.24811, "ndcg_at_20": 0.26481, "ndcg_at_100": 0.29008, "ndcg_at_200": 0.29821, "ndcg_at_300": 0.30188, "ndcg_at_500": 0.30644, "ndcg_at_1000": 0.3135, "map_at_1": 0.11742, "map_at_3": 0.15921, "map_at_5": 0.17012, "map_at_10": 0.17896, "map_at_20": 0.18427, "map_at_100": 0.18831, "map_at_200": 0.18888, "map_at_300": 0.18905, "map_at_500": 0.18919, "map_at_1000": 0.18932, "recall_at_1": 0.11742, "recall_at_3": 0.19358, "recall_at_5": 0.22875, "recall_at_10": 0.27597, "recall_at_20": 0.32468, "recall_at_100": 0.42397, "recall_at_200": 0.46421, "recall_at_300": 0.48461, "recall_at_500": 0.5122, "recall_at_1000": 0.55938, "precision_at_1": 0.27427, "precision_at_3": 0.15765, "precision_at_5": 0.1144, "precision_at_10": 0.07023, "precision_at_20": 0.04186, "precision_at_100": 0.01136, "precision_at_200": 0.00634, "precision_at_300": 0.00445, "precision_at_500": 0.00284, "precision_at_1000": 0.00157, "mrr_at_1": 0.27427, "mrr_at_3": 0.33735, "mrr_at_5": 0.35136, "mrr_at_10": 0.36194, "mrr_at_20": 0.36636, "mrr_at_100": 0.36933, "mrr_at_200": 0.36963, "mrr_at_300": 0.3697, "mrr_at_500": 0.36976, "mrr_at_1000": 0.36982, "rc_at_1": {"relevant": 0.0, "distractor": 0.0}, "rc_at_3": {"relevant": 0.0, "distractor": 0.0}, "rc_at_5": {"relevant": 0.0, "distractor": 0.0}, "rc_at_10": {"relevant": 0.0, "distractor": 0.0}, "rc_at_20": {"relevant": 0.0, "distractor": 0.0}, "rc_at_100": {"relevant": 0.0, "distractor": 0.0}, "rc_at_200": {"relevant": 0.0, "distractor": 0.0}, "rc_at_300": {"relevant": 0.0, "distractor": 0.0}, "rc_at_500": {"relevant": 0.0, "distractor": 0.0}, "rc_at_1000": {"relevant": 0.0, "distractor": 0.0}}