{"ndcg_at_1": 0.55791, "ndcg_at_3": 0.65608, "ndcg_at_5": 0.68052, "ndcg_at_10": 0.69975, "ndcg_at_20": 0.71012, "ndcg_at_100": 0.7206, "ndcg_at_200": 0.7225, "ndcg_at_300": 0.72319, "ndcg_at_500": 0.72384, "ndcg_at_1000": 0.72479, "map_at_1": 0.52032, "map_at_3": 0.61727, "map_at_5": 0.63157, "map_at_10": 0.64018, "map_at_20": 0.64329, "map_at_100": 0.64496, "map_at_200": 0.64508, "map_at_300": 0.64511, "map_at_500": 0.64513, "map_at_1000": 0.64515, "recall_at_1": 0.52032, "recall_at_3": 0.72902, "recall_at_5": 0.78846, "recall_at_10": 0.84561, "recall_at_20": 0.88415, "recall_at_100": 0.93641, "recall_at_200": 0.94847, "recall_at_300": 0.95312, "recall_at_500": 0.95789, "recall_at_1000": 0.96544, "precision_at_1": 0.55791, "precision_at_3": 0.26343, "precision_at_5": 0.17165, "precision_at_10": 0.09266, "precision_at_20": 0.04875, "precision_at_100": 0.01047, "precision_at_200": 0.00533, "precision_at_300": 0.00358, "precision_at_500": 0.00217, "precision_at_1000": 0.0011, "mrr_at_1": 0.56556, "mrr_at_3": 0.66207, "mrr_at_5": 0.67622, "mrr_at_10": 0.68422, "mrr_at_20": 0.68676, "mrr_at_100": 0.68794, "mrr_at_200": 0.68802, "mrr_at_300": 0.68802, "mrr_at_500": 0.68803, "mrr_at_1000": 0.68803, "rc_at_1": {"relevant": 0.0, "distractor": 0.0}, "rc_at_3": {"relevant": 0.0, "distractor": 0.0}, "rc_at_5": {"relevant": 0.0, "distractor": 0.0}, "rc_at_10": {"relevant": 0.0, "distractor": 0.0}, "rc_at_20": {"relevant": 0.0, "distractor": 0.0}, "rc_at_100": {"relevant": 0.0, "distractor": 0.0}, "rc_at_200": {"relevant": 0.0, "distractor": 0.0}, "rc_at_300": {"relevant": 0.0, "distractor": 0.0}, "rc_at_500": {"relevant": 0.0, "distractor": 0.0}, "rc_at_1000": {"relevant": 0.0, "distractor": 0.0}}