{"ndcg_at_1": 0.33846, "ndcg_at_3": 0.30125, "ndcg_at_5": 0.27588, "ndcg_at_10": 0.23175, "ndcg_at_20": 0.29032, "ndcg_at_100": 0.49924, "ndcg_at_200": 0.54518, "ndcg_at_300": 0.54646, "ndcg_at_500": 0.54725, "ndcg_at_1000": 0.54725, "map_at_1": 0.03385, "map_at_3": 0.07128, "map_at_5": 0.09244, "map_at_10": 0.12399, "map_at_20": 0.15223, "map_at_100": 0.21808, "map_at_200": 0.22888, "map_at_300": 0.22906, "map_at_500": 0.22914, "map_at_1000": 0.22914, "recall_at_1": 0.03385, "recall_at_3": 0.08769, "recall_at_5": 0.12923, "recall_at_10": 0.20308, "recall_at_20": 0.30923, "recall_at_100": 0.84769, "recall_at_200": 0.99077, "recall_at_300": 0.99538, "recall_at_500": 0.99846, "recall_at_1000": 0.99846, "precision_at_1": 0.33846, "precision_at_3": 0.29231, "precision_at_5": 0.25846, "precision_at_10": 0.20308, "precision_at_20": 0.15462, "precision_at_100": 0.08477, "precision_at_200": 0.04954, "precision_at_300": 0.03318, "precision_at_500": 0.01997, "precision_at_1000": 0.00998, "mrr_at_1": 0.33846, "mrr_at_3": 0.43077, "mrr_at_5": 0.45692, "mrr_at_10": 0.47264, "mrr_at_20": 0.48203, "mrr_at_100": 0.4845, "mrr_at_200": 0.4845, "mrr_at_300": 0.4845, "mrr_at_500": 0.4845, "mrr_at_1000": 0.4845, "rc_at_1": {"relevant": 0.33846, "distractor": 0.66154}, "rc_at_3": {"relevant": 0.87692, "distractor": 2.12308}, "rc_at_5": {"relevant": 1.29231, "distractor": 3.70769}, "rc_at_10": {"relevant": 2.03077, "distractor": 7.95385}, "rc_at_20": {"relevant": 3.09231, "distractor": 16.78462}, "rc_at_100": {"relevant": 8.47692, "distractor": 87.30769}, "rc_at_200": {"relevant": 9.90769, "distractor": 97.64615}, "rc_at_300": {"relevant": 9.95385, "distractor": 98.36923}, "rc_at_500": {"relevant": 9.98462, "distractor": 98.78462}, "rc_at_1000": {"relevant": 9.98462, "distractor": 99.27692}}