{"ndcg_at_1": 0.33846, "ndcg_at_3": 0.2777, "ndcg_at_5": 0.24606, "ndcg_at_10": 0.19603, "ndcg_at_20": 0.23633, "ndcg_at_100": 0.30721, "ndcg_at_200": 0.33999, "ndcg_at_300": 0.35283, "ndcg_at_500": 0.36507, "ndcg_at_1000": 0.38323, "map_at_1": 0.03385, "map_at_3": 0.06615, "map_at_5": 0.08231, "map_at_10": 0.10222, "map_at_20": 0.12119, "map_at_100": 0.13991, "map_at_200": 0.14391, "map_at_300": 0.14507, "map_at_500": 0.1458, "map_at_1000": 0.14652, "recall_at_1": 0.03385, "recall_at_3": 0.07846, "recall_at_5": 0.11077, "recall_at_10": 0.16154, "recall_at_20": 0.23385, "recall_at_100": 0.41231, "recall_at_200": 0.51846, "recall_at_300": 0.56462, "recall_at_500": 0.61231, "recall_at_1000": 0.69077, "precision_at_1": 0.33846, "precision_at_3": 0.26154, "precision_at_5": 0.22154, "precision_at_10": 0.16154, "precision_at_20": 0.11692, "precision_at_100": 0.04123, "precision_at_200": 0.02592, "precision_at_300": 0.01882, "precision_at_500": 0.01225, "precision_at_1000": 0.00691, "mrr_at_1": 0.33846, "mrr_at_3": 0.40513, "mrr_at_5": 0.42744, "mrr_at_10": 0.44288, "mrr_at_20": 0.4495, "mrr_at_100": 0.45297, "mrr_at_200": 0.45352, "mrr_at_300": 0.45359, "mrr_at_500": 0.45359, "mrr_at_1000": 0.45359, "rc_at_1": {"relevant": 0.33846, "distractor": 0.50769}, "rc_at_3": {"relevant": 0.78462, "distractor": 1.64615}, "rc_at_5": {"relevant": 1.10769, "distractor": 2.72308}, "rc_at_10": {"relevant": 1.61538, "distractor": 5.58462}, "rc_at_20": {"relevant": 2.33846, "distractor": 10.63077}, "rc_at_100": {"relevant": 4.12308, "distractor": 31.26154}, "rc_at_200": {"relevant": 5.18462, "distractor": 41.81538}, "rc_at_300": {"relevant": 5.64615, "distractor": 47.87692}, "rc_at_500": {"relevant": 6.12308, "distractor": 54.67692}, "rc_at_1000": {"relevant": 6.90769, "distractor": 62.84615}}