{"ndcg_at_1": 0.35611, "ndcg_at_3": 0.40197, "ndcg_at_5": 0.42479, "ndcg_at_10": 0.44574, "ndcg_at_20": 0.46582, "ndcg_at_100": 0.50168, "ndcg_at_200": 0.50922, "ndcg_at_300": 0.51423, "ndcg_at_500": 0.51744, "ndcg_at_1000": 0.52256, "map_at_1": 0.29273, "map_at_3": 0.36116, "map_at_5": 0.37881, "map_at_10": 0.39041, "map_at_20": 0.39703, "map_at_100": 0.40311, "map_at_200": 0.40372, "map_at_300": 0.40397, "map_at_500": 0.40409, "map_at_1000": 0.40421, "recall_at_1": 0.29273, "recall_at_3": 0.42999, "recall_at_5": 0.49051, "recall_at_10": 0.5537, "recall_at_20": 0.62564, "recall_at_100": 0.79424, "recall_at_200": 0.83855, "recall_at_300": 0.8719, "recall_at_500": 0.89363, "recall_at_1000": 0.93323, "precision_at_1": 0.35611, "precision_at_3": 0.18928, "precision_at_5": 0.13397, "precision_at_10": 0.0794, "precision_at_20": 0.04615, "precision_at_100": 0.01252, "precision_at_200": 0.00682, "precision_at_300": 0.00481, "precision_at_500": 0.00302, "precision_at_1000": 0.00162, "mrr_at_1": 0.35707, "mrr_at_3": 0.42445, "mrr_at_5": 0.43768, "mrr_at_10": 0.44638, "mrr_at_20": 0.45111, "mrr_at_100": 0.45503, "mrr_at_200": 0.45526, "mrr_at_300": 0.45536, "mrr_at_500": 0.45541, "mrr_at_1000": 0.45546, "rc_at_1": {"relevant": 0.0, "distractor": 0.0}, "rc_at_3": {"relevant": 0.0, "distractor": 0.0}, "rc_at_5": {"relevant": 0.0, "distractor": 0.0}, "rc_at_10": {"relevant": 0.0, "distractor": 0.0}, "rc_at_20": {"relevant": 0.0, "distractor": 0.0}, "rc_at_100": {"relevant": 0.0, "distractor": 0.0}, "rc_at_200": {"relevant": 0.0, "distractor": 0.0}, "rc_at_300": {"relevant": 0.0, "distractor": 0.0}, "rc_at_500": {"relevant": 0.0, "distractor": 0.0}, "rc_at_1000": {"relevant": 0.0, "distractor": 0.0}}