{"ndcg_at_1": 0.39846, "ndcg_at_3": 0.4355, "ndcg_at_5": 0.45789, "ndcg_at_10": 0.48142, "ndcg_at_20": 0.49981, "ndcg_at_100": 0.53302, "ndcg_at_200": 0.54109, "ndcg_at_300": 0.54445, "ndcg_at_500": 0.54843, "ndcg_at_1000": 0.55184, "map_at_1": 0.32164, "map_at_3": 0.39196, "map_at_5": 0.40939, "map_at_10": 0.42289, "map_at_20": 0.42912, "map_at_100": 0.43513, "map_at_200": 0.43575, "map_at_300": 0.43594, "map_at_500": 0.4361, "map_at_1000": 0.43619, "recall_at_1": 0.32164, "recall_at_3": 0.4618, "recall_at_5": 0.52243, "recall_at_10": 0.59384, "recall_at_20": 0.65754, "recall_at_100": 0.8123, "recall_at_200": 0.85964, "recall_at_300": 0.88023, "recall_at_500": 0.90797, "recall_at_1000": 0.9328, "precision_at_1": 0.39846, "precision_at_3": 0.20597, "precision_at_5": 0.14437, "precision_at_10": 0.08556, "precision_at_20": 0.04923, "precision_at_100": 0.01294, "precision_at_200": 0.00709, "precision_at_300": 0.00495, "precision_at_500": 0.00312, "precision_at_1000": 0.00164, "mrr_at_1": 0.39846, "mrr_at_3": 0.4623, "mrr_at_5": 0.47674, "mrr_at_10": 0.48514, "mrr_at_20": 0.48915, "mrr_at_100": 0.49263, "mrr_at_200": 0.49289, "mrr_at_300": 0.49296, "mrr_at_500": 0.49301, "mrr_at_1000": 0.49303, "rc_at_1": {"relevant": 0.0, "distractor": 0.0}, "rc_at_3": {"relevant": 0.0, "distractor": 0.0}, "rc_at_5": {"relevant": 0.0, "distractor": 0.0}, "rc_at_10": {"relevant": 0.0, "distractor": 0.0}, "rc_at_20": {"relevant": 0.0, "distractor": 0.0}, "rc_at_100": {"relevant": 0.0, "distractor": 0.0}, "rc_at_200": {"relevant": 0.0, "distractor": 0.0}, "rc_at_300": {"relevant": 0.0, "distractor": 0.0}, "rc_at_500": {"relevant": 0.0, "distractor": 0.0}, "rc_at_1000": {"relevant": 0.0, "distractor": 0.0}}