{"ndcg_at_1": 0.04991, "ndcg_at_3": 0.07374, "ndcg_at_5": 0.08445, "ndcg_at_10": 0.09636, "ndcg_at_20": 0.10841, "ndcg_at_100": 0.13698, "ndcg_at_200": 0.14693, "ndcg_at_300": 0.15127, "ndcg_at_500": 0.15847, "ndcg_at_1000": 0.17031, "map_at_1": 0.04566, "map_at_3": 0.06496, "map_at_5": 0.07094, "map_at_10": 0.07576, "map_at_20": 0.07917, "map_at_100": 0.08292, "map_at_200": 0.08344, "map_at_300": 0.08359, "map_at_500": 0.08377, "map_at_1000": 0.08394, "recall_at_1": 0.04566, "recall_at_3": 0.0931, "recall_at_5": 0.11959, "recall_at_10": 0.15456, "recall_at_20": 0.20018, "recall_at_100": 0.34971, "recall_at_200": 0.41745, "recall_at_300": 0.44979, "recall_at_500": 0.50763, "recall_at_1000": 0.61354, "precision_at_1": 0.04991, "precision_at_3": 0.03389, "precision_at_5": 0.02588, "precision_at_10": 0.01719, "precision_at_20": 0.01128, "precision_at_100": 0.0042, "precision_at_200": 0.00256, "precision_at_300": 0.00187, "precision_at_500": 0.00129, "precision_at_1000": 0.0008, "mrr_at_1": 0.04991, "mrr_at_3": 0.07086, "mrr_at_5": 0.07714, "mrr_at_10": 0.08272, "mrr_at_20": 0.08621, "mrr_at_100": 0.09011, "mrr_at_200": 0.09058, "mrr_at_300": 0.09069, "mrr_at_500": 0.09085, "mrr_at_1000": 0.091, "rc_at_1": {"relevant": 0.0, "distractor": 0.0}, "rc_at_3": {"relevant": 0.0, "distractor": 0.0}, "rc_at_5": {"relevant": 0.0, "distractor": 0.0}, "rc_at_10": {"relevant": 0.0, "distractor": 0.0}, "rc_at_20": {"relevant": 0.0, "distractor": 0.0}, "rc_at_100": {"relevant": 0.0, "distractor": 0.0}, "rc_at_200": {"relevant": 0.0, "distractor": 0.0}, "rc_at_300": {"relevant": 0.0, "distractor": 0.0}, "rc_at_500": {"relevant": 0.0, "distractor": 0.0}, "rc_at_1000": {"relevant": 0.0, "distractor": 0.0}}