{"ndcg_at_1": 0.1523, "ndcg_at_3": 0.1953, "ndcg_at_5": 0.21896, "ndcg_at_10": 0.25084, "ndcg_at_20": 0.2759, "ndcg_at_100": 0.31533, "ndcg_at_200": 0.32713, "ndcg_at_300": 0.3325, "ndcg_at_500": 0.33849, "ndcg_at_1000": 0.34461, "map_at_1": 0.13477, "map_at_3": 0.17663, "map_at_5": 0.19101, "map_at_10": 0.20519, "map_at_20": 0.21281, "map_at_100": 0.21896, "map_at_200": 0.2197, "map_at_300": 0.21992, "map_at_500": 0.2201, "map_at_1000": 0.22021, "recall_at_1": 0.13477, "recall_at_3": 0.22462, "recall_at_5": 0.28095, "recall_at_10": 0.37488, "recall_at_20": 0.46626, "recall_at_100": 0.66138, "recall_at_200": 0.73684, "recall_at_300": 0.77467, "recall_at_500": 0.82052, "recall_at_1000": 0.87111, "precision_at_1": 0.1523, "precision_at_3": 0.0902, "precision_at_5": 0.06958, "precision_at_10": 0.04792, "precision_at_20": 0.03099, "precision_at_100": 0.00929, "precision_at_200": 0.00529, "precision_at_300": 0.00375, "precision_at_500": 0.00241, "precision_at_1000": 0.0013, "mrr_at_1": 0.1523, "mrr_at_3": 0.19412, "mrr_at_5": 0.20787, "mrr_at_10": 0.22107, "mrr_at_20": 0.22793, "mrr_at_100": 0.23287, "mrr_at_200": 0.23341, "mrr_at_300": 0.23354, "mrr_at_500": 0.23366, "mrr_at_1000": 0.23372, "rc_at_1": {"relevant": 0.0, "distractor": 0.0}, "rc_at_3": {"relevant": 0.0, "distractor": 0.0}, "rc_at_5": {"relevant": 0.0, "distractor": 0.0}, "rc_at_10": {"relevant": 0.0, "distractor": 0.0}, "rc_at_20": {"relevant": 0.0, "distractor": 0.0}, "rc_at_100": {"relevant": 0.0, "distractor": 0.0}, "rc_at_200": {"relevant": 0.0, "distractor": 0.0}, "rc_at_300": {"relevant": 0.0, "distractor": 0.0}, "rc_at_500": {"relevant": 0.0, "distractor": 0.0}, "rc_at_1000": {"relevant": 0.0, "distractor": 0.0}}