{"ndcg_at_1": 0.76, "ndcg_at_3": 0.72397, "ndcg_at_5": 0.68682, "ndcg_at_10": 0.63976, "ndcg_at_20": 0.58786, "ndcg_at_100": 0.42843, "ndcg_at_200": 0.35573, "ndcg_at_300": 0.33045, "ndcg_at_500": 0.33142, "ndcg_at_1000": 0.38186, "map_at_1": 0.00224, "map_at_3": 0.0057, "map_at_5": 0.00866, "map_at_10": 0.01443, "map_at_20": 0.02453, "map_at_100": 0.06721, "map_at_200": 0.09191, "map_at_300": 0.10704, "map_at_500": 0.12702, "map_at_1000": 0.14979, "recall_at_1": 0.00224, "recall_at_3": 0.00603, "recall_at_5": 0.00955, "recall_at_10": 0.01703, "recall_at_20": 0.03093, "recall_at_100": 0.10108, "recall_at_200": 0.15621, "recall_at_300": 0.19749, "recall_at_500": 0.26224, "recall_at_1000": 0.35871, "precision_at_1": 0.82, "precision_at_3": 0.76, "precision_at_5": 0.708, "precision_at_10": 0.654, "precision_at_20": 0.602, "precision_at_100": 0.4206, "precision_at_200": 0.3343, "precision_at_300": 0.28707, "precision_at_500": 0.2344, "precision_at_1000": 0.165, "mrr_at_1": 0.82, "mrr_at_3": 0.88, "mrr_at_5": 0.888, "mrr_at_10": 0.888, "mrr_at_20": 0.888, "mrr_at_100": 0.888, "mrr_at_200": 0.888, "mrr_at_300": 0.888, "mrr_at_500": 0.888, "mrr_at_1000": 0.888, "rc_at_1": {"relevant": 0.0, "distractor": 0.0}, "rc_at_3": {"relevant": 0.0, "distractor": 0.0}, "rc_at_5": {"relevant": 0.0, "distractor": 0.0}, "rc_at_10": {"relevant": 0.0, "distractor": 0.0}, "rc_at_20": {"relevant": 0.0, "distractor": 0.0}, "rc_at_100": {"relevant": 0.0, "distractor": 0.0}, "rc_at_200": {"relevant": 0.0, "distractor": 0.0}, "rc_at_300": {"relevant": 0.0, "distractor": 0.0}, "rc_at_500": {"relevant": 0.0, "distractor": 0.0}, "rc_at_1000": {"relevant": 0.0, "distractor": 0.0}}