{"ndcg_at_1": 0.16138, "ndcg_at_3": 0.20666, "ndcg_at_5": 0.22547, "ndcg_at_10": 0.2493, "ndcg_at_20": 0.27315, "ndcg_at_100": 0.31555, "ndcg_at_200": 0.33045, "ndcg_at_300": 0.33631, "ndcg_at_500": 0.34177, "ndcg_at_1000": 0.34754, "map_at_1": 0.13785, "map_at_3": 0.1829, "map_at_5": 0.19503, "map_at_10": 0.20539, "map_at_20": 0.21225, "map_at_100": 0.21856, "map_at_200": 0.21946, "map_at_300": 0.21969, "map_at_500": 0.21985, "map_at_1000": 0.21996, "recall_at_1": 0.13785, "recall_at_3": 0.23678, "recall_at_5": 0.28542, "recall_at_10": 0.35606, "recall_at_20": 0.44324, "recall_at_100": 0.65349, "recall_at_200": 0.74912, "recall_at_300": 0.79105, "recall_at_500": 0.83213, "recall_at_1000": 0.87776, "precision_at_1": 0.16138, "precision_at_3": 0.09888, "precision_at_5": 0.07257, "precision_at_10": 0.04599, "precision_at_20": 0.02906, "precision_at_100": 0.00905, "precision_at_200": 0.0053, "precision_at_300": 0.00375, "precision_at_500": 0.0024, "precision_at_1000": 0.0013, "mrr_at_1": 0.16138, "mrr_at_3": 0.21175, "mrr_at_5": 0.22374, "mrr_at_10": 0.234, "mrr_at_20": 0.24079, "mrr_at_100": 0.246, "mrr_at_200": 0.24666, "mrr_at_300": 0.24681, "mrr_at_500": 0.24691, "mrr_at_1000": 0.24696, "rc_at_1": {"relevant": 0.0, "distractor": 0.0}, "rc_at_3": {"relevant": 0.0, "distractor": 0.0}, "rc_at_5": {"relevant": 0.0, "distractor": 0.0}, "rc_at_10": {"relevant": 0.0, "distractor": 0.0}, "rc_at_20": {"relevant": 0.0, "distractor": 0.0}, "rc_at_100": {"relevant": 0.0, "distractor": 0.0}, "rc_at_200": {"relevant": 0.0, "distractor": 0.0}, "rc_at_300": {"relevant": 0.0, "distractor": 0.0}, "rc_at_500": {"relevant": 0.0, "distractor": 0.0}, "rc_at_1000": {"relevant": 0.0, "distractor": 0.0}}