{"ndcg_at_1": 0.34528, "ndcg_at_3": 0.28821, "ndcg_at_5": 0.30414, "ndcg_at_10": 0.33693, "ndcg_at_20": 0.36111, "ndcg_at_100": 0.39709, "ndcg_at_200": 0.40731, "ndcg_at_300": 0.41326, "ndcg_at_500": 0.41922, "ndcg_at_1000": 0.42562, "map_at_1": 0.152, "map_at_3": 0.21357, "map_at_5": 0.23226, "map_at_10": 0.24933, "map_at_20": 0.2583, "map_at_100": 0.26537, "map_at_200": 0.26621, "map_at_300": 0.26652, "map_at_500": 0.26674, "map_at_1000": 0.2669, "recall_at_1": 0.152, "recall_at_3": 0.25929, "recall_at_5": 0.3113, "recall_at_10": 0.38429, "recall_at_20": 0.45258, "recall_at_100": 0.58974, "recall_at_200": 0.64106, "recall_at_300": 0.67352, "recall_at_500": 0.70855, "recall_at_1000": 0.7499, "precision_at_1": 0.34528, "precision_at_3": 0.21325, "precision_at_5": 0.15883, "precision_at_10": 0.10078, "precision_at_20": 0.06075, "precision_at_100": 0.01651, "precision_at_200": 0.00908, "precision_at_300": 0.00642, "precision_at_500": 0.00409, "precision_at_1000": 0.00219, "mrr_at_1": 0.34528, "mrr_at_3": 0.42725, "mrr_at_5": 0.44409, "mrr_at_10": 0.45478, "mrr_at_20": 0.45974, "mrr_at_100": 0.46236, "mrr_at_200": 0.46256, "mrr_at_300": 0.46265, "mrr_at_500": 0.46269, "mrr_at_1000": 0.46271, "rc_at_1": {"relevant": 0.0, "distractor": 0.0}, "rc_at_3": {"relevant": 0.0, "distractor": 0.0}, "rc_at_5": {"relevant": 0.0, "distractor": 0.0}, "rc_at_10": {"relevant": 0.0, "distractor": 0.0}, "rc_at_20": {"relevant": 0.0, "distractor": 0.0}, "rc_at_100": {"relevant": 0.0, "distractor": 0.0}, "rc_at_200": {"relevant": 0.0, "distractor": 0.0}, "rc_at_300": {"relevant": 0.0, "distractor": 0.0}, "rc_at_500": {"relevant": 0.0, "distractor": 0.0}, "rc_at_1000": {"relevant": 0.0, "distractor": 0.0}}