{"ndcg_at_1": 0.03636, "ndcg_at_3": 0.02671, "ndcg_at_5": 0.03178, "ndcg_at_10": 0.02844, "ndcg_at_20": 0.03052, "ndcg_at_100": 0.04473, "ndcg_at_200": 0.04867, "ndcg_at_300": 0.05523, "ndcg_at_500": 0.06393, "ndcg_at_1000": 0.07404, "map_at_1": 0.00364, "map_at_3": 0.00515, "map_at_5": 0.00788, "map_at_10": 0.01033, "map_at_20": 0.01086, "map_at_100": 0.01292, "map_at_200": 0.01316, "map_at_300": 0.01353, "map_at_500": 0.01382, "map_at_1000": 0.01403, "recall_at_1": 0.00364, "recall_at_3": 0.00727, "recall_at_5": 0.01636, "recall_at_10": 0.02727, "recall_at_20": 0.03091, "recall_at_100": 0.06727, "recall_at_200": 0.08, "recall_at_300": 0.10364, "recall_at_500": 0.13818, "recall_at_1000": 0.18182, "precision_at_1": 0.03636, "precision_at_3": 0.02424, "precision_at_5": 0.03273, "precision_at_10": 0.02727, "precision_at_20": 0.01545, "precision_at_100": 0.00673, "precision_at_200": 0.004, "precision_at_300": 0.00345, "precision_at_500": 0.00276, "precision_at_1000": 0.00182, "mrr_at_1": 0.03636, "mrr_at_3": 0.05152, "mrr_at_5": 0.06424, "mrr_at_10": 0.07157, "mrr_at_20": 0.07296, "mrr_at_100": 0.07507, "mrr_at_200": 0.0756, "mrr_at_300": 0.07577, "mrr_at_500": 0.07595, "mrr_at_1000": 0.07607, "rc_at_1": {"relevant": 0.03636, "distractor": 0.09091}, "rc_at_3": {"relevant": 0.07273, "distractor": 0.25455}, "rc_at_5": {"relevant": 0.16364, "distractor": 0.36364}, "rc_at_10": {"relevant": 0.27273, "distractor": 0.67273}, "rc_at_20": {"relevant": 0.30909, "distractor": 1.05455}, "rc_at_100": {"relevant": 0.67273, "distractor": 2.96364}, "rc_at_200": {"relevant": 0.8, "distractor": 4.34545}, "rc_at_300": {"relevant": 1.03636, "distractor": 5.32727}, "rc_at_500": {"relevant": 1.38182, "distractor": 6.90909}, "rc_at_1000": {"relevant": 1.81818, "distractor": 9.63636}}