{"ndcg_at_1": 0.01848, "ndcg_at_3": 0.02609, "ndcg_at_5": 0.03345, "ndcg_at_10": 0.04309, "ndcg_at_20": 0.04959, "ndcg_at_100": 0.07446, "ndcg_at_200": 0.08315, "ndcg_at_300": 0.09175, "ndcg_at_500": 0.09906, "ndcg_at_1000": 0.10836, "map_at_1": 0.01448, "map_at_3": 0.02225, "map_at_5": 0.02632, "map_at_10": 0.03031, "map_at_20": 0.03219, "map_at_100": 0.03528, "map_at_200": 0.03572, "map_at_300": 0.036, "map_at_500": 0.03618, "map_at_1000": 0.03631, "recall_at_1": 0.01448, "recall_at_3": 0.03179, "recall_at_5": 0.05028, "recall_at_10": 0.07874, "recall_at_20": 0.10253, "recall_at_100": 0.23752, "recall_at_200": 0.29627, "recall_at_300": 0.36143, "recall_at_500": 0.42116, "recall_at_1000": 0.50363, "precision_at_1": 0.01848, "precision_at_3": 0.01356, "precision_at_5": 0.01183, "precision_at_10": 0.00924, "precision_at_20": 0.0061, "precision_at_100": 0.00283, "precision_at_200": 0.00178, "precision_at_300": 0.00146, "precision_at_500": 0.00102, "precision_at_1000": 0.00062, "mrr_at_1": 0.01848, "mrr_at_3": 0.02742, "mrr_at_5": 0.03148, "mrr_at_10": 0.03561, "mrr_at_20": 0.0379, "mrr_at_100": 0.041, "mrr_at_200": 0.04149, "mrr_at_300": 0.04179, "mrr_at_500": 0.04195, "mrr_at_1000": 0.04207, "rc_at_1": {"relevant": 0.0, "distractor": 0.0}, "rc_at_3": {"relevant": 0.0, "distractor": 0.0}, "rc_at_5": {"relevant": 0.0, "distractor": 0.0}, "rc_at_10": {"relevant": 0.0, "distractor": 0.0}, "rc_at_20": {"relevant": 0.0, "distractor": 0.0}, "rc_at_100": {"relevant": 0.0, "distractor": 0.0}, "rc_at_200": {"relevant": 0.0, "distractor": 0.0}, "rc_at_300": {"relevant": 0.0, "distractor": 0.0}, "rc_at_500": {"relevant": 0.0, "distractor": 0.0}, "rc_at_1000": {"relevant": 0.0, "distractor": 0.0}}