{"ndcg_at_1": 0.84092, "ndcg_at_3": 0.66477, "ndcg_at_5": 0.68643, "ndcg_at_10": 0.7019, "ndcg_at_20": 0.71122, "ndcg_at_100": 0.72683, "ndcg_at_200": 0.73087, "ndcg_at_300": 0.73282, "ndcg_at_500": 0.73524, "ndcg_at_1000": 0.73817, "map_at_1": 0.42046, "map_at_3": 0.58951, "map_at_5": 0.60696, "map_at_10": 0.61637, "map_at_20": 0.62018, "map_at_100": 0.62342, "map_at_200": 0.62374, "map_at_300": 0.62384, "map_at_500": 0.62392, "map_at_1000": 0.62399, "recall_at_1": 0.42046, "recall_at_3": 0.62323, "recall_at_5": 0.66604, "recall_at_10": 0.70479, "recall_at_20": 0.73484, "recall_at_100": 0.80351, "recall_at_200": 0.82708, "recall_at_300": 0.83977, "recall_at_500": 0.85672, "recall_at_1000": 0.87927, "precision_at_1": 0.84092, "precision_at_3": 0.41549, "precision_at_5": 0.26641, "precision_at_10": 0.14096, "precision_at_20": 0.07348, "precision_at_100": 0.01607, "precision_at_200": 0.00827, "precision_at_300": 0.0056, "precision_at_500": 0.00343, "precision_at_1000": 0.00176, "mrr_at_1": 0.84024, "mrr_at_3": 0.8758, "mrr_at_5": 0.88027, "mrr_at_10": 0.8825, "mrr_at_20": 0.88325, "mrr_at_100": 0.88378, "mrr_at_200": 0.88382, "mrr_at_300": 0.88382, "mrr_at_500": 0.88383, "mrr_at_1000": 0.88383, "rc_at_1": {"relevant": 0.0, "distractor": 0.0}, "rc_at_3": {"relevant": 0.0, "distractor": 0.0}, "rc_at_5": {"relevant": 0.0, "distractor": 0.0}, "rc_at_10": {"relevant": 0.0, "distractor": 0.0}, "rc_at_20": {"relevant": 0.0, "distractor": 0.0}, "rc_at_100": {"relevant": 0.0, "distractor": 0.0}, "rc_at_200": {"relevant": 0.0, "distractor": 0.0}, "rc_at_300": {"relevant": 0.0, "distractor": 0.0}, "rc_at_500": {"relevant": 0.0, "distractor": 0.0}, "rc_at_1000": {"relevant": 0.0, "distractor": 0.0}}