{"ndcg_at_1": 0.00071, "ndcg_at_3": 0.09459, "ndcg_at_5": 0.12599, "ndcg_at_10": 0.16327, "ndcg_at_20": 0.1931, "ndcg_at_100": 0.23271, "ndcg_at_200": 0.24402, "ndcg_at_300": 0.24877, "ndcg_at_500": 0.25591, "ndcg_at_1000": 0.26195, "map_at_1": 0.00071, "map_at_3": 0.07041, "map_at_5": 0.0877, "map_at_10": 0.10309, "map_at_20": 0.11126, "map_at_100": 0.11672, "map_at_200": 0.11729, "map_at_300": 0.11745, "map_at_500": 0.11761, "map_at_1000": 0.11769, "recall_at_1": 0.00071, "recall_at_3": 0.16501, "recall_at_5": 0.24182, "recall_at_10": 0.35704, "recall_at_20": 0.47511, "recall_at_100": 0.68919, "recall_at_200": 0.77027, "recall_at_300": 0.80797, "recall_at_500": 0.86913, "recall_at_1000": 0.92603, "precision_at_1": 0.00071, "precision_at_3": 0.055, "precision_at_5": 0.04836, "precision_at_10": 0.0357, "precision_at_20": 0.02376, "precision_at_100": 0.00689, "precision_at_200": 0.00385, "precision_at_300": 0.00269, "precision_at_500": 0.00174, "precision_at_1000": 0.00093, "mrr_at_1": 0.00071, "mrr_at_3": 0.07041, "mrr_at_5": 0.0877, "mrr_at_10": 0.10309, "mrr_at_20": 0.11126, "mrr_at_100": 0.11672, "mrr_at_200": 0.11729, "mrr_at_300": 0.11745, "mrr_at_500": 0.11761, "mrr_at_1000": 0.11769, "rc_at_1": {"relevant": 0.0, "distractor": 0.0}, "rc_at_3": {"relevant": 0.0, "distractor": 0.0}, "rc_at_5": {"relevant": 0.0, "distractor": 0.0}, "rc_at_10": {"relevant": 0.0, "distractor": 0.0}, "rc_at_20": {"relevant": 0.0, "distractor": 0.0}, "rc_at_100": {"relevant": 0.0, "distractor": 0.0}, "rc_at_200": {"relevant": 0.0, "distractor": 0.0}, "rc_at_300": {"relevant": 0.0, "distractor": 0.0}, "rc_at_500": {"relevant": 0.0, "distractor": 0.0}, "rc_at_1000": {"relevant": 0.0, "distractor": 0.0}}