{"ndcg_at_1": 0.00586, "ndcg_at_3": 0.00524, "ndcg_at_5": 0.00554, "ndcg_at_10": 0.00639, "ndcg_at_20": 0.00733, "ndcg_at_100": 0.01053, "ndcg_at_200": 0.0127, "ndcg_at_300": 0.01407, "ndcg_at_500": 0.01572, "ndcg_at_1000": 0.01847, "map_at_1": 0.00282, "map_at_3": 0.0039, "map_at_5": 0.00407, "map_at_10": 0.00438, "map_at_20": 0.00459, "map_at_100": 0.00491, "map_at_200": 0.00501, "map_at_300": 0.00504, "map_at_500": 0.00508, "map_at_1000": 0.00511, "recall_at_1": 0.00282, "recall_at_3": 0.0051, "recall_at_5": 0.00586, "recall_at_10": 0.00814, "recall_at_20": 0.01129, "recall_at_100": 0.02484, "recall_at_200": 0.03693, "recall_at_300": 0.04508, "recall_at_500": 0.0559, "recall_at_1000": 0.07574, "precision_at_1": 0.00586, "precision_at_3": 0.00347, "precision_at_5": 0.00261, "precision_at_10": 0.00169, "precision_at_20": 0.00114, "precision_at_100": 0.00058, "precision_at_200": 0.00043, "precision_at_300": 0.00036, "precision_at_500": 0.00027, "precision_at_1000": 0.00019, "mrr_at_1": 0.00586, "mrr_at_3": 0.00793, "mrr_at_5": 0.00851, "mrr_at_10": 0.00906, "mrr_at_20": 0.00946, "mrr_at_100": 0.01017, "mrr_at_200": 0.01035, "mrr_at_300": 0.01044, "mrr_at_500": 0.0105, "mrr_at_1000": 0.01055, "rc_at_1": {"relevant": 0.0, "distractor": 0.0}, "rc_at_3": {"relevant": 0.0, "distractor": 0.0}, "rc_at_5": {"relevant": 0.0, "distractor": 0.0}, "rc_at_10": {"relevant": 0.0, "distractor": 0.0}, "rc_at_20": {"relevant": 0.0, "distractor": 0.0}, "rc_at_100": {"relevant": 0.0, "distractor": 0.0}, "rc_at_200": {"relevant": 0.0, "distractor": 0.0}, "rc_at_300": {"relevant": 0.0, "distractor": 0.0}, "rc_at_500": {"relevant": 0.0, "distractor": 0.0}, "rc_at_1000": {"relevant": 0.0, "distractor": 0.0}}