{"ndcg_at_1": 0.35385, "ndcg_at_3": 0.30941, "ndcg_at_5": 0.28109, "ndcg_at_10": 0.22939, "ndcg_at_20": 0.27695, "ndcg_at_100": 0.34104, "ndcg_at_200": 0.37069, "ndcg_at_300": 0.38134, "ndcg_at_500": 0.39428, "ndcg_at_1000": 0.40892, "map_at_1": 0.03538, "map_at_3": 0.0741, "map_at_5": 0.09541, "map_at_10": 0.1243, "map_at_20": 0.14664, "map_at_100": 0.16482, "map_at_200": 0.16865, "map_at_300": 0.16961, "map_at_500": 0.17037, "map_at_1000": 0.17098, "recall_at_1": 0.03538, "recall_at_3": 0.08923, "recall_at_5": 0.13077, "recall_at_10": 0.19692, "recall_at_20": 0.28154, "recall_at_100": 0.44154, "recall_at_200": 0.53846, "recall_at_300": 0.57692, "recall_at_500": 0.62769, "recall_at_1000": 0.69077, "precision_at_1": 0.35385, "precision_at_3": 0.29744, "precision_at_5": 0.26154, "precision_at_10": 0.19692, "precision_at_20": 0.14077, "precision_at_100": 0.04415, "precision_at_200": 0.02692, "precision_at_300": 0.01923, "precision_at_500": 0.01255, "precision_at_1000": 0.00691, "mrr_at_1": 0.35385, "mrr_at_3": 0.44359, "mrr_at_5": 0.4759, "mrr_at_10": 0.48344, "mrr_at_20": 0.49231, "mrr_at_100": 0.49362, "mrr_at_200": 0.49373, "mrr_at_300": 0.49373, "mrr_at_500": 0.49376, "mrr_at_1000": 0.49376, "rc_at_1": {"relevant": 0.35385, "distractor": 0.55385}, "rc_at_3": {"relevant": 0.89231, "distractor": 1.8}, "rc_at_5": {"relevant": 1.30769, "distractor": 3.0}, "rc_at_10": {"relevant": 1.96923, "distractor": 6.29231}, "rc_at_20": {"relevant": 2.81538, "distractor": 11.98462}, "rc_at_100": {"relevant": 4.41538, "distractor": 37.18462}, "rc_at_200": {"relevant": 5.38462, "distractor": 48.73846}, "rc_at_300": {"relevant": 5.76923, "distractor": 54.33846}, "rc_at_500": {"relevant": 6.27692, "distractor": 60.4}, "rc_at_1000": {"relevant": 6.90769, "distractor": 67.69231}}