{"ndcg_at_1": 0.41345, "ndcg_at_3": 0.47845, "ndcg_at_5": 0.504, "ndcg_at_10": 0.52901, "ndcg_at_20": 0.54702, "ndcg_at_100": 0.57886, "ndcg_at_200": 0.58558, "ndcg_at_300": 0.58897, "ndcg_at_500": 0.59126, "ndcg_at_1000": 0.5951, "map_at_1": 0.34305, "map_at_3": 0.42875, "map_at_5": 0.45014, "map_at_10": 0.46565, "map_at_20": 0.47312, "map_at_100": 0.47973, "map_at_200": 0.48038, "map_at_300": 0.4806, "map_at_500": 0.48071, "map_at_1000": 0.48082, "recall_at_1": 0.34305, "recall_at_3": 0.50775, "recall_at_5": 0.57539, "recall_at_10": 0.6493, "recall_at_20": 0.71327, "recall_at_100": 0.85942, "recall_at_200": 0.89874, "recall_at_300": 0.9196, "recall_at_500": 0.9333, "recall_at_1000": 0.96065, "precision_at_1": 0.41345, "precision_at_3": 0.22985, "precision_at_5": 0.16538, "precision_at_10": 0.09971, "precision_at_20": 0.05801, "precision_at_100": 0.01545, "precision_at_200": 0.00835, "precision_at_300": 0.00585, "precision_at_500": 0.00367, "precision_at_1000": 0.00195, "mrr_at_1": 0.41345, "mrr_at_3": 0.49356, "mrr_at_5": 0.51094, "mrr_at_10": 0.5206, "mrr_at_20": 0.52417, "mrr_at_100": 0.52706, "mrr_at_200": 0.52727, "mrr_at_300": 0.52733, "mrr_at_500": 0.52737, "mrr_at_1000": 0.52739, "rc_at_1": {"relevant": 0.0, "distractor": 0.0}, "rc_at_3": {"relevant": 0.0, "distractor": 0.0}, "rc_at_5": {"relevant": 0.0, "distractor": 0.0}, "rc_at_10": {"relevant": 0.0, "distractor": 0.0}, "rc_at_20": {"relevant": 0.0, "distractor": 0.0}, "rc_at_100": {"relevant": 0.0, "distractor": 0.0}, "rc_at_200": {"relevant": 0.0, "distractor": 0.0}, "rc_at_300": {"relevant": 0.0, "distractor": 0.0}, "rc_at_500": {"relevant": 0.0, "distractor": 0.0}, "rc_at_1000": {"relevant": 0.0, "distractor": 0.0}}