{"ndcg_at_1": 0.37443, "ndcg_at_3": 0.41102, "ndcg_at_5": 0.43634, "ndcg_at_10": 0.46131, "ndcg_at_20": 0.48231, "ndcg_at_100": 0.51557, "ndcg_at_200": 0.52415, "ndcg_at_300": 0.52733, "ndcg_at_500": 0.53251, "ndcg_at_1000": 0.53641, "map_at_1": 0.30623, "map_at_3": 0.37172, "map_at_5": 0.39101, "map_at_10": 0.40368, "map_at_20": 0.41096, "map_at_100": 0.41673, "map_at_200": 0.41735, "map_at_300": 0.4175, "map_at_500": 0.41767, "map_at_1000": 0.41777, "recall_at_1": 0.30623, "recall_at_3": 0.43506, "recall_at_5": 0.50444, "recall_at_10": 0.57933, "recall_at_20": 0.65198, "recall_at_100": 0.80938, "recall_at_200": 0.861, "recall_at_300": 0.88183, "recall_at_500": 0.91899, "recall_at_1000": 0.94808, "precision_at_1": 0.37443, "precision_at_3": 0.19254, "precision_at_5": 0.1363, "precision_at_10": 0.08071, "precision_at_20": 0.0472, "precision_at_100": 0.01247, "precision_at_200": 0.00682, "precision_at_300": 0.00471, "precision_at_500": 0.003, "precision_at_1000": 0.00159, "mrr_at_1": 0.37443, "mrr_at_3": 0.43303, "mrr_at_5": 0.44918, "mrr_at_10": 0.45942, "mrr_at_20": 0.46413, "mrr_at_100": 0.46758, "mrr_at_200": 0.46788, "mrr_at_300": 0.46793, "mrr_at_500": 0.46801, "mrr_at_1000": 0.46804, "rc_at_1": {"relevant": 0.0, "distractor": 0.0}, "rc_at_3": {"relevant": 0.0, "distractor": 0.0}, "rc_at_5": {"relevant": 0.0, "distractor": 0.0}, "rc_at_10": {"relevant": 0.0, "distractor": 0.0}, "rc_at_20": {"relevant": 0.0, "distractor": 0.0}, "rc_at_100": {"relevant": 0.0, "distractor": 0.0}, "rc_at_200": {"relevant": 0.0, "distractor": 0.0}, "rc_at_300": {"relevant": 0.0, "distractor": 0.0}, "rc_at_500": {"relevant": 0.0, "distractor": 0.0}, "rc_at_1000": {"relevant": 0.0, "distractor": 0.0}}