{"ndcg_at_1": 0.46154, "ndcg_at_3": 0.37172, "ndcg_at_5": 0.32883, "ndcg_at_10": 0.27322, "ndcg_at_20": 0.32373, "ndcg_at_100": 0.51373, "ndcg_at_200": 0.56617, "ndcg_at_300": 0.5705, "ndcg_at_500": 0.57131, "ndcg_at_1000": 0.57131, "map_at_1": 0.04615, "map_at_3": 0.09487, "map_at_5": 0.12156, "map_at_10": 0.16143, "map_at_20": 0.18898, "map_at_100": 0.24437, "map_at_200": 0.2564, "map_at_300": 0.25704, "map_at_500": 0.25713, "map_at_1000": 0.25713, "recall_at_1": 0.04615, "recall_at_3": 0.10462, "recall_at_5": 0.14769, "recall_at_10": 0.23231, "recall_at_20": 0.32308, "recall_at_100": 0.81846, "recall_at_200": 0.98154, "recall_at_300": 0.99692, "recall_at_500": 1.0, "recall_at_1000": 1.0, "precision_at_1": 0.46154, "precision_at_3": 0.34872, "precision_at_5": 0.29538, "precision_at_10": 0.23231, "precision_at_20": 0.16154, "precision_at_100": 0.08185, "precision_at_200": 0.04908, "precision_at_300": 0.03323, "precision_at_500": 0.02, "precision_at_1000": 0.01, "mrr_at_1": 0.47692, "mrr_at_3": 0.52308, "mrr_at_5": 0.54462, "mrr_at_10": 0.5578, "mrr_at_20": 0.56265, "mrr_at_100": 0.56678, "mrr_at_200": 0.56678, "mrr_at_300": 0.56678, "mrr_at_500": 0.56678, "mrr_at_1000": 0.56678, "rc_at_1": {"relevant": 0.47692, "distractor": 0.52308}, "rc_at_3": {"relevant": 1.04615, "distractor": 1.95385}, "rc_at_5": {"relevant": 1.47692, "distractor": 3.52308}, "rc_at_10": {"relevant": 2.32308, "distractor": 7.66154}, "rc_at_20": {"relevant": 3.23077, "distractor": 16.67692}, "rc_at_100": {"relevant": 8.18462, "distractor": 89.10769}, "rc_at_200": {"relevant": 9.81538, "distractor": 98.70769}, "rc_at_300": {"relevant": 9.96923, "distractor": 99.15385}, "rc_at_500": {"relevant": 10.0, "distractor": 99.47692}, "rc_at_1000": {"relevant": 10.0, "distractor": 99.76923}}