{"ndcg_at_1": 0.49, "ndcg_at_3": 0.42408, "ndcg_at_5": 0.41493, "ndcg_at_10": 0.38979, "ndcg_at_20": 0.35576, "ndcg_at_100": 0.2687, "ndcg_at_200": 0.23656, "ndcg_at_300": 0.2252, "ndcg_at_500": 0.23395, "ndcg_at_1000": 0.28889, "map_at_1": 0.00122, "map_at_3": 0.00298, "map_at_5": 0.00453, "map_at_10": 0.00737, "map_at_20": 0.01187, "map_at_100": 0.03301, "map_at_200": 0.04802, "map_at_300": 0.05799, "map_at_500": 0.07341, "map_at_1000": 0.09293, "recall_at_1": 0.00122, "recall_at_3": 0.00324, "recall_at_5": 0.00525, "recall_at_10": 0.0097, "recall_at_20": 0.01815, "recall_at_100": 0.06329, "recall_at_200": 0.10499, "recall_at_300": 0.13769, "recall_at_500": 0.19304, "recall_at_1000": 0.28725, "precision_at_1": 0.54, "precision_at_3": 0.45333, "precision_at_5": 0.444, "precision_at_10": 0.416, "precision_at_20": 0.378, "precision_at_100": 0.275, "precision_at_200": 0.2361, "precision_at_300": 0.21113, "precision_at_500": 0.18196, "precision_at_1000": 0.13838, "mrr_at_1": 0.54, "mrr_at_3": 0.57667, "mrr_at_5": 0.59967, "mrr_at_10": 0.62683, "mrr_at_20": 0.63118, "mrr_at_100": 0.63118, "mrr_at_200": 0.63118, "mrr_at_300": 0.63126, "mrr_at_500": 0.63126, "mrr_at_1000": 0.63126, "rc_at_1": {"relevant": 0.0, "distractor": 0.0}, "rc_at_3": {"relevant": 0.0, "distractor": 0.0}, "rc_at_5": {"relevant": 0.0, "distractor": 0.0}, "rc_at_10": {"relevant": 0.0, "distractor": 0.0}, "rc_at_20": {"relevant": 0.0, "distractor": 0.0}, "rc_at_100": {"relevant": 0.0, "distractor": 0.0}, "rc_at_200": {"relevant": 0.0, "distractor": 0.0}, "rc_at_300": {"relevant": 0.0, "distractor": 0.0}, "rc_at_500": {"relevant": 0.0, "distractor": 0.0}, "rc_at_1000": {"relevant": 0.0, "distractor": 0.0}}