{"ndcg_at_1": 0.36735, "ndcg_at_3": 0.33788, "ndcg_at_5": 0.30608, "ndcg_at_10": 0.29358, "ndcg_at_20": 0.30291, "ndcg_at_100": 0.40248, "ndcg_at_200": 0.44703, "ndcg_at_300": 0.46825, "ndcg_at_500": 0.48917, "ndcg_at_1000": 0.51593, "map_at_1": 0.03003, "map_at_3": 0.06407, "map_at_5": 0.08565, "map_at_10": 0.11667, "map_at_20": 0.14788, "map_at_100": 0.18199, "map_at_200": 0.1911, "map_at_300": 0.19431, "map_at_500": 0.19655, "map_at_1000": 0.19888, "recall_at_1": 0.03003, "recall_at_3": 0.07638, "recall_at_5": 0.11185, "recall_at_10": 0.18094, "recall_at_20": 0.27276, "recall_at_100": 0.49717, "recall_at_200": 0.61477, "recall_at_300": 0.67903, "recall_at_500": 0.74708, "recall_at_1000": 0.84071, "precision_at_1": 0.38776, "precision_at_3": 0.34694, "precision_at_5": 0.30204, "precision_at_10": 0.25306, "precision_at_20": 0.19796, "precision_at_100": 0.08082, "precision_at_200": 0.05276, "precision_at_300": 0.03973, "precision_at_500": 0.02686, "precision_at_1000": 0.01559, "mrr_at_1": 0.38776, "mrr_at_3": 0.5102, "mrr_at_5": 0.53163, "mrr_at_10": 0.55589, "mrr_at_20": 0.55702, "mrr_at_100": 0.55937, "mrr_at_200": 0.55937, "mrr_at_300": 0.55937, "mrr_at_500": 0.55937, "mrr_at_1000": 0.55937, "rc_at_1": {"relevant": 0.0, "distractor": 0.0}, "rc_at_3": {"relevant": 0.0, "distractor": 0.0}, "rc_at_5": {"relevant": 0.0, "distractor": 0.0}, "rc_at_10": {"relevant": 0.0, "distractor": 0.0}, "rc_at_20": {"relevant": 0.0, "distractor": 0.0}, "rc_at_100": {"relevant": 0.0, "distractor": 0.0}, "rc_at_200": {"relevant": 0.0, "distractor": 0.0}, "rc_at_300": {"relevant": 0.0, "distractor": 0.0}, "rc_at_500": {"relevant": 0.0, "distractor": 0.0}, "rc_at_1000": {"relevant": 0.0, "distractor": 0.0}}