{"ndcg_at_1": 0.16364, "ndcg_at_3": 0.21412, "ndcg_at_5": 0.19031, "ndcg_at_10": 0.15438, "ndcg_at_20": 0.18569, "ndcg_at_100": 0.25031, "ndcg_at_200": 0.27859, "ndcg_at_300": 0.28717, "ndcg_at_500": 0.2992, "ndcg_at_1000": 0.31477, "map_at_1": 0.01636, "map_at_3": 0.05182, "map_at_5": 0.06364, "map_at_10": 0.08108, "map_at_20": 0.09456, "map_at_100": 0.1102, "map_at_200": 0.11361, "map_at_300": 0.11422, "map_at_500": 0.11493, "map_at_1000": 0.11549, "recall_at_1": 0.01636, "recall_at_3": 0.06727, "recall_at_5": 0.09273, "recall_at_10": 0.13636, "recall_at_20": 0.19273, "recall_at_100": 0.34909, "recall_at_200": 0.44, "recall_at_300": 0.47091, "recall_at_500": 0.51818, "recall_at_1000": 0.58545, "precision_at_1": 0.16364, "precision_at_3": 0.22424, "precision_at_5": 0.18545, "precision_at_10": 0.13636, "precision_at_20": 0.09636, "precision_at_100": 0.03491, "precision_at_200": 0.022, "precision_at_300": 0.0157, "precision_at_500": 0.01036, "precision_at_1000": 0.00585, "mrr_at_1": 0.16364, "mrr_at_3": 0.2697, "mrr_at_5": 0.29424, "mrr_at_10": 0.30688, "mrr_at_20": 0.31113, "mrr_at_100": 0.31868, "mrr_at_200": 0.31868, "mrr_at_300": 0.31884, "mrr_at_500": 0.31888, "mrr_at_1000": 0.31893, "rc_at_1": {"relevant": 0.16364, "distractor": 0.52727}, "rc_at_3": {"relevant": 0.67273, "distractor": 1.38182}, "rc_at_5": {"relevant": 0.92727, "distractor": 2.29091}, "rc_at_10": {"relevant": 1.36364, "distractor": 4.30909}, "rc_at_20": {"relevant": 1.94545, "distractor": 7.6}, "rc_at_100": {"relevant": 3.49091, "distractor": 20.30909}, "rc_at_200": {"relevant": 4.4, "distractor": 26.78182}, "rc_at_300": {"relevant": 4.70909, "distractor": 30.45455}, "rc_at_500": {"relevant": 5.18182, "distractor": 35.61818}, "rc_at_1000": {"relevant": 5.85455, "distractor": 41.85455}}