{"ndcg_at_1": 0.33301, "ndcg_at_3": 0.3704, "ndcg_at_5": 0.39335, "ndcg_at_10": 0.42011, "ndcg_at_20": 0.4433, "ndcg_at_100": 0.47429, "ndcg_at_200": 0.48376, "ndcg_at_300": 0.48817, "ndcg_at_500": 0.49398, "ndcg_at_1000": 0.49879, "map_at_1": 0.26895, "map_at_3": 0.33229, "map_at_5": 0.34894, "map_at_10": 0.36251, "map_at_20": 0.37001, "map_at_100": 0.37533, "map_at_200": 0.37607, "map_at_300": 0.37627, "map_at_500": 0.37649, "map_at_1000": 0.37662, "recall_at_1": 0.26895, "recall_at_3": 0.39534, "recall_at_5": 0.45592, "recall_at_10": 0.53721, "recall_at_20": 0.62077, "recall_at_100": 0.76483, "recall_at_200": 0.82049, "recall_at_300": 0.85084, "recall_at_500": 0.89242, "recall_at_1000": 0.92823, "precision_at_1": 0.33301, "precision_at_3": 0.17389, "precision_at_5": 0.12435, "precision_at_10": 0.07555, "precision_at_20": 0.04519, "precision_at_100": 0.01207, "precision_at_200": 0.00671, "precision_at_300": 0.00469, "precision_at_500": 0.00304, "precision_at_1000": 0.00163, "mrr_at_1": 0.33301, "mrr_at_3": 0.39429, "mrr_at_5": 0.40815, "mrr_at_10": 0.41915, "mrr_at_20": 0.4244, "mrr_at_100": 0.42795, "mrr_at_200": 0.42821, "mrr_at_300": 0.42831, "mrr_at_500": 0.42841, "mrr_at_1000": 0.42844, "rc_at_1": {"relevant": 0.0, "distractor": 0.0}, "rc_at_3": {"relevant": 0.0, "distractor": 0.0}, "rc_at_5": {"relevant": 0.0, "distractor": 0.0}, "rc_at_10": {"relevant": 0.0, "distractor": 0.0}, "rc_at_20": {"relevant": 0.0, "distractor": 0.0}, "rc_at_100": {"relevant": 0.0, "distractor": 0.0}, "rc_at_200": {"relevant": 0.0, "distractor": 0.0}, "rc_at_300": {"relevant": 0.0, "distractor": 0.0}, "rc_at_500": {"relevant": 0.0, "distractor": 0.0}, "rc_at_1000": {"relevant": 0.0, "distractor": 0.0}}