{"ndcg_at_1": 0.26625, "ndcg_at_3": 0.23035, "ndcg_at_5": 0.21271, "ndcg_at_10": 0.19491, "ndcg_at_20": 0.17909, "ndcg_at_100": 0.18617, "ndcg_at_200": 0.20364, "ndcg_at_300": 0.2178, "ndcg_at_500": 0.24276, "ndcg_at_1000": 0.28559, "map_at_1": 0.02622, "map_at_3": 0.04296, "map_at_5": 0.0499, "map_at_10": 0.06078, "map_at_20": 0.06637, "map_at_100": 0.07616, "map_at_200": 0.0793, "map_at_300": 0.0811, "map_at_500": 0.08348, "map_at_1000": 0.08681, "recall_at_1": 0.02622, "recall_at_3": 0.05098, "recall_at_5": 0.06541, "recall_at_10": 0.09695, "recall_at_20": 0.11946, "recall_at_100": 0.20826, "recall_at_200": 0.26569, "recall_at_300": 0.31098, "recall_at_500": 0.39634, "recall_at_1000": 0.54492, "precision_at_1": 0.27864, "precision_at_3": 0.21259, "precision_at_5": 0.1839, "precision_at_10": 0.14551, "precision_at_20": 0.10387, "precision_at_100": 0.04842, "precision_at_200": 0.03506, "precision_at_300": 0.02928, "precision_at_500": 0.0238, "precision_at_1000": 0.01796, "mrr_at_1": 0.27864, "mrr_at_3": 0.33695, "mrr_at_5": 0.35041, "mrr_at_10": 0.35747, "mrr_at_20": 0.36402, "mrr_at_100": 0.36834, "mrr_at_200": 0.36873, "mrr_at_300": 0.36883, "mrr_at_500": 0.36896, "mrr_at_1000": 0.36902, "rc_at_1": {"relevant": 0.0, "distractor": 0.0}, "rc_at_3": {"relevant": 0.0, "distractor": 0.0}, "rc_at_5": {"relevant": 0.0, "distractor": 0.0}, "rc_at_10": {"relevant": 0.0, "distractor": 0.0}, "rc_at_20": {"relevant": 0.0, "distractor": 0.0}, "rc_at_100": {"relevant": 0.0, "distractor": 0.0}, "rc_at_200": {"relevant": 0.0, "distractor": 0.0}, "rc_at_300": {"relevant": 0.0, "distractor": 0.0}, "rc_at_500": {"relevant": 0.0, "distractor": 0.0}, "rc_at_1000": {"relevant": 0.0, "distractor": 0.0}}