{"ndcg_at_1": 0.38114, "ndcg_at_3": 0.43088, "ndcg_at_5": 0.4575, "ndcg_at_10": 0.48318, "ndcg_at_20": 0.50108, "ndcg_at_100": 0.5373, "ndcg_at_200": 0.54585, "ndcg_at_300": 0.54966, "ndcg_at_500": 0.55244, "ndcg_at_1000": 0.55544, "map_at_1": 0.31711, "map_at_3": 0.39019, "map_at_5": 0.40917, "map_at_10": 0.42356, "map_at_20": 0.42968, "map_at_100": 0.43622, "map_at_200": 0.43694, "map_at_300": 0.43714, "map_at_500": 0.43726, "map_at_1000": 0.43734, "recall_at_1": 0.31711, "recall_at_3": 0.4613, "recall_at_5": 0.52914, "recall_at_10": 0.60453, "recall_at_20": 0.66672, "recall_at_100": 0.83537, "recall_at_200": 0.88462, "recall_at_300": 0.91009, "recall_at_500": 0.92852, "recall_at_1000": 0.9503, "precision_at_1": 0.38114, "precision_at_3": 0.20148, "precision_at_5": 0.14456, "precision_at_10": 0.08681, "precision_at_20": 0.04986, "precision_at_100": 0.01338, "precision_at_200": 0.00735, "precision_at_300": 0.0051, "precision_at_500": 0.00317, "precision_at_1000": 0.00166, "mrr_at_1": 0.38114, "mrr_at_3": 0.44979, "mrr_at_5": 0.4662, "mrr_at_10": 0.47589, "mrr_at_20": 0.47995, "mrr_at_100": 0.48392, "mrr_at_200": 0.48418, "mrr_at_300": 0.48426, "mrr_at_500": 0.48429, "mrr_at_1000": 0.48431, "rc_at_1": {"relevant": 0.0, "distractor": 0.0}, "rc_at_3": {"relevant": 0.0, "distractor": 0.0}, "rc_at_5": {"relevant": 0.0, "distractor": 0.0}, "rc_at_10": {"relevant": 0.0, "distractor": 0.0}, "rc_at_20": {"relevant": 0.0, "distractor": 0.0}, "rc_at_100": {"relevant": 0.0, "distractor": 0.0}, "rc_at_200": {"relevant": 0.0, "distractor": 0.0}, "rc_at_300": {"relevant": 0.0, "distractor": 0.0}, "rc_at_500": {"relevant": 0.0, "distractor": 0.0}, "rc_at_1000": {"relevant": 0.0, "distractor": 0.0}}