{"ndcg_at_1": 0.29404, "ndcg_at_3": 0.35949, "ndcg_at_5": 0.38427, "ndcg_at_10": 0.41016, "ndcg_at_20": 0.42751, "ndcg_at_100": 0.45855, "ndcg_at_200": 0.46767, "ndcg_at_300": 0.47184, "ndcg_at_500": 0.47625, "ndcg_at_1000": 0.47984, "map_at_1": 0.25515, "map_at_3": 0.3281, "map_at_5": 0.34316, "map_at_10": 0.35541, "map_at_20": 0.36088, "map_at_100": 0.36582, "map_at_200": 0.36638, "map_at_300": 0.36656, "map_at_500": 0.36668, "map_at_1000": 0.36675, "recall_at_1": 0.25515, "recall_at_3": 0.40717, "recall_at_5": 0.46838, "recall_at_10": 0.54365, "recall_at_20": 0.6083, "recall_at_100": 0.761, "recall_at_200": 0.82001, "recall_at_300": 0.84983, "recall_at_500": 0.88439, "recall_at_1000": 0.91448, "precision_at_1": 0.29404, "precision_at_3": 0.16238, "precision_at_5": 0.11361, "precision_at_10": 0.0679, "precision_at_20": 0.03903, "precision_at_100": 0.01021, "precision_at_200": 0.00557, "precision_at_300": 0.00388, "precision_at_500": 0.00243, "precision_at_1000": 0.00127, "mrr_at_1": 0.29404, "mrr_at_3": 0.36217, "mrr_at_5": 0.37728, "mrr_at_10": 0.38761, "mrr_at_20": 0.39214, "mrr_at_100": 0.39583, "mrr_at_200": 0.39622, "mrr_at_300": 0.39632, "mrr_at_500": 0.39639, "mrr_at_1000": 0.39643, "rc_at_1": {"relevant": 0.0, "distractor": 0.0}, "rc_at_3": {"relevant": 0.0, "distractor": 0.0}, "rc_at_5": {"relevant": 0.0, "distractor": 0.0}, "rc_at_10": {"relevant": 0.0, "distractor": 0.0}, "rc_at_20": {"relevant": 0.0, "distractor": 0.0}, "rc_at_100": {"relevant": 0.0, "distractor": 0.0}, "rc_at_200": {"relevant": 0.0, "distractor": 0.0}, "rc_at_300": {"relevant": 0.0, "distractor": 0.0}, "rc_at_500": {"relevant": 0.0, "distractor": 0.0}, "rc_at_1000": {"relevant": 0.0, "distractor": 0.0}}