{"ndcg_at_1": 0.03556, "ndcg_at_3": 0.14702, "ndcg_at_5": 0.19605, "ndcg_at_10": 0.259, "ndcg_at_20": 0.30506, "ndcg_at_100": 0.34029, "ndcg_at_200": 0.34546, "ndcg_at_300": 0.34707, "ndcg_at_500": 0.34875, "ndcg_at_1000": 0.3501, "map_at_1": 0.03556, "map_at_3": 0.11901, "map_at_5": 0.14611, "map_at_10": 0.17178, "map_at_20": 0.18453, "map_at_100": 0.18967, "map_at_200": 0.18995, "map_at_300": 0.19, "map_at_500": 0.19004, "map_at_1000": 0.19006, "recall_at_1": 0.03556, "recall_at_3": 0.22831, "recall_at_5": 0.3478, "recall_at_10": 0.5441, "recall_at_20": 0.72546, "recall_at_100": 0.91181, "recall_at_200": 0.94808, "recall_at_300": 0.96088, "recall_at_500": 0.97511, "recall_at_1000": 0.98791, "precision_at_1": 0.03556, "precision_at_3": 0.0761, "precision_at_5": 0.06956, "precision_at_10": 0.05441, "precision_at_20": 0.03627, "precision_at_100": 0.00912, "precision_at_200": 0.00474, "precision_at_300": 0.0032, "precision_at_500": 0.00195, "precision_at_1000": 0.00099, "mrr_at_1": 0.03485, "mrr_at_3": 0.11866, "mrr_at_5": 0.14586, "mrr_at_10": 0.17135, "mrr_at_20": 0.18414, "mrr_at_100": 0.1893, "mrr_at_200": 0.18959, "mrr_at_300": 0.18964, "mrr_at_500": 0.18968, "mrr_at_1000": 0.1897, "rc_at_1": {"relevant": 0.0, "distractor": 0.0}, "rc_at_3": {"relevant": 0.0, "distractor": 0.0}, "rc_at_5": {"relevant": 0.0, "distractor": 0.0}, "rc_at_10": {"relevant": 0.0, "distractor": 0.0}, "rc_at_20": {"relevant": 0.0, "distractor": 0.0}, "rc_at_100": {"relevant": 0.0, "distractor": 0.0}, "rc_at_200": {"relevant": 0.0, "distractor": 0.0}, "rc_at_300": {"relevant": 0.0, "distractor": 0.0}, "rc_at_500": {"relevant": 0.0, "distractor": 0.0}, "rc_at_1000": {"relevant": 0.0, "distractor": 0.0}}