{"ndcg_at_1": 0.4206, "ndcg_at_3": 0.49079, "ndcg_at_5": 0.51463, "ndcg_at_10": 0.54221, "ndcg_at_20": 0.56181, "ndcg_at_100": 0.58989, "ndcg_at_200": 0.59685, "ndcg_at_300": 0.60036, "ndcg_at_500": 0.6029, "ndcg_at_1000": 0.60592, "map_at_1": 0.35099, "map_at_3": 0.4386, "map_at_5": 0.45921, "map_at_10": 0.4759, "map_at_20": 0.48413, "map_at_100": 0.49063, "map_at_200": 0.49127, "map_at_300": 0.49152, "map_at_500": 0.49165, "map_at_1000": 0.49177, "recall_at_1": 0.35099, "recall_at_3": 0.52082, "recall_at_5": 0.58694, "recall_at_10": 0.66979, "recall_at_20": 0.74008, "recall_at_100": 0.86472, "recall_at_200": 0.90486, "recall_at_300": 0.92568, "recall_at_500": 0.94244, "recall_at_1000": 0.96209, "precision_at_1": 0.4206, "precision_at_3": 0.23653, "precision_at_5": 0.16967, "precision_at_10": 0.10372, "precision_at_20": 0.06052, "precision_at_100": 0.01569, "precision_at_200": 0.0085, "precision_at_300": 0.00597, "precision_at_500": 0.00376, "precision_at_1000": 0.00202, "mrr_at_1": 0.4206, "mrr_at_3": 0.50501, "mrr_at_5": 0.52039, "mrr_at_10": 0.5312, "mrr_at_20": 0.53493, "mrr_at_100": 0.53739, "mrr_at_200": 0.53765, "mrr_at_300": 0.53772, "mrr_at_500": 0.53776, "mrr_at_1000": 0.53777, "rc_at_1": {"relevant": 0.0, "distractor": 0.0}, "rc_at_3": {"relevant": 0.0, "distractor": 0.0}, "rc_at_5": {"relevant": 0.0, "distractor": 0.0}, "rc_at_10": {"relevant": 0.0, "distractor": 0.0}, "rc_at_20": {"relevant": 0.0, "distractor": 0.0}, "rc_at_100": {"relevant": 0.0, "distractor": 0.0}, "rc_at_200": {"relevant": 0.0, "distractor": 0.0}, "rc_at_300": {"relevant": 0.0, "distractor": 0.0}, "rc_at_500": {"relevant": 0.0, "distractor": 0.0}, "rc_at_1000": {"relevant": 0.0, "distractor": 0.0}}