{"ndcg_at_1": 0.11816, "ndcg_at_3": 0.1524, "ndcg_at_5": 0.17374, "ndcg_at_10": 0.1974, "ndcg_at_20": 0.21583, "ndcg_at_100": 0.2588, "ndcg_at_200": 0.27169, "ndcg_at_300": 0.27918, "ndcg_at_500": 0.28656, "ndcg_at_1000": 0.29527, "map_at_1": 0.09071, "map_at_3": 0.13001, "map_at_5": 0.14262, "map_at_10": 0.15264, "map_at_20": 0.15818, "map_at_100": 0.16425, "map_at_200": 0.16506, "map_at_300": 0.16535, "map_at_500": 0.16558, "map_at_1000": 0.16573, "recall_at_1": 0.09071, "recall_at_3": 0.17952, "recall_at_5": 0.23162, "recall_at_10": 0.30233, "recall_at_20": 0.36735, "recall_at_100": 0.58148, "recall_at_200": 0.66258, "recall_at_300": 0.71639, "recall_at_500": 0.77126, "recall_at_1000": 0.84494, "precision_at_1": 0.11816, "precision_at_3": 0.07794, "precision_at_5": 0.06045, "precision_at_10": 0.03993, "precision_at_20": 0.02512, "precision_at_100": 0.00848, "precision_at_200": 0.00494, "precision_at_300": 0.00357, "precision_at_500": 0.00235, "precision_at_1000": 0.0013, "mrr_at_1": 0.11816, "mrr_at_3": 0.16211, "mrr_at_5": 0.17629, "mrr_at_10": 0.18715, "mrr_at_20": 0.19205, "mrr_at_100": 0.19715, "mrr_at_200": 0.1977, "mrr_at_300": 0.1979, "mrr_at_500": 0.19801, "mrr_at_1000": 0.1981, "rc_at_1": {"relevant": 0.0, "distractor": 0.0}, "rc_at_3": {"relevant": 0.0, "distractor": 0.0}, "rc_at_5": {"relevant": 0.0, "distractor": 0.0}, "rc_at_10": {"relevant": 0.0, "distractor": 0.0}, "rc_at_20": {"relevant": 0.0, "distractor": 0.0}, "rc_at_100": {"relevant": 0.0, "distractor": 0.0}, "rc_at_200": {"relevant": 0.0, "distractor": 0.0}, "rc_at_300": {"relevant": 0.0, "distractor": 0.0}, "rc_at_500": {"relevant": 0.0, "distractor": 0.0}, "rc_at_1000": {"relevant": 0.0, "distractor": 0.0}}