{"ndcg_at_1": 0.06347, "ndcg_at_3": 0.0709, "ndcg_at_5": 0.06847, "ndcg_at_10": 0.06482, "ndcg_at_20": 0.06562, "ndcg_at_100": 0.07778, "ndcg_at_200": 0.09468, "ndcg_at_300": 0.10851, "ndcg_at_500": 0.13201, "ndcg_at_1000": 0.17782, "map_at_1": 0.00514, "map_at_3": 0.00956, "map_at_5": 0.01164, "map_at_10": 0.01354, "map_at_20": 0.01636, "map_at_100": 0.02, "map_at_200": 0.02168, "map_at_300": 0.02284, "map_at_500": 0.02439, "map_at_1000": 0.02704, "recall_at_1": 0.00514, "recall_at_3": 0.01384, "recall_at_5": 0.01944, "recall_at_10": 0.02712, "recall_at_20": 0.04816, "recall_at_100": 0.11075, "recall_at_200": 0.16157, "recall_at_300": 0.20837, "recall_at_500": 0.29188, "recall_at_1000": 0.45897, "precision_at_1": 0.0743, "precision_at_3": 0.07946, "precision_at_5": 0.06811, "precision_at_10": 0.05542, "precision_at_20": 0.04489, "precision_at_100": 0.02573, "precision_at_200": 0.02183, "precision_at_300": 0.01967, "precision_at_500": 0.01724, "precision_at_1000": 0.01454, "mrr_at_1": 0.0743, "mrr_at_3": 0.113, "mrr_at_5": 0.12105, "mrr_at_10": 0.12943, "mrr_at_20": 0.13543, "mrr_at_100": 0.14176, "mrr_at_200": 0.14254, "mrr_at_300": 0.14281, "mrr_at_500": 0.143, "mrr_at_1000": 0.14308, "rc_at_1": {"relevant": 0.0, "distractor": 0.0}, "rc_at_3": {"relevant": 0.0, "distractor": 0.0}, "rc_at_5": {"relevant": 0.0, "distractor": 0.0}, "rc_at_10": {"relevant": 0.0, "distractor": 0.0}, "rc_at_20": {"relevant": 0.0, "distractor": 0.0}, "rc_at_100": {"relevant": 0.0, "distractor": 0.0}, "rc_at_200": {"relevant": 0.0, "distractor": 0.0}, "rc_at_300": {"relevant": 0.0, "distractor": 0.0}, "rc_at_500": {"relevant": 0.0, "distractor": 0.0}, "rc_at_1000": {"relevant": 0.0, "distractor": 0.0}}