{"ndcg_at_1": 0.4, "ndcg_at_3": 0.29386, "ndcg_at_5": 0.24208, "ndcg_at_10": 0.17914, "ndcg_at_20": 0.20937, "ndcg_at_100": 0.25484, "ndcg_at_200": 0.26714, "ndcg_at_300": 0.27918, "ndcg_at_500": 0.29131, "ndcg_at_1000": 0.30524, "map_at_1": 0.04, "map_at_3": 0.06848, "map_at_5": 0.08103, "map_at_10": 0.09369, "map_at_20": 0.10625, "map_at_100": 0.11629, "map_at_200": 0.11732, "map_at_300": 0.11811, "map_at_500": 0.11873, "map_at_1000": 0.11921, "recall_at_1": 0.04, "recall_at_3": 0.08, "recall_at_5": 0.10182, "recall_at_10": 0.13273, "recall_at_20": 0.18727, "recall_at_100": 0.30364, "recall_at_200": 0.34364, "recall_at_300": 0.38727, "recall_at_500": 0.43455, "recall_at_1000": 0.49455, "precision_at_1": 0.4, "precision_at_3": 0.26667, "precision_at_5": 0.20364, "precision_at_10": 0.13273, "precision_at_20": 0.09364, "precision_at_100": 0.03036, "precision_at_200": 0.01718, "precision_at_300": 0.01291, "precision_at_500": 0.00869, "precision_at_1000": 0.00495, "mrr_at_1": 0.4, "mrr_at_3": 0.46667, "mrr_at_5": 0.47485, "mrr_at_10": 0.48232, "mrr_at_20": 0.48816, "mrr_at_100": 0.4907, "mrr_at_200": 0.49092, "mrr_at_300": 0.49099, "mrr_at_500": 0.49099, "mrr_at_1000": 0.49102, "rc_at_1": {"relevant": 0.4, "distractor": 0.36364}, "rc_at_3": {"relevant": 0.8, "distractor": 1.23636}, "rc_at_5": {"relevant": 1.01818, "distractor": 1.94545}, "rc_at_10": {"relevant": 1.32727, "distractor": 3.36364}, "rc_at_20": {"relevant": 1.87273, "distractor": 5.63636}, "rc_at_100": {"relevant": 3.03636, "distractor": 13.14545}, "rc_at_200": {"relevant": 3.43636, "distractor": 17.38182}, "rc_at_300": {"relevant": 3.87273, "distractor": 20.10909}, "rc_at_500": {"relevant": 4.34545, "distractor": 24.16364}, "rc_at_1000": {"relevant": 4.94545, "distractor": 29.85455}}