{"ndcg_at_1": 0.41818, "ndcg_at_3": 0.3293, "ndcg_at_5": 0.28895, "ndcg_at_10": 0.25317, "ndcg_at_20": 0.30474, "ndcg_at_100": 0.41772, "ndcg_at_200": 0.43757, "ndcg_at_300": 0.44464, "ndcg_at_500": 0.45301, "ndcg_at_1000": 0.46445, "map_at_1": 0.04182, "map_at_3": 0.07727, "map_at_5": 0.09882, "map_at_10": 0.13393, "map_at_20": 0.15788, "map_at_100": 0.19482, "map_at_200": 0.19825, "map_at_300": 0.19904, "map_at_500": 0.19968, "map_at_1000": 0.20018, "recall_at_1": 0.04182, "recall_at_3": 0.09091, "recall_at_5": 0.12727, "recall_at_10": 0.22182, "recall_at_20": 0.31636, "recall_at_100": 0.59455, "recall_at_200": 0.65818, "recall_at_300": 0.68364, "recall_at_500": 0.71636, "recall_at_1000": 0.76545, "precision_at_1": 0.41818, "precision_at_3": 0.30303, "precision_at_5": 0.25455, "precision_at_10": 0.22182, "precision_at_20": 0.15818, "precision_at_100": 0.05945, "precision_at_200": 0.03291, "precision_at_300": 0.02279, "precision_at_500": 0.01433, "precision_at_1000": 0.00765, "mrr_at_1": 0.41818, "mrr_at_3": 0.51212, "mrr_at_5": 0.52394, "mrr_at_10": 0.54441, "mrr_at_20": 0.54821, "mrr_at_100": 0.54931, "mrr_at_200": 0.54931, "mrr_at_300": 0.54931, "mrr_at_500": 0.54931, "mrr_at_1000": 0.54933, "rc_at_1": {"relevant": 0.41818, "distractor": 0.56364}, "rc_at_3": {"relevant": 0.90909, "distractor": 2.01818}, "rc_at_5": {"relevant": 1.27273, "distractor": 3.61818}, "rc_at_10": {"relevant": 2.21818, "distractor": 7.18182}, "rc_at_20": {"relevant": 3.16364, "distractor": 14.32727}, "rc_at_100": {"relevant": 5.94545, "distractor": 43.50909}, "rc_at_200": {"relevant": 6.58182, "distractor": 52.72727}, "rc_at_300": {"relevant": 6.83636, "distractor": 57.43636}, "rc_at_500": {"relevant": 7.16364, "distractor": 62.01818}, "rc_at_1000": {"relevant": 7.65455, "distractor": 67.78182}}