{"ndcg_at_1": 0.27551, "ndcg_at_3": 0.27709, "ndcg_at_5": 0.25933, "ndcg_at_10": 0.23332, "ndcg_at_20": 0.25022, "ndcg_at_100": 0.33427, "ndcg_at_200": 0.37265, "ndcg_at_300": 0.3916, "ndcg_at_500": 0.41406, "ndcg_at_1000": 0.44785, "map_at_1": 0.02551, "map_at_3": 0.05092, "map_at_5": 0.06843, "map_at_10": 0.09262, "map_at_20": 0.11551, "map_at_100": 0.14184, "map_at_200": 0.14882, "map_at_300": 0.15145, "map_at_500": 0.15349, "map_at_1000": 0.15598, "recall_at_1": 0.02551, "recall_at_3": 0.06378, "recall_at_5": 0.09546, "recall_at_10": 0.151, "recall_at_20": 0.2345, "recall_at_100": 0.42565, "recall_at_200": 0.5313, "recall_at_300": 0.58846, "recall_at_500": 0.6561, "recall_at_1000": 0.77063, "precision_at_1": 0.28571, "precision_at_3": 0.29932, "precision_at_5": 0.27347, "precision_at_10": 0.20816, "precision_at_20": 0.16939, "precision_at_100": 0.06816, "precision_at_200": 0.04439, "precision_at_300": 0.0334, "precision_at_500": 0.02322, "precision_at_1000": 0.01429, "mrr_at_1": 0.28571, "mrr_at_3": 0.42857, "mrr_at_5": 0.44694, "mrr_at_10": 0.45805, "mrr_at_20": 0.46896, "mrr_at_100": 0.46984, "mrr_at_200": 0.46984, "mrr_at_300": 0.46984, "mrr_at_500": 0.46984, "mrr_at_1000": 0.46984, "rc_at_1": {"relevant": 0.0, "distractor": 0.0}, "rc_at_3": {"relevant": 0.0, "distractor": 0.0}, "rc_at_5": {"relevant": 0.0, "distractor": 0.0}, "rc_at_10": {"relevant": 0.0, "distractor": 0.0}, "rc_at_20": {"relevant": 0.0, "distractor": 0.0}, "rc_at_100": {"relevant": 0.0, "distractor": 0.0}, "rc_at_200": {"relevant": 0.0, "distractor": 0.0}, "rc_at_300": {"relevant": 0.0, "distractor": 0.0}, "rc_at_500": {"relevant": 0.0, "distractor": 0.0}, "rc_at_1000": {"relevant": 0.0, "distractor": 0.0}}