{"ndcg_at_1": 0.47959, "ndcg_at_3": 0.36575, "ndcg_at_5": 0.33834, "ndcg_at_10": 0.30533, "ndcg_at_20": 0.30978, "ndcg_at_100": 0.40007, "ndcg_at_200": 0.43958, "ndcg_at_300": 0.45807, "ndcg_at_500": 0.4836, "ndcg_at_1000": 0.50674, "map_at_1": 0.03521, "map_at_3": 0.0701, "map_at_5": 0.09028, "map_at_10": 0.12076, "map_at_20": 0.14932, "map_at_100": 0.18029, "map_at_200": 0.18761, "map_at_300": 0.19024, "map_at_500": 0.19301, "map_at_1000": 0.19487, "recall_at_1": 0.03521, "recall_at_3": 0.07774, "recall_at_5": 0.11472, "recall_at_10": 0.17992, "recall_at_20": 0.26288, "recall_at_100": 0.46927, "recall_at_200": 0.571, "recall_at_300": 0.62588, "recall_at_500": 0.70846, "recall_at_1000": 0.79287, "precision_at_1": 0.4898, "precision_at_3": 0.35374, "precision_at_5": 0.31429, "precision_at_10": 0.25714, "precision_at_20": 0.1949, "precision_at_100": 0.07653, "precision_at_200": 0.04857, "precision_at_300": 0.03639, "precision_at_500": 0.02535, "precision_at_1000": 0.01467, "mrr_at_1": 0.5102, "mrr_at_3": 0.58844, "mrr_at_5": 0.61395, "mrr_at_10": 0.625, "mrr_at_20": 0.62772, "mrr_at_100": 0.62871, "mrr_at_200": 0.62884, "mrr_at_300": 0.62884, "mrr_at_500": 0.62884, "mrr_at_1000": 0.62884, "rc_at_1": {"relevant": 0.0, "distractor": 0.0}, "rc_at_3": {"relevant": 0.0, "distractor": 0.0}, "rc_at_5": {"relevant": 0.0, "distractor": 0.0}, "rc_at_10": {"relevant": 0.0, "distractor": 0.0}, "rc_at_20": {"relevant": 0.0, "distractor": 0.0}, "rc_at_100": {"relevant": 0.0, "distractor": 0.0}, "rc_at_200": {"relevant": 0.0, "distractor": 0.0}, "rc_at_300": {"relevant": 0.0, "distractor": 0.0}, "rc_at_500": {"relevant": 0.0, "distractor": 0.0}, "rc_at_1000": {"relevant": 0.0, "distractor": 0.0}}