{"ndcg_at_1": 0.12727, "ndcg_at_3": 0.12077, "ndcg_at_5": 0.11249, "ndcg_at_10": 0.09474, "ndcg_at_20": 0.12472, "ndcg_at_100": 0.19407, "ndcg_at_200": 0.21032, "ndcg_at_300": 0.21986, "ndcg_at_500": 0.22967, "ndcg_at_1000": 0.24402, "map_at_1": 0.01273, "map_at_3": 0.02333, "map_at_5": 0.02961, "map_at_10": 0.03769, "map_at_20": 0.04864, "map_at_100": 0.06721, "map_at_200": 0.06886, "map_at_300": 0.06959, "map_at_500": 0.0702, "map_at_1000": 0.07074, "recall_at_1": 0.01273, "recall_at_3": 0.03636, "recall_at_5": 0.05455, "recall_at_10": 0.08545, "recall_at_20": 0.14, "recall_at_100": 0.31091, "recall_at_200": 0.36364, "recall_at_300": 0.39818, "recall_at_500": 0.43636, "recall_at_1000": 0.49818, "precision_at_1": 0.12727, "precision_at_3": 0.12121, "precision_at_5": 0.10909, "precision_at_10": 0.08545, "precision_at_20": 0.07, "precision_at_100": 0.03109, "precision_at_200": 0.01818, "precision_at_300": 0.01327, "precision_at_500": 0.00873, "precision_at_1000": 0.00498, "mrr_at_1": 0.12727, "mrr_at_3": 0.20909, "mrr_at_5": 0.23273, "mrr_at_10": 0.24681, "mrr_at_20": 0.25309, "mrr_at_100": 0.25532, "mrr_at_200": 0.25546, "mrr_at_300": 0.25546, "mrr_at_500": 0.25546, "mrr_at_1000": 0.25553, "rc_at_1": {"relevant": 0.12727, "distractor": 0.36364}, "rc_at_3": {"relevant": 0.36364, "distractor": 1.09091}, "rc_at_5": {"relevant": 0.54545, "distractor": 1.8}, "rc_at_10": {"relevant": 0.85455, "distractor": 3.54545}, "rc_at_20": {"relevant": 1.4, "distractor": 6.21818}, "rc_at_100": {"relevant": 3.10909, "distractor": 17.4}, "rc_at_200": {"relevant": 3.63636, "distractor": 22.43636}, "rc_at_300": {"relevant": 3.98182, "distractor": 25.67273}, "rc_at_500": {"relevant": 4.36364, "distractor": 29.49091}, "rc_at_1000": {"relevant": 4.98182, "distractor": 35.12727}}