{"ndcg_at_1": 0.27454, "ndcg_at_3": 0.31989, "ndcg_at_5": 0.33924, "ndcg_at_10": 0.36206, "ndcg_at_20": 0.38244, "ndcg_at_100": 0.41561, "ndcg_at_200": 0.42378, "ndcg_at_300": 0.42831, "ndcg_at_500": 0.43306, "ndcg_at_1000": 0.43849, "map_at_1": 0.24629, "map_at_3": 0.29575, "map_at_5": 0.30852, "map_at_10": 0.31857, "map_at_20": 0.32461, "map_at_100": 0.32942, "map_at_200": 0.32992, "map_at_300": 0.3301, "map_at_500": 0.33024, "map_at_1000": 0.33033, "recall_at_1": 0.24629, "recall_at_3": 0.35112, "recall_at_5": 0.40026, "recall_at_10": 0.46903, "recall_at_20": 0.54616, "recall_at_100": 0.71578, "recall_at_200": 0.76865, "recall_at_300": 0.80174, "recall_at_500": 0.83769, "recall_at_1000": 0.88387, "precision_at_1": 0.27454, "precision_at_3": 0.13701, "precision_at_5": 0.0954, "precision_at_10": 0.05752, "precision_at_20": 0.0342, "precision_at_100": 0.00923, "precision_at_200": 0.00505, "precision_at_300": 0.00353, "precision_at_500": 0.00225, "precision_at_1000": 0.0012, "mrr_at_1": 0.27454, "mrr_at_3": 0.32336, "mrr_at_5": 0.33402, "mrr_at_10": 0.34407, "mrr_at_20": 0.3494, "mrr_at_100": 0.35335, "mrr_at_200": 0.35369, "mrr_at_300": 0.35382, "mrr_at_500": 0.35391, "mrr_at_1000": 0.35397, "rc_at_1": {"relevant": 0.0, "distractor": 0.0}, "rc_at_3": {"relevant": 0.0, "distractor": 0.0}, "rc_at_5": {"relevant": 0.0, "distractor": 0.0}, "rc_at_10": {"relevant": 0.0, "distractor": 0.0}, "rc_at_20": {"relevant": 0.0, "distractor": 0.0}, "rc_at_100": {"relevant": 0.0, "distractor": 0.0}, "rc_at_200": {"relevant": 0.0, "distractor": 0.0}, "rc_at_300": {"relevant": 0.0, "distractor": 0.0}, "rc_at_500": {"relevant": 0.0, "distractor": 0.0}, "rc_at_1000": {"relevant": 0.0, "distractor": 0.0}}