{"ndcg_at_1": 0.32727, "ndcg_at_3": 0.28014, "ndcg_at_5": 0.26112, "ndcg_at_10": 0.20798, "ndcg_at_20": 0.26173, "ndcg_at_100": 0.38025, "ndcg_at_200": 0.40411, "ndcg_at_300": 0.41989, "ndcg_at_500": 0.43206, "ndcg_at_1000": 0.4455, "map_at_1": 0.03273, "map_at_3": 0.07121, "map_at_5": 0.09485, "map_at_10": 0.11504, "map_at_20": 0.13721, "map_at_100": 0.17394, "map_at_200": 0.17781, "map_at_300": 0.17944, "map_at_500": 0.18034, "map_at_1000": 0.18095, "recall_at_1": 0.03273, "recall_at_3": 0.08, "recall_at_5": 0.12182, "recall_at_10": 0.17636, "recall_at_20": 0.27455, "recall_at_100": 0.56727, "recall_at_200": 0.64364, "recall_at_300": 0.7, "recall_at_500": 0.74727, "recall_at_1000": 0.80545, "precision_at_1": 0.32727, "precision_at_3": 0.26667, "precision_at_5": 0.24364, "precision_at_10": 0.17636, "precision_at_20": 0.13727, "precision_at_100": 0.05673, "precision_at_200": 0.03218, "precision_at_300": 0.02333, "precision_at_500": 0.01495, "precision_at_1000": 0.00805, "mrr_at_1": 0.30909, "mrr_at_3": 0.38788, "mrr_at_5": 0.40879, "mrr_at_10": 0.43045, "mrr_at_20": 0.44064, "mrr_at_100": 0.44064, "mrr_at_200": 0.4411, "mrr_at_300": 0.4411, "mrr_at_500": 0.4411, "mrr_at_1000": 0.44113, "rc_at_1": {"relevant": 0.30909, "distractor": 0.63636}, "rc_at_3": {"relevant": 0.87273, "distractor": 1.98182}, "rc_at_5": {"relevant": 1.23636, "distractor": 3.30909}, "rc_at_10": {"relevant": 1.78182, "distractor": 6.85455}, "rc_at_20": {"relevant": 2.74545, "distractor": 12.96364}, "rc_at_100": {"relevant": 5.74545, "distractor": 40.14545}, "rc_at_200": {"relevant": 6.49091, "distractor": 50.29091}, "rc_at_300": {"relevant": 7.01818, "distractor": 55.52727}, "rc_at_500": {"relevant": 7.50909, "distractor": 61.27273}, "rc_at_1000": {"relevant": 8.05455, "distractor": 68.45455}}