{"ndcg_at_1": 0.23469, "ndcg_at_3": 0.24775, "ndcg_at_5": 0.21642, "ndcg_at_10": 0.20592, "ndcg_at_20": 0.21569, "ndcg_at_100": 0.30194, "ndcg_at_200": 0.33812, "ndcg_at_300": 0.35915, "ndcg_at_500": 0.38043, "ndcg_at_1000": 0.4095, "map_at_1": 0.01962, "map_at_3": 0.0477, "map_at_5": 0.05821, "map_at_10": 0.08088, "map_at_20": 0.09851, "map_at_100": 0.12353, "map_at_200": 0.12946, "map_at_300": 0.13199, "map_at_500": 0.134, "map_at_1000": 0.13611, "recall_at_1": 0.01962, "recall_at_3": 0.06098, "recall_at_5": 0.08108, "recall_at_10": 0.14085, "recall_at_20": 0.20354, "recall_at_100": 0.39295, "recall_at_200": 0.49175, "recall_at_300": 0.55445, "recall_at_500": 0.62136, "recall_at_1000": 0.72176, "precision_at_1": 0.2449, "precision_at_3": 0.26531, "precision_at_5": 0.21633, "precision_at_10": 0.18571, "precision_at_20": 0.14286, "precision_at_100": 0.06163, "precision_at_200": 0.04061, "precision_at_300": 0.03143, "precision_at_500": 0.02184, "precision_at_1000": 0.01324, "mrr_at_1": 0.2449, "mrr_at_3": 0.39796, "mrr_at_5": 0.41531, "mrr_at_10": 0.42936, "mrr_at_20": 0.4389, "mrr_at_100": 0.44134, "mrr_at_200": 0.44134, "mrr_at_300": 0.44134, "mrr_at_500": 0.44134, "mrr_at_1000": 0.44134, "rc_at_1": {"relevant": 0.0, "distractor": 0.0}, "rc_at_3": {"relevant": 0.0, "distractor": 0.0}, "rc_at_5": {"relevant": 0.0, "distractor": 0.0}, "rc_at_10": {"relevant": 0.0, "distractor": 0.0}, "rc_at_20": {"relevant": 0.0, "distractor": 0.0}, "rc_at_100": {"relevant": 0.0, "distractor": 0.0}, "rc_at_200": {"relevant": 0.0, "distractor": 0.0}, "rc_at_300": {"relevant": 0.0, "distractor": 0.0}, "rc_at_500": {"relevant": 0.0, "distractor": 0.0}, "rc_at_1000": {"relevant": 0.0, "distractor": 0.0}}