{"ndcg_at_1": 0.1841, "ndcg_at_3": 0.21666, "ndcg_at_5": 0.23627, "ndcg_at_10": 0.25425, "ndcg_at_20": 0.27016, "ndcg_at_100": 0.29965, "ndcg_at_200": 0.31155, "ndcg_at_300": 0.31761, "ndcg_at_500": 0.32474, "ndcg_at_1000": 0.33139, "map_at_1": 0.15137, "map_at_3": 0.1929, "map_at_5": 0.20539, "map_at_10": 0.21354, "map_at_20": 0.21821, "map_at_100": 0.2226, "map_at_200": 0.22334, "map_at_300": 0.22359, "map_at_500": 0.22379, "map_at_1000": 0.22391, "recall_at_1": 0.15137, "recall_at_3": 0.23913, "recall_at_5": 0.28873, "recall_at_10": 0.34207, "recall_at_20": 0.4014, "recall_at_100": 0.54666, "recall_at_200": 0.6229, "recall_at_300": 0.66545, "recall_at_500": 0.7198, "recall_at_1000": 0.77476, "precision_at_1": 0.1841, "precision_at_3": 0.10186, "precision_at_5": 0.0755, "precision_at_10": 0.04611, "precision_at_20": 0.0276, "precision_at_100": 0.00807, "precision_at_200": 0.00471, "precision_at_300": 0.00341, "precision_at_500": 0.00225, "precision_at_1000": 0.00124, "mrr_at_1": 0.18066, "mrr_at_3": 0.22798, "mrr_at_5": 0.23913, "mrr_at_10": 0.24766, "mrr_at_20": 0.25217, "mrr_at_100": 0.2557, "mrr_at_200": 0.25621, "mrr_at_300": 0.25637, "mrr_at_500": 0.2565, "mrr_at_1000": 0.25656, "rc_at_1": {"relevant": 0.0, "distractor": 0.0}, "rc_at_3": {"relevant": 0.0, "distractor": 0.0}, "rc_at_5": {"relevant": 0.0, "distractor": 0.0}, "rc_at_10": {"relevant": 0.0, "distractor": 0.0}, "rc_at_20": {"relevant": 0.0, "distractor": 0.0}, "rc_at_100": {"relevant": 0.0, "distractor": 0.0}, "rc_at_200": {"relevant": 0.0, "distractor": 0.0}, "rc_at_300": {"relevant": 0.0, "distractor": 0.0}, "rc_at_500": {"relevant": 0.0, "distractor": 0.0}, "rc_at_1000": {"relevant": 0.0, "distractor": 0.0}}