{"ndcg_at_1": 0.36194, "ndcg_at_3": 0.41148, "ndcg_at_5": 0.43619, "ndcg_at_10": 0.46252, "ndcg_at_20": 0.48496, "ndcg_at_100": 0.51511, "ndcg_at_200": 0.52255, "ndcg_at_300": 0.52773, "ndcg_at_500": 0.53119, "ndcg_at_1000": 0.53437, "map_at_1": 0.31265, "map_at_3": 0.37927, "map_at_5": 0.39711, "map_at_10": 0.40997, "map_at_20": 0.41704, "map_at_100": 0.42217, "map_at_200": 0.42269, "map_at_300": 0.42291, "map_at_500": 0.42301, "map_at_1000": 0.42308, "recall_at_1": 0.31265, "recall_at_3": 0.4446, "recall_at_5": 0.50699, "recall_at_10": 0.58323, "recall_at_20": 0.66338, "recall_at_100": 0.80612, "recall_at_200": 0.85237, "recall_at_300": 0.88821, "recall_at_500": 0.9147, "recall_at_1000": 0.93841, "precision_at_1": 0.36194, "precision_at_3": 0.1847, "precision_at_5": 0.12985, "precision_at_10": 0.07677, "precision_at_20": 0.04478, "precision_at_100": 0.01151, "precision_at_200": 0.00618, "precision_at_300": 0.00434, "precision_at_500": 0.00269, "precision_at_1000": 0.00141, "mrr_at_1": 0.36194, "mrr_at_3": 0.42289, "mrr_at_5": 0.43655, "mrr_at_10": 0.44661, "mrr_at_20": 0.45264, "mrr_at_100": 0.45595, "mrr_at_200": 0.45624, "mrr_at_300": 0.45636, "mrr_at_500": 0.45643, "mrr_at_1000": 0.45645, "rc_at_1": {"relevant": 0.0, "distractor": 0.0}, "rc_at_3": {"relevant": 0.0, "distractor": 0.0}, "rc_at_5": {"relevant": 0.0, "distractor": 0.0}, "rc_at_10": {"relevant": 0.0, "distractor": 0.0}, "rc_at_20": {"relevant": 0.0, "distractor": 0.0}, "rc_at_100": {"relevant": 0.0, "distractor": 0.0}, "rc_at_200": {"relevant": 0.0, "distractor": 0.0}, "rc_at_300": {"relevant": 0.0, "distractor": 0.0}, "rc_at_500": {"relevant": 0.0, "distractor": 0.0}, "rc_at_1000": {"relevant": 0.0, "distractor": 0.0}}