{"ndcg_at_1": 0.28276, "ndcg_at_3": 0.33805, "ndcg_at_5": 0.35976, "ndcg_at_10": 0.38282, "ndcg_at_20": 0.40272, "ndcg_at_100": 0.43096, "ndcg_at_200": 0.44082, "ndcg_at_300": 0.44547, "ndcg_at_500": 0.44932, "ndcg_at_1000": 0.45456, "map_at_1": 0.2482, "map_at_3": 0.31177, "map_at_5": 0.32562, "map_at_10": 0.33637, "map_at_20": 0.34292, "map_at_100": 0.34733, "map_at_200": 0.34792, "map_at_300": 0.3481, "map_at_500": 0.34821, "map_at_1000": 0.3483, "recall_at_1": 0.2482, "recall_at_3": 0.37385, "recall_at_5": 0.42618, "recall_at_10": 0.49295, "recall_at_20": 0.56631, "recall_at_100": 0.70727, "recall_at_200": 0.77293, "recall_at_300": 0.80664, "recall_at_500": 0.83687, "recall_at_1000": 0.88255, "precision_at_1": 0.28276, "precision_at_3": 0.1511, "precision_at_5": 0.10608, "precision_at_10": 0.06351, "precision_at_20": 0.03749, "precision_at_100": 0.00966, "precision_at_200": 0.00531, "precision_at_300": 0.00371, "precision_at_500": 0.00232, "precision_at_1000": 0.00123, "mrr_at_1": 0.28088, "mrr_at_3": 0.34127, "mrr_at_5": 0.35303, "mrr_at_10": 0.36286, "mrr_at_20": 0.36773, "mrr_at_100": 0.37105, "mrr_at_200": 0.37151, "mrr_at_300": 0.37163, "mrr_at_500": 0.3717, "mrr_at_1000": 0.37176, "rc_at_1": {"relevant": 0.0, "distractor": 0.0}, "rc_at_3": {"relevant": 0.0, "distractor": 0.0}, "rc_at_5": {"relevant": 0.0, "distractor": 0.0}, "rc_at_10": {"relevant": 0.0, "distractor": 0.0}, "rc_at_20": {"relevant": 0.0, "distractor": 0.0}, "rc_at_100": {"relevant": 0.0, "distractor": 0.0}, "rc_at_200": {"relevant": 0.0, "distractor": 0.0}, "rc_at_300": {"relevant": 0.0, "distractor": 0.0}, "rc_at_500": {"relevant": 0.0, "distractor": 0.0}, "rc_at_1000": {"relevant": 0.0, "distractor": 0.0}}