{"ndcg_at_1": 0.43077, "ndcg_at_3": 0.36829, "ndcg_at_5": 0.31983, "ndcg_at_10": 0.26055, "ndcg_at_20": 0.3162, "ndcg_at_100": 0.45098, "ndcg_at_200": 0.48783, "ndcg_at_300": 0.49899, "ndcg_at_500": 0.50891, "ndcg_at_1000": 0.51751, "map_at_1": 0.04308, "map_at_3": 0.09205, "map_at_5": 0.11713, "map_at_10": 0.15264, "map_at_20": 0.17979, "map_at_100": 0.22105, "map_at_200": 0.22708, "map_at_300": 0.22837, "map_at_500": 0.22924, "map_at_1000": 0.22967, "recall_at_1": 0.04308, "recall_at_3": 0.10462, "recall_at_5": 0.14308, "recall_at_10": 0.21692, "recall_at_20": 0.31692, "recall_at_100": 0.65538, "recall_at_200": 0.77385, "recall_at_300": 0.81385, "recall_at_500": 0.85231, "recall_at_1000": 0.88923, "precision_at_1": 0.43077, "precision_at_3": 0.34872, "precision_at_5": 0.28615, "precision_at_10": 0.21692, "precision_at_20": 0.15846, "precision_at_100": 0.06554, "precision_at_200": 0.03869, "precision_at_300": 0.02713, "precision_at_500": 0.01705, "precision_at_1000": 0.00889, "mrr_at_1": 0.43077, "mrr_at_3": 0.51538, "mrr_at_5": 0.52615, "mrr_at_10": 0.53931, "mrr_at_20": 0.54896, "mrr_at_100": 0.55252, "mrr_at_200": 0.55252, "mrr_at_300": 0.55252, "mrr_at_500": 0.55252, "mrr_at_1000": 0.55252, "rc_at_1": {"relevant": 0.43077, "distractor": 0.56923}, "rc_at_3": {"relevant": 1.04615, "distractor": 1.90769}, "rc_at_5": {"relevant": 1.43077, "distractor": 3.47692}, "rc_at_10": {"relevant": 2.16923, "distractor": 7.50769}, "rc_at_20": {"relevant": 3.16923, "distractor": 15.86154}, "rc_at_100": {"relevant": 6.55385, "distractor": 64.87692}, "rc_at_200": {"relevant": 7.73846, "distractor": 79.47692}, "rc_at_300": {"relevant": 8.13846, "distractor": 83.89231}, "rc_at_500": {"relevant": 8.52308, "distractor": 87.70769}, "rc_at_1000": {"relevant": 8.89231, "distractor": 91.81538}}