{"ndcg_at_1": 0.44691, "ndcg_at_3": 0.3596, "ndcg_at_5": 0.37483, "ndcg_at_10": 0.40646, "ndcg_at_20": 0.42735, "ndcg_at_100": 0.46348, "ndcg_at_200": 0.47451, "ndcg_at_300": 0.48018, "ndcg_at_500": 0.48605, "ndcg_at_1000": 0.49233, "map_at_1": 0.18921, "map_at_3": 0.26971, "map_at_5": 0.29379, "map_at_10": 0.31161, "map_at_20": 0.31947, "map_at_100": 0.32659, "map_at_200": 0.32752, "map_at_300": 0.32784, "map_at_500": 0.32807, "map_at_1000": 0.32823, "recall_at_1": 0.18921, "recall_at_3": 0.3143, "recall_at_5": 0.3764, "recall_at_10": 0.44517, "recall_at_20": 0.50392, "recall_at_100": 0.6414, "recall_at_200": 0.69599, "recall_at_300": 0.72777, "recall_at_500": 0.76263, "recall_at_1000": 0.80295, "precision_at_1": 0.44691, "precision_at_3": 0.26754, "precision_at_5": 0.19518, "precision_at_10": 0.11928, "precision_at_20": 0.0686, "precision_at_100": 0.01824, "precision_at_200": 0.01003, "precision_at_300": 0.00702, "precision_at_500": 0.00444, "precision_at_1000": 0.00236, "mrr_at_1": 0.44625, "mrr_at_3": 0.52584, "mrr_at_5": 0.54014, "mrr_at_10": 0.54898, "mrr_at_20": 0.55254, "mrr_at_100": 0.55496, "mrr_at_200": 0.55517, "mrr_at_300": 0.55522, "mrr_at_500": 0.55525, "mrr_at_1000": 0.55527, "rc_at_1": {"relevant": 0.0, "distractor": 0.0}, "rc_at_3": {"relevant": 0.0, "distractor": 0.0}, "rc_at_5": {"relevant": 0.0, "distractor": 0.0}, "rc_at_10": {"relevant": 0.0, "distractor": 0.0}, "rc_at_20": {"relevant": 0.0, "distractor": 0.0}, "rc_at_100": {"relevant": 0.0, "distractor": 0.0}, "rc_at_200": {"relevant": 0.0, "distractor": 0.0}, "rc_at_300": {"relevant": 0.0, "distractor": 0.0}, "rc_at_500": {"relevant": 0.0, "distractor": 0.0}, "rc_at_1000": {"relevant": 0.0, "distractor": 0.0}}