{"ndcg_at_1": 0.57625, "ndcg_at_3": 0.4827, "ndcg_at_5": 0.44726, "ndcg_at_10": 0.42402, "ndcg_at_20": 0.41746, "ndcg_at_100": 0.46326, "ndcg_at_200": 0.49045, "ndcg_at_300": 0.50376, "ndcg_at_500": 0.51966, "ndcg_at_1000": 0.53634, "map_at_1": 0.09775, "map_at_3": 0.14819, "map_at_5": 0.16968, "map_at_10": 0.20085, "map_at_20": 0.23241, "map_at_100": 0.27785, "map_at_200": 0.28665, "map_at_300": 0.28956, "map_at_500": 0.29213, "map_at_1000": 0.29418, "recall_at_1": 0.09775, "recall_at_3": 0.16064, "recall_at_5": 0.19434, "recall_at_10": 0.2501, "recall_at_20": 0.32401, "recall_at_100": 0.5101, "recall_at_200": 0.58935, "recall_at_300": 0.62928, "recall_at_500": 0.68175, "recall_at_1000": 0.74126, "precision_at_1": 0.7025, "precision_at_3": 0.51583, "precision_at_5": 0.4245, "precision_at_10": 0.3295, "precision_at_20": 0.2515, "precision_at_100": 0.10335, "precision_at_200": 0.06521, "precision_at_300": 0.04881, "precision_at_500": 0.03353, "precision_at_1000": 0.01988, "mrr_at_1": 0.705, "mrr_at_3": 0.765, "mrr_at_5": 0.77238, "mrr_at_10": 0.77807, "mrr_at_20": 0.78021, "mrr_at_100": 0.78092, "mrr_at_200": 0.78096, "mrr_at_300": 0.78097, "mrr_at_500": 0.78098, "mrr_at_1000": 0.78099, "rc_at_1": {"relevant": 0.0, "distractor": 0.0}, "rc_at_3": {"relevant": 0.0, "distractor": 0.0}, "rc_at_5": {"relevant": 0.0, "distractor": 0.0}, "rc_at_10": {"relevant": 0.0, "distractor": 0.0}, "rc_at_20": {"relevant": 0.0, "distractor": 0.0}, "rc_at_100": {"relevant": 0.0, "distractor": 0.0}, "rc_at_200": {"relevant": 0.0, "distractor": 0.0}, "rc_at_300": {"relevant": 0.0, "distractor": 0.0}, "rc_at_500": {"relevant": 0.0, "distractor": 0.0}, "rc_at_1000": {"relevant": 0.0, "distractor": 0.0}}