{"ndcg_at_1": 0.2976, "ndcg_at_3": 0.34222, "ndcg_at_5": 0.36871, "ndcg_at_10": 0.3981, "ndcg_at_20": 0.41601, "ndcg_at_100": 0.44998, "ndcg_at_200": 0.45673, "ndcg_at_300": 0.46167, "ndcg_at_500": 0.46569, "ndcg_at_1000": 0.46966, "map_at_1": 0.27089, "map_at_3": 0.31797, "map_at_5": 0.33457, "map_at_10": 0.34743, "map_at_20": 0.35271, "map_at_100": 0.35792, "map_at_200": 0.35829, "map_at_300": 0.3585, "map_at_500": 0.35863, "map_at_1000": 0.35871, "recall_at_1": 0.27089, "recall_at_3": 0.37864, "recall_at_5": 0.44339, "recall_at_10": 0.53181, "recall_at_20": 0.59943, "recall_at_100": 0.77204, "recall_at_200": 0.81648, "recall_at_300": 0.85188, "recall_at_500": 0.88292, "recall_at_1000": 0.91647, "precision_at_1": 0.2976, "precision_at_3": 0.14356, "precision_at_5": 0.10277, "precision_at_10": 0.06211, "precision_at_20": 0.0353, "precision_at_100": 0.00948, "precision_at_200": 0.00513, "precision_at_300": 0.00363, "precision_at_500": 0.00231, "precision_at_1000": 0.00122, "mrr_at_1": 0.2976, "mrr_at_3": 0.3475, "mrr_at_5": 0.36054, "mrr_at_10": 0.37264, "mrr_at_20": 0.37746, "mrr_at_100": 0.38162, "mrr_at_200": 0.38196, "mrr_at_300": 0.38208, "mrr_at_500": 0.38215, "mrr_at_1000": 0.38219, "rc_at_1": {"relevant": 0.0, "distractor": 0.0}, "rc_at_3": {"relevant": 0.0, "distractor": 0.0}, "rc_at_5": {"relevant": 0.0, "distractor": 0.0}, "rc_at_10": {"relevant": 0.0, "distractor": 0.0}, "rc_at_20": {"relevant": 0.0, "distractor": 0.0}, "rc_at_100": {"relevant": 0.0, "distractor": 0.0}, "rc_at_200": {"relevant": 0.0, "distractor": 0.0}, "rc_at_300": {"relevant": 0.0, "distractor": 0.0}, "rc_at_500": {"relevant": 0.0, "distractor": 0.0}, "rc_at_1000": {"relevant": 0.0, "distractor": 0.0}}