{"ndcg_at_1": 0.81877, "ndcg_at_3": 0.687, "ndcg_at_5": 0.71571, "ndcg_at_10": 0.73637, "ndcg_at_20": 0.74994, "ndcg_at_100": 0.76605, "ndcg_at_200": 0.76988, "ndcg_at_300": 0.77199, "ndcg_at_500": 0.7738, "ndcg_at_1000": 0.77589, "map_at_1": 0.40939, "map_at_3": 0.61744, "map_at_5": 0.64087, "map_at_10": 0.65366, "map_at_20": 0.65924, "map_at_100": 0.66269, "map_at_200": 0.66301, "map_at_300": 0.66312, "map_at_500": 0.66318, "map_at_1000": 0.66323, "recall_at_1": 0.40939, "recall_at_3": 0.66212, "recall_at_5": 0.71857, "recall_at_10": 0.77016, "recall_at_20": 0.81391, "recall_at_100": 0.88447, "recall_at_200": 0.90675, "recall_at_300": 0.92039, "recall_at_500": 0.93309, "recall_at_1000": 0.94916, "precision_at_1": 0.81877, "precision_at_3": 0.44141, "precision_at_5": 0.28743, "precision_at_10": 0.15403, "precision_at_20": 0.08139, "precision_at_100": 0.01769, "precision_at_200": 0.00907, "precision_at_300": 0.00614, "precision_at_500": 0.00373, "precision_at_1000": 0.0019, "mrr_at_1": 0.81823, "mrr_at_3": 0.86446, "mrr_at_5": 0.86963, "mrr_at_10": 0.87227, "mrr_at_20": 0.8732, "mrr_at_100": 0.87362, "mrr_at_200": 0.87364, "mrr_at_300": 0.87365, "mrr_at_500": 0.87365, "mrr_at_1000": 0.87366, "rc_at_1": {"relevant": 0.0, "distractor": 0.0}, "rc_at_3": {"relevant": 0.0, "distractor": 0.0}, "rc_at_5": {"relevant": 0.0, "distractor": 0.0}, "rc_at_10": {"relevant": 0.0, "distractor": 0.0}, "rc_at_20": {"relevant": 0.0, "distractor": 0.0}, "rc_at_100": {"relevant": 0.0, "distractor": 0.0}, "rc_at_200": {"relevant": 0.0, "distractor": 0.0}, "rc_at_300": {"relevant": 0.0, "distractor": 0.0}, "rc_at_500": {"relevant": 0.0, "distractor": 0.0}, "rc_at_1000": {"relevant": 0.0, "distractor": 0.0}}