{"ndcg_at_1": 0.201, "ndcg_at_3": 0.16501, "ndcg_at_5": 0.14378, "ndcg_at_10": 0.17242, "ndcg_at_20": 0.19693, "ndcg_at_100": 0.24424, "ndcg_at_200": 0.26193, "ndcg_at_300": 0.26942, "ndcg_at_500": 0.27937, "ndcg_at_1000": 0.29334, "map_at_1": 0.04098, "map_at_3": 0.07348, "map_at_5": 0.08667, "map_at_10": 0.09972, "map_at_20": 0.10827, "map_at_100": 0.11746, "map_at_200": 0.11893, "map_at_300": 0.11935, "map_at_500": 0.11977, "map_at_1000": 0.12013, "recall_at_1": 0.04098, "recall_at_3": 0.09427, "recall_at_5": 0.12787, "recall_at_10": 0.18027, "recall_at_20": 0.23775, "recall_at_100": 0.39125, "recall_at_200": 0.46608, "recall_at_300": 0.50135, "recall_at_500": 0.55217, "recall_at_1000": 0.63082, "precision_at_1": 0.201, "precision_at_3": 0.15467, "precision_at_5": 0.126, "precision_at_10": 0.089, "precision_at_20": 0.05865, "precision_at_100": 0.01927, "precision_at_200": 0.01149, "precision_at_300": 0.00824, "precision_at_500": 0.00544, "precision_at_1000": 0.00311, "mrr_at_1": 0.201, "mrr_at_3": 0.26967, "mrr_at_5": 0.28707, "mrr_at_10": 0.30284, "mrr_at_20": 0.30896, "mrr_at_100": 0.31311, "mrr_at_200": 0.31356, "mrr_at_300": 0.31365, "mrr_at_500": 0.3137, "mrr_at_1000": 0.31376, "rc_at_1": {"relevant": 0.0, "distractor": 0.0}, "rc_at_3": {"relevant": 0.0, "distractor": 0.0}, "rc_at_5": {"relevant": 0.0, "distractor": 0.0}, "rc_at_10": {"relevant": 0.0, "distractor": 0.0}, "rc_at_20": {"relevant": 0.0, "distractor": 0.0}, "rc_at_100": {"relevant": 0.0, "distractor": 0.0}, "rc_at_200": {"relevant": 0.0, "distractor": 0.0}, "rc_at_300": {"relevant": 0.0, "distractor": 0.0}, "rc_at_500": {"relevant": 0.0, "distractor": 0.0}, "rc_at_1000": {"relevant": 0.0, "distractor": 0.0}}