{"ndcg_at_1": 0.0, "ndcg_at_3": 0.27157, "ndcg_at_5": 0.33648, "ndcg_at_10": 0.40048, "ndcg_at_20": 0.42806, "ndcg_at_100": 0.43907, "ndcg_at_200": 0.4401, "ndcg_at_300": 0.44072, "ndcg_at_500": 0.44105, "ndcg_at_1000": 0.44113, "map_at_1": 0.0, "map_at_3": 0.20555, "map_at_5": 0.2415, "map_at_10": 0.26808, "map_at_20": 0.27587, "map_at_100": 0.27762, "map_at_200": 0.27768, "map_at_300": 0.2777, "map_at_500": 0.27771, "map_at_1000": 0.27771, "recall_at_1": 0.0, "recall_at_3": 0.4623, "recall_at_5": 0.6202, "recall_at_10": 0.81721, "recall_at_20": 0.92461, "recall_at_100": 0.9808, "recall_at_200": 0.98791, "recall_at_300": 0.99289, "recall_at_500": 0.99573, "recall_at_1000": 0.99644, "precision_at_1": 0.0, "precision_at_3": 0.1541, "precision_at_5": 0.12404, "precision_at_10": 0.08172, "precision_at_20": 0.04623, "precision_at_100": 0.00981, "precision_at_200": 0.00494, "precision_at_300": 0.00331, "precision_at_500": 0.00199, "precision_at_1000": 0.001, "mrr_at_1": 0.0, "mrr_at_3": 0.20555, "mrr_at_5": 0.2415, "mrr_at_10": 0.26801, "mrr_at_20": 0.27586, "mrr_at_100": 0.27761, "mrr_at_200": 0.27767, "mrr_at_300": 0.27769, "mrr_at_500": 0.2777, "mrr_at_1000": 0.2777, "rc_at_1": {"relevant": 0.0, "distractor": 0.0}, "rc_at_3": {"relevant": 0.0, "distractor": 0.0}, "rc_at_5": {"relevant": 0.0, "distractor": 0.0}, "rc_at_10": {"relevant": 0.0, "distractor": 0.0}, "rc_at_20": {"relevant": 0.0, "distractor": 0.0}, "rc_at_100": {"relevant": 0.0, "distractor": 0.0}, "rc_at_200": {"relevant": 0.0, "distractor": 0.0}, "rc_at_300": {"relevant": 0.0, "distractor": 0.0}, "rc_at_500": {"relevant": 0.0, "distractor": 0.0}, "rc_at_1000": {"relevant": 0.0, "distractor": 0.0}}