{"ndcg_at_1": 0.28545, "ndcg_at_3": 0.3238, "ndcg_at_5": 0.35054, "ndcg_at_10": 0.37528, "ndcg_at_20": 0.39637, "ndcg_at_100": 0.42515, "ndcg_at_200": 0.43733, "ndcg_at_300": 0.44087, "ndcg_at_500": 0.44623, "ndcg_at_1000": 0.45079, "map_at_1": 0.24924, "map_at_3": 0.29729, "map_at_5": 0.31444, "map_at_10": 0.3256, "map_at_20": 0.33226, "map_at_100": 0.3367, "map_at_200": 0.33745, "map_at_300": 0.33761, "map_at_500": 0.33776, "map_at_1000": 0.33785, "recall_at_1": 0.24924, "recall_at_3": 0.35143, "recall_at_5": 0.41667, "recall_at_10": 0.4876, "recall_at_20": 0.56321, "recall_at_100": 0.70446, "recall_at_200": 0.78315, "recall_at_300": 0.80642, "recall_at_500": 0.84726, "recall_at_1000": 0.88312, "precision_at_1": 0.28545, "precision_at_3": 0.14272, "precision_at_5": 0.1041, "precision_at_10": 0.06278, "precision_at_20": 0.03717, "precision_at_100": 0.00974, "precision_at_200": 0.0055, "precision_at_300": 0.00384, "precision_at_500": 0.00244, "precision_at_1000": 0.0013, "mrr_at_1": 0.28545, "mrr_at_3": 0.33815, "mrr_at_5": 0.35424, "mrr_at_10": 0.36451, "mrr_at_20": 0.36953, "mrr_at_100": 0.37279, "mrr_at_200": 0.37332, "mrr_at_300": 0.37341, "mrr_at_500": 0.37351, "mrr_at_1000": 0.37355, "rc_at_1": {"relevant": 0.0, "distractor": 0.0}, "rc_at_3": {"relevant": 0.0, "distractor": 0.0}, "rc_at_5": {"relevant": 0.0, "distractor": 0.0}, "rc_at_10": {"relevant": 0.0, "distractor": 0.0}, "rc_at_20": {"relevant": 0.0, "distractor": 0.0}, "rc_at_100": {"relevant": 0.0, "distractor": 0.0}, "rc_at_200": {"relevant": 0.0, "distractor": 0.0}, "rc_at_300": {"relevant": 0.0, "distractor": 0.0}, "rc_at_500": {"relevant": 0.0, "distractor": 0.0}, "rc_at_1000": {"relevant": 0.0, "distractor": 0.0}}