{"ndcg_at_1": 0.26316, "ndcg_at_3": 0.23275, "ndcg_at_5": 0.21132, "ndcg_at_10": 0.19073, "ndcg_at_20": 0.17896, "ndcg_at_100": 0.18357, "ndcg_at_200": 0.20144, "ndcg_at_300": 0.21528, "ndcg_at_500": 0.23782, "ndcg_at_1000": 0.27996, "map_at_1": 0.0264, "map_at_3": 0.04261, "map_at_5": 0.0483, "map_at_10": 0.05594, "map_at_20": 0.06283, "map_at_100": 0.07198, "map_at_200": 0.07529, "map_at_300": 0.0771, "map_at_500": 0.07948, "map_at_1000": 0.08267, "recall_at_1": 0.0264, "recall_at_3": 0.05193, "recall_at_5": 0.0625, "recall_at_10": 0.08498, "recall_at_20": 0.11483, "recall_at_100": 0.2082, "recall_at_200": 0.26785, "recall_at_300": 0.31481, "recall_at_500": 0.38656, "recall_at_1000": 0.53689, "precision_at_1": 0.27554, "precision_at_3": 0.22188, "precision_at_5": 0.18328, "precision_at_10": 0.14118, "precision_at_20": 0.10666, "precision_at_100": 0.05003, "precision_at_200": 0.03635, "precision_at_300": 0.03014, "precision_at_500": 0.02421, "precision_at_1000": 0.01791, "mrr_at_1": 0.27554, "mrr_at_3": 0.33798, "mrr_at_5": 0.34819, "mrr_at_10": 0.35635, "mrr_at_20": 0.36302, "mrr_at_100": 0.36683, "mrr_at_200": 0.36726, "mrr_at_300": 0.36736, "mrr_at_500": 0.36743, "mrr_at_1000": 0.3675, "rc_at_1": {"relevant": 0.0, "distractor": 0.0}, "rc_at_3": {"relevant": 0.0, "distractor": 0.0}, "rc_at_5": {"relevant": 0.0, "distractor": 0.0}, "rc_at_10": {"relevant": 0.0, "distractor": 0.0}, "rc_at_20": {"relevant": 0.0, "distractor": 0.0}, "rc_at_100": {"relevant": 0.0, "distractor": 0.0}, "rc_at_200": {"relevant": 0.0, "distractor": 0.0}, "rc_at_300": {"relevant": 0.0, "distractor": 0.0}, "rc_at_500": {"relevant": 0.0, "distractor": 0.0}, "rc_at_1000": {"relevant": 0.0, "distractor": 0.0}}