{"ndcg_at_1": 0.30637, "ndcg_at_3": 0.34707, "ndcg_at_5": 0.36091, "ndcg_at_10": 0.37828, "ndcg_at_20": 0.39354, "ndcg_at_100": 0.42014, "ndcg_at_200": 0.42823, "ndcg_at_300": 0.43261, "ndcg_at_500": 0.4376, "ndcg_at_1000": 0.44377, "map_at_1": 0.24308, "map_at_3": 0.30666, "map_at_5": 0.31915, "map_at_10": 0.32872, "map_at_20": 0.33446, "map_at_100": 0.33956, "map_at_200": 0.34025, "map_at_300": 0.34049, "map_at_500": 0.34068, "map_at_1000": 0.34083, "recall_at_1": 0.24308, "recall_at_3": 0.36537, "recall_at_5": 0.40701, "recall_at_10": 0.46372, "recall_at_20": 0.52146, "recall_at_100": 0.64752, "recall_at_200": 0.69281, "recall_at_300": 0.72159, "recall_at_500": 0.75718, "recall_at_1000": 0.80447, "precision_at_1": 0.30637, "precision_at_3": 0.16964, "precision_at_5": 0.11873, "precision_at_10": 0.07134, "precision_at_20": 0.04217, "precision_at_100": 0.01179, "precision_at_200": 0.00666, "precision_at_300": 0.00473, "precision_at_500": 0.00303, "precision_at_1000": 0.00166, "mrr_at_1": 0.30955, "mrr_at_3": 0.36465, "mrr_at_5": 0.37261, "mrr_at_10": 0.38215, "mrr_at_20": 0.38658, "mrr_at_100": 0.3894, "mrr_at_200": 0.38968, "mrr_at_300": 0.38979, "mrr_at_500": 0.38986, "mrr_at_1000": 0.38992, "rc_at_1": {"relevant": 0.0, "distractor": 0.0}, "rc_at_3": {"relevant": 0.0, "distractor": 0.0}, "rc_at_5": {"relevant": 0.0, "distractor": 0.0}, "rc_at_10": {"relevant": 0.0, "distractor": 0.0}, "rc_at_20": {"relevant": 0.0, "distractor": 0.0}, "rc_at_100": {"relevant": 0.0, "distractor": 0.0}, "rc_at_200": {"relevant": 0.0, "distractor": 0.0}, "rc_at_300": {"relevant": 0.0, "distractor": 0.0}, "rc_at_500": {"relevant": 0.0, "distractor": 0.0}, "rc_at_1000": {"relevant": 0.0, "distractor": 0.0}}