{"ndcg_at_1": 0.32727, "ndcg_at_3": 0.29091, "ndcg_at_5": 0.26651, "ndcg_at_10": 0.21976, "ndcg_at_20": 0.27346, "ndcg_at_100": 0.40032, "ndcg_at_200": 0.42993, "ndcg_at_300": 0.44157, "ndcg_at_500": 0.45454, "ndcg_at_1000": 0.46843, "map_at_1": 0.03273, "map_at_3": 0.06455, "map_at_5": 0.086, "map_at_10": 0.11025, "map_at_20": 0.13481, "map_at_100": 0.1735, "map_at_200": 0.17807, "map_at_300": 0.17943, "map_at_500": 0.18026, "map_at_1000": 0.18089, "recall_at_1": 0.03273, "recall_at_3": 0.08364, "recall_at_5": 0.12364, "recall_at_10": 0.19091, "recall_at_20": 0.28909, "recall_at_100": 0.60727, "recall_at_200": 0.70364, "recall_at_300": 0.74545, "recall_at_500": 0.79636, "recall_at_1000": 0.85636, "precision_at_1": 0.32727, "precision_at_3": 0.27879, "precision_at_5": 0.24727, "precision_at_10": 0.19091, "precision_at_20": 0.14455, "precision_at_100": 0.06073, "precision_at_200": 0.03518, "precision_at_300": 0.02485, "precision_at_500": 0.01593, "precision_at_1000": 0.00856, "mrr_at_1": 0.32727, "mrr_at_3": 0.45758, "mrr_at_5": 0.4803, "mrr_at_10": 0.49756, "mrr_at_20": 0.50134, "mrr_at_100": 0.5034, "mrr_at_200": 0.5034, "mrr_at_300": 0.50354, "mrr_at_500": 0.50354, "mrr_at_1000": 0.50354, "rc_at_1": {"relevant": 0.32727, "distractor": 0.63636}, "rc_at_3": {"relevant": 0.83636, "distractor": 2.05455}, "rc_at_5": {"relevant": 1.23636, "distractor": 3.52727}, "rc_at_10": {"relevant": 1.90909, "distractor": 7.21818}, "rc_at_20": {"relevant": 2.89091, "distractor": 14.47273}, "rc_at_100": {"relevant": 6.07273, "distractor": 47.01818}, "rc_at_200": {"relevant": 7.03636, "distractor": 58.36364}, "rc_at_300": {"relevant": 7.45455, "distractor": 64.01818}, "rc_at_500": {"relevant": 7.96364, "distractor": 70.21818}, "rc_at_1000": {"relevant": 8.56364, "distractor": 78.58182}}