{"ndcg_at_1": 0.41538, "ndcg_at_3": 0.36012, "ndcg_at_5": 0.31325, "ndcg_at_10": 0.25579, "ndcg_at_20": 0.30596, "ndcg_at_100": 0.49397, "ndcg_at_200": 0.5424, "ndcg_at_300": 0.54712, "ndcg_at_500": 0.5499, "ndcg_at_1000": 0.55314, "map_at_1": 0.04154, "map_at_3": 0.09128, "map_at_5": 0.11497, "map_at_10": 0.14939, "map_at_20": 0.17281, "map_at_100": 0.2298, "map_at_200": 0.24056, "map_at_300": 0.24115, "map_at_500": 0.24142, "map_at_1000": 0.24159, "recall_at_1": 0.04154, "recall_at_3": 0.10308, "recall_at_5": 0.14154, "recall_at_10": 0.21692, "recall_at_20": 0.30769, "recall_at_100": 0.78923, "recall_at_200": 0.94, "recall_at_300": 0.95692, "recall_at_500": 0.96769, "recall_at_1000": 0.98154, "precision_at_1": 0.41538, "precision_at_3": 0.34359, "precision_at_5": 0.28308, "precision_at_10": 0.21692, "precision_at_20": 0.15385, "precision_at_100": 0.07892, "precision_at_200": 0.047, "precision_at_300": 0.0319, "precision_at_500": 0.01935, "precision_at_1000": 0.00982, "mrr_at_1": 0.41538, "mrr_at_3": 0.48718, "mrr_at_5": 0.50641, "mrr_at_10": 0.51773, "mrr_at_20": 0.5283, "mrr_at_100": 0.53227, "mrr_at_200": 0.53227, "mrr_at_300": 0.53227, "mrr_at_500": 0.53227, "mrr_at_1000": 0.53227, "rc_at_1": {"relevant": 0.41538, "distractor": 0.58462}, "rc_at_3": {"relevant": 1.03077, "distractor": 1.96923}, "rc_at_5": {"relevant": 1.41538, "distractor": 3.56923}, "rc_at_10": {"relevant": 2.16923, "distractor": 7.76923}, "rc_at_20": {"relevant": 3.07692, "distractor": 16.75385}, "rc_at_100": {"relevant": 7.89231, "distractor": 84.64615}, "rc_at_200": {"relevant": 9.4, "distractor": 96.18462}, "rc_at_300": {"relevant": 9.56923, "distractor": 97.27692}, "rc_at_500": {"relevant": 9.67692, "distractor": 98.09231}, "rc_at_1000": {"relevant": 9.81538, "distractor": 98.8}}