{"ndcg_at_1": 0.31135, "ndcg_at_3": 0.35024, "ndcg_at_5": 0.36766, "ndcg_at_10": 0.3919, "ndcg_at_20": 0.41284, "ndcg_at_100": 0.43819, "ndcg_at_200": 0.44732, "ndcg_at_300": 0.45207, "ndcg_at_500": 0.4554, "ndcg_at_1000": 0.45999, "map_at_1": 0.27686, "map_at_3": 0.32431, "map_at_5": 0.33687, "map_at_10": 0.34786, "map_at_20": 0.35408, "map_at_100": 0.35802, "map_at_200": 0.3586, "map_at_300": 0.35879, "map_at_500": 0.35887, "map_at_1000": 0.35895, "recall_at_1": 0.27686, "recall_at_3": 0.3788, "recall_at_5": 0.42429, "recall_at_10": 0.49918, "recall_at_20": 0.578, "recall_at_100": 0.70401, "recall_at_200": 0.76279, "recall_at_300": 0.79703, "recall_at_500": 0.82207, "recall_at_1000": 0.86085, "precision_at_1": 0.31135, "precision_at_3": 0.14928, "precision_at_5": 0.10153, "precision_at_10": 0.06089, "precision_at_20": 0.03551, "precision_at_100": 0.00896, "precision_at_200": 0.00496, "precision_at_300": 0.00348, "precision_at_500": 0.00218, "precision_at_1000": 0.00116, "mrr_at_1": 0.31288, "mrr_at_3": 0.35864, "mrr_at_5": 0.36907, "mrr_at_10": 0.37888, "mrr_at_20": 0.38474, "mrr_at_100": 0.38774, "mrr_at_200": 0.38814, "mrr_at_300": 0.38827, "mrr_at_500": 0.38833, "mrr_at_1000": 0.38839, "rc_at_1": {"relevant": 0.0, "distractor": 0.0}, "rc_at_3": {"relevant": 0.0, "distractor": 0.0}, "rc_at_5": {"relevant": 0.0, "distractor": 0.0}, "rc_at_10": {"relevant": 0.0, "distractor": 0.0}, "rc_at_20": {"relevant": 0.0, "distractor": 0.0}, "rc_at_100": {"relevant": 0.0, "distractor": 0.0}, "rc_at_200": {"relevant": 0.0, "distractor": 0.0}, "rc_at_300": {"relevant": 0.0, "distractor": 0.0}, "rc_at_500": {"relevant": 0.0, "distractor": 0.0}, "rc_at_1000": {"relevant": 0.0, "distractor": 0.0}}