{"ndcg_at_1": 0.28908, "ndcg_at_3": 0.35905, "ndcg_at_5": 0.38187, "ndcg_at_10": 0.40597, "ndcg_at_20": 0.42313, "ndcg_at_100": 0.44903, "ndcg_at_200": 0.45606, "ndcg_at_300": 0.45972, "ndcg_at_500": 0.46368, "ndcg_at_1000": 0.46753, "map_at_1": 0.26751, "map_at_3": 0.33213, "map_at_5": 0.34507, "map_at_10": 0.35514, "map_at_20": 0.35993, "map_at_100": 0.36352, "map_at_200": 0.36391, "map_at_300": 0.36403, "map_at_500": 0.36413, "map_at_1000": 0.36419, "recall_at_1": 0.26751, "recall_at_3": 0.4122, "recall_at_5": 0.4679, "recall_at_10": 0.54183, "recall_at_20": 0.60777, "recall_at_100": 0.74391, "recall_at_200": 0.79203, "recall_at_300": 0.81974, "recall_at_500": 0.85236, "recall_at_1000": 0.88692, "precision_at_1": 0.28908, "precision_at_3": 0.14896, "precision_at_5": 0.10189, "precision_at_10": 0.05903, "precision_at_20": 0.03325, "precision_at_100": 0.00823, "precision_at_200": 0.0044, "precision_at_300": 0.00305, "precision_at_500": 0.00191, "precision_at_1000": 0.001, "mrr_at_1": 0.28908, "mrr_at_3": 0.35639, "mrr_at_5": 0.36982, "mrr_at_10": 0.37996, "mrr_at_20": 0.38475, "mrr_at_100": 0.38823, "mrr_at_200": 0.38857, "mrr_at_300": 0.38868, "mrr_at_500": 0.38876, "mrr_at_1000": 0.38881, "rc_at_1": {"relevant": 0.0, "distractor": 0.0}, "rc_at_3": {"relevant": 0.0, "distractor": 0.0}, "rc_at_5": {"relevant": 0.0, "distractor": 0.0}, "rc_at_10": {"relevant": 0.0, "distractor": 0.0}, "rc_at_20": {"relevant": 0.0, "distractor": 0.0}, "rc_at_100": {"relevant": 0.0, "distractor": 0.0}, "rc_at_200": {"relevant": 0.0, "distractor": 0.0}, "rc_at_300": {"relevant": 0.0, "distractor": 0.0}, "rc_at_500": {"relevant": 0.0, "distractor": 0.0}, "rc_at_1000": {"relevant": 0.0, "distractor": 0.0}}