{"ndcg_at_1": 0.45075, "ndcg_at_3": 0.56518, "ndcg_at_5": 0.60253, "ndcg_at_10": 0.63315, "ndcg_at_20": 0.64957, "ndcg_at_100": 0.66426, "ndcg_at_200": 0.66698, "ndcg_at_300": 0.66812, "ndcg_at_500": 0.6689, "ndcg_at_1000": 0.66943, "map_at_1": 0.40474, "map_at_3": 0.52444, "map_at_5": 0.54796, "map_at_10": 0.56238, "map_at_20": 0.56767, "map_at_100": 0.57014, "map_at_200": 0.57031, "map_at_300": 0.57035, "map_at_500": 0.57037, "map_at_1000": 0.57038, "recall_at_1": 0.40474, "recall_at_3": 0.6474, "recall_at_5": 0.7323, "recall_at_10": 0.81924, "recall_at_20": 0.87937, "recall_at_100": 0.95218, "recall_at_200": 0.97033, "recall_at_300": 0.97897, "recall_at_500": 0.98518, "recall_at_1000": 0.98981, "precision_at_1": 0.45075, "precision_at_3": 0.25048, "precision_at_5": 0.17219, "precision_at_10": 0.09783, "precision_at_20": 0.05294, "precision_at_100": 0.01155, "precision_at_200": 0.00589, "precision_at_300": 0.00396, "precision_at_500": 0.0024, "precision_at_1000": 0.0012, "mrr_at_1": 0.45104, "mrr_at_3": 0.55977, "mrr_at_5": 0.5774, "mrr_at_10": 0.58841, "mrr_at_20": 0.59201, "mrr_at_100": 0.59363, "mrr_at_200": 0.59373, "mrr_at_300": 0.59376, "mrr_at_500": 0.59378, "mrr_at_1000": 0.59378, "rc_at_1": {"relevant": 0.0, "distractor": 0.0}, "rc_at_3": {"relevant": 0.0, "distractor": 0.0}, "rc_at_5": {"relevant": 0.0, "distractor": 0.0}, "rc_at_10": {"relevant": 0.0, "distractor": 0.0}, "rc_at_20": {"relevant": 0.0, "distractor": 0.0}, "rc_at_100": {"relevant": 0.0, "distractor": 0.0}, "rc_at_200": {"relevant": 0.0, "distractor": 0.0}, "rc_at_300": {"relevant": 0.0, "distractor": 0.0}, "rc_at_500": {"relevant": 0.0, "distractor": 0.0}, "rc_at_1000": {"relevant": 0.0, "distractor": 0.0}}