{"ndcg_at_1": 0.37755, "ndcg_at_3": 0.35007, "ndcg_at_5": 0.31733, "ndcg_at_10": 0.30138, "ndcg_at_20": 0.30679, "ndcg_at_100": 0.40398, "ndcg_at_200": 0.4513, "ndcg_at_300": 0.47149, "ndcg_at_500": 0.49355, "ndcg_at_1000": 0.51901, "map_at_1": 0.03172, "map_at_3": 0.06515, "map_at_5": 0.08697, "map_at_10": 0.1218, "map_at_20": 0.14727, "map_at_100": 0.18385, "map_at_200": 0.19395, "map_at_300": 0.19673, "map_at_500": 0.19946, "map_at_1000": 0.20157, "recall_at_1": 0.03172, "recall_at_3": 0.07833, "recall_at_5": 0.11385, "recall_at_10": 0.19069, "recall_at_20": 0.2717, "recall_at_100": 0.49026, "recall_at_200": 0.61613, "recall_at_300": 0.67321, "recall_at_500": 0.74421, "recall_at_1000": 0.83449, "precision_at_1": 0.40816, "precision_at_3": 0.36735, "precision_at_5": 0.31429, "precision_at_10": 0.26531, "precision_at_20": 0.2, "precision_at_100": 0.08, "precision_at_200": 0.05265, "precision_at_300": 0.03932, "precision_at_500": 0.02694, "precision_at_1000": 0.01555, "mrr_at_1": 0.42857, "mrr_at_3": 0.55102, "mrr_at_5": 0.5602, "mrr_at_10": 0.57786, "mrr_at_20": 0.5857, "mrr_at_100": 0.5863, "mrr_at_200": 0.5863, "mrr_at_300": 0.5863, "mrr_at_500": 0.5863, "mrr_at_1000": 0.5863, "rc_at_1": {"relevant": 0.0, "distractor": 0.0}, "rc_at_3": {"relevant": 0.0, "distractor": 0.0}, "rc_at_5": {"relevant": 0.0, "distractor": 0.0}, "rc_at_10": {"relevant": 0.0, "distractor": 0.0}, "rc_at_20": {"relevant": 0.0, "distractor": 0.0}, "rc_at_100": {"relevant": 0.0, "distractor": 0.0}, "rc_at_200": {"relevant": 0.0, "distractor": 0.0}, "rc_at_300": {"relevant": 0.0, "distractor": 0.0}, "rc_at_500": {"relevant": 0.0, "distractor": 0.0}, "rc_at_1000": {"relevant": 0.0, "distractor": 0.0}}