{"ndcg_at_1": 0.20091, "ndcg_at_3": 0.25424, "ndcg_at_5": 0.27715, "ndcg_at_10": 0.30361, "ndcg_at_20": 0.3252, "ndcg_at_100": 0.36397, "ndcg_at_200": 0.37522, "ndcg_at_300": 0.38129, "ndcg_at_500": 0.38771, "ndcg_at_1000": 0.3936, "map_at_1": 0.15712, "map_at_3": 0.2207, "map_at_5": 0.23592, "map_at_10": 0.24881, "map_at_20": 0.25529, "map_at_100": 0.26149, "map_at_200": 0.26222, "map_at_300": 0.26249, "map_at_500": 0.26269, "map_at_1000": 0.26282, "recall_at_1": 0.15712, "recall_at_3": 0.28889, "recall_at_5": 0.34697, "recall_at_10": 0.42487, "recall_at_20": 0.50413, "recall_at_100": 0.69173, "recall_at_200": 0.7615, "recall_at_300": 0.80316, "recall_at_500": 0.84942, "recall_at_1000": 0.89484, "precision_at_1": 0.20091, "precision_at_3": 0.12709, "precision_at_5": 0.09452, "precision_at_10": 0.0597, "precision_at_20": 0.0363, "precision_at_100": 0.01055, "precision_at_200": 0.00595, "precision_at_300": 0.00426, "precision_at_500": 0.00277, "precision_at_1000": 0.00152, "mrr_at_1": 0.20091, "mrr_at_3": 0.26598, "mrr_at_5": 0.28185, "mrr_at_10": 0.29275, "mrr_at_20": 0.29861, "mrr_at_100": 0.30318, "mrr_at_200": 0.30366, "mrr_at_300": 0.30381, "mrr_at_500": 0.3039, "mrr_at_1000": 0.30396, "rc_at_1": {"relevant": 0.0, "distractor": 0.0}, "rc_at_3": {"relevant": 0.0, "distractor": 0.0}, "rc_at_5": {"relevant": 0.0, "distractor": 0.0}, "rc_at_10": {"relevant": 0.0, "distractor": 0.0}, "rc_at_20": {"relevant": 0.0, "distractor": 0.0}, "rc_at_100": {"relevant": 0.0, "distractor": 0.0}, "rc_at_200": {"relevant": 0.0, "distractor": 0.0}, "rc_at_300": {"relevant": 0.0, "distractor": 0.0}, "rc_at_500": {"relevant": 0.0, "distractor": 0.0}, "rc_at_1000": {"relevant": 0.0, "distractor": 0.0}}