{"ndcg_at_1": 0.11765, "ndcg_at_3": 0.10336, "ndcg_at_5": 0.10206, "ndcg_at_10": 0.10221, "ndcg_at_20": 0.10312, "ndcg_at_100": 0.1309, "ndcg_at_200": 0.15533, "ndcg_at_300": 0.17202, "ndcg_at_500": 0.20104, "ndcg_at_1000": 0.24517, "map_at_1": 0.00506, "map_at_3": 0.00953, "map_at_5": 0.01312, "map_at_10": 0.01884, "map_at_20": 0.02379, "map_at_100": 0.03427, "map_at_200": 0.03895, "map_at_300": 0.04129, "map_at_500": 0.04433, "map_at_1000": 0.04819, "recall_at_1": 0.00506, "recall_at_3": 0.01274, "recall_at_5": 0.02256, "recall_at_10": 0.04218, "recall_at_20": 0.0707, "recall_at_100": 0.19339, "recall_at_200": 0.26928, "recall_at_300": 0.3195, "recall_at_500": 0.42374, "recall_at_1000": 0.58028, "precision_at_1": 0.13313, "precision_at_3": 0.1063, "precision_at_5": 0.10279, "precision_at_10": 0.09319, "precision_at_20": 0.07848, "precision_at_100": 0.04777, "precision_at_200": 0.03777, "precision_at_300": 0.03195, "precision_at_500": 0.02604, "precision_at_1000": 0.01925, "mrr_at_1": 0.13003, "mrr_at_3": 0.16718, "mrr_at_5": 0.18266, "mrr_at_10": 0.19527, "mrr_at_20": 0.20285, "mrr_at_100": 0.2086, "mrr_at_200": 0.20923, "mrr_at_300": 0.20936, "mrr_at_500": 0.20949, "mrr_at_1000": 0.20957, "rc_at_1": {"relevant": 0.0, "distractor": 0.0}, "rc_at_3": {"relevant": 0.0, "distractor": 0.0}, "rc_at_5": {"relevant": 0.0, "distractor": 0.0}, "rc_at_10": {"relevant": 0.0, "distractor": 0.0}, "rc_at_20": {"relevant": 0.0, "distractor": 0.0}, "rc_at_100": {"relevant": 0.0, "distractor": 0.0}, "rc_at_200": {"relevant": 0.0, "distractor": 0.0}, "rc_at_300": {"relevant": 0.0, "distractor": 0.0}, "rc_at_500": {"relevant": 0.0, "distractor": 0.0}, "rc_at_1000": {"relevant": 0.0, "distractor": 0.0}}