{"ndcg_at_1": 0.38182, "ndcg_at_3": 0.28644, "ndcg_at_5": 0.25266, "ndcg_at_10": 0.21801, "ndcg_at_20": 0.27907, "ndcg_at_100": 0.38044, "ndcg_at_200": 0.40322, "ndcg_at_300": 0.4108, "ndcg_at_500": 0.4215, "ndcg_at_1000": 0.4304, "map_at_1": 0.03818, "map_at_3": 0.07091, "map_at_5": 0.08427, "map_at_10": 0.11416, "map_at_20": 0.14038, "map_at_100": 0.17307, "map_at_200": 0.17655, "map_at_300": 0.17734, "map_at_500": 0.17809, "map_at_1000": 0.17855, "recall_at_1": 0.03818, "recall_at_3": 0.07818, "recall_at_5": 0.11091, "recall_at_10": 0.18727, "recall_at_20": 0.29636, "recall_at_100": 0.54364, "recall_at_200": 0.61818, "recall_at_300": 0.64545, "recall_at_500": 0.68727, "recall_at_1000": 0.72545, "precision_at_1": 0.38182, "precision_at_3": 0.26061, "precision_at_5": 0.22182, "precision_at_10": 0.18727, "precision_at_20": 0.14818, "precision_at_100": 0.05436, "precision_at_200": 0.03091, "precision_at_300": 0.02152, "precision_at_500": 0.01375, "precision_at_1000": 0.00725, "mrr_at_1": 0.38182, "mrr_at_3": 0.41818, "mrr_at_5": 0.45545, "mrr_at_10": 0.47245, "mrr_at_20": 0.48221, "mrr_at_100": 0.48474, "mrr_at_200": 0.48474, "mrr_at_300": 0.48474, "mrr_at_500": 0.48474, "mrr_at_1000": 0.48474, "rc_at_1": {"relevant": 0.38182, "distractor": 0.58182}, "rc_at_3": {"relevant": 0.78182, "distractor": 2.03636}, "rc_at_5": {"relevant": 1.10909, "distractor": 3.49091}, "rc_at_10": {"relevant": 1.87273, "distractor": 6.89091}, "rc_at_20": {"relevant": 2.96364, "distractor": 12.56364}, "rc_at_100": {"relevant": 5.43636, "distractor": 37.85455}, "rc_at_200": {"relevant": 6.18182, "distractor": 46.4}, "rc_at_300": {"relevant": 6.45455, "distractor": 50.90909}, "rc_at_500": {"relevant": 6.87273, "distractor": 55.6}, "rc_at_1000": {"relevant": 7.25455, "distractor": 62.56364}}