{"ndcg_at_1": 0.17194, "ndcg_at_3": 0.21908, "ndcg_at_5": 0.24244, "ndcg_at_10": 0.27138, "ndcg_at_20": 0.29969, "ndcg_at_100": 0.34351, "ndcg_at_200": 0.35566, "ndcg_at_300": 0.36277, "ndcg_at_500": 0.36917, "ndcg_at_1000": 0.37415, "map_at_1": 0.14203, "map_at_3": 0.18876, "map_at_5": 0.20325, "map_at_10": 0.21664, "map_at_20": 0.22575, "map_at_100": 0.23327, "map_at_200": 0.2344, "map_at_300": 0.23484, "map_at_500": 0.23519, "map_at_1000": 0.23545, "recall_at_1": 0.14203, "recall_at_3": 0.24447, "recall_at_5": 0.30391, "recall_at_10": 0.39021, "recall_at_20": 0.49544, "recall_at_100": 0.71375, "recall_at_200": 0.78533, "recall_at_300": 0.83264, "recall_at_500": 0.87509, "recall_at_1000": 0.90747, "precision_at_1": 0.17194, "precision_at_3": 0.10804, "precision_at_5": 0.0834, "precision_at_10": 0.05771, "precision_at_20": 0.03943, "precision_at_100": 0.01326, "precision_at_200": 0.00805, "precision_at_300": 0.00599, "precision_at_500": 0.00404, "precision_at_1000": 0.00228, "mrr_at_1": 0.17194, "mrr_at_3": 0.22431, "mrr_at_5": 0.23943, "mrr_at_10": 0.25269, "mrr_at_20": 0.26066, "mrr_at_100": 0.26564, "mrr_at_200": 0.266, "mrr_at_300": 0.26615, "mrr_at_500": 0.26626, "mrr_at_1000": 0.26629, "rc_at_1": {"relevant": 0.0, "distractor": 0.0}, "rc_at_3": {"relevant": 0.0, "distractor": 0.0}, "rc_at_5": {"relevant": 0.0, "distractor": 0.0}, "rc_at_10": {"relevant": 0.0, "distractor": 0.0}, "rc_at_20": {"relevant": 0.0, "distractor": 0.0}, "rc_at_100": {"relevant": 0.0, "distractor": 0.0}, "rc_at_200": {"relevant": 0.0, "distractor": 0.0}, "rc_at_300": {"relevant": 0.0, "distractor": 0.0}, "rc_at_500": {"relevant": 0.0, "distractor": 0.0}, "rc_at_1000": {"relevant": 0.0, "distractor": 0.0}}