{"ndcg_at_1": 0.42759, "ndcg_at_3": 0.48171, "ndcg_at_5": 0.51106, "ndcg_at_10": 0.53693, "ndcg_at_20": 0.55695, "ndcg_at_100": 0.58268, "ndcg_at_200": 0.58902, "ndcg_at_300": 0.59108, "ndcg_at_500": 0.59426, "ndcg_at_1000": 0.59598, "map_at_1": 0.3765, "map_at_3": 0.44947, "map_at_5": 0.46957, "map_at_10": 0.48243, "map_at_20": 0.48931, "map_at_100": 0.49361, "map_at_200": 0.49408, "map_at_300": 0.49417, "map_at_500": 0.49427, "map_at_1000": 0.4943, "recall_at_1": 0.3765, "recall_at_3": 0.51888, "recall_at_5": 0.58925, "recall_at_10": 0.66412, "recall_at_20": 0.73749, "recall_at_100": 0.86296, "recall_at_200": 0.90291, "recall_at_300": 0.91728, "recall_at_500": 0.94227, "recall_at_1000": 0.95701, "precision_at_1": 0.42759, "precision_at_3": 0.2117, "precision_at_5": 0.14784, "precision_at_10": 0.08602, "precision_at_20": 0.04893, "precision_at_100": 0.01184, "precision_at_200": 0.00628, "precision_at_300": 0.00427, "precision_at_500": 0.00265, "precision_at_1000": 0.00135, "mrr_at_1": 0.42759, "mrr_at_3": 0.49154, "mrr_at_5": 0.50727, "mrr_at_10": 0.51618, "mrr_at_20": 0.52093, "mrr_at_100": 0.52399, "mrr_at_200": 0.5242, "mrr_at_300": 0.52425, "mrr_at_500": 0.5243, "mrr_at_1000": 0.52432, "rc_at_1": {"relevant": 0.0, "distractor": 0.0}, "rc_at_3": {"relevant": 0.0, "distractor": 0.0}, "rc_at_5": {"relevant": 0.0, "distractor": 0.0}, "rc_at_10": {"relevant": 0.0, "distractor": 0.0}, "rc_at_20": {"relevant": 0.0, "distractor": 0.0}, "rc_at_100": {"relevant": 0.0, "distractor": 0.0}, "rc_at_200": {"relevant": 0.0, "distractor": 0.0}, "rc_at_300": {"relevant": 0.0, "distractor": 0.0}, "rc_at_500": {"relevant": 0.0, "distractor": 0.0}, "rc_at_1000": {"relevant": 0.0, "distractor": 0.0}}