{"ndcg_at_1": 0.45249, "ndcg_at_3": 0.57037, "ndcg_at_5": 0.61201, "ndcg_at_10": 0.64405, "ndcg_at_20": 0.66126, "ndcg_at_100": 0.67421, "ndcg_at_200": 0.67592, "ndcg_at_300": 0.67651, "ndcg_at_500": 0.67688, "ndcg_at_1000": 0.67734, "map_at_1": 0.40435, "map_at_3": 0.52946, "map_at_5": 0.55498, "map_at_10": 0.57001, "map_at_20": 0.57569, "map_at_100": 0.57794, "map_at_200": 0.57805, "map_at_300": 0.57807, "map_at_500": 0.57808, "map_at_1000": 0.57809, "recall_at_1": 0.40435, "recall_at_3": 0.65568, "recall_at_5": 0.75159, "recall_at_10": 0.84347, "recall_at_20": 0.90534, "recall_at_100": 0.96898, "recall_at_200": 0.98033, "recall_at_300": 0.98479, "recall_at_500": 0.98774, "recall_at_1000": 0.99174, "precision_at_1": 0.45249, "precision_at_3": 0.25444, "precision_at_5": 0.17717, "precision_at_10": 0.10058, "precision_at_20": 0.0545, "precision_at_100": 0.01177, "precision_at_200": 0.00596, "precision_at_300": 0.00399, "precision_at_500": 0.0024, "precision_at_1000": 0.00121, "mrr_at_1": 0.45278, "mrr_at_3": 0.56214, "mrr_at_5": 0.5823, "mrr_at_10": 0.59376, "mrr_at_20": 0.5976, "mrr_at_100": 0.59897, "mrr_at_200": 0.59903, "mrr_at_300": 0.59905, "mrr_at_500": 0.59905, "mrr_at_1000": 0.59906, "rc_at_1": {"relevant": 0.0, "distractor": 0.0}, "rc_at_3": {"relevant": 0.0, "distractor": 0.0}, "rc_at_5": {"relevant": 0.0, "distractor": 0.0}, "rc_at_10": {"relevant": 0.0, "distractor": 0.0}, "rc_at_20": {"relevant": 0.0, "distractor": 0.0}, "rc_at_100": {"relevant": 0.0, "distractor": 0.0}, "rc_at_200": {"relevant": 0.0, "distractor": 0.0}, "rc_at_300": {"relevant": 0.0, "distractor": 0.0}, "rc_at_500": {"relevant": 0.0, "distractor": 0.0}, "rc_at_1000": {"relevant": 0.0, "distractor": 0.0}}