{"ndcg_at_1": 0.41303, "ndcg_at_3": 0.33828, "ndcg_at_5": 0.35407, "ndcg_at_10": 0.38375, "ndcg_at_20": 0.40766, "ndcg_at_100": 0.44382, "ndcg_at_200": 0.45429, "ndcg_at_300": 0.45857, "ndcg_at_500": 0.46428, "ndcg_at_1000": 0.47053, "map_at_1": 0.17435, "map_at_3": 0.25097, "map_at_5": 0.27429, "map_at_10": 0.29063, "map_at_20": 0.29948, "map_at_100": 0.30675, "map_at_200": 0.30763, "map_at_300": 0.30786, "map_at_500": 0.30809, "map_at_1000": 0.30824, "recall_at_1": 0.17435, "recall_at_3": 0.2996, "recall_at_5": 0.35856, "recall_at_10": 0.42334, "recall_at_20": 0.49084, "recall_at_100": 0.6295, "recall_at_200": 0.68113, "recall_at_300": 0.70417, "recall_at_500": 0.73733, "recall_at_1000": 0.7779, "precision_at_1": 0.41303, "precision_at_3": 0.25147, "precision_at_5": 0.18606, "precision_at_10": 0.11277, "precision_at_20": 0.06674, "precision_at_100": 0.01773, "precision_at_200": 0.00973, "precision_at_300": 0.00675, "precision_at_500": 0.00428, "precision_at_1000": 0.00228, "mrr_at_1": 0.41303, "mrr_at_3": 0.49935, "mrr_at_5": 0.51371, "mrr_at_10": 0.52246, "mrr_at_20": 0.52665, "mrr_at_100": 0.5291, "mrr_at_200": 0.52934, "mrr_at_300": 0.52939, "mrr_at_500": 0.52943, "mrr_at_1000": 0.52945, "rc_at_1": {"relevant": 0.0, "distractor": 0.0}, "rc_at_3": {"relevant": 0.0, "distractor": 0.0}, "rc_at_5": {"relevant": 0.0, "distractor": 0.0}, "rc_at_10": {"relevant": 0.0, "distractor": 0.0}, "rc_at_20": {"relevant": 0.0, "distractor": 0.0}, "rc_at_100": {"relevant": 0.0, "distractor": 0.0}, "rc_at_200": {"relevant": 0.0, "distractor": 0.0}, "rc_at_300": {"relevant": 0.0, "distractor": 0.0}, "rc_at_500": {"relevant": 0.0, "distractor": 0.0}, "rc_at_1000": {"relevant": 0.0, "distractor": 0.0}}